INSTNM,STABBR,CONTROL,control_type,in_state_coa,out_of_state_coa,COSTT4_A,COSTT4_P,TUITIONFEE_IN,TUITIONFEE_OUT,NPCURL
Alabama A & M University,AL,1,Public,27153.0,35763.0,27153.0,,10024.0,18634.0,www.aamu.edu/admissions-aid/tuition-fees/net-price-calculator.html
University of Alabama at Birmingham,AL,1,Public,28145.0,41609.0,28145.0,,9098.0,22562.0,https://tcc.ruffalonl.com/University of Alabama at Birmingham/Freshman-Students
University of Alabama in Huntsville,AL,1,Public,27392.0,41668.0,27392.0,,12132.0,26408.0,uah.clearcostcalculator.com/student/default/netpricecalculator/survey
Alabama State University,AL,1,Public,23586.0,31914.0,23586.0,,11248.0,19576.0,tcc.ruffalonl.com/Alabama State University/Freshman-Students
The University of Alabama,AL,1,Public,33382.0,55374.0,33382.0,,12180.0,34172.0,https://ua.aidcalc.cloud/netprice.htm
Central Alabama Community College,AL,1,Public,21413.0,25283.0,21413.0,,5110.0,8980.0,https://www.cacc.edu/admissions-and-aid/net-price-calculator
Auburn University at Montgomery,AL,1,Public,21353.0,32321.0,21353.0,,9700.0,20668.0,www.aum.edu/net-price-calculator
Auburn University,AL,1,Public,34919.0,56951.0,34919.0,,12890.0,34922.0,https://www.auburn.edu/admissions/costcalc/index.php
Chattahoochee Valley Community College,AL,1,Public,12600.0,16470.0,12600.0,,5100.0,8970.0,https://www.cv.edu/npcalc
South University-Montgomery,AL,3,Private For-Profit,34793.0,34793.0,34793.0,,18145.0,18145.0,www.southuniversity.edu/montgomery/net-price-calculator
Enterprise State Community College,AL,1,Public,19956.0,23826.0,19956.0,,5100.0,8970.0,https://escc.edu/netprice/npcalc.htm
Coastal Alabama Community College,AL,1,Public,20605.0,24475.0,20605.0,,5040.0,8910.0,https://app.meadowfi.com/cacc
Faulkner University,AL,2,Private Non-Profit,37626.0,37626.0,37626.0,,23920.0,23920.0,www.faulkner.edu/net-price-calculator/
Gadsden State Community College,AL,1,Public,10189.0,13285.0,10189.0,,4272.0,7368.0,https://app.meadowfi.com/gscc
New Beginning College of Cosmetology,AL,3,Private For-Profit,18619.0,18619.0,,18619.0,,,nbccosmetology.com/wp-content/themes/nbc/nbc_zonemap/
George C Wallace Community College-Dothan,AL,1,Public,9308.0,13178.0,9308.0,,4980.0,8850.0,www.wallace.edu/npcalc/
George C Wallace State Community College-Hanceville,AL,1,Public,19008.0,22878.0,19008.0,,5220.0,9090.0,https://www.wallacestate.edu/financial-aid/net-price-calculator.html
George C Wallace State Community College-Selma,AL,1,Public,19175.0,23045.0,19175.0,,4740.0,8610.0,https://www.wccs.edu/financial-aid/netprice-calculator
Herzing University-Birmingham,AL,2,Private Non-Profit,27750.0,27750.0,27750.0,,13450.0,13450.0,https://www.herzing.edu/tuition-financial-aid/net-price-calculator
Huntingdon College,AL,2,Private Non-Profit,40908.0,40908.0,40908.0,,29070.0,29070.0,https://www.huntingdon.edu/admission-aid/student-financial-services/net-price-calculator/
Heritage Christian University,AL,2,Private Non-Profit,20909.0,20909.0,20909.0,,11982.0,11982.0,https://www.hcu.edu/netpricecalculator/
J. F. Drake State Community and Technical College,AL,1,Public,14456.0,18326.0,14456.0,,5190.0,9060.0,https://drakestate.edu/wp-content/uploads/netpricecalculator.html
Jacksonville State University,AL,1,Public,24257.0,34697.0,24257.0,,12894.0,23334.0,https://jsu.clearcostcalculator.com/student/default/netpricecalculator/survey
Jefferson State Community College,AL,1,Public,14814.0,18684.0,14814.0,,5100.0,8970.0,www.jeffersonstate.edu/financial-aid/net-price-calculator/
John C Calhoun State Community College,AL,1,Public,13073.0,16943.0,13073.0,,5120.0,8990.0,https://calhoun.edu/financial-aid/calculating-the-cost/
Lawson State Community College,AL,1,Public,14895.0,18765.0,14895.0,,5040.0,8910.0,nces.ed.gov/ipeds/netpricecalculator/#/
University of West Alabama,AL,1,Public,22758.0,31858.0,22758.0,,10990.0,20090.0,secure.uwa.edu/calculator/
Lurleen B Wallace Community College,AL,1,Public,12392.0,16262.0,12392.0,,5190.0,9060.0,https://www.lbwcc.edu/future-students/financial-aid/net-price-calculator
Marion Military Institute,AL,1,Public,18743.0,24743.0,18743.0,,9538.0,15538.0,marionmilitary.edu/core/uploads/2024/12/index.html
Miles College,AL,2,Private Non-Profit,21154.0,21154.0,21154.0,,13314.0,13314.0,https://miles.clearcostcalculator.com/student/default/netpricecalculator/survey
University of Mobile,AL,2,Private Non-Profit,41115.0,41115.0,41115.0,,26910.0,26910.0,https://umobile.edu/financial-aid/cost-calculator/
University of Montevallo,AL,1,Public,27398.0,40418.0,27398.0,,13948.0,26968.0,https://www.montevallo.edu/NetPriceCalculator/
Northwest Shoals Community College,AL,1,Public,11340.0,15210.0,11340.0,,5131.0,9001.0,nwscc.edu/admissions/tuition-fees/
University of North Alabama,AL,1,Public,23786.0,33986.0,23786.0,,12120.0,22320.0,https://www.una.edu/financial-aid/calculator/
Northeast Alabama Community College,AL,1,Public,11620.0,15490.0,11620.0,,5040.0,8910.0,https://www.nacc.edu/content/uploads/nacc/files/financial aid/net-price-calc/npcalc.html
Oakwood University,AL,2,Private Non-Profit,40176.0,40176.0,40176.0,,22512.0,22512.0,https://oakwood.studentaidcalculator.com/
Reid State Technical College,AL,1,Public,10739.0,14609.0,10739.0,,5454.0,9324.0,images.pcmac.org/Uploads/ReidStateTech/ReidStateTech/Divisions/DocumentsCategories/Documents/index_{SIS703AD5AB07EA}.html
Bishop State Community College,AL,1,Public,13085.0,16955.0,13085.0,,5340.0,9210.0,https://www.bishop.edu/assets/uploads/pages/NetPriceCalculator2023.html
Samford University,AL,2,Private Non-Profit,57456.0,57456.0,57456.0,,40150.0,40150.0,https://www.samford.edu/admission/net-price-calculator
Shelton State Community College,AL,1,Public,20350.0,24220.0,20350.0,,5127.0,8997.0,www.sheltonstate.edu/netpricecalculator/index.html
Snead State Community College,AL,1,Public,11220.0,15606.0,11220.0,,5278.0,9664.0,snead.edu/tuition-aid/net_price_calculator/
University of South Alabama,AL,1,Public,25476.0,34452.0,25476.0,,10116.0,19092.0,www.southalabama.edu/departments/finaid/netpricecalculator/
Spring Hill College,AL,2,Private Non-Profit,39936.0,39936.0,39936.0,,24054.0,24054.0,https://www.shc.edu/admissions-aid/tuition-financial-aid/net-price-calculator/
Stillman College,AL,2,Private Non-Profit,26107.0,26107.0,26107.0,,12126.0,12126.0,https://stillman.edu/financial-aid/financial-aid-net-price-calculator/
Talladega College,AL,2,Private Non-Profit,25185.0,25185.0,25185.0,,15650.0,15650.0,www.talladega.edu/netcalc/npcalc.htm
H Councill Trenholm State Community College,AL,1,Public,16971.0,20841.0,16971.0,,5190.0,9060.0,www.trenholmstate.edu/?s=net+price+calculator
Troy University,AL,1,Public,23165.0,33341.0,23165.0,,10176.0,20352.0,www.troy.edu/net-price-calculator/index.html
Tuskegee University,AL,2,Private Non-Profit,43454.0,43454.0,43454.0,,25386.0,25386.0,https://tcc.ruffalonl.com/Tuskegee University/Freshman-Students
United States Sports University,AL,2,Private Non-Profit,32606.0,32606.0,32606.0,,13800.0,13800.0,https://ussu.edu/admissions/costs-aid/cost-estimator/
Bevill State Community College,AL,1,Public,13827.0,17439.0,13827.0,,4734.0,8346.0,https://app.meadowfi.com/bscc
University of Alaska Anchorage,AK,1,Public,24096.0,37680.0,24096.0,,7738.0,21322.0,www.uaa.alaska.edu/financialaid/customcf/npcalc.htm
Alaska Bible College,AK,2,Private Non-Profit,28903.0,28903.0,28903.0,,9730.0,9730.0,https://www.akbible.edu/tuition/
University of Alaska Fairbanks,AK,1,Public,22407.0,35991.0,22407.0,,8736.0,22320.0,uaf.edu/finaid/costs/net-price-calculator.php
University of Alaska Southeast,AK,1,Public,21043.0,34627.0,21043.0,,7056.0,20640.0,https://uas.alaska.edu/financial_aid/costs/npcalc.html
Alaska Pacific University,AK,2,Private Non-Profit,34026.0,34026.0,34026.0,,20760.0,20760.0,https://www.alaskapacific.edu/admissions-aid/applying-to-apu/cost-of-attendance-calculator/
Alaska Vocational Technical Center,AK,1,Public,20281.0,20281.0,,20281.0,,,https://www.avtec.edu/ntk/net-price-calculator/
Charter College,AK,3,Private For-Profit,41344.0,41344.0,41344.0,,18375.0,18375.0,https://chartercollege.edu/financial-aid/
Alaska Career College,AK,3,Private For-Profit,25570.0,25570.0,,25570.0,,,www.alaskacareercollege.edu/tuition-calculator
Empire Beauty School-Tucson,AZ,3,Private For-Profit,22334.0,22334.0,,22334.0,,,www.empire.edu/consumer-information/net-price-calculator
Carrington College-Mesa,AZ,3,Private For-Profit,52531.0,52531.0,,52531.0,,,https://carrington.edu/financial-aid/how-much-will-it-cost/
Carrington College-Tucson,AZ,3,Private For-Profit,38722.0,38722.0,,38722.0,,,https://carrington.edu/financial-aid/how-much-will-it-cost/
Miller-Motte College-Arizona Automotive Institute,AZ,3,Private For-Profit,26362.0,26362.0,,26362.0,,,www.aai.edu/NetPrice/aai/
Brookline College-Phoenix,AZ,3,Private For-Profit,33570.0,33570.0,,33570.0,,,https://enroll-brookline.educationpartners.com/Npc?NULL=NULL#NULL
Arizona State University Campus Immersion,AZ,1,Public,30111.0,51027.0,30111.0,,12223.0,33139.0,https://app.meadowfi.com/asu
Arizona Western College,AZ,1,Public,15868.0,22678.0,15868.0,,3060.0,9870.0,https://www.azwestern.edu/admissions/np-calc
University of Arizona,AZ,1,Public,29423.0,57775.0,29423.0,,13926.0,42278.0,https://financialaid.arizona.edu/cost/npc
Central Arizona College,AZ,1,Public,10720.0,12970.0,10720.0,,2250.0,4500.0,centralaz.edu/resources/netpricecalc.html
Charles of Italy Beauty College,AZ,3,Private For-Profit,15845.0,15845.0,,15845.0,,,charlesofitaly.edu/netpricecalculator/
Cochise County Community College District,AZ,1,Public,14342.0,18182.0,14342.0,,2280.0,6120.0,https://www.cochise.edu/_resources/pdfs/netpricecaluclator_7.25.html
Empire Beauty School-Chandler,AZ,3,Private For-Profit,20364.0,20364.0,,20364.0,,,www.empire.edu/consumer-information/net-price-calculator
Avalon Institute-Mesa,AZ,3,Private For-Profit,22699.0,22699.0,,22699.0,,,avalon.edu/admissions-financial-aid/net-price-calculator/
Eastern Arizona College,AZ,1,Public,16696.0,23896.0,16696.0,,2352.0,9552.0,eac.clearcostcalculator.com/student/default/netpricecalculator/survey
Embry-Riddle Aeronautical University-Prescott,AZ,2,Private Non-Profit,62798.0,62798.0,62798.0,,44149.0,44149.0,prescott.erau.edu/financial-aid/net-price-calculator
Glendale Community College,AZ,1,Public,18037.0,24637.0,18037.0,,2358.0,8958.0,https://www.maricopa.edu/students/tuition-payment-information/net-price-calculators/glendale-community-college
Grand Canyon University,AZ,2,Private Non-Profit,32702.0,32702.0,32702.0,,17850.0,17850.0,https://www.gcu.edu/tuition-and-financial-aid
GateWay Community College,AZ,1,Public,19314.0,25914.0,19314.0,,2358.0,8958.0,www.gatewaycc.edu/pay-college/financial-planning
Mesa Community College,AZ,1,Public,18194.0,24794.0,18194.0,,2358.0,8958.0,https://www.mesacc.edu/students/student-rights-responsibilities/net-price-calculator
Mohave Community College,AZ,1,Public,11837.0,17597.0,11837.0,,2208.0,7968.0,https://www.mohave.edu/assets/2025/04/net-price-calculator-2025.html
Universal Technical Institute-Phoenix,AZ,3,Private For-Profit,29831.0,29831.0,,29831.0,,,www.uti.edu/admissions/tuition
Dine College,AZ,1,Public,11923.0,11923.0,11923.0,,1410.0,1410.0,www.dinecollege.edu/net-price-calculator/
Northern Arizona University,AZ,1,Public,29933.0,46805.0,29933.0,,13009.0,29881.0,https://app.meadowfi.com/nau
Northland Pioneer College,AZ,1,Public,14263.0,22351.0,14263.0,,2232.0,10320.0,www.npc.edu/financial-aid-scholarships/net-price-calculator
Phoenix College,AZ,1,Public,18594.0,25194.0,18594.0,,2358.0,8958.0,https://www.phoenixcollege.edu/paying-college/tuition-and-fees/net-price-calculators
Pima Community College,AZ,1,Public,9851.0,15167.0,9851.0,,2442.0,7758.0,pima.edu/paying-for-college/tuition-fees/net-price-calculator/npc.htm
Pima Medical Institute-Albuquerque,NM,3,Private For-Profit,28183.0,28183.0,,28183.0,,,https://secure.pmi.edu/npcalc/
Prescott College,AZ,2,Private Non-Profit,48532.0,48532.0,48532.0,,35685.0,35685.0,shoppingsheet.com/Shopping/Landing/prescott
Refrigeration School Inc,AZ,3,Private For-Profit,34618.0,34618.0,,34618.0,,,https://www.rsi.edu/tuition-planning/tuition-calculator/
Rio Salado College,AZ,1,Public,13425.0,20025.0,13425.0,,2358.0,8958.0,https://www.riosalado.edu/student-resources/student-business-services/net-price-calculator
Roberto-Venn School of Luthiery,AZ,3,Private For-Profit,27840.0,27840.0,,27840.0,,,roberto-venn.com/guitar-making-repair-program/net-price-calculator/
Scottsdale Community College,AZ,1,Public,19281.0,25881.0,19281.0,,2358.0,8958.0,https://www.scottsdalecc.edu/students/student-business-services/net-price-calculator
South Mountain Community College,AZ,1,Public,18898.0,25498.0,18898.0,,2358.0,8958.0,https://www.maricopa.edu/students/tuition-payment-information/net-price-calculators/south-mountain-community-college
Arizona Christian University,AZ,2,Private Non-Profit,54792.0,54792.0,54792.0,,35098.0,35098.0,https://www.arizonachristian.edu/financial-aid/calculator/
Universal Technical Institute of Arizona Inc,AZ,3,Private For-Profit,34808.0,34808.0,,34808.0,,,www.uti.edu/admissions/tuition
Yavapai College,AZ,1,Public,14988.0,21526.0,14988.0,,2948.0,9486.0,https://www.yc.edu/v6/public/compare/cost-comparison.html
University of Arkansas at Little Rock,AR,1,Public,22519.0,34929.0,22519.0,,9748.0,22158.0,https://ualr.edu/financialaid/net-price-calculator/
Arkansas Baptist College,AR,2,Private Non-Profit,23060.0,23060.0,23060.0,,8760.0,8760.0,https://www.arkansasbaptist.edu/net-price-calculator/
Arkansas Beauty School-Little Rock,AR,3,Private For-Profit,26670.0,26670.0,,26670.0,,,nces.ed.gov/collegenavigator/
Arkansas Beauty College,AR,3,Private For-Profit,14367.0,14367.0,,14367.0,,,arkbeautycollege.wixsite.com/netpricecalculator
Lyon College,AR,2,Private Non-Profit,44978.0,44978.0,44978.0,,31000.0,31000.0,https://app.virtueanalytics.com/npc/lyon/home/step/0
Arkansas Technical School,AR,3,Private For-Profit,24705.0,24705.0,,24705.0,,,arktech.edu/careeer-services/net-price-calculator/
University of Arkansas,AR,1,Public,27767.0,47629.0,27767.0,,10104.0,29966.0,https://finaid.uark.edu/aid-calculator.php
University of Arkansas at Pine Bluff,AR,1,Public,21129.0,29709.0,21129.0,,9412.0,17992.0,https://www.uapb.edu/admissions/net-price-calculator
Arkansas State University-Beebe,AR,1,Public,18771.0,20667.0,18771.0,,3336.0,5232.0,https://www.asub.edu/net-price-calculator/
Arkansas State University,AR,1,Public,25082.0,31514.0,25082.0,,8090.0,14522.0,https://www.astate.edu/admissions-and-aid/tuition-and-fees/estimate-your-costs.html#net-price-calculator
Arkansas Tech University,AR,1,Public,22808.0,28802.0,22808.0,,8674.0,14668.0,https://www.atu.edu/finaid/npcalc.html
University of Arkansas at Monticello,AR,1,Public,22519.0,28084.0,22519.0,,9292.0,14857.0,www.uamont.edu/netprice/npcalc.htm
Arthur's Beauty College,AR,3,Private For-Profit,24256.0,24256.0,,24256.0,,,https://www.arthursbeautycollege.com/jacksonville.html
Baptist Health College Little Rock,AR,2,Private Non-Profit,31961.0,31961.0,31961.0,,13987.0,13987.0,https://www.bhclr.edu/student-services/accounts/netprice/npcalc.htm
Black River Technical College,AR,1,Public,14374.0,17086.0,14374.0,,4776.0,7488.0,www.blackrivertech.org/financial-aid/net-price-calculator
University of Central Arkansas,AR,1,Public,25029.0,32529.0,25029.0,,10523.0,18023.0,https://uca.edu/financialaid/net-price-calculator/
Central Baptist College,AR,2,Private Non-Profit,30605.0,30605.0,30605.0,,21330.0,21330.0,https://www.cbc.edu/estimateexpenses
Cossatot Community College of the University of Arkansas,AR,1,Public,11538.0,12408.0,11538.0,,4200.0,5070.0,www.cccua.edu/pay-for-college/net-price-calculator.html
Crowley's Ridge College,AR,2,Private Non-Profit,27340.0,27340.0,27340.0,,16670.0,16670.0,crc.edu/wp/financial-aid/
University of Arkansas-East Arkansas Community College,AR,1,Public,13240.0,14320.0,13240.0,,3300.0,4380.0,https://www.eacc.edu/pages?id=100
Paul Mitchell the School-Little Rock,AR,3,Private For-Profit,24054.0,24054.0,,24054.0,,,paulmitchell.edu/littlerock/programs/cosmetology
National Park College,AR,1,Public,19331.0,21011.0,19331.0,,5600.0,7280.0,https://np.edu/admissions/financial-aid/cost-attendance.aspx
University of Arkansas Community College-Batesville,AR,1,Public,15808.0,16840.0,15808.0,,3630.0,4662.0,www.uaccb.edu/net-price-calculator/
Harding University,AR,2,Private Non-Profit,39534.0,39534.0,39534.0,,26262.0,26262.0,www.harding.edu/about/offices-departments/finaid/index.html
Henderson State University,AR,1,Public,27385.0,29761.0,27385.0,,8244.0,10620.0,https://www.hsu.edu/pages/future-students/financial-aid/net-price-calculator/
Hendrix College,AR,2,Private Non-Profit,55013.0,55013.0,55013.0,,38200.0,38200.0,https://app.meadowfi.com/hendrix
Hot Springs Beauty College,AR,3,Private For-Profit,21068.0,21068.0,,21068.0,,,hotspringsbeautycollege.com/disclosures
John Brown University,AR,2,Private Non-Profit,44710.0,44710.0,44710.0,,31756.0,31756.0,https://admissions.jbu.edu/register/net-price-calculator
Career Academy of Hair Design,AR,3,Private For-Profit,17005.0,17005.0,,17005.0,,,www.beautynwa.com/npcalc/
Academy of Salon and Spa,AR,3,Private For-Profit,18683.0,18683.0,,18683.0,,,https://www.academysalonspa.com/courses/financial-aid/
Arkansas State University Mid-South,AR,1,Public,14365.0,15973.0,14365.0,,3216.0,4824.0,www.asumidsouth.edu/NetPriceCalculator16/npcalc.htm
Arkansas Northeastern College,AR,1,Public,12094.0,13774.0,12094.0,,2570.0,4250.0,www.anc.edu/netprice/index.html
New Tyler Barber College Inc,AR,3,Private For-Profit,23251.0,23251.0,,23251.0,,,https://www.newtylerbarbercollege.edu/prospective-students/net-price-calculator/
North Arkansas College,AR,1,Public,16846.0,18934.0,16846.0,,3504.0,5592.0,www.northark.edu//net-price-calculator/
Northwest Technical Institute,AR,1,Public,19487.0,19487.0,19487.0,,6277.0,6277.0,www.nwtionline.com/NetPriceCalculator/npcalc.htm
Ouachita Baptist University,AR,2,Private Non-Profit,47321.0,47321.0,47321.0,,34500.0,34500.0,https://obu.edu/netpricecalculator
Arkansas State University Three Rivers,AR,1,Public,14579.0,15179.0,14579.0,,3788.0,4388.0,info.asutr.edu/netpricecalc/index.html
Ozarka College,AR,1,Public,12069.0,15069.0,12069.0,,3820.0,6820.0,https://www.ozarka.edu/finaid/npcalc.cfm
University of the Ozarks,AR,2,Private Non-Profit,38666.0,38666.0,38666.0,,25950.0,25950.0,https://ozarks.edu/admissions-aid/costs-and-aid/costs-of-attendance/net-price-calculator/
University of Arkansas Community College-Morrilton,AR,1,Public,15362.0,16442.0,15362.0,,3648.0,4728.0,https://www.uaccm.edu/finance/calculator.html
Philander Smith University,AR,2,Private Non-Profit,28136.0,28136.0,28136.0,,13014.0,13014.0,https://www.philander.edu/admissions/paying-for-college/net-price-calculator
Phillips Community College of the University of Arkansas,AR,1,Public,11567.0,12737.0,11567.0,,3380.0,4550.0,https://www.pccua.edu/net-price-calculator/
Southeast Arkansas College,AR,1,Public,22405.0,25855.0,22405.0,,5200.0,8650.0,https://www.seark.edu/net-price-calculator
University of Aesthetics & Cosmetology,AR,3,Private For-Profit,15499.0,15499.0,,15499.0,,,https://uofac.edu/admissions/net-price-calculator/el-dorado
University of Arkansas-Pulaski Technical College,AR,1,Public,20811.0,23961.0,20811.0,,6300.0,9450.0,mediaserver.uaptc.edu/net-price-calculator/index.html
University of Arkansas Hope-Texarkana,AR,1,Public,16307.0,17987.0,16307.0,,3880.0,5560.0,www.uaht.edu/financial-aid/index.php
University of Arkansas Community College Rich Mountain,AR,1,Public,13096.0,13672.0,13096.0,,3696.0,4272.0,https://www.uarichmountain.edu/financial-aid/net-price-calculator.html
Paul Mitchell the School-Arkansas,AR,3,Private For-Profit,19771.0,19771.0,,19771.0,,,https://paulmitchell.edu/arkansas/tuition-calculator
Searcy Beauty College,AR,3,Private For-Profit,22515.0,22515.0,,22515.0,,,searcybeautycollege.com/net-price-calculator
Shorter College,AR,2,Private Non-Profit,21735.0,21735.0,21735.0,,6246.0,6246.0,prospect.studentaidprocess.com/saintprospect/(S(pyjrvepymhz0cykrt5k2ztkg))/netpricecalculator?corpid=123
Williams Baptist University,AR,2,Private Non-Profit,33597.0,33597.0,33597.0,,21070.0,21070.0,https://williamsbu.edu/wp-content/uploads/2023/08/index.html
South Arkansas College,AR,1,Public,12932.0,15140.0,12932.0,,3324.0,5532.0,https://www.southark.edu/page/net-price-calculator
Southern Arkansas University Main Campus,AR,1,Public,24951.0,30681.0,24951.0,,9960.0,15690.0,https://web.saumag.edu/admissions/cost-calculator/
Southern Arkansas University Tech,AR,1,Public,17294.0,18734.0,17294.0,,5040.0,6480.0,https://www.sautech.edu/cost
Velvatex College of Beauty Culture,AR,3,Private For-Profit,14598.0,14598.0,,14598.0,,,www.velvatexnetpricecalculator.com/
University of Arkansas-Fort Smith,AR,1,Public,19048.0,23896.0,19048.0,,7334.0,12182.0,https://uafs.edu/tuition-and-aid/net-price-calculator.html
Academy of Art University,CA,3,Private For-Profit,48036.0,48036.0,48036.0,,30736.0,30736.0,https://npc.collegeboard.org/student/app/academyart
College of Alameda,CA,1,Public,18185.0,26825.0,18185.0,,1258.0,9898.0,https://npc.cccco.edu/341/npcalc.htm
Allan Hancock College,CA,1,Public,13214.0,21950.0,13214.0,,1156.0,9892.0,https://npc.cccco.edu/611/npcalc.htm
American Beauty College,CA,3,Private For-Profit,31037.0,31037.0,,31037.0,,,https://americanbeautycollege.edu/financial-aid/
American Career College-Los Angeles,CA,3,Private For-Profit,37270.0,37270.0,,37270.0,,,https://americancareercollege.aidcalc.cloud/
American River College,CA,1,Public,16384.0,27712.0,16384.0,,1288.0,12616.0,https://www.arc.losrios.edu/admissions/cost-of-attendance/net-price-calculator
Antelope Valley Community College District,CA,1,Public,12931.0,21355.0,12931.0,,1124.0,9548.0,https://app.meadowfi.com/avc
Art Center College of Design,CA,2,Private Non-Profit,75649.0,75649.0,75649.0,,54170.0,54170.0,https://tcc.ruffalonl.com/art-center-college-of-design/freshman-calculator
Associated Technical College-Los Angeles,CA,3,Private For-Profit,26931.0,26931.0,,26931.0,,,https://www.atcla.edu/calculator2019/
Azusa Pacific University,CA,2,Private Non-Profit,56313.0,56313.0,56313.0,,44458.0,44458.0,https://www.apu.edu/undergraduate-admissions/financialaid/calculator/
Bakersfield College,CA,1,Public,22018.0,31888.0,22018.0,,1430.0,11300.0,https://npc.cccco.edu/521/npcalc.htm
Barstow Community College,CA,1,Public,22193.0,30833.0,22193.0,,1104.0,9744.0,https://npc.cccco.edu/911/npcalc.htm
Bellus Academy-Chula Vista,CA,3,Private For-Profit,25214.0,25214.0,,25214.0,,,https://bellusacademy.edu/wp-content/uploads/2024/02/CV-NPC.html
Bethesda University,CA,2,Private Non-Profit,13575.0,13575.0,13575.0,,7220.0,7220.0,www.buc.edu/net-price-calculator
Biola University,CA,2,Private Non-Profit,62757.0,62757.0,62757.0,,48984.0,48984.0,https://www.biola.edu/financial-aid/resources/net-price-calculator#net-price
Brownson Technical School,CA,3,Private For-Profit,36240.0,36240.0,,36240.0,,,https://brownson.edu/netprice/npcalc.php
Bryan University,AZ,3,Private For-Profit,26732.0,26732.0,26732.0,,12219.0,12219.0,bryanuniversity.edu/about/consumer-info/net-price-calculator/
Butte College,CA,1,Public,15509.0,23429.0,15509.0,,1356.0,9276.0,https://npc.cccco.edu/111/npcalc.htm
Cabrillo College,CA,1,Public,24966.0,33558.0,24966.0,,1270.0,9862.0,https://www.cabrillo.edu/cabrillo-college-net-price-calculator/
California Baptist University,CA,2,Private Non-Profit,54038.0,54038.0,54038.0,,41228.0,41228.0,https://calbaptist.studentaidcalculator.com/welcome.aspx
California College of the Arts,CA,2,Private Non-Profit,79776.0,79776.0,79776.0,,60226.0,60226.0,www.cca.edu/admissions/tuition/#section-calculator
California Institute of Technology,CA,2,Private Non-Profit,86886.0,86886.0,86886.0,,65898.0,65898.0,www.finaid.caltech.edu/npc
California Lutheran University,CA,2,Private Non-Profit,68426.0,68426.0,68426.0,,52560.0,52560.0,https://www.callutheran.edu/financial-aid/tuition-fees/net-price-calculator.html
California Polytechnic State University-San Luis Obispo,CA,1,Public,32265.0,53334.0,32265.0,,13596.0,34665.0,https://www.calpoly.edu/financial-aid/costs-and-affordability/undergraduate-costs-of-attendance/undergraduate-net-price-calculator
California State University-Bakersfield,CA,1,Public,19522.0,32122.0,19522.0,,8090.0,20690.0,https://www2.calstate.edu/attend/paying-for-college/pages/csu-costs.aspx
California State University-Stanislaus,CA,1,Public,19739.0,32339.0,19739.0,,8246.0,20846.0,https://finaid.csustan.edu/netpricecalculator/
California State University-San Bernardino,CA,1,Public,17427.0,30027.0,17427.0,,8093.0,20693.0,https://www2.calstate.edu/attend/paying-for-college/Pages/csu-costs.aspx
California State Polytechnic University-Pomona,CA,1,Public,23955.0,36555.0,23955.0,,7780.0,20380.0,https://www.cpp.edu/financial-aid/resources/net-price-calculator.shtml
California State University-Chico,CA,1,Public,26283.0,38883.0,26283.0,,8472.0,21072.0,https://www2.calstate.edu/attend/paying-for-college/pages/csu-costs.aspx
California State University-Dominguez Hills,CA,1,Public,23191.0,35791.0,23191.0,,7449.0,20049.0,https://www.calstate.edu/attend/paying-for-college/Pages/csu-costs.aspx
California State University-Fresno,CA,1,Public,20095.0,32695.0,20095.0,,7350.0,19950.0,https://studentaffairs.fresnostate.edu/financialaid/netprice/index.html
California State University-Fullerton,CA,1,Public,18269.0,30869.0,18269.0,,7470.0,20070.0,https://www.fullerton.edu/financialaid/understanding-aid/cost-of-attendance/
California State University-East Bay,CA,1,Public,22850.0,35450.0,22850.0,,7583.0,20183.0,https://www.csueastbay.edu/financialaid/files/images/net-price-calculator/npcalc.htm
California State University-Long Beach,CA,1,Public,22679.0,35279.0,22679.0,,7350.0,19950.0,https://www.calstate.edu/apply/paying-for-college/csu-costs
California State University-Los Angeles,CA,1,Public,18403.0,31003.0,18403.0,,7160.0,19760.0,https://www.calstate.edu/attend/paying-for-college/pages/csu-costs.aspx
California State University-Northridge,CA,1,Public,20485.0,33085.0,20485.0,,7458.0,20058.0,https://www.csun.edu/financialaid/net-price-calculator
California State University-Sacramento,CA,1,Public,22945.0,35545.0,22945.0,,8018.0,20618.0,https://www2.calstate.edu/attend/paying-for-college/Pages/csu-costs.aspx
University of California-Berkeley,CA,1,Public,45619.0,79819.0,45619.0,,16347.0,50547.0,https://financialaid.berkeley.edu/how-aid-works/estimate-your-financial-aid/
University of California-Davis,CA,1,Public,41238.0,75438.0,41238.0,,16774.0,50974.0,myawards.ucdavis.edu/AidEstimator
University of California-Irvine,CA,1,Public,38632.0,72832.0,38632.0,,15722.0,49922.0,www.ofas.uci.edu/content/Calculator.aspx
University of California-Los Angeles,CA,1,Public,38614.0,72814.0,38614.0,,15203.0,49403.0,https://admission.ucla.edu/tuition-aid/net-cost-calculator
University of California-Riverside,CA,1,Public,38942.0,73142.0,38942.0,,15606.0,49806.0,https://admission.universityofcalifornia.edu/tuition-financial-aid/estimate-your-aid.html
University of California-San Diego,CA,1,Public,38701.0,72901.0,38701.0,,16758.0,50958.0,fas.ucsd.edu/forms-and-resources/financial-aid-estimator/index.html
University of California-Santa Barbara,CA,1,Public,41573.0,75773.0,41573.0,,16414.0,50614.0,finaid.ucsb.edu/net-price-calculator
University of California-Santa Cruz,CA,1,Public,41179.0,75379.0,41179.0,,16005.0,50205.0,https://app.meadowfi.com/ucsc
California Beauty College,CA,3,Private For-Profit,15208.0,15208.0,,15208.0,,,www.calbeautycollege.edu/net-price-calculator
California Hair Design Academy,CA,3,Private For-Profit,29960.0,29960.0,,29960.0,,,https://chdaschools.com/consumer-information/net-price-calculator/
California Institute of the Arts,CA,2,Private Non-Profit,77560.0,77560.0,77560.0,,58996.0,58996.0,https://files.calarts.edu/docs/financial-aid/calarts-net-price-calculator/
Cal Poly Maritime Academy,CA,1,Public,29853.0,42453.0,29853.0,,9944.0,22544.0,https://maritime.calpoly.edu/adm/tuition-and-financial-aid/net-price-calculator/index.html
Canada College,CA,1,Public,9087.0,19139.0,9087.0,,1332.0,11384.0,https://misweb.cccco.edu/npc/371/npcalc.htm
College of the Canyons,CA,1,Public,11360.0,21152.0,11360.0,,1166.0,10958.0,https://www.canyons.edu/studentservices/financialaid/about/netcalc.php
Career Academy of Beauty,CA,3,Private For-Profit,21834.0,21834.0,,21834.0,,,https://caofb.com/net-price-calculator/
Casa Loma College-Los Angeles,CA,2,Private Non-Profit,32018.0,32018.0,,32018.0,,,https://casalomacollege.edu/net-price-calculator/
CET-San Diego,CA,2,Private Non-Profit,26071.0,26071.0,,26071.0,,,https://cetweb.edu/tuition
CET-San Jose,CA,2,Private Non-Profit,24566.0,24566.0,,24566.0,,,https://cetweb.edu/tuition
CET-El Centro,CA,2,Private Non-Profit,27129.0,27129.0,,27129.0,,,https://cetweb.edu/tuition
CET-Colton,CA,2,Private Non-Profit,23513.0,23513.0,,23513.0,,,https://cetweb.edu/tuition
CET-Watsonville,CA,2,Private Non-Profit,21229.0,21229.0,,21229.0,,,https://cetweb.edu/tuition
CET-Salinas,CA,2,Private Non-Profit,24309.0,24309.0,,24309.0,,,https://cetweb.edu/tuition
Cerritos College,CA,1,Public,10236.0,20876.0,10236.0,,1364.0,12004.0,https://npc.cccco.edu/811/npcalc.htm
Cerro Coso Community College,CA,1,Public,25300.0,35170.0,25300.0,,1384.0,11254.0,https://npc.cccco.edu/522/npcalc.htm
Chabot College,CA,1,Public,17456.0,24992.0,17456.0,,1150.0,8686.0,https://www.chabotcollege.edu/finaid/cost of attendance.php
Chaffey College,CA,1,Public,14451.0,24387.0,14451.0,,1184.0,11120.0,https://npc.cccco.edu/921/npcalc.htm
Chapman University,CA,2,Private Non-Profit,83146.0,83146.0,83146.0,,64984.0,64984.0,https://www.chapman.edu/students/tuition-and-aid/financial-aid/net-cost-calculator/index.aspx
Charles R Drew University of Medicine and Science,CA,2,Private Non-Profit,39834.0,39834.0,39834.0,,23000.0,23000.0,https://cdrewu.edu/cdu-price-calculator.html
Concordia University-Irvine,CA,2,Private Non-Profit,58682.0,58682.0,58682.0,,43480.0,43480.0,www.cui.edu/studentlife/financial-aid/undergraduate/prospective-students-net-price-calculator
San Diego Christian College,CA,2,Private Non-Profit,31745.0,31745.0,31745.0,,28012.0,28012.0,https://sdcc.edu/admissions/undergraduate-admissions/tuition-and-financial-aid/
Citrus College,CA,1,Public,13699.0,23131.0,13699.0,,1204.0,10636.0,https://npc.cccco.edu/821/npcalc.htm
Citrus Heights Beauty College,CA,3,Private For-Profit,34061.0,34061.0,,34061.0,,,chbeautycollegenetpricecalc.com/
City College of San Francisco,CA,1,Public,16870.0,29830.0,16870.0,,1696.0,14656.0,https://npc.cccco.edu/361/npcalc.htm
Claremont McKenna College,CA,2,Private Non-Profit,86500.0,86500.0,86500.0,,67980.0,67980.0,https://npc.collegeboard.org/student/app/claremontmckenna
Milan Institute-Visalia,CA,3,Private For-Profit,29148.0,29148.0,,29148.0,,,solutions.campusivy.com/Apps/NPC/NPCWizard/Wizard?institutionId=12600
Coastline Community College,CA,1,Public,24290.0,34538.0,24290.0,,1364.0,11612.0,https://npc.cccco.edu/831/npcalc.htm
University of Silicon Valley,CA,3,Private For-Profit,35722.0,35722.0,35722.0,,22480.0,22480.0,https://usv.edu/net-price-calculator
Coba Academy,CA,3,Private For-Profit,24258.0,24258.0,,24258.0,,,https://coba.edu/NetPrice/npcalc.htm
Columbia College,CA,1,Public,19870.0,27852.0,19870.0,,1282.0,9264.0,https://misweb.cccco.edu/npc/591/npcalc.htm
California College of ASU,CA,2,Private Non-Profit,31890.0,31890.0,31890.0,,25186.0,25186.0,https://californiacollege.asu.edu/admissions/-financial-aid/cost-of-attendance
Compton College,CA,1,Public,20447.0,28127.0,20447.0,,1142.0,8822.0,https://nces.ed.gov/ipeds/netpricecalculator/#/
Contra Costa College,CA,1,Public,18422.0,27430.0,18422.0,,1312.0,10320.0,https://npc.cccco.edu/311/npcalc.htm
Cosumnes River College,CA,1,Public,14202.0,25530.0,14202.0,,1288.0,12616.0,https://www.crc.losrios.edu/admissions/cost-of-attendance/net-price-calculator
Crafton Hills College,CA,1,Public,20282.0,33650.0,20282.0,,1188.0,14556.0,https://misweb.cccco.edu/npc/981/npcalc.htm
Cuesta College,CA,1,Public,20192.0,29852.0,20192.0,,1350.0,11010.0,https://www.cuesta.edu/become-student/cashier/fees-cost-to-attend.html
Cuyamaca College,CA,1,Public,16690.0,26658.0,16690.0,,1346.0,11314.0,https://misweb.cccco.edu/npc/021/npcalc.htm
Cypress College,CA,1,Public,14290.0,25519.0,14290.0,,1150.0,12379.0,misweb.cccco.edu/npc/861/npcalc.htm
De Anza College,CA,1,Public,14975.0,26000.0,14975.0,,1571.0,12596.0,https://npc.cccco.edu/421/npcalc.htm
International School of Beauty Inc,CA,3,Private For-Profit,24198.0,24198.0,,24198.0,,,btyschool.com/tution/
College of the Desert,CA,1,Public,24607.0,33455.0,24607.0,,1326.0,10174.0,https://www.collegeofthedesert.edu/students/fin-aid/costs.php
Design Institute of San Diego,CA,3,Private For-Profit,55911.0,55911.0,55911.0,,29300.0,29300.0,https://www.disd.edu/wp-content/uploads/2024/07/index.html
Diablo Valley College,CA,1,Public,16774.0,25782.0,16774.0,,1312.0,10320.0,https://npc.cccco.edu/312/npcalc.htm
Dominican University of California,CA,2,Private Non-Profit,71751.0,71751.0,71751.0,,52161.0,52161.0,https://www.shoppingsheet.com/Shopping/Landing/dominican
East Los Angeles College,CA,1,Public,19193.0,28527.0,19193.0,,1238.0,10572.0,https://collegecost.ed.gov/net-price
El Camino Community College District,CA,1,Public,15246.0,21732.0,15246.0,,1144.0,7630.0,www.finaid.org/calculators/studentbudget.phtml
Evergreen Valley College,CA,1,Public,22105.0,29457.0,22105.0,,1366.0,8718.0,https://npc.cccco.edu/471/npcalc.htm
Feather River Community College District,CA,1,Public,20385.0,29355.0,20385.0,,1465.0,10435.0,https://misweb.cccco.edu/npc/121/npcalc.htm
Federico Beauty Institute,CA,3,Private For-Profit,27316.0,27316.0,,27316.0,,,www.federico.edu/disclosures
Foothill College,CA,1,Public,16361.0,27386.0,16361.0,,1565.0,12590.0,https://npc.cccco.edu/422/npcalc.htm
Fredrick and Charles Beauty College,CA,3,Private For-Profit,25270.0,25270.0,,25270.0,,,www.fandcbeauty.com/resources
Fresno City College,CA,1,Public,17198.0,26018.0,17198.0,,1334.0,10154.0,https://npc.cccco.edu/571/npcalc.htm
Fresno Pacific University,CA,2,Private Non-Profit,44249.0,44249.0,44249.0,,36660.0,36660.0,https://www.fresno.edu/undergraduate/tuition-financial-aid/net-price-calculator
Fullerton College,CA,1,Public,14369.0,25598.0,14369.0,,1150.0,12379.0,https://misweb.cccco.edu/npc/862/npcalc.htm
Gavilan College,CA,1,Public,15161.0,25902.0,15161.0,,1508.0,12249.0,https://misweb.cccco.edu/npc/441/npcalc-1920.htm
Gemological Institute of America-Carlsbad,CA,2,Private Non-Profit,46927.0,46927.0,,46927.0,,,www.gia.edu/net-price-calculator
Glendale Community College,CA,1,Public,17501.0,27245.0,17501.0,,1191.0,10935.0,https://misweb.cccco.edu/npc/731/npcalc.htm
Glendale Career College,CA,3,Private For-Profit,51802.0,51802.0,,51802.0,,,nw.edu/ecamp/npc-nwc/npcalc.htm
Golden West College,CA,1,Public,14618.0,24866.0,14618.0,,1380.0,11628.0,https://npc.cccco.edu/832/npcalc.htm
Grossmont College,CA,1,Public,14027.0,23323.0,14027.0,,1332.0,10628.0,https://misweb.cccco.edu/npc/022/npcalc.htm
Salon Success Academy-Riverside,CA,3,Private For-Profit,22333.0,22333.0,,22333.0,,,https://www.salonsuccessacademy.com/wp-content/uploads/2024/11/npc-riverside.html
Hartnell College,CA,1,Public,11892.0,20862.0,11892.0,,1404.0,10374.0,https://npc.cccco.edu/451/npcalc.htm
Harvey Mudd College,CA,2,Private Non-Profit,90165.0,90165.0,90165.0,,68613.0,68613.0,https://npc.collegeboard.org/student/app/hmc
Hilltop Beauty School,CA,3,Private For-Profit,26090.0,26090.0,,26090.0,,,https://www.hilltopbeautyschool.com/net-price-calculator/
California State Polytechnic University-Humboldt,CA,1,Public,25170.0,37770.0,25170.0,,8250.0,20850.0,https://www.humboldt.edu/calculator/
Humphreys University,CA,2,Private Non-Profit,20918.0,20918.0,20918.0,,13500.0,13500.0,www.humphreys.edu/admissions-aid/financial-aid/net-price-calculator/
Imperial Valley College,CA,1,Public,11998.0,19702.0,11998.0,,1148.0,8852.0,www.imperial.edu/students/financial-aid-and-scholarships/cost-of-attendance/
Institute for Business and Technology,CA,3,Private For-Profit,30501.0,30501.0,,30501.0,,,https://ibt.edu/net-price-calculator/
Irvine Valley College,CA,1,Public,13001.0,23705.0,13001.0,,1156.0,11860.0,https://npc.cccco.edu/892/npcalc.htm
Bellus Academy-El Cajon,CA,3,Private For-Profit,38794.0,38794.0,,38794.0,,,https://bellusacademy.edu/wp-content/uploads/2024/02/EC-NPC.html
Reedley College,CA,1,Public,16881.0,25701.0,16881.0,,1334.0,10154.0,https://npc.cccco.edu/572/npcalc.htm
Life Pacific University,CA,2,Private Non-Profit,35062.0,35062.0,35062.0,,22118.0,22118.0,https://tcc.ruffalonl.com/Life Pacific University/Freshman-Students
University of La Verne,CA,2,Private Non-Profit,62278.0,62278.0,62278.0,,49470.0,49470.0,https://laverne.edu/financial-aid/npc/
Laguna College of Art and Design,CA,2,Private Non-Profit,57989.0,57989.0,57989.0,,37500.0,37500.0,https://www.lcad.edu/net-price-calculator/
Lake Tahoe Community College,CA,1,Public,17666.0,27638.0,17666.0,,1131.0,11103.0,https://misweb.cccco.edu/npc/221/npcalc.htm
Lancaster Beauty School,CA,3,Private For-Profit,26740.0,26740.0,,26740.0,,,www.lancasterbeautyschool.com/about/net-price-calculator/
Laney College,CA,1,Public,25335.0,33975.0,25335.0,,1258.0,9898.0,https://laney.edu/financial-aid/net-price-calculator
Lassen Community College,CA,1,Public,20228.0,28364.0,20228.0,,1144.0,9280.0,https://npc.cccco.edu/131/npcalc.htm
Latin American Bible Institute,CA,2,Private Non-Profit,16570.0,16570.0,16570.0,,14050.0,14050.0,https://solutions.campusivy.com/Apps/NPC?InstitutionId=38200
La Sierra University,CA,2,Private Non-Profit,51459.0,51459.0,51459.0,,37710.0,37710.0,https://lasierra.edu/sfs/scholarships/
Long Beach City College,CA,1,Public,14503.0,25491.0,14503.0,,1556.0,12544.0,https://npc.cccco.edu/841/npcalc.htm
Southern California University of Health Sciences,CA,2,Private Non-Profit,57740.0,57740.0,57740.0,,10476.0,10476.0,https://www.scuhs.edu/financial-aid/
Los Angeles Harbor College,CA,1,Public,21772.0,31102.0,21772.0,,1238.0,10568.0,https://npc.cccco.edu/742/npcalc.htm
Los Angeles Pierce College,CA,1,Public,21400.0,30734.0,21400.0,,1238.0,10572.0,https://npc.cccco.edu/744/npcalc.htm
Los Angeles Southwest College,CA,1,Public,13624.0,22958.0,13624.0,,1238.0,10572.0,https://npc.cccco.edu/745/npcalc.htm
Los Angeles Trade Technical College,CA,1,Public,20457.0,29791.0,20457.0,,1238.0,10572.0,www.lattc.edu/financial-aid/can-i-afford-college
Los Angeles Valley College,CA,1,Public,20546.0,29880.0,20546.0,,1238.0,10572.0,https://npc.cccco.edu/747/npcalc.htm
The Master's University and Seminary,CA,2,Private Non-Profit,54845.0,54845.0,54845.0,,39020.0,39020.0,https://www.masters.edu/financial-aid/total-cost-calculator
Los Angeles City College,CA,1,Public,18924.0,28258.0,18924.0,,1238.0,10572.0,https://npc.cccco.edu/741/npcalc.htm
Los Angeles Mission College,CA,1,Public,21717.0,31051.0,21717.0,,1238.0,10572.0,https://npc.cccco.edu/743/npcalc.htm
Los Medanos College,CA,1,Public,16056.0,25064.0,16056.0,,1312.0,10320.0,https://npc.cccco.edu/313/npcalc.htm
Loyola Marymount University,CA,2,Private Non-Profit,83943.0,83943.0,83943.0,,62357.0,62357.0,https://lmu.studentaidcalculator.com/survey.aspx
Lu Ross Academy,CA,3,Private For-Profit,24647.0,24647.0,,24647.0,,,www.lurossacademy.com/school/net-price-calculator/
Lyle's College of Beauty,CA,3,Private For-Profit,28221.0,28221.0,,28221.0,,,lylescolleges.com/
Lyle's College of  Beauty,CA,3,Private For-Profit,40644.0,40644.0,,40644.0,,,lylescolleges.com/
Lytles Redwood Empire Beauty College,CA,3,Private For-Profit,28486.0,28486.0,,28486.0,,,https://www.lytlesrebc.edu/college/consumer-student-information/
MTI College,CA,3,Private For-Profit,25251.0,25251.0,,25251.0,,,sacramento.campus.edu/net-price-calculator
College of Marin,CA,1,Public,21015.0,28791.0,21015.0,,1558.0,9334.0,https://app.meadowfi.com/marin
Mendocino College,CA,1,Public,17544.0,26124.0,17544.0,,1423.0,10003.0,https://npc.cccco.edu/141/npcalc.htm
Menlo College,CA,2,Private Non-Profit,72020.0,72020.0,72020.0,,53630.0,53630.0,www.shoppingsheet.com/shopping/landing/118693--menlo college
Merced College,CA,1,Public,14485.0,21805.0,14485.0,,1200.0,8520.0,https://misweb.cccco.edu/npc/531/npcalc.htm
Merritt College,CA,1,Public,21424.0,30064.0,21424.0,,1258.0,9898.0,https://npc.cccco.edu/344/npcalc.htm
Northeastern University Oakland,CA,2,Private Non-Profit,85418.0,85418.0,85418.0,,67778.0,67778.0,https://studentfinance.northeastern.edu/financial-tools-and-calculators/
MiraCosta College,CA,1,Public,15531.0,24123.0,15531.0,,1158.0,9750.0,https://npc.cccco.edu/051/npcalc.htm
Mission College,CA,1,Public,13744.0,24806.0,13744.0,,1438.0,12500.0,https://npc.cccco.edu/492/npcalc.htm
Modern Beauty Academy,CA,3,Private For-Profit,24382.0,24382.0,,24382.0,,,www.modernbeautyacademy.org/netprice
Modesto Junior College,CA,1,Public,11487.0,19469.0,11487.0,,1282.0,9264.0,https://misweb.cccco.edu/npc/592/npcalc.htm
Moler Barber College,CA,3,Private For-Profit,29428.0,29428.0,,29428.0,,,https://moler.org/docs/net-price-calculator/npcalc.htm
Monterey Peninsula College,CA,1,Public,19605.0,28989.0,19605.0,,1188.0,10572.0,https://npc.cccco.edu/461/npcalc.htm
Moorpark College,CA,1,Public,8015.0,16204.0,8015.0,,1426.0,9615.0,www.moorparkcollege.edu/services_for_students/financial_aid/index.shtml
Mt San Antonio College,CA,1,Public,15701.0,24801.0,15701.0,,1364.0,10464.0,www.mtsac.edu/financialaid/resources/npcalc.html
Mount Saint Mary's University,CA,2,Private Non-Profit,66726.0,66726.0,66726.0,,49564.0,49564.0,https://www.msmu.edu/admission--aid/financial-aid/undergraduate-students/net-price-calculator/
Mt San Jacinto Community College District,CA,1,Public,14257.0,25537.0,14257.0,,1448.0,12728.0,www.msjc.edu/financialaid/budgets.html
Musicians Institute,CA,3,Private For-Profit,52369.0,52369.0,52369.0,,34322.0,34322.0,mi.edu/student-consumer-disclosure/net-price-calculator/
Napa Valley College,CA,1,Public,22572.0,33324.0,22572.0,,1156.0,11908.0,https://misweb.cccco.edu/npc/241/npcalc.htm
National Holistic Institute,CA,3,Private For-Profit,38841.0,38841.0,,38841.0,,,nhi.edu/how-to-become-a-massage-therapist/net-price-calculator
National University,CA,2,Private Non-Profit,33978.0,33978.0,33978.0,,13284.0,13284.0,www.nu.edu/npcalc/npcalc.htm
Newschool of Architecture and Design,CA,3,Private For-Profit,62004.0,62004.0,62004.0,,30291.0,30291.0,newschoolarch.edu/admissions/scholarships-and-financial-aid/financial-aid/
North Adrian's College of Beauty Inc,CA,3,Private For-Profit,22013.0,22013.0,,22013.0,,,www.adrians.edu/net_price_calculator-modesto
North-West College-Pomona,CA,3,Private For-Profit,35112.0,35112.0,,35112.0,,,https://nw.edu/net-price-calculator/
North-West College-West Covina,CA,3,Private For-Profit,34193.0,34193.0,,34193.0,,,www.nu.edu/npcalc/npcalc.htm
North-West College-Van Nuys,CA,3,Private For-Profit,36507.0,36507.0,,36507.0,,,https://www.nu.edu/npcalc/npcalc.htm
Occidental College,CA,2,Private Non-Profit,84800.0,84800.0,84800.0,,66274.0,66274.0,https://npc.collegeboard.org/app/occidental
Ohlone College,CA,1,Public,21254.0,28766.0,21254.0,,1202.0,8714.0,https://npc.cccco.edu/
Orange Coast College,CA,1,Public,15561.0,25809.0,15561.0,,1392.0,11640.0,https://npc.cccco.edu/833/npcalc.htm
Otis College of Art and Design,CA,2,Private Non-Profit,75861.0,75861.0,75861.0,,56488.0,56488.0,https://www.otis.edu/admissions-aid/tuition-aid/financial-calculator.html
Oxnard College,CA,1,Public,9437.0,17626.0,9437.0,,1426.0,9615.0,www.oxnardcollege.edu/departments/student_services/financial_aid/index.shtml
Hope International University,CA,2,Private Non-Profit,51784.0,51784.0,51784.0,,38050.0,38050.0,www.hiu.edu/undergrad/finaid/
Concorde Career College-San Diego,CA,3,Private For-Profit,30461.0,30461.0,,30461.0,,,https://enroll.myconcorde.edu/npc
Pacific Union College,CA,2,Private Non-Profit,49404.0,49404.0,49404.0,,37173.0,37173.0,https://puc.studentaidcalculator.com/survey.aspx
University of the Pacific,CA,2,Private Non-Profit,71515.0,71515.0,71515.0,,57080.0,57080.0,https://pacific.clearcostcalculator.com/student/default/netpricecalculator/survey
Palo Verde College,CA,1,Public,25212.0,36804.0,25212.0,,1288.0,12880.0,https://misweb.cccco.edu/npc/951/npcalc.htm
Palomar College,CA,1,Public,14360.0,23656.0,14360.0,,1354.0,10650.0,https://misweb.cccco.edu/npc/061/npcalc.htm
Pasadena City College,CA,1,Public,13677.0,22317.0,13677.0,,1180.0,9820.0,https://npc.cccco.edu/771/npcalc.htm
Pepperdine University,CA,2,Private Non-Profit,93512.0,93512.0,93512.0,,69918.0,69918.0,https://seaver.pepperdine.edu/admission/financial-aid/undergraduate/npc
Pitzer College,CA,2,Private Non-Profit,86466.0,86466.0,86466.0,,65192.0,65192.0,https://npc.collegeboard.org/app/pitzer
Point Loma Nazarene University,CA,2,Private Non-Profit,60488.0,60488.0,60488.0,,46250.0,46250.0,www.pointloma.edu/undergraduate/cost-financial-aid
Pomona College,CA,2,Private Non-Profit,85300.0,85300.0,85300.0,,65420.0,65420.0,https://npc.collegeboard.org/student/app/pomona
Porterville College,CA,1,Public,20730.0,30600.0,20730.0,,1438.0,11308.0,https://npc.cccco.edu/523/npcalc.htm
Professional Institute of Beauty,CA,3,Private For-Profit,28166.0,28166.0,,28166.0,,,www.pib.edu/calculator.html
Santa Ana College,CA,1,Public,12375.0,21951.0,12375.0,,1180.0,10756.0,https://npc.cccco.edu/871/npcalc.htm
Shasta School of Cosmetology,CA,3,Private For-Profit,30007.0,30007.0,,30007.0,,,https://hambeltonbeauty.com/NETPRICECALCULATOR/index.html
University of Redlands,CA,2,Private Non-Profit,76630.0,76630.0,76630.0,,60878.0,60878.0,www.redlands.edu/npc
College of the Redwoods,CA,1,Public,15504.0,23160.0,15504.0,,1198.0,8854.0,https://www.redwoods.edu/services/fa/costs.php
Salon Success Academy-Upland,CA,3,Private For-Profit,21692.0,21692.0,,21692.0,,,https://www.salonsuccessacademy.com/wp-content/uploads/2024/11/npc-upland.html
Salon Success Academy-Corona,CA,3,Private For-Profit,18866.0,18866.0,,18866.0,,,https://www.salonsuccessacademy.com/wp-content/uploads/2024/11/npc-corona.html
Rio Hondo College,CA,1,Public,21391.0,29887.0,21391.0,,1388.0,9884.0,www.riohondo.edu/financial-aid/
Riverside City College,CA,1,Public,16911.0,27981.0,16911.0,,1428.0,12498.0,misweb.cccco.edu/npc/961/npcalc.htm
Sacramento City College,CA,1,Public,15767.0,27095.0,15767.0,,1288.0,12616.0,https://www.scc.losrios.edu/admissions/cost-of-attendance/net-price-calculator
Saddleback College,CA,1,Public,13939.0,24643.0,13939.0,,1156.0,11860.0,https://npc.cccco.edu/891/npcalc.htm
San Diego City College,CA,1,Public,21202.0,30058.0,21202.0,,1146.0,10002.0,misweb.cccco.edu/npc/071/npcalc.htm
San Diego Mesa College,CA,1,Public,19371.0,28227.0,19371.0,,1146.0,10002.0,https://misweb.cccco.edu/npc/072/npcalc.htm
San Diego Miramar College,CA,1,Public,17126.0,25982.0,17126.0,,1146.0,10002.0,https://misweb.cccco.edu/npc/073/npcalc.htm
San Diego State University,CA,1,Public,27780.0,40380.0,27780.0,,8728.0,21328.0,https://sacd.sdsu.edu/financial-aid/financial-aid/eligibility/cost-of-attendance/net-price-calculator
University of San Diego,CA,2,Private Non-Profit,78720.0,78720.0,78720.0,,59486.0,59486.0,www.sandiego.edu/admissions/undergraduate/tuition-financial-aid/net-price-calculator.php
San Francisco Conservatory of Music,CA,2,Private Non-Profit,78781.0,78781.0,78781.0,,56150.0,56150.0,https://sfcm.edu/admissions/cost-aid/tuition-fees
San Francisco State University,CA,1,Public,26488.0,39088.0,26488.0,,7950.0,20550.0,https://financialaid.sfsu.edu/cost-attendance
University of San Francisco,CA,2,Private Non-Profit,80141.0,80141.0,80141.0,,60492.0,60492.0,https://www.usfca.edu/admission/financial-aid/net-price-calculator
San Joaquin Delta College,CA,1,Public,9965.0,18557.0,9965.0,,1180.0,9772.0,https://www.deltacollege.edu/student-services/financial-aid-scholarships/cost-estimates/net-price-calculator
San Joaquin Valley College-Visalia,CA,3,Private For-Profit,33136.0,33136.0,,33136.0,,,www.sjvc.edu/net-price-calculator
San Joaquin Valley College-Bakersfield,CA,3,Private For-Profit,27534.0,27534.0,,27534.0,,,https://www.sjvc.edu/net-price-calculator
William Jessup University,CA,2,Private Non-Profit,53703.0,53703.0,53703.0,,37150.0,37150.0,https://app.meadowfi.com/jessup
San Jose City College,CA,1,Public,26081.0,36637.0,26081.0,,1366.0,11922.0,https://misweb.cccco.edu/npc/472/npcalc.htm
San Jose State University,CA,1,Public,26593.0,39193.0,26593.0,,8410.0,21010.0,https://www.sjsu.edu/faso/docs/net-price-calculator.html
College of San Mateo,CA,1,Public,10837.0,20889.0,10837.0,,1332.0,11384.0,https://app.meadowfi.com/collegeofsanmateo
Santa Barbara City College,CA,1,Public,20394.0,29586.0,20394.0,,1240.0,10432.0,https://npc.cccco.edu/651/npcalc.htm
Santa Clara University,CA,2,Private Non-Profit,82026.0,82026.0,82026.0,,61293.0,61293.0,https://www.scu.edu/financialaid/Net-Price-Calculator.cfm
Santa Monica College,CA,1,Public,11162.0,20714.0,11162.0,,1156.0,10708.0,https://npc.cccco.edu/781/npcalc.htm
Santa Rosa Junior College,CA,1,Public,15974.0,25964.0,15974.0,,1318.0,11308.0,https://npc.cccco.edu/261/npcalc.htm
Scripps College,CA,2,Private Non-Profit,87564.0,87564.0,87564.0,,65950.0,65950.0,https://npc.collegeboard.org/student/app/scrippscollege
College of the Sequoias,CA,1,Public,9145.0,16789.0,9145.0,,1394.0,9038.0,https://www.cos.edu/en-us/admissions/financial-aid/net-price-calculator
Shasta Bible College and Graduate School,CA,2,Private Non-Profit,34535.0,34535.0,34535.0,,14535.0,14535.0,https://www.shasta.edu/netpricecalc.html
Shasta College,CA,1,Public,13915.0,21571.0,13915.0,,1197.0,8853.0,https://npc.cccco.edu/171/npcalc.htm
Sierra College,CA,1,Public,17002.0,17002.0,17002.0,,1446.0,1446.0,https://misweb.cccco.edu/npc/271/npcalc.htm
Sierra College of Beauty,CA,3,Private For-Profit,13463.0,13463.0,,13463.0,,,sierrabeautycollege.net/blog3/?page_id=19
Simpson University,CA,2,Private Non-Profit,54688.0,54688.0,54688.0,,39708.0,39708.0,https://simpsonu.clearcostcalculator.com/student/default/netpricecalculator/survey
College of the Siskiyous,CA,1,Public,17725.0,25675.0,17725.0,,1444.0,9394.0,https://misweb.cccco.edu/npc/181/npcalc.htm
Charles A Jones Career and Education Center,CA,1,Public,21579.0,21579.0,,21579.0,,,https://caj.scusd.edu/student-support/financial-aid
Skyline College,CA,1,Public,11880.0,20564.0,11880.0,,1272.0,9956.0,https://misweb.cccco.edu/npc/373/npcalc.htm
San Bernardino Valley College,CA,1,Public,22678.0,35864.0,22678.0,,1196.0,14382.0,https://www.valleycollege.edu/financial-aid/cost-estimates.php
Saint Mary's College of California,CA,2,Private Non-Profit,77659.0,77659.0,77659.0,,57803.0,57803.0,https://www.stmarys-ca.edu/financial-aid/net-price-calculator
Solano Community College,CA,1,Public,13143.0,21783.0,13143.0,,1172.0,9812.0,https://misweb.cccco.edu/npc/281/npcalc.htm
Sonoma State University,CA,1,Public,24648.0,37248.0,24648.0,,8624.0,21224.0,https://financialaid.sonoma.edu/cost-attendance/net-price-calculator
South Coast College,CA,3,Private For-Profit,18982.0,18982.0,18982.0,,13494.0,13494.0,www.southcoastcollege.edu/netcalc/
Vanguard University of Southern California,CA,2,Private Non-Profit,52665.0,52665.0,52665.0,,41700.0,41700.0,https://www.vanguard.edu/admissions/net-price-calculator
Concorde Career College-Garden Grove,CA,3,Private For-Profit,29040.0,29040.0,,29040.0,,,https://enroll.myconcorde.edu/npc
Southwestern College,CA,1,Public,22104.0,31400.0,22104.0,,1344.0,10640.0,https://misweb.cccco.edu/npc/091/npcalc.htm
Southern California Institute of Architecture,CA,2,Private Non-Profit,71612.0,71612.0,71612.0,,56162.0,56162.0,www.sciarc.edu/admissions/financial-aid/cost-to-attend
University of Southern California,CA,2,Private Non-Profit,90300.0,90300.0,90300.0,,72097.0,72097.0,https://financialaid.usc.edu/npc
Taft College,CA,1,Public,14074.0,23818.0,14074.0,,1108.0,10852.0,https://misweb.cccco.edu/npc/691/npcalc.htm
Thomas Aquinas College,CA,2,Private Non-Profit,43426.0,43426.0,43426.0,,30200.0,30200.0,https://thomasaquinas.edu/admission/net-price-calculator-financial-aid-calculator
UEI College-Huntington Park,CA,3,Private For-Profit,34673.0,34673.0,,34673.0,,,https://enroll.uei.edu/Npc
Concorde Career College-San Bernardino,CA,3,Private For-Profit,31359.0,31359.0,,31359.0,,,https://enroll.myconcorde.edu/npc
Concorde Career College-North Hollywood,CA,3,Private For-Profit,28621.0,28621.0,,28621.0,,,https://enroll.myconcorde.edu/npc
Ventura College,CA,1,Public,9306.0,17495.0,9306.0,,1426.0,9615.0,www.venturacollege.edu/departments/student_services/financial_aid/index.shtml
Bridges Beauty College,CA,3,Private For-Profit,22873.0,22873.0,,22873.0,,,https://www.bridgesbeautycollege.com/np
Victor Valley College,CA,1,Public,8974.0,17674.0,8974.0,,1425.0,10125.0,https://misweb.cccco.edu/npc/991/npcalc.htm
Berkeley City College,CA,1,Public,18845.0,27485.0,18845.0,,1258.0,9898.0,https://npc.cccco.edu/345/npcalc.htm
Walden University,MN,3,Private For-Profit,35358.0,35358.0,35358.0,,12762.0,12762.0,https://www.waldenu.edu/financial-aid/price-calculator
Waynes College of Beauty,CA,3,Private For-Profit,20566.0,20566.0,,20566.0,,,www.waynescollegeofbeautyinc.com/netprice
Coalinga College,CA,1,Public,19272.0,28842.0,19272.0,,1384.0,10954.0,https://coalingacollege.edu/admissions/cost-of-attendance/net-price-calculator.php
West Los Angeles College,CA,1,Public,17336.0,26670.0,17336.0,,1238.0,10572.0,https://misweb.cccco.edu/npc/749/npcalc.htm
West Valley College,CA,1,Public,13717.0,22419.0,13717.0,,0.0,8702.0,https://npc.cccco.edu/493/npcalc.htm
Carrington College-Sacramento,CA,3,Private For-Profit,45593.0,45593.0,,45593.0,,,https://carrington.edu/financial-aid/how-much-will-it-cost/
Westmont College,CA,2,Private Non-Profit,71150.0,71150.0,71150.0,,53584.0,53584.0,www.westmont.edu/a/net-price-calculator.html
Whittier College,CA,2,Private Non-Profit,63664.0,63664.0,63664.0,,51350.0,51350.0,www.whittier.edu/financialaid/npc
Woodbury University,CA,2,Private Non-Profit,58010.0,58010.0,58010.0,,47056.0,47056.0,https://woodbury.edu/admissions/tuition-and-fees/cost-of-attendance/
Yeshiva Ohr Elchonon Chabad West Coast Talmudical Seminary,CA,2,Private Non-Profit,31300.0,31300.0,31300.0,,16900.0,16900.0,https://www.yoec.edu/net-price-calculator
Yuba College,CA,1,Public,11496.0,18576.0,11496.0,,1128.0,8208.0,https://yc.yccd.edu/student/financialaid/net-price-calculator/
Adams State University,CO,1,Public,24352.0,36472.0,24352.0,,9824.0,21944.0,https://www.adams.edu/financial-aid/cost-tuition-to-attend/
Aims Community College,CO,1,Public,16657.0,26185.0,16657.0,,2258.0,11786.0,www.aims.edu/student/finaid/net-price-calculator/
Arapahoe Community College,CO,1,Public,18332.0,30932.0,18332.0,,4434.0,17034.0,https://www.arapahoe.edu/netpricecalculator/
Bel-Rea Institute of Animal Technology,CO,3,Private For-Profit,28043.0,28043.0,28043.0,,13819.0,13819.0,www.belrea.edu/?q=degreeProgram
University of Colorado Denver/Anschutz Medical Campus,CO,1,Public,24902.0,43910.0,24902.0,,10383.0,29391.0,www.ucdenver.edu/tuition-cost/net-price-calculator
University of Colorado Colorado Springs,CO,1,Public,24595.0,38782.0,24595.0,,10149.0,24336.0,https://finaid.uccs.edu/about-financial-aid/how-aid-is-packaged#net-price-calculator
Spartan College of Aeronautics and Technology,CO,3,Private For-Profit,37719.0,37719.0,37719.0,,20235.0,20235.0,www.spartan.edu/calculator/den/
University of Colorado Boulder,CO,1,Public,37684.0,66936.0,37684.0,,15666.0,44918.0,https://ofa.colorado.edu/netpricecalculator/
Colorado Christian University,CO,2,Private Non-Profit,54242.0,54242.0,54242.0,,41342.0,41342.0,https://www.ccu.edu/finaid/calculator/
Colorado College,CO,2,Private Non-Profit,86921.0,86921.0,86921.0,,70734.0,70734.0,https://www.shoppingsheet.com/shopping/landing/126678
Concorde Career College-Aurora,CO,3,Private For-Profit,22697.0,22697.0,,22697.0,,,https://enroll.myconcorde.edu/npc
Colorado Mountain College,CO,1,Public,14799.0,25023.0,14799.0,,2616.0,12840.0,coloradomtn.edu/tuition-costs/net-price-calculator/
Colorado Northwestern Community College,CO,1,Public,20923.0,23633.0,20923.0,,4594.0,7304.0,https://cncc.edu/admissions/financial-aid/npcalc_23-24.html
Colorado School of Mines,CO,1,Public,40560.0,64470.0,40560.0,,21914.0,45824.0,https://inside.mines.edu/npc/
Colorado School of Trades,CO,3,Private For-Profit,29397.0,29397.0,,29397.0,,,https://schooloftrades.edu/npc/
Colorado State University-Fort Collins,CO,1,Public,31642.0,53052.0,31642.0,,13373.0,34783.0,admissions.colostate.edu/cost-financial-aid/net-price-calculator/
Colorado Technical University-Colorado Springs,CO,3,Private For-Profit,23744.0,23744.0,23744.0,,12750.0,12750.0,coloradotech.studentaidcalculator.com/
Community College of Aurora,CO,1,Public,17275.0,29875.0,17275.0,,4470.0,17070.0,ccaurora.edu/admission-aid/financial-aid/net-calculator/
Technical College of the Rockies,CO,1,Public,9051.0,9051.0,,9051.0,,,www.https//tcr.edu/paying-for-college/
Community College of Denver,CO,1,Public,19550.0,31784.0,19550.0,,4902.0,17136.0,ccd.edu/cost_calculator/
Lincoln College of Technology-Denver,CO,3,Private For-Profit,37032.0,37032.0,,37032.0,,,www.lincolntech.edu/net-price-calculator
University of Denver,CO,2,Private Non-Profit,78476.0,78476.0,78476.0,,61398.0,61398.0,https://www.du.edu/financialaid/undergraduate/calculator/
Emily Griffith Technical College,CO,1,Public,13995.0,13995.0,,13995.0,,,www.emilygriffith.edu/net-price-calculator
Fort Lewis College,CO,1,Public,27030.0,38598.0,27030.0,,9958.0,21526.0,www.fortlewis.edu/rnlnetprice
Front Range Community College,CO,1,Public,21526.0,34126.0,21526.0,,4663.0,17263.0,https://www.frontrange.edu/npc/
International Salon and Spa Academy,CO,3,Private For-Profit,28172.0,28172.0,,28172.0,,,https://www.csbeautyschools.com/financial-aid
Lamar Community College,CO,1,Public,20044.0,22754.0,20044.0,,4550.0,7260.0,https://www.lamarcc.edu/admission/paying-for-college/net-price-calculator/
Colorado Mesa University,CO,1,Public,24046.0,39243.0,24046.0,,9927.0,25124.0,https://www.coloradomesa.edu/financial-aid/resources/financial-aid-calculator.html
Metropolitan State University of Denver,CO,1,Public,24622.0,44182.0,24622.0,,11124.0,30684.0,www.msudenver.edu/cost/
Morgan Community College,CO,1,Public,17497.0,30097.0,17497.0,,4252.0,16852.0,https://www.morgancc.edu/npc/
Naropa University,CO,2,Private Non-Profit,53397.0,53397.0,53397.0,,36620.0,36620.0,https://www.naropa.edu/admissions-aid/costs-aid/undergraduate-costs-aid/price-calculator/
Northeastern Junior College,CO,1,Public,21558.0,24095.0,21558.0,,5730.0,8267.0,www.njc.edu/cost-calculator/
University of Northern Colorado,CO,1,Public,29254.0,44104.0,29254.0,,12416.0,27266.0,https://www.unco.edu/financial-aid/resources/net-price-calculator.aspx
Otero College,CO,1,Public,21020.0,23730.0,21020.0,,4576.0,7286.0,https://www.otero.edu/pay-for-college/tuition-fees/
Pikes Peak State College,CO,1,Public,18473.0,31073.0,18473.0,,4510.0,17110.0,https://www.pikespeak.edu/costs-scholarships-aid/costs/tuition-calculator.php
Pueblo Community College,CO,1,Public,22002.0,34602.0,22002.0,,5049.0,17649.0,www.pueblocc.edu/NetPriceCalculator/index.htm
Red Rocks Community College,CO,1,Public,18143.0,30743.0,18143.0,,4859.0,17459.0,https://www.rrcc.edu/net_price_calculator/index.html
Regis University,CO,2,Private Non-Profit,54800.0,54800.0,54800.0,,46340.0,46340.0,https://www.regis.edu/financial-aid/types-of-financial-aid/first-year-and-transfer-students/net-price-calculator
Rocky Mountain College of Art and Design,CO,3,Private For-Profit,37505.0,37505.0,37505.0,,20190.0,20190.0,https://www.rmcad.edu/policies-and-guidelines/net-price-calculator/
Montessori Education Center of the Rockies,CO,2,Private Non-Profit,20180.0,20180.0,,20180.0,,,www.mecr.edu/admissions/tuition-and-financial-aid/
Colorado State University Pueblo,CO,1,Public,23937.0,32161.0,23937.0,,9720.0,17944.0,https://www.csupueblo.edu/student-financial-services/net-price-calculator.html
Pickens Technical College,CO,1,Public,12439.0,16549.0,12439.0,,5140.0,9250.0,www.pickenstech.org/net-price-calculator/
Intellitec College-Colorado Springs,CO,3,Private For-Profit,33637.0,33637.0,,33637.0,,,intellitec.edu/wp-content/uploads/Net_Price_Calc_index_COS.html
Intellitec College-Grand Junction,CO,3,Private For-Profit,25537.0,25537.0,,25537.0,,,intellitec.edu/admissions/consumer-information/
Trinidad State College,CO,1,Public,21458.0,24168.0,21458.0,,4608.0,7318.0,https://www.trinidadstate.edu/fia/net_price_calculator/index.html
Empire Beauty School-Thornton,CO,3,Private For-Profit,21857.0,21857.0,,21857.0,,,www.empire.edu/consumer-information/net-price-calculator
Western Colorado University,CO,1,Public,25736.0,38852.0,25736.0,,11318.0,24434.0,https://western.edu/admissions/financial-services/tuition-and-costs/net-price-calculator/
Albertus Magnus College,CT,2,Private Non-Profit,59407.0,59407.0,59407.0,,41908.0,41908.0,https://www.albertus.edu/admission-aid/financial-aid/net-price-calculator.php
Bais Binyomin Academy,NY,2,Private Non-Profit,35950.0,35950.0,35950.0,,9450.0,9450.0,https://baisbinyominacademy.com/links/
University of Bridgeport,CT,2,Private Non-Profit,52957.0,52957.0,52957.0,,35760.0,35760.0,www.bridgeport.edu/cost-financial-aid/net-price-calculator
Central Connecticut State University,CT,1,Public,24870.0,28370.0,24870.0,,13050.0,16550.0,www.ccsu.edu/financial-aid/net-price-calculator
Charter Oak State College,CT,1,Public,23210.0,23210.0,23210.0,,8506.0,8506.0,https://www.charteroak.edu/net-price-calculator
Cortiva Institute,CT,3,Private For-Profit,37553.0,37553.0,,37553.0,,,www.cortiva.edu/consumer-information
Connecticut College,CT,2,Private Non-Profit,84623.0,84623.0,84623.0,,67242.0,67242.0,https://conncoll.studentaidcalculator.com/survey.aspx
Porter & Chester Institute of Hamden,CT,3,Private For-Profit,26042.0,26042.0,26042.0,,14337.0,14337.0,www.porterchester.edu/financial-aid/calculator/
University of Connecticut,CT,1,Public,39426.0,62094.0,39426.0,,21044.0,43712.0,https://financialaid.uconn.edu/pricecalc/
Goodwin University,CT,2,Private Non-Profit,39589.0,39589.0,39589.0,,21198.0,21198.0,www.goodwin.edu/institutional-effectiveness/npcalc/npcalc.htm
Lincoln Technical Institute-East Windsor,CT,3,Private For-Profit,34348.0,34348.0,,34348.0,,,www.lincolntech.edu/net-price-calculator
Eastern Connecticut State University,CT,1,Public,31983.0,35483.0,31983.0,,13928.0,17428.0,https://www.easternct.edu/financial-aid/costs/net-price-calculator.html
Fairfield University,CT,2,Private Non-Profit,76074.0,76074.0,76074.0,,58350.0,58350.0,collegepricecalculator.com/fairfielduniversity
Paul Mitchell the School-North Haven,CT,3,Private For-Profit,32615.0,32615.0,,32615.0,,,https://paulmitchell.edu/northhaven/tuition-calculator
Connecticut State Community College,CT,1,Public,18370.0,28628.0,18370.0,,5338.0,15596.0,ctstate.edu/net-price-calculator
American Institute-West Hartford,CT,3,Private For-Profit,24536.0,24536.0,,24536.0,,,www.americaninstitute.edu/npc/west-hartford.htm
University of Hartford,CT,2,Private Non-Profit,64729.0,64729.0,64729.0,,49075.0,49075.0,https://www.hartford.edu/admission/tuition-fees/tuition-calculator.aspx
Holy Apostles College and Seminary,CT,2,Private Non-Profit,17990.0,17990.0,17990.0,,9580.0,9580.0,https://www.holyapostles.edu/static/npc/npcalc.htm
Mitchell College,CT,2,Private Non-Profit,55621.0,55621.0,55621.0,,40490.0,40490.0,https://npc.collegeboard.org/app/mitchell
Lincoln Technical Institute-New Britain,CT,3,Private For-Profit,38080.0,38080.0,,38080.0,,,www.lincolntech.edu/net-price-calculator
New England Tractor Trailer Training School of Connecticut,CT,3,Private For-Profit,19386.0,19386.0,,19386.0,,,https://nettts.com/price-calculator/
University of New Haven,CT,2,Private Non-Profit,66962.0,66962.0,66962.0,,47332.0,47332.0,https://www.newhaven.edu/admissions/financial-aid/undergraduate/prospective/estimate.php
Porter & Chester Institute,CT,3,Private For-Profit,25892.0,25892.0,25892.0,,14349.0,14349.0,www.porterchester.edu/financial-aid/calculator/
Post University,CT,3,Private For-Profit,28897.0,28897.0,28897.0,,16327.0,16327.0,https://www.post.edu/financial-aid/net-price-calculator
Quinnipiac University,CT,2,Private Non-Profit,72215.0,72215.0,72215.0,,55480.0,55480.0,https://www.qu.edu/paying-for-college/undergraduate/costs-and-budgets/net-price-calculator/
Sacred Heart University,CT,2,Private Non-Profit,69289.0,69289.0,69289.0,,50404.0,50404.0,https://www.sacredheart.edu/admissions--aid/financial-assistance/full-time-undergraduates/net-price-calculator/
University of Saint Joseph,CT,2,Private Non-Profit,59900.0,59900.0,59900.0,,47278.0,47278.0,https://www.usj.edu/admissions/tuition-financial-aid/net-price-calculator/
Southern Connecticut State University,CT,1,Public,29673.0,43613.0,29673.0,,13438.0,27378.0,go.southernct.edu/netpricecalculator/
Trinity College,CT,2,Private Non-Profit,87840.0,87840.0,87840.0,,70770.0,70770.0,https://npc.collegeboard.org/app/trinitycollege
Wesleyan University,CT,2,Private Non-Profit,89020.0,89020.0,89020.0,,70342.0,70342.0,https://www.wesleyan.edu/admission/affordability-and-aid/cost-of-attendance.html#calculators
Western Connecticut State University,CT,1,Public,24877.0,28377.0,24877.0,,13401.0,16901.0,https://www.wcsu.edu/finaid/net-price-calculator/
Yale University,CT,2,Private Non-Profit,88300.0,88300.0,88300.0,,67250.0,67250.0,https://admissions.yale.edu/estimate-your-cost
Dawn Career Institute LLC,DE,3,Private For-Profit,19142.0,19142.0,,19142.0,,,https://www.dawncareerinstitute.edu/Net-Price-Calculator.php
Delaware Technical Community College-Terry,DE,1,Public,17232.0,24095.0,17232.0,,5445.0,12308.0,https://www.dtcc.edu/admissions-financial-aid/tuition-fees/net-price-calculator
Delaware State University,DE,1,Public,27939.0,37903.0,27939.0,,10670.0,20634.0,www.desu.edu/npc
University of Delaware,DE,1,Public,30952.0,55542.0,30952.0,,16810.0,41400.0,www.udel.edu/apply/undergraduate-admissions/financing-your-degree/net-price-calculator/
Goldey-Beacom College,DE,2,Private Non-Profit,26502.0,26502.0,26502.0,,14940.0,14940.0,https://www.gbc.edu/admissions-aid/financial-aid/undergraduate/cost-and-affordability/
Schilling-Douglas School of Hair Design,DE,3,Private For-Profit,23297.0,23297.0,,23297.0,,,schillingdouglas.com/calculator/npcalc.htm
Wilmington University,DE,2,Private Non-Profit,19644.0,19644.0,19644.0,,12630.0,12630.0,https://npc.collegeboard.org/student/app/wilmu
American University,DC,2,Private Non-Profit,76058.0,76058.0,76058.0,,58771.0,58771.0,www.american.edu/financialaid/net-price-calculator-form.cfm
The Catholic University of America,DC,2,Private Non-Profit,75481.0,75481.0,75481.0,,58378.0,58378.0,https://financial-aid.catholic.edu/costs/net-price-calculator.html
University of the District of Columbia,DC,1,Public,20437.0,27289.0,20437.0,,5662.0,12514.0,www.udc.edu/custom/cost_calculator/npcalc.htm
Gallaudet University,DC,2,Private Non-Profit,40374.0,40374.0,40374.0,,19654.0,19654.0,gallaudet.edu/tuition-financial-aid/calculator/
George Washington University,DC,2,Private Non-Profit,83856.0,83856.0,83856.0,,67710.0,67710.0,https://financialaid.gwu.edu/net-price-calculator
Georgetown University,DC,2,Private Non-Profit,88741.0,88741.0,88741.0,,68017.0,68017.0,finaid.georgetown.edu/consumer-info#Net Price
Howard University,DC,2,Private Non-Profit,54630.0,54630.0,54630.0,,35810.0,35810.0,https://www2.howard.edu/student-financial-services/net-price-calculator
Trinity Washington University,DC,2,Private Non-Profit,33903.0,33903.0,33903.0,,26610.0,26610.0,www.trinitydc.edu/enrollment/net-price-calculator/
Atlantic Technical College,FL,1,Public,15131.0,15131.0,,15131.0,,,www.atlantictechnicalcollege.edu/net-price-calculator/
Baptist University of Florida,FL,2,Private Non-Profit,23159.0,23159.0,23159.0,,15000.0,15000.0,www.buf.edu/net-price-calculator
Barry University,FL,2,Private Non-Profit,50778.0,50778.0,50778.0,,34350.0,34350.0,www.barry.edu/netpricecalculator/
Bethune-Cookman University,FL,2,Private Non-Profit,29764.0,29764.0,29764.0,,14794.0,14794.0,https://nces.ed.gov/ipeds/netpricecalculator/
Lynn University,FL,2,Private Non-Profit,67880.0,67880.0,67880.0,,44480.0,44480.0,https://lynn.aidcalculator.com/calculator
North Florida Technical College,FL,1,Public,7232.0,7232.0,,7232.0,,,nftc.edu/npc/
Eastern Florida State College,FL,1,Public,11966.0,19209.0,11966.0,,2496.0,9739.0,https://www.easternflorida.edu/financial-aid/net-price-calculator.php
Broward College,FL,1,Public,21947.0,28069.0,21947.0,,2830.0,8952.0,www.broward.edu/admissions/tuition-costs/net-price-calculator.html
Albizu University-Miami,FL,2,Private Non-Profit,28344.0,28344.0,28344.0,,13818.0,13818.0,https://www.albizu.edu/wp-content/uploads/netpricecalculator/miami/npcalc.htm
College of Central Florida,FL,1,Public,18424.0,26231.0,18424.0,,2710.0,10517.0,https://www.cf.edu/NPC
University of Central Florida,FL,1,Public,23133.0,39232.0,23133.0,,6368.0,22467.0,https://finaid.ucf.edu/net-price-calculator/
Charlotte Technical College,FL,1,Public,13272.0,22272.0,13272.0,,3110.0,12110.0,https://ctc.yourcharlotteschools.net/73366_3
Chipola College,FL,1,Public,9262.0,15092.0,9262.0,,3120.0,8950.0,https://www.chipola.edu/admissions/financial-aid/net-price-calculator/
Lorenzo Walker Technical College,FL,1,Public,14698.0,14698.0,,14698.0,,,www.lwtc.edu/net-price-calculator/
Daytona State College,FL,1,Public,12050.0,20938.0,12050.0,,3106.0,11994.0,www.daytonastate.edu/financial-aid/costs.html
South University-West Palm Beach,FL,3,Private For-Profit,29798.0,29798.0,29798.0,,18145.0,18145.0,www.southuniversity.edu/west-palm-beach/net-price-calculator
Eckerd College,FL,2,Private Non-Profit,68944.0,68944.0,68944.0,,51884.0,51884.0,https://www.eckerd.edu/admissions/net-price-calculator/
Florida SouthWestern State College,FL,1,Public,14254.0,23832.0,14254.0,,3401.0,12979.0,www.fsw.edu/financialaid/netprice
Edward Waters University,FL,2,Private Non-Profit,26617.0,26617.0,26617.0,,16366.0,16366.0,https://www.ew.edu/financial-aid/
Embry-Riddle Aeronautical University-Daytona Beach,FL,2,Private Non-Profit,64632.0,64632.0,64632.0,,44249.0,44249.0,daytonabeach.erau.edu/financial-aid/net-price-calculator
Florida Agricultural and Mechanical University,FL,1,Public,23970.0,35910.0,23970.0,,5785.0,17725.0,https://www.collegeraptor.com/shopping/school/florida-agricultural-and-mechanical-university-fl--133650
Florida Atlantic University,FL,1,Public,21522.0,33967.0,21522.0,,4879.0,17324.0,www.fau.edu/finaid/other/cost-of-attendance/
Florida State College at Jacksonville,FL,1,Public,9323.0,16437.0,9323.0,,2878.0,9992.0,www.fscj.edu/admissions-aid/financial-aid/applying-for-aid/net-price-calculator
Flagler College,FL,2,Private Non-Profit,45744.0,45744.0,45744.0,,29900.0,29900.0,https://www.flagler.edu/admissions--aid/tuition--fees/net-price-calculator/
Florida College,FL,2,Private Non-Profit,34870.0,34870.0,34870.0,,20360.0,20360.0,www.floridacollege.edu/admissions/financial-aid/net-price-calculator
Concorde Career Institute-Jacksonville,FL,3,Private For-Profit,31400.0,31400.0,,31400.0,,,https://enroll.myconcorde.edu/npc
Concorde Career Institute-Miramar,FL,3,Private For-Profit,32588.0,32588.0,,32588.0,,,https://enroll.myconcorde.edu/npc
Concorde Career Institute-Tampa,FL,3,Private For-Profit,31490.0,31490.0,,31490.0,,,https://enroll.myconcorde.edu/npc
AdventHealth University,FL,2,Private Non-Profit,38408.0,38408.0,38408.0,,21420.0,21420.0,npc.rewiretech.com/app/ahu
Florida Institute of Technology,FL,2,Private Non-Profit,62440.0,62440.0,62440.0,,45900.0,45900.0,https://www.fit.edu/financialaid/estimating-your-expenses/net-price-calculator/
Florida International University,FL,1,Public,21462.0,33861.0,21462.0,,6565.0,18964.0,tcc.ruffalonl.com/florida international university/freshman-students
The College of the Florida Keys,FL,1,Public,19667.0,29553.0,19667.0,,3276.0,13162.0,https://www.cfk.edu/paying-for-college/financial-aid/
Florida Memorial University,FL,2,Private Non-Profit,35809.0,35809.0,35809.0,,20174.0,20174.0,www.fmuniv.edu/admissions/financial-aid/tuition-and-fees/
Florida School of Massage,FL,3,Private For-Profit,23387.0,23387.0,,23387.0,,,floridaschoolofmassage.com/npcalc.htm
Florida Southern College,FL,2,Private Non-Profit,60768.0,60768.0,60768.0,,44040.0,44040.0,https://www.flsouthern.edu/admissions/undergraduate/undergraduate-financial-aid/undergraduate-net-price-calculator
Florida State University,FL,1,Public,25720.0,38850.0,25720.0,,5656.0,18786.0,https://financialaid.fsu.edu/cost
University of Florida,FL,1,Public,22523.0,44801.0,22523.0,,6381.0,28659.0,https://npc.collegeboard.org/app/ufl
Fort Pierce Beauty Academy,FL,3,Private For-Profit,26676.0,26676.0,,26676.0,,,www.fpbeauty.com/wp-content/uploads/2019/12/index.html
Full Sail University,FL,3,Private For-Profit,47530.0,47530.0,47530.0,,26906.0,26906.0,https://fullsail.studentaidcalculator.com/survey.aspx
George T Baker Aviation Technical College,FL,1,Public,9499.0,9499.0,,9499.0,,,https://bakeraviationtechcollege.com/net-price-calculator/npcalc.htm
Gulf Coast State College,FL,1,Public,14657.0,20922.0,14657.0,,2370.0,8635.0,https://www.gulfcoast.edu/tuition-aid/financial-aid/net-price-calculator/index.html
Hillsborough College,FL,1,Public,9924.0,16529.0,9924.0,,2506.0,9111.0,https://www.hccfl.edu/net-price-calculator
Hobe Sound Bible College,FL,2,Private Non-Profit,18838.0,18838.0,18838.0,,9068.0,9068.0,https://hsbc.edu/finances/tuition-calculator/
Hollywood Institute of Beauty Careers,FL,3,Private For-Profit,23901.0,23901.0,,23901.0,,,https://www.hi.edu/disclosures/
Cortiva Institute,FL,3,Private For-Profit,28409.0,28409.0,,28409.0,,,www.cortiva.edu/consumer-information
Indian River State College,FL,1,Public,11576.0,19013.0,11576.0,,2764.0,10201.0,https://irsc.edu/admissions/financial-assistance/net-price-calculator/
International Academy,FL,3,Private For-Profit,25223.0,25223.0,,25223.0,,,iahd.net/financial-aid/
Jacksonville University,FL,2,Private Non-Profit,63969.0,63969.0,63969.0,,47830.0,47830.0,https://ju.studentaidcalculator.com/survey.aspx
Keiser University-Ft Lauderdale,FL,2,Private Non-Profit,43251.0,43251.0,43251.0,,25056.0,25056.0,enroll.keiseruniversity.edu/npc
Florida Gateway College,FL,1,Public,14388.0,23035.0,14388.0,,3100.0,11747.0,https://www.fgc.edu/about-fgc/consumer-information/index.html
Lake Technical College,FL,1,Public,25443.0,25443.0,,25443.0,,,www.laketech.org/NetPriceCalculator/npcalc.htm
Lake-Sumter State College,FL,1,Public,12626.0,22610.0,12626.0,,3292.0,13276.0,https://www.lssc.edu/dept/financial-aid/resources/net-price-calculator/
Lively Technical College,FL,1,Public,15490.0,15490.0,,15490.0,,,www.livelytech.com/calculator/index.html
Lindsey Hopkins Technical College,FL,1,Public,9855.0,9855.0,,9855.0,,,www.lindseyhopkins.edu/?s=net+price+calculator
Loraines Academy & Spa,FL,3,Private For-Profit,19792.0,19792.0,,19792.0,,,www.lorainesacademy.edu/net_price_calculator/npcalc.htm
Luther Rice College & Seminary,GA,2,Private Non-Profit,31680.0,31680.0,31680.0,,11320.0,11320.0,www.lutherrice.edu/tuition-and-aid/financial-aid-calculators.cms
State College of Florida-Manatee-Sarasota,FL,1,Public,28709.0,37230.0,28709.0,,3074.0,11595.0,www.scf.edu/wp-content/npc.html
Manatee Technical College,FL,1,Public,4193.0,4193.0,,4193.0,,,https://www.manateetech.edu/admissions/net-price-calculator/
Merryfield Academy,FL,3,Private For-Profit,13455.0,13455.0,,13455.0,,,https://www.merryfield.edu/net-price-calculator/
Miami Lakes Educational Center and Technical College,FL,1,Public,9085.0,9085.0,,9085.0,,,miamilakes.edu/wp-content/uploads/2019/10/index.html
Miami Dade College,FL,1,Public,13567.0,20390.0,13567.0,,2838.0,9661.0,www.mdc.edu/netpricecalculator/npcalc.htm
University of Miami,FL,2,Private Non-Profit,86078.0,86078.0,86078.0,,62616.0,62616.0,https://npc.collegeboard.org/app/miami
Orange Technical College-South Campus,FL,1,Public,14209.0,14209.0,,14209.0,,,https://www.orangetechcollege.net/
Paul Mitchell the School-Jacksonville,FL,3,Private For-Profit,25255.0,25255.0,,25255.0,,,paulmitchell.edu/jacksonville/tuition-calculator
North Florida College,FL,1,Public,9265.0,17611.0,9265.0,,3054.0,11400.0,https://www.nfc.edu/admissions/paying-for-college/
University of North Florida,FL,1,Public,20983.0,35387.0,20983.0,,6389.0,20793.0,https://www.unf.edu/financialaid/calculator.html
Nova Southeastern University,FL,2,Private Non-Profit,56692.0,56692.0,56692.0,,38700.0,38700.0,https://www.nova.edu/npc/index.html
Northwest Florida State College,FL,1,Public,12914.0,20943.0,12914.0,,2583.0,10612.0,https://www.nwfsc.edu/students/financialaid/net-price-calculator/
Orange Technical College,FL,1,Public,13740.0,13740.0,,13740.0,,,https://www.orangetechcollege.net/158267_3
Palm Beach Atlantic University,FL,2,Private Non-Profit,53827.0,53827.0,53827.0,,40650.0,40650.0,https://www.pba.edu/financial-aid/tuition-fees/net-price-calculator/index.html
Palm Beach State College,FL,1,Public,16830.0,24690.0,16830.0,,3050.0,10910.0,https://smarternpc.com/widget/62e2e49049af7
Pasco-Hernando State College,FL,1,Public,11730.0,20607.0,11730.0,,3155.0,12032.0,https://cpnta.phsc.edu/csrs/hlp/netpricecalc/npcalc.htm
Pensacola State College,FL,1,Public,11894.0,18993.0,11894.0,,2361.0,9460.0,www.pensacolastate.edu/financialaid/netpricecalc/npcalc.htm
Pinellas Technical College-Clearwater,FL,1,Public,26909.0,26909.0,,26909.0,,,https://www.pcsb.org/cms/lib/FL01903687/Centricity/domain/134/netprice/index.html
Polk State College,FL,1,Public,13451.0,20574.0,13451.0,,2694.0,9817.0,https://www.polk.edu/NetPriceCalculator/npcalc.htm
Radford M Locklin Technical College,FL,1,Public,9088.0,9088.0,,9088.0,,,https://core-docs.s3.us-east-1.amazonaws.com/documents/asset/uploaded_file/5224/locklintech/5588581/net_price_calculator.html
Ridge Technical College,FL,1,Public,27493.0,34093.0,27493.0,,3930.0,10530.0,https://www.ridge.edu/
Ringling College of Art and Design,FL,2,Private Non-Profit,80276.0,80276.0,80276.0,,57900.0,57900.0,https://npc.collegeboard.org/student/app/ringling
Robert Morgan Educational Center and Technical College,FL,1,Public,14951.0,14951.0,,14951.0,,,https://www.robertmorgantech.edu/wp-content/uploads/2024/07/RBT.html
Rollins College,FL,2,Private Non-Profit,76108.0,76108.0,76108.0,,60580.0,60580.0,www.rollins.edu/scholarships-aid/net-price-calculator/
First Coast Technical College,FL,1,Public,14288.0,14288.0,,14288.0,,,fctc.edu/consumer-information/net-price-calculator/
Saint Leo University,FL,2,Private Non-Profit,45264.0,45264.0,45264.0,,30000.0,30000.0,https://www.saintleo.edu/net-price-calculator
St Petersburg College,FL,1,Public,12885.0,19489.0,12885.0,,2682.0,9286.0,www.spcollege.edu/financial-aid/tuition-and-fees/net-price-calculator-for-college
Pinellas Technical College-St. Petersburg,FL,1,Public,30586.0,30586.0,,30586.0,,,www.pcsb.org/cms/lib/FL01903687/Centricity/domain/134/netprice/index.html
Santa Fe College,FL,1,Public,14165.0,20791.0,14165.0,,2563.0,9189.0,https://www.sfcollege.edu/fa/get/net-price-calculator.html
Suncoast Technical College,FL,1,Public,24456.0,24456.0,,24456.0,,,https://www.sarasotacountyschools.net/o/stcsmc/page/net-price-calculator
Seminole State College of Florida,FL,1,Public,14281.0,22606.0,14281.0,,3122.0,11447.0,https://www.seminolestate.edu/financial-aid/resources/cost-estimator
Sheridan Technical College,FL,1,Public,12784.0,12784.0,,12784.0,,,www.sheridantechnicalcollege.edu/net-price-calculator/
Saint Johns River State College,FL,1,Public,12906.0,19650.0,12906.0,,2591.0,9335.0,www.sjrstate.edu/netprice.html
South Florida State College,FL,1,Public,10169.0,18863.0,10169.0,,3165.0,11859.0,www.southflorida.edu/current-students/financial-aid-scholarships/net-price-calculator
University of South Florida,FL,1,Public,22859.0,33773.0,22859.0,,6410.0,17324.0,https://tup-ofa.forest.usf.edu/npc
St. Thomas University,FL,2,Private Non-Profit,51205.0,51205.0,51205.0,,34770.0,34770.0,https://www.stu.edu/financial-aid/net-price-calculators/
Stetson University,FL,2,Private Non-Profit,72533.0,72533.0,72533.0,,57410.0,57410.0,https://www.stetson.edu/administration/financial-aid/net-price-calculator.php
Southeastern University,FL,2,Private Non-Profit,49329.0,49329.0,49329.0,,32950.0,32950.0,https://www.seu.edu/admission/financial/cost-calculator/
Bene's Career Academy,FL,3,Private For-Profit,28524.0,28524.0,,28524.0,,,www.netprice.benes.edu/npcalc.htm
Riveroak Technical College,FL,1,Public,17285.0,17285.0,,17285.0,,,rtc.suwannee.k12.fl.us/o/rtc/page/financial-aid
Tallahassee State College,FL,1,Public,13378.0,19414.0,13378.0,,2026.0,8062.0,www.tsc.fl.edu/admissions/financial-aid/students/net-price-calculator/?gad_source=1&gclid=CjwKCAjw2dG1BhB4EiwA998cqL6RPd3k0KYQUeY_FmDRi7XhGtAxBL6M8FbsxeGKLoGa9Nzh6EvGjRoCBnAQAvD_BwE
Talmudic College of Florida,FL,2,Private Non-Profit,33000.0,33000.0,33000.0,,16750.0,16750.0,www.talmudicu.edu/net-price-calculator/
The University of Tampa,FL,2,Private Non-Profit,51614.0,51614.0,51614.0,,34408.0,34408.0,https://www.ut.edu/admissions/financial-aid/net-price-calculator
Big Bend Technical College,FL,1,Public,12695.0,12695.0,,12695.0,,,https://www.bbtc.edu/storage/npcalc/npcalc.html
Tom P. Haney Technical College,FL,1,Public,17069.0,17069.0,,17069.0,,,https://sites.google.com/bay.k12.fl.us/haney-technical-college-npc/home
Trinity College of Jacksonville,FL,2,Private Non-Profit,26995.0,26995.0,26995.0,,15100.0,15100.0,media.tcj.edu/netpricecalculatord/npcalc.htm
Trinity College of Florida,FL,2,Private Non-Profit,24904.0,24904.0,24904.0,,16300.0,16300.0,www.trinitycollege.edu/npc/
Valencia College,FL,1,Public,18529.0,25441.0,18529.0,,2664.0,9576.0,valenciacollege.edu/finaid/net-price-calculator/
Warner University,FL,2,Private Non-Profit,41044.0,41044.0,41044.0,,29992.0,29992.0,https://warner.edu/student-finances/net-price-calculator//
Florida Panhandle Technical College,FL,1,Public,9702.0,9702.0,,9702.0,,,www.fptc.edu/admissions
Webber International University,FL,2,Private Non-Profit,50989.0,50989.0,50989.0,,33770.0,33770.0,https://npc.collegeboard.org/student/app/webber
Rasmussen University-Florida,FL,3,Private For-Profit,28346.0,28346.0,28346.0,,15314.0,15314.0,https://npc.collegeboard.org/app/rasmussen
University of West Florida,FL,1,Public,19947.0,32828.0,19947.0,,6360.0,19241.0,uwf.edu/offices/financial-aid/cost-of-attendance/true-cost-calculator/
Orange Technical College-West Campus,FL,1,Public,18009.0,18009.0,,18009.0,,,https://www.orangetechcollege.net/158267_3
William T McFatter Technical College,FL,1,Public,17061.0,17061.0,,17061.0,,,www.mcfattertechnicalcollege.edu/net-price-calculator/
Orange Technical College-East Campus,FL,1,Public,15447.0,15447.0,,15447.0,,,https://www.orangetechcollege.net/cms/one.aspx?portalId=87003&pageId=1180959
Withlacoochee Technical College,FL,1,Public,12540.0,12540.0,,12540.0,,,https://wtc.citrusschools.org/296909_2
Abraham Baldwin Agricultural College,GA,1,Public,13956.0,21276.0,13956.0,,3268.0,10588.0,https://tools.abac.edu/npc
Agnes Scott College,GA,2,Private Non-Profit,63283.0,63283.0,63283.0,,50604.0,50604.0,https://www.collegeraptor.com/shopping/school/agnes-scott-college-ga--138600
Interactive College of Technology-Chamblee,GA,3,Private For-Profit,22064.0,22064.0,22064.0,,11330.0,11330.0,www.ict.edu/admissions/price-calculator/npc-ga/
Interactive College of Technology-Morrow,GA,3,Private For-Profit,22961.0,22961.0,22961.0,,11210.0,11210.0,www.ict.edu/admissions/price-calculator/npc-ga/
Albany Technical College,GA,1,Public,14101.0,16669.0,14101.0,,3364.0,5932.0,https://www.albanytech.edu/uploads/files/29/1b/291bacf5baf6f6cc54480038eb27c9c2.html
Albany State University,GA,1,Public,19333.0,30685.0,19333.0,,5656.0,17008.0,https://www.asurams.edu/enrollment-management/financial-aid/netpricecalculator.php
Andrew College,GA,2,Private Non-Profit,37612.0,37612.0,37612.0,,19604.0,19604.0,https://www.andrewcollege.edu/net-price-calculator/
Georgia Career Institute,GA,3,Private For-Profit,19399.0,19399.0,,19399.0,,,https://www.gci.edu/financial-aid
Atlanta Technical College,GA,1,Public,9197.0,11765.0,9197.0,,3382.0,5950.0,https://atlantatech.edu/wp-content/uploads/nET-PRICE-cAL.html
Point University,GA,2,Private Non-Profit,33564.0,33564.0,33564.0,,24000.0,24000.0,point.studentaidcalculator.com/survey.aspx
Atlanta Metropolitan State College,GA,1,Public,11740.0,18892.0,11740.0,,3248.0,10400.0,https://www.atlm.edu/students/net-price-calculator/index.html
Clark Atlanta University,GA,2,Private Non-Profit,43676.0,43676.0,43676.0,,28310.0,28310.0,https://cau.clearcostcalculator.com/student/default/netpricecalculator/survey
Augusta Technical College,GA,1,Public,19254.0,22464.0,19254.0,,4282.0,7492.0,https://www.augustatech.edu/netpricecalculator/index.html
Berry College,GA,2,Private Non-Profit,56697.0,56697.0,56697.0,,41686.0,41686.0,https://www.berry.edu/npc
Brenau University,GA,2,Private Non-Profit,46010.0,46010.0,46010.0,,34027.0,34027.0,https://tcc.ruffalonl.com/brenau university/freshman-students
Brewton-Parker Christian University,GA,2,Private Non-Profit,38918.0,38918.0,38918.0,,20120.0,20120.0,https://www.bpc.edu/admissions-aid/finances/net-price-calculator/
College of Coastal Georgia,GA,1,Public,21924.0,29244.0,21924.0,,3616.0,10936.0,https://npc.ccga.edu/npc.html
West Georgia Technical College,GA,1,Public,11209.0,13777.0,11209.0,,3410.0,5978.0,https://www.westgatech.edu/admissions/getting-started/net-price-calculator/
Clayton  State University,GA,1,Public,17415.0,28767.0,17415.0,,5180.0,16532.0,www.clayton.edu/financial-aid/docs/net-price-calculator-2023.html
Columbus Technical College,GA,1,Public,13144.0,16354.0,13144.0,,4052.0,7262.0,www.columbustech.edu/students/student-right-to-know/
Columbus State University,GA,1,Public,21676.0,33388.0,21676.0,,5898.0,17610.0,https://columbusstate.edu/financial-aid/net-price.php
Georgia Northwestern Technical College,GA,1,Public,15096.0,17664.0,15096.0,,3300.0,5868.0,www.gntc.edu/npcalc/npcalc.htm
Covenant College,GA,2,Private Non-Profit,57467.0,57467.0,57467.0,,42040.0,42040.0,https://portal.covenant.edu/forms/index/Net_Price_Calculator
Dalton State College,GA,1,Public,12719.0,20039.0,12719.0,,3336.0,10656.0,https://www.daltonstate.edu/admissions/financial-aid/net-price-calculator/
Pro Way Hair School,GA,3,Private For-Profit,21516.0,21516.0,,21516.0,,,www.prowayhairschool.com/consumer-disclosures/
South University-Savannah,GA,3,Private For-Profit,36577.0,36577.0,36577.0,,18145.0,18145.0,www.southuniversity.edu/savannah/net-price-calculator
East Georgia State College,GA,1,Public,15966.0,22926.0,15966.0,,2900.0,9860.0,https://www.ega.edu/netprice/index.html
Emmanuel University,GA,2,Private Non-Profit,37604.0,37604.0,37604.0,,25500.0,25500.0,eu.edu/admissions/aid/calculator/
Emory University,GA,2,Private Non-Profit,83622.0,83622.0,83622.0,,64280.0,64280.0,https://npc.collegeboard.org/app/emory
Georgia Highlands College,GA,1,Public,13389.0,20349.0,13389.0,,3120.0,10080.0,sites.highlands.edu/office-of-finance-and-administration/business-office/bursars-office-student-accounts/net-price-calculator/
Fort Valley State University,GA,1,Public,19879.0,31285.0,19879.0,,5526.0,16932.0,www.fvsu.edu/financialaid
Georgia Institute of Technology-Main Campus,GA,1,Public,28167.0,50593.0,28167.0,,12058.0,34484.0,https://admission.gatech.edu/npc_2024/
Georgia Southwestern State University,GA,1,Public,20484.0,31836.0,20484.0,,5220.0,16572.0,https://gsw.edu/financial-aid/files/netpricecalc2023
Georgia College & State University,GA,1,Public,30258.0,50584.0,30258.0,,9186.0,29512.0,irout.gcsu.edu/cc/
Georgia Southern University,GA,1,Public,24430.0,36142.0,24430.0,,6022.0,17734.0,georgiasouthern.clearcostcalculator.com/student/default/netpricecalculator/survey
Georgia State University,GA,1,Public,28241.0,44417.0,28241.0,,8664.0,24840.0,admissions.gsu.edu/cost-calculator/
University of Georgia,GA,1,Public,27993.0,48231.0,27993.0,,11450.0,31688.0,https://osfa.uga.edu/sites/default/files/npcalc.htm
Gordon State College,GA,1,Public,14771.0,22091.0,14771.0,,3628.0,10948.0,https://www.gordonstate.edu/netpricecalculator/
Southern Crescent Technical College,GA,1,Public,16430.0,18998.0,16430.0,,3516.0,6084.0,www.sctech.edu/npc/npcalc.htm
Gupton Jones College of Funeral Service,GA,2,Private Non-Profit,31921.0,31921.0,31921.0,,20950.0,20950.0,www.gupton-jones.edu/admissions/general-info
Gwinnett College-Lilburn,GA,3,Private For-Profit,37077.0,37077.0,37077.0,,11300.0,11300.0,www.gwinnettcollege.edu/title-ix-disclosures/
Gwinnett Technical College,GA,1,Public,15322.0,17890.0,15322.0,,3524.0,6092.0,https://www.gwinnetttech.edu/about/oire/net-price-calculator/
LaGrange College,GA,2,Private Non-Profit,49681.0,49681.0,49681.0,,35400.0,35400.0,https://www.lagrange.edu/ADMISSIONS/cost-and-aid/net-price-calculator.html
Lanier Technical College,GA,1,Public,15935.0,19145.0,15935.0,,3980.0,7190.0,https://laniertech.smartcatalogiq.com/en/2025-2026/catalog/financial-aid-information/net-price-calculator
Life University,GA,2,Private Non-Profit,41295.0,41295.0,41295.0,,15036.0,15036.0,www.life.edu/admissions-pages/cost-of-attendance/
Chattahoochee Technical College,GA,1,Public,12532.0,15100.0,12532.0,,3540.0,6108.0,https://www.chattahoocheetech.edu/NetPrice/
Herzing University-Atlanta,GA,2,Private Non-Profit,27007.0,27007.0,27007.0,,13450.0,13450.0,https://www.herzing.edu/tuition-financial-aid/net-price-calculator
Mercer University,GA,2,Private Non-Profit,58204.0,58204.0,58204.0,,42312.0,42312.0,https://mercer.studentaidcalculator.com/survey.aspx
Morehouse College,GA,2,Private Non-Profit,51433.0,51433.0,51433.0,,32893.0,32893.0,https://morehouse.clearcostcalculator.com/student/default/netpricecalculator/survey
Morris Brown College,GA,2,Private Non-Profit,31968.0,31968.0,31968.0,,9558.0,9558.0,https://morrisbrown.edu/financial-aid/
North Georgia Technical College,GA,1,Public,13085.0,15653.0,13085.0,,3330.0,5898.0,https://intranet.northgatech.edu/financial-aid/net-price-calculator
Oglethorpe University,GA,2,Private Non-Profit,60581.0,60581.0,60581.0,,47590.0,47590.0,https://oglethorpe.edu/admission/cost-calculator/
Paine College,GA,2,Private Non-Profit,27431.0,27431.0,27431.0,,14596.0,14596.0,https://www.collegeraptor.com/Shopping/School/Paine-College-GA--140720
Piedmont University,GA,2,Private Non-Profit,46801.0,46801.0,46801.0,,31700.0,31700.0,https://www.piedmont.edu/admission-aid/financial-aid/net-price-calculator
Miami Ad School-Atlanta,GA,3,Private For-Profit,61886.0,61886.0,61886.0,,19400.0,19400.0,https://solutions.campusivy.com/Apps/NPC/NPCWizard?institutionId=49200
Reinhardt University,GA,2,Private Non-Profit,46386.0,46386.0,46386.0,,30074.0,30074.0,https://www.reinhardt.edu/admissions-aid/tuition-and-fees/net-price-calculator/
Savannah Technical College,GA,1,Public,15431.0,17999.0,15431.0,,3330.0,5898.0,www.savannahtech.edu/financial-aid/net-price-calculator/
Savannah College of Art and Design,GA,2,Private Non-Profit,63627.0,63627.0,63627.0,,41630.0,41630.0,www.scad.edu/admission/financial-aid-and-scholarships/financial-aid/budget-planning-guide/net-price-calculator
Savannah State University,GA,1,Public,17191.0,30484.0,17191.0,,5750.0,19043.0,https://simba.savannahstate.edu/students/netpricecalculator/
Shorter University,GA,2,Private Non-Profit,35726.0,35726.0,35726.0,,24630.0,24630.0,https://www.shoppingsheet.com/Shopping/Landing/shorter
South Georgia Technical College,GA,1,Public,14281.0,17491.0,14281.0,,3992.0,7202.0,www.southgatech.edu/admissions/financial-aid/net-price-calculator/
Spelman College,GA,2,Private Non-Profit,50952.0,50952.0,50952.0,,31556.0,31556.0,https://www.spelman.edu/financial-aid/net-price-calculator.html
Thomas University,GA,2,Private Non-Profit,23079.0,23079.0,23079.0,,11640.0,11640.0,https://www.thomasu.edu/
Toccoa Falls College,GA,2,Private Non-Profit,37561.0,37561.0,37561.0,,23950.0,23950.0,https://tfc.edu/admissions/financial-aid/net-price-calculator/
Truett McConnell University,GA,2,Private Non-Profit,39152.0,39152.0,39152.0,,26792.0,26792.0,https://tcc.ruffalonl.com/truett mcconnell university/net price calculator
Wiregrass Georgia Technical College,GA,1,Public,11034.0,13602.0,11034.0,,3480.0,6048.0,www.wiregrass.edu/financial-aid/net-price-calculator
Valdosta State University,GA,1,Public,20801.0,32513.0,20801.0,,6124.0,17836.0,www.valdosta.edu/administration/finance-admin/financial-services/students/net-price-calculator.php
Wesleyan College,GA,2,Private Non-Profit,40721.0,40721.0,40721.0,,27650.0,27650.0,https://wesportal.wesleyancollege.edu/ics/net_price_calculator/
University of West Georgia,GA,1,Public,21981.0,33693.0,21981.0,,6088.0,17800.0,https://www.westga.edu/student-services/financialaid/npcalc.html
Young Harris College,GA,2,Private Non-Profit,48301.0,48301.0,48301.0,,32305.0,32305.0,npc.collegeboard.org/app/yhc
Chaminade University of Honolulu,HI,2,Private Non-Profit,45798.0,45798.0,45798.0,,30874.0,30874.0,https://chaminade.studentaidcalculator.com/survey.aspx
University of Hawaii at Hilo,HI,1,Public,21173.0,34133.0,21173.0,,7838.0,20798.0,https://hilo.hawaii.edu/financialaid/netprice/
University of Hawaii at Manoa,HI,1,Public,26433.0,48465.0,26433.0,,12186.0,34218.0,https://manoa.hawaii.edu/fas/basics/npcalc.htm
Hawaii Institute of Hair Design,HI,3,Private For-Profit,27127.0,27127.0,,27127.0,,,https://www.hihd.edu/net-price-calculator/
Hawaii Pacific University,HI,2,Private Non-Profit,50674.0,50674.0,50674.0,,34392.0,34392.0,https://www.hpu.edu/financial-aid/netprice-calc.html
Honolulu Community College,HI,1,Public,13151.0,18287.0,13151.0,,3174.0,8310.0,https://www.honolulu.hawaii.edu/downloads/web/paying-for-college/npcalc.htm
Kapiolani Community College,HI,1,Public,11992.0,17128.0,11992.0,,3284.0,8420.0,https://www.kapiolani.hawaii.edu/pay-for-college/cost-of-attendance/net-price-calculator/
Kauai Community College,HI,1,Public,18742.0,23878.0,18742.0,,3252.0,8388.0,https://app.meadowfi.com/kauai.hawaii
Leeward Community College,HI,1,Public,12507.0,17643.0,12507.0,,3214.0,8350.0,www.leeward.hawaii.edu/files/netpricecalculator/
University of Hawaii Maui College,HI,1,Public,14937.0,20073.0,14937.0,,3284.0,8420.0,maui.hawaii.edu/netpricecalculator/
University of Hawaii-West Oahu,HI,1,Public,18410.0,31370.0,18410.0,,7584.0,20544.0,https://westoahu.hawaii.edu/financial-aid/net-price-calculator/
Windward Community College,HI,1,Public,15522.0,20658.0,15522.0,,3194.0,8330.0,https://windward.hawaii.edu/paying-for-college/financial-aid/net-price-calculator/
Boise Bible College,ID,2,Private Non-Profit,23301.0,23301.0,23301.0,,11802.0,11802.0,https://www.boisebible.edu/net-price-calculator
Boise State University,ID,1,Public,28224.0,46964.0,28224.0,,9048.0,27788.0,https://fs.boisestate.edu/financialaid/net+price+calculator.html
College of Eastern Idaho,ID,1,Public,13947.0,17307.0,13947.0,,3390.0,6750.0,www.cei.edu/npcalc/index.html
Idaho State University,ID,1,Public,21527.0,40637.0,21527.0,,8610.0,27720.0,https://www.isu.edu/financialaid/consumer-information/net-price-calculator/
University of Idaho,ID,1,Public,23738.0,42974.0,23738.0,,9084.0,28320.0,www.uidaho.edu/financial-aid/cost-of-attendance
The College of Idaho,ID,2,Private Non-Profit,50542.0,50542.0,50542.0,,37845.0,37845.0,https://www.collegeofidaho.edu/admission-aid/cost/net-price-calculator
Lewis-Clark State College,ID,1,Public,21925.0,36343.0,21925.0,,7610.0,22028.0,https://app.meadowfi.com/lcsc
Aveda Institute-Twin Falls,ID,3,Private For-Profit,27291.0,27291.0,,27291.0,,,www.avedaidaho.com/#!net-price-calculator/ccxs
North Idaho College,ID,1,Public,18333.0,23673.0,18333.0,,3396.0,8736.0,https://www.nic.edu/financialaid/your-right-to-know/net-price-calculator/
Northwest Nazarene University,ID,2,Private Non-Profit,55163.0,55163.0,55163.0,,40794.0,40794.0,https://tcc.ruffalonl.com/northwest nazarene university/freshman students
Nathan Layne Institute of Cosmetology,ID,3,Private For-Profit,23787.0,23787.0,,23787.0,,,https://www.nathanlayneinstitute.com/NLI_NetPrice/index.html
Brigham Young University-Idaho,ID,2,Private Non-Profit,15246.0,15246.0,15246.0,,4800.0,4800.0,https://www.byui.edu/financial-aid/net-price-calculator
College of Southern Idaho,ID,1,Public,12803.0,16283.0,12803.0,,3360.0,6840.0,https://csi.clearcostcalculator.com/student/default/netpricecalculator/survey
School of the Art Institute of Chicago,IL,2,Private Non-Profit,75625.0,75625.0,75625.0,,56420.0,56420.0,https://www.shoppingsheet.com/shopping/landing/143048
Augustana College,IL,2,Private Non-Profit,63553.0,63553.0,63553.0,,51598.0,51598.0,https://tcc.noellevitz.com/(S(2tzw1svr3ikxoegcvlbpwpef))/Augustana College/Freshman Students
Aurora University,IL,2,Private Non-Profit,40625.0,40625.0,40625.0,,29170.0,29170.0,https://aurora.edu/admission/financialaid/calculator
Southwestern Illinois College,IL,1,Public,16249.0,19009.0,16249.0,,3960.0,6720.0,https://www.swic.edu/students/services/financial-aid/net-price-calculator/
Black Hawk College,IL,1,Public,12291.0,15471.0,12291.0,,4920.0,8100.0,www.bhc.edu/paying-for-college/tuition-and-payments/
Blackburn College,IL,2,Private Non-Profit,37916.0,37916.0,37916.0,,28149.0,28149.0,https://blackburn.edu/admissions-aid/financial-aid/net-price-calculator/
Bradley University,IL,2,Private Non-Profit,54730.0,54730.0,54730.0,,42160.0,42160.0,https://admissions.bradley.edu/ssl/estimator
Paul Mitchell the School-Tinley Park,IL,3,Private For-Profit,26892.0,26892.0,,26892.0,,,https://paulmitchell.edu/tinleypark/tuition-calculator
Cameo Beauty Academy,IL,3,Private For-Profit,19983.0,19983.0,,19983.0,,,https://www.cameobeautyacademy.com/admission/net-price-calculator/
Cannella School of Hair Design-Villa Park,IL,3,Private For-Profit,15532.0,15532.0,,15532.0,,,cannellaschool.com/disclosures/
Cannella School of Hair Design-Chicago,IL,3,Private For-Profit,16248.0,16248.0,,16248.0,,,cannellaschool.com/disclosures/
Capri Beauty College,IL,3,Private For-Profit,17723.0,17723.0,,17723.0,,,https://capri.edu/education/cosmetology-program/
Carl Sandburg College,IL,1,Public,11563.0,15073.0,11563.0,,5390.0,8900.0,apps.sandburg.edu/netpricecalculator/index.html
Chicago State University,IL,1,Public,29764.0,29764.0,29764.0,,12754.0,12754.0,www.csu.edu/financialaid/netpricecalculator.htm
University of Chicago,IL,2,Private Non-Profit,90360.0,90360.0,90360.0,,70662.0,70662.0,https://financialaid.uchicago.edu/undergraduate/resources-and-tools/net-price-calculator/
City Colleges of Chicago-Kennedy-King College,IL,1,Public,16256.0,26816.0,16256.0,,4590.0,15150.0,www.ccc.edu/kennedy/departments/financial-aid/
City Colleges of Chicago-Malcolm X College,IL,1,Public,14355.0,24915.0,14355.0,,4590.0,15150.0,www.ccc.edu/colleges/malcolm-x/services/pages/find-out-how-much-college-will-cost.aspx
City Colleges of Chicago-Olive-Harvey College,IL,1,Public,16126.0,26686.0,16126.0,,4590.0,15150.0,www.ccc.edu/olive-harvey/services/Find-Out-How-Much-College-Will-Cost/
City Colleges of Chicago-Harry S Truman College,IL,1,Public,15063.0,25623.0,15063.0,,4590.0,15150.0,www.ccc.edu/truman/services/find-out-how-much-college-will-cost/
City Colleges of Chicago-Richard J Daley College,IL,1,Public,14086.0,24646.0,14086.0,,4590.0,15150.0,www.ccc.edu/colleges/daley/services/Pages/Find-Out-How-Much-College-Will-Cost.aspx
City Colleges of Chicago-Harold Washington College,IL,1,Public,14726.0,25286.0,14726.0,,4590.0,15150.0,www.ccc.edu/colleges/washington/services/Pages/Find-Out-How-Much-College-Will-Cost.aspx
City Colleges of Chicago-Wilbur Wright College,IL,1,Public,13762.0,24322.0,13762.0,,4590.0,15150.0,www.ccc.edu/colleges/wright/services/Pages/Find-Out-How-Much-College-Will-Cost.aspx
Columbia College Chicago,IL,2,Private Non-Profit,51889.0,51889.0,51889.0,,34088.0,34088.0,https://colum.studentaidcalculator.com/survey.aspx
Concordia University-Chicago,IL,2,Private Non-Profit,45383.0,45383.0,45383.0,,37488.0,37488.0,https://www.cuchicago.edu/admission-aid/undergraduate-admission-aid/net-price-calculator/
Danville Area Community College,IL,1,Public,10822.0,13822.0,10822.0,,4440.0,7440.0,https://dacc.edu/net-price-calculator
Tricoci University of Beauty Culture,IL,3,Private For-Profit,27459.0,27459.0,,27459.0,,,www.tricociuniversity.edu/admissions-financial-aid/beauty-school-calculator/
DePaul University,IL,2,Private Non-Profit,63052.0,63052.0,63052.0,,45999.0,45999.0,https://collegepricecalculator.com/DepaulUniversity
Cosmetology & Spa Academy,IL,3,Private For-Profit,21104.0,21104.0,,21104.0,,,www.cosmetologyandspaacademy.edu/net-price-calculator
College of DuPage,IL,1,Public,15554.0,23744.0,15554.0,,4560.0,12750.0,https://www.cod.edu/about/administration/consumer-legal-information/net-price-calculator/index.html
East-West University,IL,2,Private Non-Profit,32606.0,32606.0,32606.0,,25395.0,25395.0,https://www.eastwest.edu/financial-aid/
Eastern Illinois University,IL,1,Public,26996.0,29534.0,26996.0,,13679.0,16217.0,www.eiu.edu/finaid/calculator.php
Elgin Community College,IL,1,Public,10408.0,16672.0,10408.0,,3252.0,9516.0,elgin.edu/collegecostcalculator
Elmhurst University,IL,2,Private Non-Profit,54679.0,54679.0,54679.0,,42955.0,42955.0,www.elmhurst.edu/admission/financial-aid/tuition-fees/net-price-calculator/
Eureka College,IL,2,Private Non-Profit,39578.0,39578.0,39578.0,,29096.0,29096.0,https://www.eureka.edu/net-pricing-calculator
First Institute of Travel Inc.,IL,3,Private For-Profit,24945.0,24945.0,,24945.0,,,https://www.firstinstitute.edu/npc/general/npcalc.htm
Fox College,IL,3,Private For-Profit,22971.0,22971.0,22971.0,,17670.0,17670.0,www.foxcollege.edu/aid
Gem City College,IL,3,Private For-Profit,16347.0,16347.0,,16347.0,,,www.gemcitycollege.com/estimator.html
Governors State University,IL,1,Public,24227.0,24227.0,24227.0,,12004.0,12004.0,https://www.govst.edu/netprice.htm
Graham Hospital School of Nursing,IL,2,Private Non-Profit,26391.0,26391.0,26391.0,,8417.0,8417.0,https://www.grahamschoolofnursing.org/wp-content/uploads/2024/02/index.html
Greenville University,IL,2,Private Non-Profit,45091.0,45091.0,45091.0,,32200.0,32200.0,www.greenville.edu/tuition-aid/tuition-aid-resources/net-price-calculator
G Skin & Beauty Institute,IL,3,Private For-Profit,25538.0,25538.0,,25538.0,,,gskinbeautyinstitute.edu/net-price-calculator
Hair Professionals Career College,IL,3,Private For-Profit,23691.0,23691.0,,23691.0,,,hairpros.edu/consumer-info-gainful-employment/
Hair Professionals School of Cosmetology,IL,3,Private For-Profit,24098.0,24098.0,,24098.0,,,hairpros.edu/consumer-info-gainful-employment
Hebrew Theological College,IL,2,Private Non-Profit,35559.0,35559.0,35559.0,,15150.0,15150.0,https://npc.collegeboard.org/app/touro
Highland Community College,IL,1,Public,13161.0,15585.0,13161.0,,4936.0,7360.0,www.highland.edu/net-price-calculator
University of Illinois Chicago,IL,1,Public,27521.0,43067.0,27521.0,,14338.0,29884.0,https://financialaid.uic.edu/cost/cost-attendance-coa/
Benedictine University,IL,2,Private Non-Profit,46713.0,46713.0,46713.0,,35940.0,35940.0,https://ben.edu/net-price-calculator-lisle/
University of Illinois Urbana-Champaign,IL,1,Public,33642.0,52762.0,33642.0,,16004.0,35124.0,secure.osfa.illinois.edu/npc/npc.asp
Illinois Wesleyan University,IL,2,Private Non-Profit,70700.0,70700.0,70700.0,,57704.0,57704.0,https://www.iwu.edu/financial-aid/calculators.html
Illinois Central College,IL,1,Public,18938.0,26288.0,18938.0,,4800.0,12150.0,https://icc.edu/net-price-calculator/
Illinois College,IL,2,Private Non-Profit,48955.0,48955.0,48955.0,,38676.0,38676.0,www.ic.edu/npc
Illinois Eastern Community Colleges,IL,1,Public,17333.0,24533.0,17333.0,,5260.0,12460.0,https://www.iecc.edu/netpricecalculator
Illinois Institute of Technology,IL,2,Private Non-Profit,68164.0,68164.0,68164.0,,52386.0,52386.0,https://www.iit.edu/admissions-aid/tuition-and-aid/undergraduate-costs-and-aid/net-price-calculator
Illinois State University,IL,1,Public,34309.0,46375.0,34309.0,,16144.0,28210.0,financialaid.illinoisstate.edu/paying
Illinois Valley Community College,IL,1,Public,11067.0,23252.0,11067.0,,4200.0,16385.0,https://www.ivcc.edu/financialaid/net-price-calculator.php
John A Logan College,IL,1,Public,13596.0,16506.0,13596.0,,4630.0,7540.0,https://www.jalc.edu/net-price-calculator/
John Wood Community College,IL,1,Public,15845.0,19445.0,15845.0,,5700.0,9300.0,https://studentaid.gov/aid-estimator/
Joliet Junior College,IL,1,Public,9452.0,18722.0,9452.0,,4530.0,13800.0,https://jjc.edu/about-jjc/institutional-research-effectiveness/net-price-calculator
Judson University,IL,2,Private Non-Profit,43137.0,43137.0,43137.0,,31360.0,31360.0,https://www.shoppingsheet.com/shopping/landing/judsonu
Kankakee Community College,IL,1,Public,11612.0,32222.0,11612.0,,5220.0,25830.0,https://www.kcc.edu/tuition-and-aid/net-price-calculator
Kaskaskia College,IL,1,Public,11819.0,19589.0,11819.0,,4800.0,12570.0,https://www.kaskaskia.edu/admissions/financial-aid/net-price-calculator/
Kishwaukee College,IL,1,Public,13901.0,23021.0,13901.0,,4560.0,13680.0,www.kish.edu/netpricecalc/index.html
Knox College,IL,2,Private Non-Profit,68134.0,68134.0,68134.0,,57903.0,57903.0,www.knox.edu/admission/cost-and-financial-aid/scholarship-and-cost-estimator
Educators of Beauty College of Cosmetology-Peru,IL,3,Private For-Profit,15288.0,15288.0,,15288.0,,,https://educatorsofbeauty.com/admissions/affordability/
College of Lake County,IL,1,Public,12694.0,22306.0,12694.0,,4788.0,14400.0,https://www.clcillinois.edu/get-started/tuition-and-fees
Lake Forest College,IL,2,Private Non-Profit,70655.0,70655.0,70655.0,,56402.0,56402.0,www.lakeforest.edu/admissions/financial-aid/financial-aid-for-new-students/net-price-calculator
Lake Land College,IL,1,Public,10276.0,20162.0,10276.0,,4415.0,14301.0,www.lakelandcollege.edu/financialaid/net-price-calculator/
Lewis and Clark Community College,IL,1,Public,9592.0,13092.0,9592.0,,4340.0,7840.0,https://www.lc.edu/pay-for-college/calculator.html
Lewis University,IL,2,Private Non-Profit,47313.0,47313.0,47313.0,,39200.0,39200.0,www.lewisu.edu/admissions/finaid/scholarshipcalculator.htm
Lincoln Land Community College,IL,1,Public,12379.0,19099.0,12379.0,,3744.0,10464.0,https://forms.llcc.edu/Calc/
Lincoln College of Technology-Melrose Park,IL,3,Private For-Profit,29496.0,29496.0,,29496.0,,,www.lincolntech.edu/net-price-calculator
Loyola University Chicago,IL,2,Private Non-Profit,67408.0,67408.0,67408.0,,53710.0,53710.0,https://www.luc.edu/undergrad/tuitionandfinancialaid/netpricecalculator/
Steven Papageorge Hair Academy,IL,3,Private For-Profit,14366.0,14366.0,,14366.0,,,www.stevenpapageorgehairacademy.com/courses/
Generations College,IL,2,Private Non-Profit,25660.0,25660.0,25660.0,,12700.0,12700.0,https://www.generations.edu/financing-your-education/tuition-policy-and-fees/
McHenry County College,IL,1,Public,12345.0,22582.0,12345.0,,4162.0,14399.0,www.mchenry.edu/netprice
McKendree University,IL,2,Private Non-Profit,48845.0,48845.0,48845.0,,34740.0,34740.0,https://mckendree.studentaidcalculator.com/survey.aspx
Methodist College,IL,2,Private Non-Profit,46874.0,46874.0,46874.0,,18008.0,18008.0,https://www.methodistcol.edu/net-price-calculator.aspx
Millikin University,IL,2,Private Non-Profit,57475.0,57475.0,57475.0,,26892.0,26892.0,https://tcc.ruffalonl.com/Millikin University/First-Year-Students
Monmouth College,IL,2,Private Non-Profit,57157.0,57157.0,57157.0,,44922.0,44922.0,https://www.monmouthcollege.edu/offices/student-financial-planning/cost-calculator/
Moody Bible Institute,IL,2,Private Non-Profit,34327.0,34327.0,34327.0,,15786.0,15786.0,https://www.moody.edu/siteassets/website_assets/files/financial-aid/net-price-calculator/npcalc-chicago.html
Moraine Valley Community College,IL,1,Public,13971.0,19995.0,13971.0,,3822.0,9846.0,https://netcalc.apps.morainevalley.edu/
Morrison Institute of Technology,IL,2,Private Non-Profit,30436.0,30436.0,30436.0,,20355.0,20355.0,https://www.morrisontech.edu/net-price-calculator/
Morton College,IL,1,Public,12801.0,19713.0,12801.0,,5502.0,12414.0,https://www.morton.edu/net-price-calculator/
National Louis University,IL,2,Private Non-Profit,24154.0,24154.0,24154.0,,12705.0,12705.0,https://www.nl.edu/tuition-and-aid/tuition-and-fees/net-price-calculator/
Cosmetology Concepts Niles,IL,3,Private For-Profit,22231.0,22231.0,,22231.0,,,https://www.johnamicoschoolofhairdesign.com/financial-aid/fafsa-net-price-calculator/
North Central College,IL,2,Private Non-Profit,57219.0,57219.0,57219.0,,45726.0,45726.0,northcentralcollege.edu/financial-aid/estimate
North Park University,IL,2,Private Non-Profit,44172.0,44172.0,44172.0,,36710.0,36710.0,www.northpark.edu/Financial-Aid/Undergraduate/Cost/Net-Price-Calculator
Northern Illinois University,IL,1,Public,28851.0,28851.0,28851.0,,13248.0,13248.0,www.niu.edu/bursar/tuition/estimator.shtml
Northwestern University,IL,2,Private Non-Profit,91250.0,91250.0,91250.0,,68322.0,68322.0,https://npc.collegeboard.org/student/app/northwestern
Northeastern Illinois University,IL,1,Public,26960.0,37303.0,26960.0,,12383.0,22726.0,www.neiu.edu/financial-aid/financing-your-education/calculating-your-net-cost
Oakton College,IL,1,Public,11431.0,19908.0,11431.0,,3985.0,12462.0,https://npc.collegeboard.org/app/oakton
Oehrlein School of Cosmetology,IL,3,Private For-Profit,15611.0,15611.0,,15611.0,,,oehrleinschool.com/NetPriceCalculator/index.html
Olivet Nazarene University,IL,2,Private Non-Profit,51981.0,51981.0,51981.0,,38900.0,38900.0,https://olivet.clearcostcalculator.com/student/default/netpricecalculator/survey
Parkland College,IL,1,Public,14995.0,23977.0,14995.0,,4284.0,13266.0,https://web.parkland.edu/netpricecalculator/
Prairie State College,IL,1,Public,13908.0,20796.0,13908.0,,4176.0,11064.0,prairiestate.edu/apply-reg-pay/financial-aid-calculator/net-price-calculator/index.aspx
Professional's Choice Hair Design Academy,IL,3,Private For-Profit,17799.0,17799.0,,17799.0,,,www.pchairdesign.com/NetPriceCalculator/npcalc.htm
Quincy University,IL,2,Private Non-Profit,50091.0,50091.0,50091.0,,37140.0,37140.0,https://www.quincy.edu/admissions/net-price-calculator/
Rend Lake College,IL,1,Public,16731.0,20031.0,16731.0,,4500.0,7800.0,https://rlc.edu/tuition-costs
Richland Community College,IL,1,Public,11483.0,23873.0,11483.0,,4680.0,17070.0,https://jics.richland.edu/webfiles/financialaid/netprice/npcalc.htm
Rock Valley College,IL,1,Public,11920.0,14965.0,11920.0,,4334.0,7379.0,apps.rockvalleycollege.edu/assets/NetPriceCalc/npcalc.htm
Rockford University,IL,2,Private Non-Profit,49169.0,49169.0,49169.0,,37780.0,37780.0,https://tcc.ruffalonl.com/Rockford University/Freshman-Students
Roosevelt University,IL,2,Private Non-Profit,35332.0,35332.0,35332.0,,21315.0,21315.0,https://www.roosevelt.edu/tuition-aid/net-price-calculator
Dominican University,IL,2,Private Non-Profit,43891.0,43891.0,43891.0,,38978.0,38978.0,https://www.dom.edu/admission/office-financial-aid/net-price-calculator
University of St Francis,IL,2,Private Non-Profit,46239.0,46239.0,46239.0,,38110.0,38110.0,https://www.stfrancis.edu/admissions-aid/financial-aid-services/net-price-calculator/
Saint Xavier University,IL,2,Private Non-Profit,43244.0,43244.0,43244.0,,37940.0,37940.0,https://www.sxu.edu/tuition-aid/calculator.html
University of Illinois Springfield,IL,1,Public,25521.0,35286.0,25521.0,,12252.0,22017.0,www.uis.edu/sites/default/files/calculator/npcalc.htm
Sauk Valley Community College,IL,1,Public,15273.0,22833.0,15273.0,,5340.0,12900.0,https://www.svcc.edu/students/finaid/consumer/net-price.html
Shawnee Community College,IL,1,Public,13497.0,16347.0,13497.0,,4650.0,7500.0,https://shawneecc.edu/financial-aid/net-price-calculator
Southeastern Illinois College,IL,1,Public,16113.0,18333.0,16113.0,,4560.0,6780.0,www.sic.edu/financial-aid/cost-calculator
Spoon River College,IL,1,Public,12217.0,19627.0,12217.0,,6090.0,13500.0,www.src.edu/services/financial-aid/Pages/NetPriceCalculator/npcalc.htm
Educators of Beauty College of Cosmetology-Sterling,IL,3,Private For-Profit,16377.0,16377.0,,16377.0,,,https://educatorsofbeauty.com/admissions/affordability/
Southern Illinois University-Carbondale,IL,1,Public,28329.0,28329.0,28329.0,,13334.0,13334.0,https://siu.studentaidcalculator.com/survey.aspx
Southern Illinois University Edwardsville,IL,1,Public,28919.0,28919.0,28919.0,,12922.0,12922.0,siue.studentaidcalculator.com/welcome.aspx
Taylor Business Institute,IL,3,Private For-Profit,22775.0,22775.0,22775.0,,12000.0,12000.0,www.tbiil.edu/NetPriceCalculator/
Telshe Yeshiva-Chicago,IL,2,Private Non-Profit,23300.0,23300.0,23300.0,,15000.0,15000.0,https://telsheyeshivachicago.com/links/
South Suburban College,IL,1,Public,10834.0,18424.0,10834.0,,5093.0,12683.0,https://www.ssc.edu/compliance/fa/net_price_calculator/npcalc.htm
Trinity Christian College,IL,2,Private Non-Profit,35012.0,35012.0,35012.0,,20605.0,20605.0,www.trnty.edu/finaid/mm-npcfs.html
Trinity International University-Illinois,IL,2,Private Non-Profit,16515.0,16515.0,16515.0,,12320.0,12320.0,https://www.tiu.edu/net-price-calculator/
Triton College,IL,1,Public,12235.0,22495.0,12235.0,,5070.0,15330.0,https://online2.triton.edu/netpricecalculator/
University of Spa & Cosmetology Arts,IL,3,Private For-Profit,21024.0,21024.0,,21024.0,,,https://uscart.com/calc/
VanderCook College of Music,IL,2,Private Non-Profit,44613.0,44613.0,44613.0,,30910.0,30910.0,https://www.vandercook.edu/financial-aid-resources/net-price-calculator/
Waubonsee Community College,IL,1,Public,19336.0,26309.0,19336.0,,3504.0,10477.0,https://www.waubonsee.edu/admissions/costs-and-payments/net-price-calculator
Western Illinois University,IL,1,Public,28254.0,28254.0,28254.0,,15264.0,15264.0,www.wiu.edu/student_success/financial_aid/netPriceCalculator.php
Wheaton College,IL,2,Private Non-Profit,59263.0,59263.0,59263.0,,45546.0,45546.0,www.wheaton.edu/admissions-and-aid/cost-and-financial-aid/student-financial-services/cost/net-price-calculator/
William Rainey Harper College,IL,1,Public,19288.0,27268.0,19288.0,,3894.0,11874.0,https://www.harpercollege.edu/gov/financialaid/netpricecalculator/index.html
Anderson University,IN,2,Private Non-Profit,51585.0,51585.0,51585.0,,37240.0,37240.0,https://anderson.edu/admissions/financial-aid/net-calculator/
Ball State University,IN,1,Public,26146.0,44694.0,26146.0,,11082.0,29630.0,https://bsu.studentaidcalculator.com/survey.aspx
Bethel University,IN,2,Private Non-Profit,43885.0,43885.0,43885.0,,34600.0,34600.0,https://betheluniversity.edu/admissions-aid/scholarships-and-aid/net-price-calculator/
Butler University,IN,2,Private Non-Profit,65970.0,65970.0,65970.0,,47560.0,47560.0,https://app.meadowfi.com/butler
Calumet College of Saint Joseph,IN,2,Private Non-Profit,32968.0,32968.0,32968.0,,23850.0,23850.0,https://www.ccsj.edu/admissions/financial-aid/
College of Court Reporting Inc,IN,3,Private For-Profit,43083.0,43083.0,43083.0,,10080.0,10080.0,www.ccr.edu/index.php/financial/net-price-calculator
Tricoci University of Beauty Culture-Highland,IN,3,Private For-Profit,24086.0,24086.0,,24086.0,,,www.tricociuniversity.edu/admissions-financial-aid/beauty-school-calculator/
DePauw University,IN,2,Private Non-Profit,74320.0,74320.0,74320.0,,59070.0,59070.0,app.meadowfi.com/depauw
Don Roberts School of Hair Design,IN,3,Private For-Profit,19189.0,19189.0,,19189.0,,,donrobertsspaschool.com/enrollment/financial-aid/net-price-calculator/
Earlham College,IN,2,Private Non-Profit,67684.0,67684.0,67684.0,,53930.0,53930.0,https://www.shoppingsheet.com/Shopping/School/150455
University of Evansville,IN,2,Private Non-Profit,57451.0,57451.0,57451.0,,44172.0,44172.0,https://www.evansville.edu/student-financial-services/net-price-calculator.cfm
Franklin College,IN,2,Private Non-Profit,54178.0,54178.0,54178.0,,38710.0,38710.0,www.franklincollege.edu/admissions-aid/tuition-and-financial-aid/tuition-and-costs/#section3
Goshen College,IN,2,Private Non-Profit,48449.0,48449.0,48449.0,,38890.0,38890.0,https://www.goshen.edu/admissions-aid/financial-aid/calculator
Grace College and Theological Seminary,IN,2,Private Non-Profit,41838.0,41838.0,41838.0,,31200.0,31200.0,https://www.grace.edu/admissions/undergraduate-admissions/financial-aid-scholarships/net-price-calculator/
Hanover College,IN,2,Private Non-Profit,58821.0,58821.0,58821.0,,44638.0,44638.0,https://bigfuture.collegeboard.org/pay-for-college/get-started/net-price-calculator
J Michael Harrold Beauty Academy,IN,3,Private For-Profit,21746.0,21746.0,,21746.0,,,harroldbeautyacademy.com/schools#netPriceCalcTab
Holy Cross College,IN,2,Private Non-Profit,50881.0,50881.0,50881.0,,36600.0,36600.0,www.hcc-nd.edu/net-price-calculator/
PJ's College of Cosmetology-Clarksville,IN,3,Private For-Profit,30528.0,30528.0,,30528.0,,,www.gotopjs.com/net-price-calculator
Huntington University,IN,2,Private Non-Profit,42157.0,42157.0,42157.0,,31870.0,31870.0,https://www.huntington.edu/financial-aid
Ivy Tech Community College,IN,1,Public,15370.0,20151.0,15370.0,,5154.0,9935.0,www.ivytech.edu/financial-aid/estimator.html
Purdue University Fort Wayne,IN,1,Public,22183.0,35538.0,22183.0,,9532.0,22887.0,www.pfw.edu/admissions-financial-aid/financial-aid/net-price-calculator
Indiana University-Indianapolis,IN,1,Public,23316.0,47445.0,23316.0,,10762.0,34891.0,https://indianapolis.iu.edu/cost-aid/cost-of-attendance/net-price-calculator.html
University of Indianapolis,IN,2,Private Non-Profit,52590.0,52590.0,52590.0,,37200.0,37200.0,https://www.shoppingsheet.com/shopping/landing/151263
Indiana Institute of Technology,IN,2,Private Non-Profit,45879.0,45879.0,45879.0,,31361.0,31361.0,financialservices.indianatech.edu/costs/net-price-calculators/
University of Southern Indiana,IN,1,Public,22383.0,35224.0,22383.0,,10066.0,22907.0,https://usi.studentaidcalculator.com/survey.aspx
Indiana State University,IN,1,Public,24535.0,36599.0,24535.0,,10258.0,22322.0,https://indianastate.edu/costs-aid/net-price-calculator
Indiana University-Kokomo,IN,1,Public,11837.0,26224.0,11837.0,,8424.0,22811.0,https://iuia.iu.edu/compliance-reports/campus-net-price-calc/index.html
Indiana University-South Bend,IN,1,Public,17364.0,31751.0,17364.0,,8424.0,22811.0,https://iuia.iu.edu/compliance-reports/campus-net-price-calc/index.html
Indiana University-Bloomington,IN,1,Public,28801.0,58548.0,28801.0,,12144.0,41891.0,https://studentcentral.indiana.edu/cost-of-iu/index.html
Indiana University-Northwest,IN,1,Public,13989.0,28376.0,13989.0,,8424.0,22811.0,https://iuia.iu.edu/compliance-reports/campus-net-price-calc/index.html
Indiana University-Southeast,IN,1,Public,16411.0,30798.0,16411.0,,8424.0,22811.0,https://iuia.iu.edu/compliance-reports/campus-net-price-calc/index.html
Indiana University-East,IN,1,Public,16954.0,31341.0,16954.0,,8424.0,22811.0,https://iuia.iu.edu/compliance-reports/campus-net-price-calc/index.html
Vet Tech Institute of Indiana,IN,3,Private For-Profit,23846.0,23846.0,23846.0,,17170.0,17170.0,www.vettechinstitute.edu/aid
Taylor Institute of Cosmetology II,IN,3,Private For-Profit,10951.0,10951.0,,10951.0,,,https://kbc.edu/calculator.html
Tricoci University of Beauty Culture-Lafayette,IN,3,Private For-Profit,27659.0,27659.0,,27659.0,,,www.tricociuniversity.edu/admissions-financial-aid/beauty-school-calculator/
Lincoln College of Technology-Indianapolis,IN,3,Private For-Profit,33392.0,33392.0,,33392.0,,,www.lincolntech.edu/net-price-calculator
Manchester University,IN,2,Private Non-Profit,49993.0,49993.0,49993.0,,37135.0,37135.0,https://www.manchester.edu/admissions-aid/tuition-fees/student-financial-services/
Marian University,IN,2,Private Non-Profit,56258.0,56258.0,56258.0,,40664.0,40664.0,https://www.marian.edu/admissions/tuition-and-fees
Indiana Wesleyan University-Marion,IN,2,Private Non-Profit,44776.0,44776.0,44776.0,,32352.0,32352.0,https://indwes.aidcalc.cloud/
Mid-America College of Funeral Service,IN,2,Private Non-Profit,35453.0,35453.0,35453.0,,19000.0,19000.0,https://www.mid-america.edu/admissions/net-price-calculator/
University of Notre Dame,IN,2,Private Non-Profit,83271.0,83271.0,83271.0,,65025.0,65025.0,financialaid.nd.edu/
Oakland City University,IN,2,Private Non-Profit,42441.0,42441.0,42441.0,,27900.0,27900.0,www.oak.edu/admissions/tuition-and-aid/net-price-calculator/
PJ's College of Cosmetology-Richmond,IN,3,Private For-Profit,30528.0,30528.0,,30528.0,,,www.gotopjs.com/net-price-calculator
Rogers Academy of Hair Design,IN,3,Private For-Profit,20613.0,20613.0,,20613.0,,,rogershair.com/net-price-calculator/
Rose-Hulman Institute of Technology,IN,2,Private Non-Profit,77890.0,77890.0,77890.0,,58649.0,58649.0,tiny.cc/rhit_npc
University of Saint Francis-Fort Wayne,IN,2,Private Non-Profit,47223.0,47223.0,47223.0,,36460.0,36460.0,https://www.sf.edu/netpricecalculator/
Saint Mary-of-the-Woods College,IN,2,Private Non-Profit,49512.0,49512.0,49512.0,,35270.0,35270.0,https://www.smwc.edu/offices-resources/offices/financial-aid/net-price-calculator/
Saint Mary's College,IN,2,Private Non-Profit,66478.0,66478.0,66478.0,,53230.0,53230.0,https://www.saintmarys.edu/financial-aid/tools/net-price-calculator
Saint Elizabeth School of Nursing,IN,2,Private Non-Profit,32407.0,32407.0,32407.0,,20208.0,20208.0,https://steson.org/calculator/
Taylor University,IN,2,Private Non-Profit,53405.0,53405.0,53405.0,,40490.0,40490.0,https://www.taylor.edu/admissions/tuition-funding/net-price-calculator
Trine University,IN,2,Private Non-Profit,51109.0,51109.0,51109.0,,36560.0,36560.0,www.trine.edu/admission-aid/tuition-aid/trine-net-price-calculator.aspx
Valparaiso University,IN,2,Private Non-Profit,58437.0,58437.0,58437.0,,48450.0,48450.0,https://www.valpo.edu/aid/tuition/
Vincennes Beauty College,IN,3,Private For-Profit,11903.0,11903.0,,11903.0,,,vincennesbeautycollege.com/netprice
Vincennes University,IN,1,Public,21310.0,31042.0,21310.0,,7126.0,16858.0,www.vinu.edu/financial-services/net-price-calculator.html
Wabash College,IN,2,Private Non-Profit,65144.0,65144.0,65144.0,,50800.0,50800.0,https://www.wabash.edu/admissions/finances/npc
Briar Cliff University,IA,2,Private Non-Profit,51493.0,51493.0,51493.0,,36956.0,36956.0,https://www.briarcliff.edu/filesimages/future chargers/financial aid/costs and financial aid/net-price-calculator.html
Buena Vista University,IA,2,Private Non-Profit,54222.0,54222.0,54222.0,,41798.0,41798.0,https://www.bvu.edu/admissions/financial-assistance/calculator
Capri College-Dubuque,IA,3,Private For-Profit,20162.0,20162.0,,20162.0,,,www.capricollege.edu/NPC/DBQ/index.html
Capri College-Cedar Rapids,IA,3,Private For-Profit,20474.0,20474.0,,20474.0,,,capricollege.edu/NPC/CR/index.html
Central College,IA,2,Private Non-Profit,37773.0,37773.0,37773.0,,20988.0,20988.0,www.central.edu/financial-aid/net-price-calculator/
Clarke University,IA,2,Private Non-Profit,55782.0,55782.0,55782.0,,40910.0,40910.0,https://www.clarke.edu/wp-content/uploads/npcalc.htm
Coe College,IA,2,Private Non-Profit,67372.0,67372.0,67372.0,,54666.0,54666.0,https://www.coe.edu/admission/financial-aid-scholarships/resources/net-price-calculator
Cornell College,IA,2,Private Non-Profit,66249.0,66249.0,66249.0,,52660.0,52660.0,https://www.cornellcollege.edu/financial-assistance/net-price-calculator/index.shtml
Des Moines Area Community College,IA,1,Public,16204.0,17104.0,16204.0,,5790.0,6690.0,https://www.dmacc.edu/financial-aid/npcalc/
Dordt University,IA,2,Private Non-Profit,51733.0,51733.0,51733.0,,37050.0,37050.0,https://www.dordt.edu/admissions-and-aid/cost/net-price-calculator
Drake University,IA,2,Private Non-Profit,64835.0,64835.0,64835.0,,52130.0,52130.0,https://www.drake.edu/admission/first-yearstudents/costsfinancialaid/netpricecalculator/
University of Dubuque,IA,2,Private Non-Profit,53806.0,53806.0,53806.0,,42095.0,42095.0,https://www.dbq.edu/admissionaid/financialaid/netpricecalculator/netpricecalculator.html
Ellsworth Community College,IA,1,Public,18804.0,19812.0,18804.0,,5496.0,6504.0,https://ecc.iavalley.edu/admissions/financial-aid/tuition-and-fees/
Emmaus Bible College,IA,2,Private Non-Profit,30971.0,30971.0,30971.0,,20800.0,20800.0,https://www.emmaus.edu/npc/npcalc.htm
Eastern Iowa Community College District,IA,1,Public,19170.0,20778.0,19170.0,,4848.0,6456.0,www.eicc.edu/future-students/financial-aid/net-price-calculator.aspx
Faith Baptist Bible College and Theological Seminary,IA,2,Private Non-Profit,32722.0,32722.0,32722.0,,20270.0,20270.0,https://faith.edu/net-price-calculator/
Graceland University-Lamoni,IA,2,Private Non-Profit,48294.0,48294.0,48294.0,,20950.0,20950.0,www.graceland.edu/admissions-aid/tuition-financial-aid/tuition-and-fees/net-price-calculator/
Grand View University,IA,2,Private Non-Profit,48522.0,48522.0,48522.0,,34762.0,34762.0,https://www.grandview.edu/admissions/financial-aid/net-price-calculator
Grinnell College,IA,2,Private Non-Profit,83440.0,83440.0,83440.0,,68106.0,68106.0,https://npc.collegeboard.org/student/app/grinnell
Orion Technical College,IA,3,Private For-Profit,30641.0,30641.0,30641.0,,15600.0,15600.0,orion.edu/net-price-calculator-2/
Hawkeye Community College,IA,1,Public,14901.0,14988.0,14901.0,,6525.0,6612.0,www.hawkeyecollege.edu/financial-aid/net-price-calculator
American Hair Academy,IA,3,Private For-Profit,14843.0,14843.0,,14843.0,,,www.americanhairacademy.com/net-price-calculator
Indian Hills Community College,IA,1,Public,17791.0,18871.0,17791.0,,5040.0,6120.0,https://www.indianhills.edu/payingforcollege/netprice/npcalc.htm
Iowa Central Community College,IA,1,Public,15222.0,17514.0,15222.0,,5496.0,7788.0,www.iowacentral.edu/results.asp?q=Net+price+calculator
Iowa Lakes Community College,IA,1,Public,20120.0,20600.0,20120.0,,7392.0,7872.0,https://www.iowalakes.edu/paying-for-college/net-price-calculator/
Iowa School of Beauty-Des Moines,IA,3,Private For-Profit,16068.0,16068.0,,16068.0,,,https://iowaschoolofbeauty.com/NetPriceCalculator/
Iowa State University,IA,1,Public,24018.0,42112.0,24018.0,,10787.0,28881.0,https://www.financialaid.iastate.edu/getting-started/cost/net-price-calculator/
Iowa Western Community College,IA,1,Public,18978.0,19128.0,18978.0,,6930.0,7080.0,www.iwcc.edu/financial-aid/npcalc/
University of Iowa,IA,1,Public,28596.0,50684.0,28596.0,,11283.0,33371.0,https://admissions.uiowa.edu/finances/net-price-calculator
Kirkwood Community College,IA,1,Public,15579.0,17623.0,15579.0,,6176.0,8220.0,https://www.kirkwood.edu/get-started/paying-for-college/tuition-costs
La James International College-Cedar Falls,IA,3,Private For-Profit,23892.0,23892.0,,23892.0,,,ljic.edu/student-resources-and-disclosures/
La James International College-Johnston,IA,3,Private For-Profit,23030.0,23030.0,,23030.0,,,ljic.edu/student-resources-and-disclosures/
La James College of Hairstyling and Cosmetology,IA,3,Private For-Profit,16532.0,16532.0,,16532.0,,,https://lajames-net-price-calculator.netlify.app/index (32).html
La James International College-Ft Dodge,IA,3,Private For-Profit,20989.0,20989.0,,20989.0,,,ljic.edu/student-resources-and-disclosures/
Loras College,IA,2,Private Non-Profit,50537.0,50537.0,50537.0,,39824.0,39824.0,https://www.loras.edu/financial-aid/netpricecalculator
Luther College,IA,2,Private Non-Profit,65461.0,65461.0,65461.0,,52120.0,52120.0,https://luther.edu/admission-aid/cost-financial-aid/net-price-calculator
Maharishi International University,IA,2,Private Non-Profit,27892.0,27892.0,27892.0,,16530.0,16530.0,https://www.miu.edu/consumer-information/financial-aid-information/federal-net-price-calculator/
Marshalltown Community College,IA,1,Public,14425.0,15433.0,14425.0,,5496.0,6504.0,https://mcc.iavalley.edu/admissions/financial-aid/tuition-fees/
Mercy College of Health Sciences,IA,2,Private Non-Profit,34398.0,34398.0,34398.0,,17664.0,17664.0,https://www.mchs.edu/wp-content/uploads/2024/03/index.html
Morningside University,IA,2,Private Non-Profit,52577.0,52577.0,52577.0,,39660.0,39660.0,https://www.morningside.edu/about-morningside/consumer-information/
Mount Mercy University,IA,2,Private Non-Profit,55054.0,55054.0,55054.0,,40878.0,40878.0,https://www.mtmercy.edu/admissions-aid/financial-aid/net-price-calculator
The University of Arizona Global Campus,AZ,1,Public,37594.0,37594.0,37594.0,,11960.0,11960.0,https://app.meadowfi.com/azglobal
North Iowa Area Community College,IA,1,Public,17040.0,19938.0,17040.0,,6653.0,9551.0,https://www.niacc.edu/admissions/finance-your-education/financial-aid/calculator/
University of Northern Iowa,IA,1,Public,22278.0,34054.0,22278.0,,9936.0,21712.0,https://admissions.uni.edu/financial-aid/resources/net-price-calculator
Northwestern College,IA,2,Private Non-Profit,49783.0,49783.0,49783.0,,36710.0,36710.0,https://www.nwciowa.edu/aid-calculator
Northeast Iowa Community College,IA,1,Public,17838.0,18828.0,17838.0,,6780.0,7770.0,https://www.nicc.edu/admissions/tuition-and-fees/
Northwest Iowa Community College,IA,1,Public,20414.0,20714.0,20414.0,,7350.0,7650.0,files.nwicc.edu/files/portal/netpricecalculator/npcalc.htm
PCI Academy-Ames,IA,3,Private For-Profit,26029.0,26029.0,,26029.0,,,https://www.pci-academy.com/webres/file/calculators/ames-npc.html
Saint Ambrose University,IA,2,Private Non-Profit,51141.0,51141.0,51141.0,,36658.0,36658.0,sau.edu/tuition-financial-aid/net-price-calculator
St Luke's College,IA,2,Private Non-Profit,27647.0,27647.0,27647.0,,24175.0,24175.0,www.stlukescollege.edu/net-price-calculator.aspx
La James International College-Davenport,IA,3,Private For-Profit,22558.0,22558.0,,22558.0,,,ljic.edu/student-resources-and-disclosures/
Simpson College,IA,2,Private Non-Profit,61227.0,61227.0,61227.0,,47656.0,47656.0,simpson.edu/financial-aid/net-price-calculator/
Southeastern Community College,IA,1,Public,17371.0,17521.0,17371.0,,6420.0,6570.0,https://www.scciowa.edu/paying/aid/net-price-calculator.aspx
Southwestern Community College,IA,1,Public,16951.0,17203.0,16951.0,,8064.0,8316.0,www.swcciowa.edu/net-price-calculator/
Capri College-Davenport,IA,3,Private For-Profit,20427.0,20427.0,,20427.0,,,capricollege.edu/NPC/DAV/index.html
Iowa School of Beauty-Sioux City,IA,3,Private For-Profit,24262.0,24262.0,,24262.0,,,https://iowaschoolofbeauty.com/NetPriceCalculator/
SOHO Hair Academy,IA,3,Private For-Profit,17944.0,17944.0,,17944.0,,,www.sohohairacademy.com/net-price-calculator
Upper Iowa University,IA,2,Private Non-Profit,34022.0,34022.0,34022.0,,19475.0,19475.0,https://uiu.edu/financial-aid/net-price-calculator.html
Waldorf University,IA,2,Private Non-Profit,39675.0,39675.0,39675.0,,25978.0,25978.0,https://shoppingsheet.com/shopping/landing/waldorf
Wartburg College,IA,2,Private Non-Profit,64359.0,64359.0,64359.0,,26250.0,26250.0,https://vip.wartburg.edu/finaid/npc.html
The Salon Professional Academy-Cedar Falls,IA,3,Private For-Profit,17247.0,17247.0,,17247.0,,,tspacedarfalls.com/financial-aid/welcome/
Western Iowa Tech Community College,IA,1,Public,14894.0,15038.0,14894.0,,5186.0,5330.0,https://www.witcc.edu/financial-aid/net-price-calculator/
William Penn University,IA,2,Private Non-Profit,42874.0,42874.0,42874.0,,29750.0,29750.0,https://www.wmpenn.edu/admissions-aid/net-price-calculator/
Allen County Community College,KS,1,Public,14024.0,14624.0,14024.0,,4260.0,4860.0,web.allencc.edu/portal/netpricecalc/index.html
Baker University,KS,2,Private Non-Profit,50918.0,50918.0,50918.0,,35300.0,35300.0,https://www.bakeru.edu/fa-calculator/npcalc.htm
Barton County Community College,KS,1,Public,15356.0,16636.0,15356.0,,3680.0,4960.0,https://bartonccc.edu/financialaid/studentconsumerinfo/netpricecalc
Benedictine College,KS,2,Private Non-Profit,52206.0,52206.0,52206.0,,36350.0,36350.0,www.benedictine.edu/calculator
Bethany College,KS,2,Private Non-Profit,53738.0,53738.0,53738.0,,33000.0,33000.0,https://www.bethanylb.edu/net-price-calculator
Bethel College-North Newton,KS,2,Private Non-Profit,52193.0,52193.0,52193.0,,35014.0,35014.0,https://www.bethelks.edu/admissions/affordability/net-price-calculator/
Butler Community College,KS,1,Public,21295.0,24025.0,21295.0,,3541.0,6271.0,https://butlercc.clearcostcalculator.com/student/default/netpricecalculator/survey
Central Christian College of Kansas,KS,2,Private Non-Profit,33327.0,33327.0,33327.0,,21000.0,21000.0,https://www.centralchristian.edu/net-price-calculator/
Cloud County Community College,KS,1,Public,17584.0,18544.0,17584.0,,3540.0,4500.0,https://www.cloud.edu/Admissions/Covering-the-Cost/Cost-Calculator/index
Coffeyville Community College,KS,1,Public,11863.0,12943.0,11863.0,,3600.0,4680.0,https://access.coffeyville.edu/netprice/npcalc.htm
Colby Community College,KS,1,Public,13160.0,14850.0,13160.0,,4140.0,5830.0,nces.ed.gov/ipeds/netpricecalculator/
Cowley County Community College,KS,1,Public,13534.0,15334.0,13534.0,,4800.0,6600.0,https://www.cowley.edu/finaid/calc/index.html
Dodge City Community College,KS,1,Public,10189.0,11389.0,10189.0,,4650.0,5850.0,https://dc3.edu/about/disclosures/net-price-calculator/
Donnelly College,KS,2,Private Non-Profit,21659.0,21659.0,21659.0,,10440.0,10440.0,https://www.donnelly.edu/admissions/aid/files/netprice/index.htm
Emporia State University,KS,1,Public,21967.0,30280.0,21967.0,,7106.0,15419.0,www.emporia.edu/financial-aid/financial-information-consumers/net-price-calculator-tool/
Flint Hills Technical College,KS,1,Public,20965.0,20965.0,20965.0,,6400.0,6400.0,https://fhtc.edu/net-price-calculator/npcalc.html
Fort Hays State University,KS,1,Public,19909.0,31727.0,19909.0,,5923.0,17741.0,https://www.fhsu.edu/admissions/tuition/calculateexpenses
Barclay College,KS,2,Private Non-Profit,42890.0,42890.0,42890.0,,24590.0,24590.0,www.barclaycollege.edu//admissions/campus/financial-assistance/
Friends University,KS,2,Private Non-Profit,50482.0,50482.0,50482.0,,34192.0,34192.0,https://app.meadowfi.com/friends
Fort Scott Community College,KS,1,Public,12669.0,13119.0,12669.0,,3390.0,3840.0,www.fortscott.edu/NetPriceCalculator
Garden City Community College,KS,1,Public,15071.0,15701.0,15071.0,,3690.0,4320.0,https://www.gcccks.edu/about_gccc/net_price_calculator.html
Haskell Indian Nations University,KS,1,Public,9581.0,9581.0,9581.0,,600.0,600.0,www.haskell.edu/financial-aid/calculator/
Hays Academy of Hair Design,KS,3,Private For-Profit,19405.0,19405.0,,19405.0,,,haysacademy.edu/calc/npcalchays.htm
Hesston College,KS,2,Private Non-Profit,47450.0,47450.0,47450.0,,32936.0,32936.0,https://hesston.edu/admissions/cost-of-attendance/price-calculator/
Highland Community College,KS,1,Public,17914.0,17914.0,17914.0,,4080.0,4080.0,https://highlandcc.edu/pages/net-price-calculator
Hutchinson Community College,KS,1,Public,14858.0,16088.0,14858.0,,3540.0,4770.0,www.hutchcc.edu/cost-and-fees
Independence Community College,KS,1,Public,8824.0,9214.0,8824.0,,4560.0,4950.0,https://www.indycc.edu/financial_aid/netpricecalc.html
Johnson County Community College,KS,1,Public,19785.0,23049.0,19785.0,,2424.0,5688.0,www.jccc.edu/admissions/financial-aid/net-price-calculator/npcalc-050318.htm
Concorde Career College-Kansas City,MO,3,Private For-Profit,34349.0,34349.0,,34349.0,,,https://enroll.myconcorde.edu/npc
Kansas City Kansas Community College,KS,1,Public,19855.0,23590.0,19855.0,,3210.0,6945.0,www.kckcc.edu/admissions/financial-aid/netprice/npcalc.htm
Kansas Christian College,KS,2,Private Non-Profit,20997.0,20997.0,20997.0,,11720.0,11720.0,https://kansaschristian.edu/price-calculation.html
University of Kansas,KS,1,Public,26751.0,45081.0,26751.0,,12102.0,30432.0,https://admissions.ku.edu/afford/
Newman University,KS,2,Private Non-Profit,46489.0,46489.0,46489.0,,35500.0,35500.0,newmanu.edu/admissions/financial-aid/net-price-calculator
Old Town Barber College,KS,3,Private For-Profit,20097.0,20097.0,,20097.0,,,https://www.otbcollege.com/educational-objectives
Kansas State University,KS,1,Public,27402.0,44749.0,27402.0,,11221.0,28568.0,www.k-state.edu/sfa/cost/net-price-calculator/
Kansas Wesleyan University,KS,2,Private Non-Profit,47437.0,47437.0,47437.0,,34630.0,34630.0,www.kwu.edu/admissions/net-price-calculator
Washburn Institute of Technology,KS,1,Public,14251.0,14251.0,14251.0,,8880.0,8880.0,www.washburntech.edu/net-price-calculator/npcalc.htm
Labette Community College,KS,1,Public,13364.0,14164.0,13364.0,,4064.0,4864.0,www.labette.edu/financialaid/netprice/index.html
Manhattan Area Technical College,KS,1,Public,19407.0,19407.0,19407.0,,9844.0,9844.0,https://manhattantech.edu/net-price-calculator
Manhattan Christian College,KS,2,Private Non-Profit,34466.0,34466.0,34466.0,,19126.0,19126.0,https://mccks.edu/net-price-calculator.html
McPherson College,KS,2,Private Non-Profit,50611.0,50611.0,50611.0,,37310.0,37310.0,www.mcpherson.edu/admissions/financial-aid/net-price-calculator/
MidAmerica Nazarene University,KS,2,Private Non-Profit,57355.0,57355.0,57355.0,,37174.0,37174.0,https://www.mnu.edu/admissions/financial-aid/
Neosho County Community College,KS,1,Public,16790.0,16790.0,16790.0,,5780.0,5780.0,https://www.neosho.edu/Portals/0/netpricecalculator/npcalc.htm
Fort Hays Tech North Central,KS,1,Public,21454.0,21454.0,21454.0,,7350.0,7350.0,https://www.fhtechnc.edu/admissions/net-price-calculator
Fort Hays State University-Northwest Kansas Technical College,KS,1,Public,22340.0,22340.0,,22340.0,,,www.fhnw.edu/net-price-calculator
Ottawa University-Ottawa,KS,2,Private Non-Profit,51856.0,51856.0,51856.0,,35880.0,35880.0,https://www.ottawa.edu/ouks/admissions/financial-aid
Pittsburg State University,KS,1,Public,22099.0,33443.0,22099.0,,8400.0,19744.0,https://www.pittstate.edu/financial-aid/npc/index.html
Pratt Community College,KS,1,Public,19780.0,20460.0,19780.0,,4256.0,4936.0,prattcc.edu/sites/default/files/net-price-calculator/npcalc.htm
University of Saint Mary,KS,2,Private Non-Profit,48728.0,48728.0,48728.0,,35380.0,35380.0,www.stmary.edu/Admissions/Net-Price-Calculator.aspx
Salina Area Technical College,KS,1,Public,14642.0,14642.0,14642.0,,7128.0,7128.0,www.salinatech.edu/admissions/financial-aid/net-price-calculator/
Seward County Community College,KS,1,Public,12629.0,14005.0,12629.0,,4032.0,5408.0,https://web-live2.sccc.edu/import_from_HTML/NetPriceCalculator/index.html
Southwestern College,KS,2,Private Non-Profit,58432.0,58432.0,58432.0,,39822.0,39822.0,https://www.sckans.edu/other/net-price-calculator/
Sterling College,KS,2,Private Non-Profit,47185.0,47185.0,47185.0,,33700.0,33700.0,www.sterling.edu/admissions/tuition-expenses
Tabor College,KS,2,Private Non-Profit,50350.0,50350.0,50350.0,,36200.0,36200.0,tabor.edu/wp-content/npcalc/npcalc.htm
Washburn University,KS,1,Public,21512.0,32516.0,21512.0,,9945.0,20949.0,https://www.washburn.edu/netpricecalculator
Wichita State University-Campus of Applied Sciences and Technology,KS,1,Public,17592.0,17592.0,17592.0,,7238.0,7238.0,wsutech.edu/about/consumer-information/net-price-calculators/
Wichita State University,KS,1,Public,21780.0,31965.0,21780.0,,9684.0,19869.0,webapps.wichita.edu/netprice/
Wichita Technical Institute,KS,3,Private For-Profit,24939.0,24939.0,,24939.0,,,www.wti.edu/tuition-calculator
Alice Lloyd College,KY,2,Private Non-Profit,31200.0,31200.0,31200.0,,13960.0,13960.0,https://www.alc.edu/wp-content/uploads/2025/06/index.html
Asbury University,KY,2,Private Non-Profit,47459.0,47459.0,47459.0,,33640.0,33640.0,https://www.asbury.edu/net-price-calculator
Ashland Community and Technical College,KY,1,Public,14374.0,16078.0,14374.0,,4728.0,6432.0,https://ashland.kctcs.edu/affording-college/net-price-calculator
Bellarmine University,KY,2,Private Non-Profit,61691.0,61691.0,61691.0,,48770.0,48770.0,https://www.shoppingsheet.com/shopping/landing/bellarmine
Berea College,KY,2,Private Non-Profit,60718.0,60718.0,60718.0,,51658.0,51658.0,https://berea.studentaidcalculator.com/survey.aspx
PJ's College of Cosmetology-Bowling Green,KY,3,Private For-Profit,30528.0,30528.0,,30528.0,,,www.gotopjs.com/net-price-calculator
Southcentral Kentucky Community and Technical College,KY,1,Public,13993.0,15697.0,13993.0,,4728.0,6432.0,https://southcentral.kctcs.edu/affording-college/net-price-calculator/index.aspx
Brescia University,KY,2,Private Non-Profit,44328.0,44328.0,44328.0,,31550.0,31550.0,www.brescia.edu/net-price-calculator/
Campbellsville University,KY,2,Private Non-Profit,42603.0,42603.0,42603.0,,27998.0,27998.0,https://campbellsville.aidcalculator.com/
Bluegrass Community and Technical College,KY,1,Public,13902.0,15606.0,13902.0,,4808.0,6512.0,https://bluegrass.kctcs.edu/affording-college/net-price-calculator/index.aspx
Centre College,KY,2,Private Non-Profit,67787.0,67787.0,67787.0,,52820.0,52820.0,https://centre.studentaidcalculator.com/survey.aspx
Clear Creek Baptist Bible College,KY,2,Private Non-Profit,21040.0,21040.0,21040.0,,10720.0,10720.0,ccbbc.edu/admissions/financial
Paul Mitchell the School-Lexington,KY,3,Private For-Profit,28503.0,28503.0,,28503.0,,,https://paulmitchell.edu/lexington/tuition-calculator
Galen College of Nursing-Louisville,KY,3,Private For-Profit,26869.0,26869.0,,26869.0,,,https://galencollege.studentaidcalculator.com/welcome.aspx
University of the Cumberlands,KY,2,Private Non-Profit,25567.0,25567.0,25567.0,,9875.0,9875.0,https://www.ucumberlands.edu/npc
Eastern Kentucky University,KY,1,Public,23735.0,34645.0,23735.0,,10320.0,21230.0,https://application.eku.edu/register/sai_npc
Elizabethtown Community and Technical College,KY,1,Public,14212.0,15916.0,14212.0,,4728.0,6432.0,https://elizabethtown.kctcs.edu/affording-college/net-price-calculator/index.aspx
Georgetown College,KY,2,Private Non-Profit,56886.0,56886.0,56886.0,,42840.0,42840.0,https://admissions.georgetowncollege.edu/register/npc
PJ's College of Cosmetology-Glasgow,KY,3,Private For-Profit,33168.0,33168.0,,33168.0,,,www.gotopjs.com/net-price-calculator
Hazard Community and Technical College,KY,1,Public,12520.0,14224.0,12520.0,,4728.0,6432.0,https://hazard.kctcs.edu/affording-college/net-price-calculator
Paul Mitchell the School-Louisville,KY,3,Private For-Profit,33260.0,33260.0,,33260.0,,,https://paulmitchell.edu/louisville/tuition-calculator
Henderson Community College,KY,1,Public,13540.0,15244.0,13540.0,,4728.0,6432.0,https://henderson.kctcs.edu/affording-college/net-price-calculator/index.aspx
Hopkinsville Community College,KY,1,Public,14469.0,16173.0,14469.0,,4728.0,6432.0,https://hopkinsville.kctcs.edu/affording-college/net-price-calculator/index.aspx
Jefferson Community and Technical College,KY,1,Public,14457.0,16161.0,14457.0,,4808.0,6512.0,https://jefferson.kctcs.edu/affording-college/net-price-calculator/index.aspx
Summit Salon Academy-Lexington,KY,3,Private For-Profit,18701.0,18701.0,,18701.0,,,www.summitsalonacademy.org/net-price-calculator
American National University-Louisville,KY,3,Private For-Profit,25356.0,25356.0,25356.0,,12456.0,12456.0,https://an.edu/admissions/financial-assistance
Kentucky Mountain Bible College,KY,2,Private Non-Profit,16603.0,16603.0,16603.0,,10360.0,10360.0,www.mykmbc.org/files/npc/npcalc.htm
Kentucky State University,KY,1,Public,21727.0,25998.0,21727.0,,9387.0,13658.0,https://kysu.studentaidcalculator.com/survey.aspx
Kentucky Wesleyan College,KY,2,Private Non-Profit,46203.0,46203.0,46203.0,,34673.0,34673.0,https://kwc.edu/net-price-calculator/
University of Kentucky,KY,1,Public,34391.0,55029.0,34391.0,,13502.0,34140.0,https://uky.clearcostcalculator.com/student/default/netpricecalculator/survey
Kentucky Christian University,KY,2,Private Non-Profit,40168.0,40168.0,40168.0,,26625.0,26625.0,https://www.kcu.edu/campus-offices/financial-aid/net-price-calculator/
Lindsey Wilson University,KY,2,Private Non-Profit,40879.0,40879.0,40879.0,,27808.0,27808.0,https://app.meadowfi.com/lindsey
University of Louisville,KY,1,Public,32941.0,49287.0,32941.0,,13136.0,29482.0,https://louisville.edu/financialaid/estimate-my-costs-calculators
Madisonville Community College,KY,1,Public,13911.0,15615.0,13911.0,,4728.0,6432.0,https://madisonville.kctcs.edu/affording-college/net-price-calculator/index.aspx
Maysville Community and Technical College,KY,1,Public,13222.0,14926.0,13222.0,,4728.0,6432.0,https://maysville.kctcs.edu/affording-college/net-price-calculator/
Midway University,KY,2,Private Non-Profit,48805.0,48805.0,48805.0,,27220.0,27220.0,www.midway.edu/admissions-aid/cost-aid/net-price-calculator/
Morehead State University,KY,1,Public,21961.0,26917.0,21961.0,,10024.0,14980.0,https://tcc.ruffalonl.com/morehead state university/npc
Murray State University,KY,1,Public,23485.0,33421.0,23485.0,,9900.0,19836.0,https://www.murraystate.edu/admissions/BursarsOffice/net-price.aspx
Gateway Community and Technical College,KY,1,Public,14075.0,15779.0,14075.0,,4728.0,6432.0,https://gateway.kctcs.edu/affording-college/net-price-calculator/index.aspx
Northern Kentucky University,KY,1,Public,19725.0,30549.0,19725.0,,11088.0,21912.0,https://nku.studentaidcalculator.com/welcome.aspx
West Kentucky Community and Technical College,KY,1,Public,14084.0,15788.0,14084.0,,4728.0,6432.0,https://westkentucky.kctcs.edu/affording-college/net-price-calculator/index.aspx
University of Pikeville,KY,2,Private Non-Profit,33420.0,33420.0,33420.0,,24850.0,24850.0,https://www.upike.edu/undergraduate/financial-aid/net-price-calculator/
Big Sandy Community and Technical College,KY,1,Public,13047.0,14751.0,13047.0,,4728.0,6432.0,https://bigsandy.kctcs.edu/affording-college/net-price-calculator/index.aspx
Empire Beauty School-Chenoweth,KY,3,Private For-Profit,20033.0,20033.0,,20033.0,,,www.empire.edu/consumer-information/net-price-calculator
Empire Beauty School-Elizabethtown,KY,3,Private For-Profit,21845.0,21845.0,,21845.0,,,www.empire.edu/consumer-information/net-price-calculator
Empire Beauty School-Dixie,KY,3,Private For-Profit,23134.0,23134.0,,23134.0,,,www.empire.edu/consumer-information/net-price-calculator
Empire Beauty School-Florence,KY,3,Private For-Profit,20979.0,20979.0,,20979.0,,,www.empire.edu/consumer-information/net-price-calculator
Somerset Community College,KY,1,Public,12959.0,14663.0,12959.0,,4728.0,6432.0,https://somerset.kctcs.edu/affording-college/net-price-calculator/index.aspx
Southeast Kentucky Community & Technical College,KY,1,Public,12699.0,14403.0,12699.0,,4728.0,6432.0,https://southeast.kctcs.edu/affording-college/net-price-calculator/
Spalding University,KY,2,Private Non-Profit,45530.0,45530.0,45530.0,,29200.0,29200.0,https://npc.spalding.edu/
Sullivan University,KY,3,Private For-Profit,31766.0,31766.0,31766.0,,15480.0,15480.0,www.sullivan.edu/net-price-calculator/
Thomas More University,KY,2,Private Non-Profit,49452.0,49452.0,49452.0,,39800.0,39800.0,https://www2.thomasmore.edu/financial_aid/netprice_introduction.cfm
Transylvania University,KY,2,Private Non-Profit,60993.0,60993.0,60993.0,,46870.0,46870.0,https://tcc.ruffalonl.com/Transylvania University/Freshmen Students
Union Commonwealth University,KY,2,Private Non-Profit,44322.0,44322.0,44322.0,,30946.0,30946.0,https://www.unionky.edu/admissions-aid/cost-aid
Western Kentucky University,KY,1,Public,24188.0,39536.0,24188.0,,11652.0,27000.0,https://tcc.ruffalonl.com/Western Kentucky University/Freshman-Students
Central Louisiana Technical Community College,LA,1,Public,12172.0,12172.0,12172.0,,4099.0,4099.0,https://www.cltcc.edu/financial-aid/files/net-price-calculator/index.html
Ayers Career College,LA,3,Private For-Profit,26385.0,26385.0,,26385.0,,,ayers.edu/disclosures/
Bossier Parish Community College,LA,1,Public,17111.0,17111.0,17111.0,,4283.0,4283.0,https://www.bpcc.edu/admissions/financial-aid/net-price-calculator
Centenary College of Louisiana,LA,2,Private Non-Profit,60620.0,60620.0,60620.0,,41200.0,41200.0,https://www.centenary.edu/admission/tuition-aid/net-price-calculator/
Cloyd's Beauty School 1 Inc,LA,3,Private For-Profit,11226.0,11226.0,,11226.0,,,https://cloydsbeautyschools.edu/NetPrice/npcalc.htm
Crescent City Bartending School,LA,3,Private For-Profit,26544.0,26544.0,,26544.0,,,crescent.edu/net-price-calculator
Delgado Community College,LA,1,Public,18568.0,18568.0,18568.0,,4279.0,4279.0,https://www.dcc.edu/student-services/financial-aid/resources/delgado-npc.html
Delta College West,LA,3,Private For-Profit,23212.0,23212.0,,23212.0,,,https://averyjamesschool.com/net-price-calculator/npcalc.htm
Denham Springs Beauty School,LA,3,Private For-Profit,15290.0,15290.0,,15290.0,,,www.dsbc.edu/classes
Dillard University,LA,2,Private Non-Profit,39202.0,39202.0,39202.0,,23918.0,23918.0,dillard.edu/netpricecalc/
Nunez Community College,LA,1,Public,18175.0,18175.0,18175.0,,4255.0,4255.0,https://www.nunez.edu/financial-aid/files/net-price-calculator/index.html
Grambling State University,LA,1,Public,25367.0,34390.0,25367.0,,7683.0,16706.0,https://goingto.gram.edu/register/npc
Belbo Beauty Institute,LA,3,Private For-Profit,27182.0,27182.0,,27182.0,,,www.belbobeautyinstitute.edu/cosmetology
ITI Technical College,LA,3,Private For-Profit,25749.0,25749.0,25749.0,,11711.0,11711.0,www.iticollege.edu/netpricecalculator
John Jay Beauty College,LA,3,Private For-Profit,12975.0,12975.0,,12975.0,,,https://www.johnjaybeautycollege.com/net-price-calculator
Louisiana State University at Alexandria,LA,1,Public,15550.0,23150.0,15550.0,,7050.0,14650.0,https://apps.lsua.edu/calculators/netcost
Louisiana State University and Agricultural & Mechanical College,LA,1,Public,34705.0,51382.0,34705.0,,11954.0,28631.0,https://www.lsu.edu/financialaid/cost/net_price_calculator.php
Louisiana State University-Eunice,LA,1,Public,17346.0,22710.0,17346.0,,4730.0,10094.0,https://www.lsue.edu/financialaid/npcalc.html
Louisiana State University-Shreveport,LA,1,Public,19461.0,19461.0,19461.0,,7518.0,7518.0,https://www.lsus.edu/costs-and-aid/net-price-calculator
Aveda Arts & Sciences Institute-Baton Rouge,LA,3,Private For-Profit,29563.0,29563.0,,29563.0,,,https://avedaarts.edu/program-information/2019/net-price-calculator/npcalc-batonrouge.htm
Aveda Arts & Sciences Institute-Lafayette,LA,3,Private For-Profit,28688.0,28688.0,,28688.0,,,https://avedaarts.edu/program-information/2019/net-price-calculator/npcalc-lafayette.htm
Louisiana Christian University,LA,2,Private Non-Profit,33791.0,33791.0,33791.0,,20266.0,20266.0,https://lcuniversity.edu/campus-life/financial-aid/net-price-calculator/
Opelousas School of Cosmetology,LA,3,Private For-Profit,19552.0,19552.0,,19552.0,,,www.https//nces.ed.gov/ipeds/netpricecalculator/#/
Louisiana Tech University,LA,1,Public,24280.0,31021.0,24280.0,,10125.0,16866.0,https://www.latech.edu/current-students/financial-aid/resources/net-price-calculator/#content
Loyola University New Orleans,LA,2,Private Non-Profit,64157.0,64157.0,64157.0,,49440.0,49440.0,www.loyno.edu/admissions/tuition-financial-aid/net-price-calculator
McNeese State University,LA,1,Public,22810.0,24310.0,22810.0,,8489.0,9989.0,https://www.mcneese.edu/ire/net_price_calculator
University of New Orleans,LA,1,Public,23431.0,28267.0,23431.0,,9172.0,14008.0,www.uno.edu/financial-aid/cost-of-education/net-price-calculator
New Orleans Baptist Theological Seminary,LA,2,Private Non-Profit,21660.0,21660.0,21660.0,,12468.0,12468.0,www.nobts.edu/financial-aid/default.html
Nicholls State University,LA,1,Public,23481.0,24574.0,23481.0,,8149.0,9242.0,https://www.nicholls.edu/net-price-calculator/
University of Louisiana at Monroe,LA,1,Public,24932.0,37032.0,24932.0,,9190.0,21290.0,https://webservices.ulm.edu/price_calculator/npcalc.htm
Northwest Louisiana Technical Community College,LA,1,Public,16807.0,16807.0,16807.0,,4109.0,4109.0,www.nltcc.edu/financial-aid/net-price-calculator
Northwestern State University of Louisiana,LA,1,Public,25431.0,36219.0,25431.0,,8864.0,19652.0,https://www.nsula.edu/netpricecalculator.html
University of Holy Cross,LA,2,Private Non-Profit,27541.0,27541.0,27541.0,,16576.0,16576.0,https://selfservice.uhcno.edu/calculator/
Franciscan Missionaries of Our Lady University,LA,2,Private Non-Profit,28490.0,28490.0,28490.0,,18310.0,18310.0,www.franu.edu/offices-services/office-of-financial-aid/true-cost-calculator
Celebrity Stylist Beauty School,LA,3,Private For-Profit,21259.0,21259.0,,21259.0,,,www.server1-jbmultimedia.net/celebritystylist/npcalc.htm
Pineville Beauty School,LA,3,Private For-Profit,17130.0,17130.0,,17130.0,,,https://www.pinevillebeauty.com/static/net-price-calculator/
Aveda Arts & Sciences Institute-Covington,LA,3,Private For-Profit,30121.0,30121.0,,30121.0,,,https://avedaarts.edu/program-information/2019/net-price-calculator/npcalc-covington.htm
Saint Joseph Seminary College,LA,2,Private Non-Profit,49944.0,49944.0,49944.0,,28025.0,28025.0,www.sjasc.edu/consumer-information
LaSalle Tech,LA,3,Private For-Profit,19459.0,19459.0,,19459.0,,,lasalletech.edu/
Fletcher Technical Community College,LA,1,Public,17452.0,17452.0,17452.0,,4219.0,4219.0,www.fletcher.edu/financial-aid/files/documents/index.html
Remington College-Lafayette Campus,LA,2,Private Non-Profit,35661.0,35661.0,35661.0,,16312.0,16312.0,https://www.remingtoncollege.edu/net-price-calculator/
SOWELA Technical Community College,LA,1,Public,15578.0,15578.0,15578.0,,4305.0,4305.0,www.sowela.edu/admissions/financial-aid/price-calculator/
Southeastern Louisiana University,LA,1,Public,23604.0,36082.0,23604.0,,8373.0,20851.0,https://www.southeastern.edu/admin/fin_aid/cost/net_price_calculator/index.html
Southern University and A & M College,LA,1,Public,26341.0,33691.0,26341.0,,9922.0,17272.0,www.subr.edu/page/net-price-calculator
Southern University at New Orleans,LA,1,Public,23905.0,32805.0,23905.0,,8054.0,16954.0,www.suno.edu/page/net-price-calculator
Southern University at Shreveport,LA,1,Public,17017.0,17017.0,17017.0,,4958.0,4958.0,www.susla.edu/page/net-price-calculator
University of Louisiana at Lafayette,LA,1,Public,24884.0,38612.0,24884.0,,10418.0,24146.0,louisiana.edu/admissions-aid/costs-financial-aid
Northshore Technical Community College,LA,1,Public,17553.0,17553.0,17553.0,,4299.0,4299.0,www.northshorecollege.edu/financial-aid/files/net-price-calculator/index.html
Tulane University of Louisiana,LA,2,Private Non-Profit,87004.0,87004.0,87004.0,,68678.0,68678.0,https://admission.tulane.edu/tuition-aid/net-price-calculator
Xavier University of Louisiana,LA,2,Private Non-Profit,40434.0,40434.0,40434.0,,28733.0,28733.0,https://xula.clearcostcalculator.com/student/default/netpricecalculator/survey
College of the Atlantic,ME,2,Private Non-Profit,58266.0,58266.0,58266.0,,47997.0,47997.0,https://npc.collegeboard.org/app/atlantic
Bates College,ME,2,Private Non-Profit,83532.0,83532.0,83532.0,,66590.0,66590.0,https://npc.collegeboard.org/app/bates
Beal University,ME,3,Private For-Profit,44477.0,44477.0,,44477.0,,,www.beal.edu/consumer-information/
Bowdoin College,ME,2,Private Non-Profit,85100.0,85100.0,85100.0,,67832.0,67832.0,https://npc.collegeboard.org/app/bowdoin
Maine College of Health Professions,ME,2,Private Non-Profit,26827.0,26827.0,26827.0,,20952.0,20952.0,www.mchp.edu/net-price-calculator
Central Maine Community College,ME,1,Public,15063.0,17943.0,15063.0,,4140.0,7020.0,https://www.cmcc.edu/npc/npcalc.htm
Colby College,ME,2,Private Non-Profit,85420.0,85420.0,85420.0,,69600.0,69600.0,https://npc.collegeboard.org/app/colby
Eastern Maine Community College,ME,1,Public,16791.0,19671.0,16791.0,,4156.0,7036.0,https://www.emcc.edu/wp-content/uploads/2023/02/index.html
Kennebec Valley Community College,ME,1,Public,12149.0,15029.0,12149.0,,4156.0,7036.0,https://my.kvcc.me.edu/ICS/Finances/Finances_Homepage.jnz?portlet=Net_Price_Calculator
The Landing School,ME,2,Private Non-Profit,42868.0,42868.0,42868.0,,29060.0,29060.0,https://www.landingschool.edu/net-price-calculator
University of Maine at Augusta,ME,1,Public,19052.0,32342.0,19052.0,,8888.0,22178.0,www.uma.edu/financial/costs/net-cost-calculator/
University of Maine at Farmington,ME,1,Public,25822.0,38392.0,25822.0,,11308.0,23878.0,https://www.umf.maine.edu/admissions-aid/umf-net-price-calculator/
University of Maine at Fort Kent,ME,1,Public,18703.0,24163.0,18703.0,,9420.0,14880.0,https://www.umfk.edu/admissions/financialaid/basics/
University of Maine,ME,1,Public,27328.0,50758.0,27328.0,,13326.0,36756.0,https://go.umaine.edu/netpricecalculator/
Maine Maritime Academy,ME,1,Public,31046.0,46990.0,31046.0,,15158.0,31102.0,https://npc.collegeboard.org/app/mainemaritime
University of Maine at Presque Isle,ME,1,Public,19113.0,24573.0,19113.0,,9402.0,14862.0,www.umpi.edu/app/tuition-fees-estimator/
University of New England,ME,2,Private Non-Profit,63245.0,63245.0,63245.0,,44210.0,44210.0,https://www.une.edu/sfs/undergraduate/costs
Northern Maine Community College,ME,1,Public,15918.0,18798.0,15918.0,,4156.0,7036.0,www2.nmcc.edu/npc/
Empire Beauty School-Maine,ME,3,Private For-Profit,21426.0,21426.0,,21426.0,,,www.empire.edu/consumer-information/net-price-calculator
Maine College of Art & Design,ME,2,Private Non-Profit,60128.0,60128.0,60128.0,,42942.0,42942.0,meca.edu/admissions/net-price-calculator/
Saint Joseph's College of Maine,ME,2,Private Non-Profit,59782.0,59782.0,59782.0,,44420.0,44420.0,https://www.sjcme.edu/admissions/oncampus/costs-and-billing/calculators/
Spa Tech Institute-Westbrook,ME,3,Private For-Profit,33615.0,33615.0,,33615.0,,,www.spatech.edu/consumer-information
Southern Maine Community College,ME,1,Public,18531.0,21411.0,18531.0,,4156.0,7036.0,https://www.smccme.edu/about/consumer-info/net-price-calculator/
University of Southern Maine,ME,1,Public,23717.0,40377.0,23717.0,,11284.0,27944.0,usm.maine.edu/student-financial-services/net-price-calculator
Thomas College,ME,2,Private Non-Profit,47198.0,47198.0,47198.0,,31824.0,31824.0,https://www.thomas.edu/admissions-aid/tuition-fees/net-price-calculator/
Unity Environmental University,ME,2,Private Non-Profit,21931.0,21931.0,21931.0,,12640.0,12640.0,https://app.meadowfi.com/unity
Washington County Community College,ME,1,Public,13731.0,16611.0,13731.0,,4156.0,7036.0,https://www.wccc.me.edu/npcalc/npcalc.htm
Allegany College of Maryland,MD,1,Public,16170.0,23850.0,16170.0,,4938.0,12618.0,services.allegany.edu/netprice/
Anne Arundel Community College,MD,1,Public,19841.0,27041.0,19841.0,,4322.0,11522.0,webapps.aacc.edu/sp/NetPriceCal/npcalc.htm
Award Beauty School,MD,3,Private For-Profit,22961.0,22961.0,,22961.0,,,www.awardbeautyschool.co/misc/netprice/index.html
Baltimore Studio of Hair Design,MD,3,Private For-Profit,21390.0,21390.0,,21390.0,,,baltimorestudio.com/Netprice1.html/npcalc.htm.html
Baltimore City Community College,MD,1,Public,22790.0,26870.0,22790.0,,3314.0,7394.0,https://www.bccc.edu/cms/lib/MD02000050/Centricity/domain/1112/net price calculator/Net Price Calculator.html
University of Baltimore,MD,1,Public,26406.0,40398.0,26406.0,,9992.0,23984.0,https://www.ubalt.edu/admission-and-aid/financial-aid/policies/net-price.cfm
Bowie State University,MD,1,Public,25220.0,35940.0,25220.0,,9218.0,19938.0,npc.collegeboard.org/app/bowiestate
Capitol Technology University,MD,2,Private Non-Profit,42471.0,42471.0,42471.0,,27592.0,27592.0,https://mycapitol.captechu.edu/ICS/College_Offices/Financial_Aid_Office/Net_Price_Calculator.jnz
Cecil College,MD,1,Public,14700.0,19890.0,14700.0,,5640.0,10830.0,https://www.cecil.edu/wp-content/documents/net-price-calculator/npcalc.htm
College of Southern Maryland,MD,1,Public,13681.0,19531.0,13681.0,,4200.0,10050.0,directory.csmd.edu/misc/netPriceCalc/
Chesapeake College,MD,1,Public,10751.0,15245.0,10751.0,,4274.0,8768.0,https://www.chesapeake.edu/wp-content/uploads/2024/11/npc-index.html
Washington Adventist University,MD,2,Private Non-Profit,34309.0,34309.0,34309.0,,26604.0,26604.0,https://www.wau.edu/future-students/admission/financial-aid/net-price-calculator/
Coppin State University,MD,1,Public,23748.0,30672.0,23748.0,,7100.0,14024.0,https://www.coppin.edu/financialaid/calculator
Del-Mar-Va Beauty Academy,MD,3,Private For-Profit,31050.0,31050.0,,31050.0,,,pronto-core-cdn.prontomarketing.com/2/wp-content/uploads/sites/1673/NetPriceCalculator/2022/06/index.html
North American Trade Schools,MD,3,Private For-Profit,8597.0,8597.0,,8597.0,,,https://nats.netlify.app/
Frederick Community College,MD,1,Public,14798.0,20991.0,14798.0,,3849.0,10042.0,https://apps.frederick.edu/pages/NetPriceCalculator/npcalc.htm
Frostburg State University,MD,1,Public,27056.0,42650.0,27056.0,,10220.0,25814.0,https://www.frostburg.edu/admissions-and-cost/financial-aid/cost-of-attendance/cost-calculators.php
Garrett College,MD,1,Public,14342.0,22238.0,14342.0,,4144.0,12040.0,www.garrettcollege.edu/NPC/
Goucher College,MD,2,Private Non-Profit,70544.0,70544.0,70544.0,,53350.0,53350.0,www.goucher.edu/financial-aid/tuition-and-fees/net-price-calculator
Hagerstown Community College,MD,1,Public,12747.0,16617.0,12747.0,,4320.0,8190.0,https://hcc-webapps.hagerstowncc.edu/Forms/calcs/netpricecalc.html
Harford Community College,MD,1,Public,13821.0,18621.0,13821.0,,4032.0,8832.0,https://hccweb1.harford.edu/Finance/Net_Price_Calc/
Hood College,MD,2,Private Non-Profit,61219.0,61219.0,61219.0,,47700.0,47700.0,https://www.hood.edu/net-price-calculator
Howard Community College,MD,1,Public,16774.0,22318.0,16774.0,,4080.0,9624.0,https://www.howardcc.edu/admissions-aid/pay-for-college/financial-aid/net-price-calculator/
Aveda Institute-Maryland,MD,3,Private For-Profit,17821.0,17821.0,,17821.0,,,https://avedainstitutemd.edu/wp-content/uploads/2022/04/index-1.html
Johns Hopkins University,MD,2,Private Non-Profit,85947.0,85947.0,85947.0,,65230.0,65230.0,https://npc.collegeboard.org/student/app/jhu
Lincoln College of Technology-Columbia,MD,3,Private For-Profit,38679.0,38679.0,,38679.0,,,www.lincolntech.edu/net-price-calculator
Loyola University Maryland,MD,2,Private Non-Profit,74055.0,74055.0,74055.0,,57150.0,57150.0,https://collegepricecalculator.com/loyolauniversitymaryland
University of Maryland Global Campus,MD,1,Public,25400.0,29600.0,25400.0,,8136.0,12336.0,www.umgc.edu/tuition-financial-assistance/tuition/undergraduate-net-price-calculator
University of Maryland-Baltimore County,MD,1,Public,28576.0,46595.0,28576.0,,13256.0,31275.0,ofas.umbc.edu/netprice/
University of Maryland-College Park,MD,1,Public,29299.0,58676.0,29299.0,,11809.0,41186.0,https://financialaid.umd.edu/resources-policies/net-price-calculator
Maryland Institute College of Art,MD,2,Private Non-Profit,76860.0,76860.0,76860.0,,56800.0,56800.0,https://www.mica.edu/admissions/financial-aid/undergraduate-financial-aid/net-price-calculator/
University of Maryland Eastern Shore,MD,1,Public,25941.0,36987.0,25941.0,,9076.0,20122.0,www.umes.edu/NetPriceCalculator/npcalc.htm
Fortis Institute-Towson,MD,3,Private For-Profit,37479.0,37479.0,,37479.0,,,https://www.fortis.edu/content/dam/fortis/compliance/netpricecalc/npcalc-fortis_towson.htm
Montgomery Beauty School,MD,3,Private For-Profit,23473.0,23473.0,,23473.0,,,www.montgomerybeautyschool.co/misc/netprice/index.html
Montgomery College,MD,1,Public,15298.0,24154.0,15298.0,,5394.0,14250.0,appserv.montgomerycollege.edu/netprice/netpricecalculator/npcalc.htm
Morgan State University,MD,1,Public,25413.0,36308.0,25413.0,,8229.0,19124.0,https://www.morgan.edu/office-of-financial-aid/resources/morgan-state-universitys-new-student-undergraduate-net-price-calculator
Mount St. Mary's University,MD,2,Private Non-Profit,63731.0,63731.0,63731.0,,48630.0,48630.0,https://msmary.edu/admissions/financial-aid/net-price-calculator.html
Ner Israel Rabbinical College,MD,2,Private Non-Profit,26750.0,26750.0,26750.0,,10600.0,10600.0,https://nirc.edu/net-price-calculator/
Hair Academy,MD,3,Private For-Profit,22794.0,22794.0,,22794.0,,,www.hairacademymd.co/misc/netprice/index.html
Notre Dame of Maryland University,MD,2,Private Non-Profit,59320.0,59320.0,59320.0,,43360.0,43360.0,www.ndm.edu/admissions-aid/financial-aid/financial-aid-calculator
Prince George's Community College,MD,1,Public,15544.0,20272.0,15544.0,,4034.0,8762.0,https://scripts.pgcc.edu/netprice/npcalc.html
Maryland Beauty Academy of Essex,MD,3,Private For-Profit,20241.0,20241.0,,20241.0,,,baltimorestudio.com/04232015_NPCalc/npcalc.htm
Salisbury University,MD,1,Public,28310.0,39400.0,28310.0,,11084.0,22174.0,tcc.ruffalonl.com/salisbury university/freshman students
St. Mary's College of Maryland,MD,1,Public,31865.0,47941.0,31865.0,,15298.0,31374.0,https://collegepricecalculator.com/smcm
St. John's College,MD,2,Private Non-Profit,55540.0,55540.0,55540.0,,40684.0,40684.0,www.sjc.edu/admissions-and-aid/financial-aid/net-price-calculator/
Towson University,MD,1,Public,28535.0,46627.0,28535.0,,11728.0,29820.0,https://www.towson.edu/admissions/tuition/calculator.html
Stevenson University,MD,2,Private Non-Profit,58394.0,58394.0,58394.0,,40560.0,40560.0,www.stevenson.edu/admissions-aid/scholarships-financial-aid/net-price-calculator/
Washington College,MD,2,Private Non-Profit,73314.0,73314.0,73314.0,,55326.0,55326.0,https://www.washcoll.edu/admissions/financial-aid/net_price_calculator/net_price_cal_short_code.html
McDaniel College,MD,2,Private Non-Profit,65294.0,65294.0,65294.0,,52081.0,52081.0,https://www.mcdaniel.edu/admissions-cost/cost-financial-aid/net-price-calculator
Wor-Wic Community College,MD,1,Public,15190.0,19750.0,15190.0,,3840.0,8400.0,www.worwic.edu/About-Wor-Wic/Consumer-Information
Hult International Business School,MA,2,Private Non-Profit,79075.0,79075.0,79075.0,,57160.0,57160.0,https://hult.formstack.com/forms/bba_net_price_calculator
American International College,MA,2,Private Non-Profit,59270.0,59270.0,59270.0,,44230.0,44230.0,https://www.aic.edu/admissions/tuition-and-financial-aid/net-price-calculator/
Amherst College,MA,2,Private Non-Profit,87640.0,87640.0,87640.0,,70480.0,70480.0,https://npc.collegeboard.org/student/app/amherst
Anna Maria College,MA,2,Private Non-Profit,61888.0,61888.0,61888.0,,44571.0,44571.0,www.annamaria.edu/admission/financial-aid/net-price-calculator/#Net
Assabet Valley Regional Technical School,MA,1,Public,39920.0,39920.0,,39920.0,,,www.assabet.org/UserFiles/Servers/Server_82103/Media/NetPrice/NetPriceCalculator.html
Assumption University,MA,2,Private Non-Profit,65551.0,65551.0,65551.0,,51356.0,51356.0,https://www.assumption.edu/admissions-financial-aid/undergraduate-admissions-and-financial-aid/undergraduate-tuition-and-fees
Babson College,MA,2,Private Non-Profit,80192.0,80192.0,80192.0,,57152.0,57152.0,npc.collegeboard.org/app/babson
Boston Baptist College,MA,2,Private Non-Profit,23370.0,23370.0,23370.0,,14304.0,14304.0,www.collegeraptor.com/Shopping/Full/164614?modeltype=3
Bay Path University,MA,2,Private Non-Profit,47308.0,47308.0,47308.0,,38302.0,38302.0,www.baypath.edu/undergraduate-experience/financial-aid/net-price-calculator
Bentley University,MA,2,Private Non-Profit,79548.0,79548.0,79548.0,,61000.0,61000.0,https://npc.collegeboard.org/student/app/bentley
Berklee College of Music,MA,2,Private Non-Profit,72700.0,72700.0,72700.0,,52040.0,52040.0,www.berklee.edu/paying-for-your-education/net-price-calculator
Berkshire Community College,MA,1,Public,18062.0,23366.0,18062.0,,6164.0,11468.0,https://www.berkshirecc.edu/paying-for-college/cost-of-attendance/index.php
Boston Architectural College,MA,2,Private Non-Profit,40343.0,40343.0,40343.0,,27470.0,27470.0,the-bac.edu/financial-aid/net-price-calculator
Boston College,MA,2,Private Non-Profit,89493.0,89493.0,89493.0,,70702.0,70702.0,https://npc.collegeboard.org/student/app/bc
Boston University,MA,2,Private Non-Profit,86285.0,86285.0,86285.0,,68102.0,68102.0,www.bu.edu/finaid/aid-basics/cost-of-education/net-price-calculator/
Brandeis University,MA,2,Private Non-Profit,86448.0,86448.0,86448.0,,68080.0,68080.0,https://www.brandeis.edu/student-financial-services/affordability.html
Bridgewater State University,MA,1,Public,26160.0,32300.0,26160.0,,11808.0,17948.0,www.bridgew.edu/office/financial-aid/net-price-calulator
Bristol Community College,MA,1,Public,12168.0,17112.0,12168.0,,5832.0,10776.0,https://bristolcc.edu/getstartedatbristol/financesatbristol/studentaccounts/npc.html
Signature Healthcare Brockton Hospital School of Nursing,MA,2,Private Non-Profit,29084.0,29084.0,,29084.0,,,https://signature-healthcare.org/bhson/financial-aid-calculator
Bunker Hill Community College,MA,1,Public,14899.0,19843.0,14899.0,,6168.0,11112.0,www.bhcc.edu/financialaid/costofattendanceanddeterminingneed/
Cambridge College,MA,2,Private Non-Profit,34072.0,34072.0,34072.0,,18378.0,18378.0,www.cambridgecollege.edu/net-price-calculator/
Cape Cod Community College,MA,1,Public,15053.0,19997.0,15053.0,,6000.0,10944.0,https://www.capecod.edu/paying-for-college/net-price-calculator/
Catherine Hinds Institute of Esthetics,MA,3,Private For-Profit,25132.0,25132.0,,25132.0,,,catherinehinds.edu/net-price-calculator/
Laboure College of Healthcare,MA,2,Private Non-Profit,36863.0,36863.0,36863.0,,30618.0,30618.0,https://www.laboure.edu/tuition-financial-aid/net-price-calculator
Clark University,MA,2,Private Non-Profit,68432.0,68432.0,68432.0,,58867.0,58867.0,www.clarku.edu/offices/financial-aid/prospective-students/u-s-students/
Curry College,MA,2,Private Non-Profit,64020.0,64020.0,64020.0,,47970.0,47970.0,https://www.curry.edu/npc
Dean College,MA,2,Private Non-Profit,64889.0,64889.0,64889.0,,46526.0,46526.0,www.dean.edu/net-price-calculator.aspx
Diman Regional Technical Institute,MA,1,Public,26004.0,26004.0,,26004.0,,,www.dimanregional.org/our-programs/practical-nursing
National Aviation Academy of New England,MA,3,Private For-Profit,32464.0,32464.0,,32464.0,,,www.naa.edu/consumer-information
Emerson College,MA,2,Private Non-Profit,80399.0,80399.0,80399.0,,57056.0,57056.0,https://npc.collegeboard.org/student/app/emerson
Emmanuel College,MA,2,Private Non-Profit,65252.0,65252.0,65252.0,,48550.0,48550.0,https://collegepricecalculator.com/emmanuelcollege
Endicott College,MA,2,Private Non-Profit,59328.0,59328.0,59328.0,,40650.0,40650.0,app.meadowfi.com/endicott
Rob Roy Academy-Fall River,MA,3,Private For-Profit,34166.0,34166.0,,34166.0,,,www.rob-roy.com/netpricecalculator/npcalc.htm
Fisher College,MA,2,Private Non-Profit,53921.0,53921.0,53921.0,,35689.0,35689.0,https://www.fisher.edu/admissions-aid/net-price-calculator
Fitchburg State University,MA,1,Public,25555.0,31635.0,25555.0,,11346.0,17426.0,www.fitchburgstate.edu/admissions-aid/financial-aid/net-price-calculator
Framingham State University,MA,1,Public,27413.0,33493.0,27413.0,,11920.0,18000.0,https://npc.collegeboard.org/app/framingham
Benjamin Franklin Cummings Institute of Technology,MA,2,Private Non-Profit,30406.0,30406.0,30406.0,,18906.0,18906.0,npc.collegeboard.org/app/bfit
Gordon College,MA,2,Private Non-Profit,42446.0,42446.0,42446.0,,30700.0,30700.0,www.gordon.edu/netpricecalculator
Greenfield Community College,MA,1,Public,14762.0,20882.0,14762.0,,5810.0,11930.0,https://www.gcc.mass.edu/financial-aid/net-price-calculator/
Hampshire College,MA,2,Private Non-Profit,74195.0,74195.0,74195.0,,58896.0,58896.0,https://www.hampshire.edu/net-price-calculator
Harvard University,MA,2,Private Non-Profit,85540.0,85540.0,85540.0,,61676.0,61676.0,college.harvard.edu/financial-aid/net-price-calculator
Hellenic College-Holy Cross Greek Orthodox School of Theology,MA,2,Private Non-Profit,41282.0,41282.0,41282.0,,22490.0,22490.0,www.hchc.edu/assets/files/FinancialAid/npcalc.htm
College of the Holy Cross,MA,2,Private Non-Profit,80334.0,80334.0,80334.0,,64500.0,64500.0,https://www.holycross.edu/financial-aid/financial-aid-calculator
Holyoke Community College,MA,1,Public,15043.0,19987.0,15043.0,,5988.0,10932.0,www.hcc.edu/tuition-and-aid/tuition-and-fees/net-price-calculator
Lasell University,MA,2,Private Non-Profit,42434.0,42434.0,42434.0,,27040.0,27040.0,https://lasell.clearcostcalculator.com/student/default/netpricecalculator/survey
Lesley University,MA,2,Private Non-Profit,51538.0,51538.0,51538.0,,34256.0,34256.0,lesley.aidcalc.cloud/
Longy School of Music of Bard College,MA,2,Private Non-Profit,72450.0,72450.0,72450.0,,55275.0,55275.0,longy.edu/wp-content/uploads/2019/04/Net-Price-Calculator.htm
Lowell Academy Hairstyling Institute,MA,3,Private For-Profit,21306.0,21306.0,,21306.0,,,www.lowellacademy.com/netpricecalculator
University of Massachusetts-Lowell,MA,1,Public,30786.0,50084.0,30786.0,,16966.0,36264.0,https://uml.studentaidcalculator.com/welcome.aspx
University of Massachusetts-Amherst,MA,1,Public,34549.0,57226.0,34549.0,,17772.0,40449.0,www.umass.edu/net_price_calculator/
University of Massachusetts-Boston,MA,1,Public,30544.0,52761.0,30544.0,,15908.0,38125.0,https://umb.studentaidcalculator.com/survey.aspx
Massachusetts Bay Community College,MA,1,Public,14185.0,19129.0,14185.0,,5856.0,10800.0,https://www.massbay.edu/finance/tuition-calculator
Massachusetts College of Pharmacy and Health Sciences,MA,2,Private Non-Profit,65022.0,65022.0,65022.0,,40530.0,40530.0,www.mcphs.edu/admission-and-aid/financial-services/net-price-calculator
Massachusetts College of Art and Design,MA,1,Public,34239.0,62239.0,34239.0,,15400.0,43400.0,https://massart.edu/net-price-calculator
Massachusetts Institute of Technology,MA,2,Private Non-Profit,82730.0,82730.0,82730.0,,62396.0,62396.0,https://npc.collegeboard.org/app/mit
Massachusetts Maritime Academy,MA,1,Public,31367.0,43669.0,31367.0,,11420.0,23722.0,https://www.maritime.edu/netprice/
Massachusetts School of Barbering,MA,3,Private For-Profit,21276.0,21276.0,,21276.0,,,massschoolofbarbering.com/NetPriceCalculator/npcalc.htm
Massasoit Community College,MA,1,Public,14904.0,19848.0,14904.0,,5376.0,10320.0,www.massasoit.edu/enrollment/paying-for-college/financial-aid/net-price-calculator/
Merrimack College,MA,2,Private Non-Profit,70038.0,70038.0,70038.0,,53962.0,53962.0,https://www.merrimack.edu/aid/net-price-calculator/
Middlesex Community College,MA,1,Public,10342.0,16414.0,10342.0,,6048.0,12120.0,https://www.middlesex.edu/studentpayments/downloads/netprice.html
Montserrat College of Art,MA,2,Private Non-Profit,58616.0,58616.0,58616.0,,40690.0,40690.0,https://www.montserrat.edu/wp-content/uploads/2025/06/index.html
Mount Holyoke College,MA,2,Private Non-Profit,84926.0,84926.0,84926.0,,67018.0,67018.0,https://npc.collegeboard.org/app/mtholyoke
Mount Wachusett Community College,MA,1,Public,15487.0,20407.0,15487.0,,6160.0,11080.0,mwcc.edu/about-mwcc/public-disclosure/net-price-calculator/
Rob Roy Academy-New Bedford,MA,3,Private For-Profit,30436.0,30436.0,,30436.0,,,www.rob-roy.com/netpricecalculator/npcalc.htm
The New England Conservatory of Music,MA,2,Private Non-Profit,81277.0,81277.0,81277.0,,60750.0,60750.0,https://necmusic.edu/admissions/tuition-aid/net-price-calculator/
Nichols College,MA,2,Private Non-Profit,58310.0,58310.0,58310.0,,42705.0,42705.0,nichols.studentaidcalculator.com/survey.aspx
Massachusetts College of Liberal Arts,MA,1,Public,26026.0,34971.0,26026.0,,12436.0,21381.0,https://www.mcla.edu/admission-aid/paying-for-college/financial-aid/calculator_2023.inc
North Bennet Street School,MA,2,Private Non-Profit,47449.0,47449.0,,47449.0,,,nbss.aidcalc.cloud/
North Shore Community College,MA,1,Public,15896.0,21464.0,15896.0,,5352.0,10920.0,www.northshore.edu/paying/cost/netprice/calculator/
Northeastern University,MA,2,Private Non-Profit,84641.0,84641.0,84641.0,,66162.0,66162.0,https://studentfinance.northeastern.edu/financial-tools-and-calculators/
Northern Essex Community College,MA,1,Public,13201.0,18985.0,13201.0,,6732.0,12516.0,www.necc.mass.edu/afford/tuition-costs/estimating-costs/net-price-calculator/
College of Our Lady of the Elms,MA,2,Private Non-Profit,54027.0,54027.0,54027.0,,43325.0,43325.0,https://www.elms.edu/net-price-calculator/
Quincy College,MA,1,Public,22528.0,22528.0,22528.0,,8938.0,8938.0,https://quincycollege.edu/wp-content/uploads/npcalc.html
Quinsigamond Community College,MA,1,Public,15921.0,20865.0,15921.0,,6262.0,11206.0,www.qcc.edu/federal-net-price-calculator
Regis College,MA,2,Private Non-Profit,65546.0,65546.0,65546.0,,49680.0,49680.0,https://www.regiscollege.edu/admission/undergraduate-admission/cost-and-financial-aid/net-price-calculator
Roxbury Community College,MA,1,Public,16621.0,21925.0,16621.0,,6024.0,11328.0,www.rcc.mass.edu/afford/financial-assistance/financial-aid/cost-of-attendance.html
Salem State University,MA,1,Public,28291.0,35484.0,28291.0,,12338.0,19531.0,https://www.salemstate.edu/campus-life/student-navigation-center/financial-aid/understanding-your-costs/net-price-calculator
Simmons University,MA,2,Private Non-Profit,63460.0,63460.0,63460.0,,46874.0,46874.0,https://www.simmons.edu/undergraduate/admission-and-financial-aid/tuition-financial-aid
Simon's Rock at Bard College,NY,2,Private Non-Profit,85262.0,85262.0,85262.0,,68780.0,68780.0,https://apply.simons-rock.edu/portal/calculator
Smith College,MA,2,Private Non-Profit,86030.0,86030.0,86030.0,,65178.0,65178.0,https://npc.collegeboard.org/student/app/smith
Southeastern Technical Institute,MA,1,Public,15859.0,15859.0,,15859.0,,,https://stitech.edu/index.php/financial-aid/
Springfield College,MA,2,Private Non-Profit,60729.0,60729.0,60729.0,,45174.0,45174.0,https://springfield.edu/admissions/undergraduate-admissions/net-price-calculator
Springfield Technical Community College,MA,1,Public,14971.0,20179.0,14971.0,,5904.0,11112.0,https://stcc.aidcalc.cloud/
University of Massachusetts-Dartmouth,MA,1,Public,33485.0,50440.0,33485.0,,15612.0,32567.0,https://umassd.clearcostcalculator.com/student/default/netpricecalculator/survey
Stonehill College,MA,2,Private Non-Profit,72714.0,72714.0,72714.0,,57490.0,57490.0,https://www.stonehill.edu/offices-and-services/financial-aid/undergraduate-students/cost-of-attendance/net-price-calculator/
Suffolk University,MA,2,Private Non-Profit,65281.0,65281.0,65281.0,,47550.0,47550.0,https://suffolk.studentaidcalculator.com/survey.aspx
Rob Roy Academy-Taunton,MA,3,Private For-Profit,23953.0,23953.0,,23953.0,,,www.rob-roy.com/netpricecalculator/npcalc.htm
Tufts University,MA,2,Private Non-Profit,88300.0,88300.0,88300.0,,70704.0,70704.0,https://npc.collegeboard.org/app/tufts
Wellesley College,MA,2,Private Non-Profit,86290.0,86290.0,86290.0,,67176.0,67176.0,https://npc.collegeboard.org/student/app/wellesley
Wentworth Institute of Technology,MA,2,Private Non-Profit,61096.0,61096.0,61096.0,,42884.0,42884.0,https://wit.studentaidcalculator.com/survey.aspx
Western New England University,MA,2,Private Non-Profit,60262.0,60262.0,60262.0,,47820.0,47820.0,wne.edu/enrollment-services/billing-and-finances/finance-calculator.cfm
Westfield State University,MA,1,Public,27649.0,33729.0,27649.0,,12179.0,18259.0,www.westfield.ma.edu/netprice/
Wheaton College (Massachusetts),MA,2,Private Non-Profit,79311.0,79311.0,79311.0,,63960.0,63960.0,https://collegepricecalculator.com/wheatoncollegema
Williams College,MA,2,Private Non-Profit,84860.0,84860.0,84860.0,,68560.0,68560.0,https://npc.collegeboard.org/app/williams
Worcester Polytechnic Institute,MA,2,Private Non-Profit,78679.0,78679.0,78679.0,,60965.0,60965.0,https://www.wpi.edu/admissions/tuition-aid/financial-need/net-price-calculator
Worcester State University,MA,1,Public,22874.0,28954.0,22874.0,,11786.0,17866.0,https://www.worcester.edu/NetPriceCalculator/npcalc.htm
Adrian College,MI,2,Private Non-Profit,56003.0,56003.0,56003.0,,41684.0,41684.0,www.adrian.edu/financial-aid/net-price-calculator
Albion College,MI,2,Private Non-Profit,69986.0,69986.0,69986.0,,56950.0,56950.0,https://collegepricecalculator.com/albioncollege
Hillsdale Beauty College,MI,3,Private For-Profit,18230.0,18230.0,,18230.0,,,https://hillsdalebeautycollege.com/net-price-calculator-mi-cosmetology-school/
Northwestern Technological Institute,MI,3,Private For-Profit,39066.0,39066.0,,39066.0,,,https://northwesterntech.edu/net-price-calculator.html
Alma College,MI,2,Private Non-Profit,63650.0,63650.0,63650.0,,49552.0,49552.0,www.alma.edu/financial-aid/net-price-calculator/
Alpena Community College,MI,1,Public,12246.0,15006.0,12246.0,,5250.0,8010.0,www.alpenacc.edu/services/financialaid/npcalc
Andrews University,MI,2,Private Non-Profit,45218.0,45218.0,45218.0,,35056.0,35056.0,https://andrews.studentaidcalculator.com/
Aquinas College,MI,2,Private Non-Profit,51652.0,51652.0,51652.0,,40218.0,40218.0,https://app.meadowfi.com/aquinas
Baker College,MI,2,Private Non-Profit,24526.0,24526.0,24526.0,,13000.0,13000.0,https://baker.clearcostcalculator.com/student/default/netpricecalculator/survey
Bay de Noc Community College,MI,1,Public,19020.0,23836.0,19020.0,,5712.0,10528.0,https://mybay.baycollege.edu//ics/clientconfig/customcontent/netpricecalculator/npcalc.htm
Bayshire Academy of Beauty Craft Inc,MI,3,Private For-Profit,10882.0,10882.0,,10882.0,,,www.bayshirebeautyacademy.edu/enroll-in-school/
Calvin University,MI,2,Private Non-Profit,54222.0,54222.0,54222.0,,39350.0,39350.0,https://www.calvin.edu/admissions/financial-aid/calculator
Carnegie Institute,MI,3,Private For-Profit,21852.0,21852.0,21852.0,,15645.0,15645.0,https://www.carnegie-institute.edu/net-price-calculator/
Central Michigan University,MI,1,Public,30681.0,30681.0,30681.0,,14760.0,14760.0,https://cmich.studentaidcalculator.com/survey.aspx
Mott Community College,MI,1,Public,15460.0,20075.0,15460.0,,6845.0,11460.0,https://www.mcc.edu/financial-aid/net-price-calculator.shtml
Empire Beauty School-Michigan,MI,3,Private For-Profit,21747.0,21747.0,,21747.0,,,www.empire.edu/consumer-information/net-price-calculator
Cleary University,MI,2,Private Non-Profit,39718.0,39718.0,39718.0,,26102.0,26102.0,www.cleary.edu/admissions/financial-aid/net-price-calculator/
Concordia University Ann Arbor,MI,2,Private Non-Profit,51853.0,51853.0,51853.0,,35410.0,35410.0,https://www.cuaa.edu/netpricecalc
College for Creative Studies,MI,2,Private Non-Profit,66014.0,66014.0,66014.0,,53350.0,53350.0,https://www.ccsdetroit.edu/admissions/scholarships-aid/undergraduate/net-price-calculator/
Davenport University,MI,2,Private Non-Profit,37319.0,37319.0,37319.0,,24466.0,24466.0,https://davenport.studentaidcalculator.com/survey.aspx
David Pressley School of Cosmetology,MI,3,Private For-Profit,27120.0,27120.0,,27120.0,,,www.davidpressleyschool.com/financial-aid-calculator
Delta College,MI,1,Public,13541.0,16601.0,13541.0,,4820.0,7880.0,https://apps.delta.edu/netpricecalc/npcalc.htm
Detroit Business Institute-Downriver,MI,3,Private For-Profit,26841.0,26841.0,,26841.0,,,www.dbidownriver.com/NetPrice/npcalc.htm
Universal Technical Institute-Canton,MI,3,Private For-Profit,29172.0,29172.0,29172.0,,17943.0,17943.0,https://uti.edu/admissions/tuition
University of Detroit Mercy,MI,2,Private Non-Profit,42211.0,42211.0,42211.0,,32946.0,32946.0,https://www.udmercy.edu/admission/financial-aid/cost/netprice-calc.php
Dorsey College,MI,3,Private For-Profit,34227.0,34227.0,34227.0,,16990.0,16990.0,solutions.campusivy.com/apps/npc/npcwizard?institutionid=11800
Eastern Michigan University,MI,1,Public,29640.0,29640.0,29640.0,,16240.0,16240.0,www.emich.edu/finaid/calculator/
Creative Hair School of Cosmetology,MI,3,Private For-Profit,20622.0,20622.0,,20622.0,,,creativehairschool.com/federal-student-aid
Ferris State University,MI,1,Public,27048.0,27048.0,27048.0,,14778.0,14778.0,www.ferris.edu/admissions/financialaid/netpricecalculator.htm
Glen Oaks Community College,MI,1,Public,17124.0,19572.0,17124.0,,4176.0,6624.0,www.glenoaks.edu/netpricecalc/index.html
Kettering University,MI,2,Private Non-Profit,61250.0,61250.0,61250.0,,48470.0,48470.0,https://kettering.studentaidcalculator.com/survey.aspx
Gogebic Community College,MI,1,Public,14456.0,17186.0,14456.0,,4800.0,7530.0,https://gogebic.edu/admissions/fa/net_price_calculator.html
Grace Christian University,MI,2,Private Non-Profit,26166.0,26166.0,26166.0,,18690.0,18690.0,https://gracechristian.edu/wp-content/uploads/2024/04/index-edit.html
Cornerstone University,MI,2,Private Non-Profit,42043.0,42043.0,42043.0,,23000.0,23000.0,www.cornerstone.edu/undergraduate/costs-aid/financial-aid/net-price-calculator/
Grand Rapids Community College,MI,1,Public,15658.0,23698.0,15658.0,,4179.0,12219.0,https://www.grcc.edu/about-grcc/student-consumer-information/net-price-calculator
Grand Valley State University,MI,1,Public,28367.0,34775.0,28367.0,,15140.0,21548.0,https://www.gvsu.edu/financialaid/price_calculator.htm
Great Lakes Christian College,MI,2,Private Non-Profit,30311.0,30311.0,30311.0,,19520.0,19520.0,https://glcc.edu/net-price-calculator.html
Henry Ford College,MI,1,Public,11784.0,16032.0,11784.0,,3568.0,7816.0,https://www.hfcc.edu/netprice
Hope College,MI,2,Private Non-Profit,55646.0,55646.0,55646.0,,41970.0,41970.0,https://hope.edu/admissions/resources/net-price-calculator/index.html
Jackson College,MI,1,Public,18708.0,21558.0,18708.0,,7350.0,10200.0,https://www.jccmi.edu/financial-aid/net-price-calculator/
Kalamazoo College,MI,2,Private Non-Profit,74208.0,74208.0,74208.0,,61050.0,61050.0,https://admission.kzoo.edu/cost-value/net-price-calculator/
Kalamazoo Valley Community College,MI,1,Public,11386.0,16336.0,11386.0,,4144.0,9094.0,https://www.kvcc.edu/netprice/npcalc.htm
Kellogg Community College,MI,1,Public,12420.0,16584.0,12420.0,,4118.0,8282.0,https://secure.kellogg.edu/financial/netprice.html
Kirtland Community College,MI,1,Public,15990.0,20670.0,15990.0,,5190.0,9870.0,https://www.kirtland.edu/static/net-price-calculator/
Michigan College of Beauty-Monroe,MI,3,Private For-Profit,14924.0,14924.0,,14924.0,,,https://michigancollegebeauty.com/netpricecalculator.html
Lake Michigan College,MI,1,Public,15917.0,18227.0,15917.0,,5445.0,7755.0,https://www.lakemichigancollege.edu/NetPrice/npcalc.htm
Lake Superior State University,MI,1,Public,27154.0,27154.0,27154.0,,14890.0,14890.0,lssu.clearcostcalculator.com/student/default/netpricecalculator/survey
Lansing Community College,MI,1,Public,13013.0,20213.0,13013.0,,4100.0,11300.0,https://www.lcc.edu/admissions-financial-aid/tuition-and-costs/net-price-calculator.html
Lawrence Technological University,MI,2,Private Non-Profit,58166.0,58166.0,58166.0,,44760.0,44760.0,ltu.studentaidcalculator.com/survey.aspx
M J Murphy Beauty College of Mount Pleasant,MI,3,Private For-Profit,12883.0,12883.0,,12883.0,,,www.mjmbc.net/tuition
Macomb Community College,MI,1,Public,11912.0,16622.0,11912.0,,3660.0,8370.0,www.macomb.edu/admissions-aid/paying-for-college/net-price-calculator.html
Madonna University,MI,2,Private Non-Profit,41038.0,41038.0,41038.0,,28440.0,28440.0,https://ww4.madonna.edu/NetPriceCalc_20/index.html
Rochester Christian University,MI,2,Private Non-Profit,41787.0,41787.0,41787.0,,29196.0,29196.0,https://rcu.edu/admissions/net-price-calculator/
University of Michigan-Ann Arbor,MI,1,Public,34654.0,77864.0,34654.0,,17736.0,60946.0,https://npc.collegeboard.org/app/umich
Michigan State University,MI,1,Public,32198.0,59582.0,32198.0,,16458.0,43842.0,https://msu.clearcostcalculator.com/student/default/netpricecalculator/survey
Michigan Technological University,MI,1,Public,34152.0,58017.0,34152.0,,19123.0,42988.0,https://www.mtu.edu/admissions/financial/calculator/
University of Michigan-Dearborn,MI,1,Public,24040.0,41296.0,24040.0,,15640.0,32896.0,https://umdearborn.edu/students/financial-aid/calculators/net-price-calculator
University of Michigan-Flint,MI,1,Public,20915.0,34531.0,20915.0,,14704.0,28320.0,www.umflint.edu/netpricecalculator.html
Mid Michigan College,MI,1,Public,17703.0,22435.0,17703.0,,6132.0,10864.0,www.midmich.edu/student-resources/financial-aid/payment-options/net-price-calculator
Monroe County Community College,MI,1,Public,10465.0,13973.0,10465.0,,4759.0,8267.0,www.monroeccc.edu/financialaid/netprice/npcalc.htm
Montcalm Community College,MI,1,Public,12702.0,18402.0,12702.0,,4662.0,10362.0,www.montcalm.edu/financial-aid
Muskegon Community College,MI,1,Public,12178.0,20938.0,12178.0,,7250.0,16010.0,https://www.muskegoncc.edu/about/consumer-information/
North Central Michigan College,MI,1,Public,19219.0,24379.0,19219.0,,5430.0,10590.0,https://www.ncmich.edu/admissions/tuition-costs/north-central-cost-calculator.html
Northern Michigan University,MI,1,Public,27841.0,33337.0,27841.0,,14277.0,19773.0,https://www.nmu.edu/financialaid/costcalculator
Northwestern Michigan College,MI,1,Public,13753.0,21369.0,13753.0,,5860.0,13476.0,https://www.nmc.edu/financial-aid/net-price-calculator/index.html
Northwood University,MI,2,Private Non-Profit,48780.0,48780.0,48780.0,,34400.0,34400.0,www.northwood.edu/webapps/finaid/coa/
Oakland Community College,MI,1,Public,12353.0,14893.0,12353.0,,3020.0,5560.0,https://www.oaklandcc.edu/NetPriceCalculator/
Oakland University,MI,1,Public,25182.0,33108.0,25182.0,,15262.0,23188.0,www.oakland.edu/npc
The University of Olivet,MI,2,Private Non-Profit,47069.0,47069.0,47069.0,,34068.0,34068.0,https://apply.uolivet.edu/register/netpricecalculator
Kuyper College,MI,2,Private Non-Profit,38366.0,38366.0,38366.0,,27660.0,27660.0,https://www.kuyper.edu/globalassets/images/tuition--aid/index.html
Ross Medical Education Center-Lansing,MI,3,Private For-Profit,24292.0,24292.0,,24292.0,,,https://rosseducation.edu/consumer-info/#npc
Ross Medical Education Center-Warren,MI,3,Private For-Profit,23940.0,23940.0,,23940.0,,,https://rosseducation.edu/consumer-info/#npc
Ross Medical Education Center-Flint,MI,3,Private For-Profit,23094.0,23094.0,,23094.0,,,https://rosseducation.edu/consumer-info/#npc
Sacred Heart Major Seminary,MI,2,Private Non-Profit,41915.0,41915.0,41915.0,,24120.0,24120.0,https://www.shms.edu/calc
Saginaw Valley State University,MI,1,Public,24936.0,42456.0,24936.0,,12930.0,30450.0,https://webtech.svsu.edu/netpricecalculator/
Schoolcraft Community College District,MI,1,Public,12048.0,15454.0,12048.0,,4736.0,8142.0,https://www.schoolcraft.edu/netpricecalculator
Siena Heights University,MI,2,Private Non-Profit,44449.0,44449.0,44449.0,,30778.0,30778.0,https://www.sienaheights.edu/financial-aid/
St Clair County Community College,MI,1,Public,14391.0,21329.0,14391.0,,5212.0,12150.0,www.sc4.edu/Assets/NetPrice/
Southwestern Michigan College,MI,1,Public,15589.0,17566.0,15589.0,,6417.0,8394.0,www.swmich.edu/cost-aid/cost/
Spring Arbor University,MI,2,Private Non-Profit,44703.0,44703.0,44703.0,,34014.0,34014.0,https://springarbor.edu/admissions-and-aid/financial-aid/net-price-calculator.php
Twin City Beauty College,MI,3,Private For-Profit,22507.0,22507.0,,22507.0,,,https://www.tcbeautycollege.com/net-price-calculator
Washtenaw Community College,MI,1,Public,11826.0,15594.0,11826.0,,2736.0,6504.0,www.wccnet.edu/afford/cost/net-price-calculator.html
Wayne County Community College District,MI,1,Public,15401.0,16356.0,15401.0,,3112.0,4067.0,https://www.wcccd.edu/financial-aid/net-price-calculator
Wayne State University,MI,1,Public,27350.0,44197.0,27350.0,,15190.0,32037.0,https://irda.wayne.edu/net-price-calculator/index.html
West Shore Community College,MI,1,Public,10637.0,14987.0,10637.0,,4470.0,8820.0,https://www.westshore.edu/static/index.html
Paul Mitchell the School-Grand Rapids,MI,3,Private For-Profit,26674.0,26674.0,,26674.0,,,paulmitchell.edu/grandrapids/tuition-calculator
Western Michigan University,MI,1,Public,29237.0,33019.0,29237.0,,15252.0,19034.0,https://wmich.edu/registrar/calculator
Academy College,MN,3,Private For-Profit,33874.0,33874.0,33874.0,,18680.0,18680.0,https://www.academycollege.edu/wp-content/uploads/2019/03/index-3.html
Alexandria Technical & Community College,MN,1,Public,18698.0,18698.0,18698.0,,6236.0,6236.0,www.minnstate.edu/admissions/calculator/alexandria.html
Anoka Technical College,MN,1,Public,22247.0,22247.0,22247.0,,6267.0,6267.0,www.anokatech.edu/tuition-fees/budget-estimate-cost/
Anoka-Ramsey Community College,MN,1,Public,21068.0,21068.0,21068.0,,5682.0,5682.0,www.anokaramsey.edu/cost-aid/net-price-calculator/
Augsburg University,MN,2,Private Non-Profit,62303.0,62303.0,62303.0,,45452.0,45452.0,https://admissions.augsburg.edu/register/NPC
Riverland Community College,MN,1,Public,14442.0,14442.0,14442.0,,6298.0,6298.0,https://www.minnstate.edu/admissions/calculator/riverland.html
Northwest Technical College,MN,1,Public,16905.0,16905.0,16905.0,,6254.0,6254.0,https://www.minnstate.edu/admissions/calculator/northwest.html
Bemidji State University,MN,1,Public,22744.0,22744.0,22744.0,,10237.0,10237.0,https://www.bemidjistate.edu/mybsu/finances/net-price-calculator/
Bethany Lutheran College,MN,2,Private Non-Profit,41013.0,41013.0,41013.0,,31360.0,31360.0,https://www.blc.edu/net-price-calculator
Bethel University,MN,2,Private Non-Profit,58569.0,58569.0,58569.0,,44226.0,44226.0,https://www.bethel.edu/undergrad/financial-aid/estimate/
Central Lakes College-Brainerd,MN,1,Public,19543.0,19543.0,19543.0,,6249.0,6249.0,www.minnstate.edu/admissions/calculator/centrallakes.html
Carleton College,MN,2,Private Non-Profit,84893.0,84893.0,84893.0,,68892.0,68892.0,https://www.carleton.edu/admissions/apply/afford/aid-estimators/npc/
Concordia College at Moorhead,MN,2,Private Non-Profit,45942.0,45942.0,45942.0,,31170.0,31170.0,https://www.concordiacollege.edu/tuition-aid/net-price-calculator/
Concordia University-Saint Paul,MN,2,Private Non-Profit,37239.0,37239.0,37239.0,,25600.0,25600.0,https://www.csp.edu/tuition-and-financial-aid/net-price-calculator/
Dakota County Technical College,MN,1,Public,18552.0,18552.0,18552.0,,6679.0,6679.0,https://www.minnstate.edu/admissions/pay-for-college/
Martin Luther College,MN,2,Private Non-Profit,29250.0,29250.0,29250.0,,18120.0,18120.0,https://www.mlc-wels.edu/static/netpricecalc/npcalc.htm
Lake Superior College,MN,1,Public,19723.0,19723.0,19723.0,,5785.0,5785.0,www.minnstate.edu/admissions/calculator/lakesuperior.html
Minnesota State Community and Technical College,MN,1,Public,17194.0,17194.0,17194.0,,5908.0,5908.0,www.minnesota.edu/net-price-calculator
Minnesota West Community and Technical College,MN,1,Public,17408.0,17408.0,17408.0,,6491.0,6491.0,www.minnstate.edu/admissions/calculator/minnesotawest.html
Gustavus Adolphus College,MN,2,Private Non-Profit,67613.0,67613.0,67613.0,,56076.0,56076.0,https://gustavus.edu/admission/financial-aid/calculator.php
Hamline University,MN,2,Private Non-Profit,58110.0,58110.0,58110.0,,50004.0,50004.0,https://www.hamline.edu/admission-aid/financial-aid/tuition-fees/net-price-calculator
Hennepin Technical College,MN,1,Public,16032.0,16032.0,16032.0,,5940.0,5940.0,www.minnstate.edu/admissions/calculator/hennepin.html
Minnesota North College,MN,1,Public,16346.0,16346.0,16346.0,,6022.0,6022.0,https://minnesotanorth.edu/student-services/businessoffice/tuition-and-fees/
Aveda Arts & Sciences Institute Minneapolis,MN,3,Private For-Profit,22574.0,22574.0,,22574.0,,,avedaarts.edu/program-information/2019/net-price-calculator/npcalc-minneapolis.htm
Inver Hills Community College,MN,1,Public,17103.0,17103.0,17103.0,,6146.0,6146.0,www.inverhills.edu/financialaid/costofattendance.aspx
Macalester College,MN,2,Private Non-Profit,82991.0,82991.0,82991.0,,68104.0,68104.0,www.macalester.edu/financialaid/estimate/
South Central College,MN,1,Public,15401.0,15401.0,15401.0,,6146.0,6146.0,https://southcentral.edu/financial-aid/net-price-calculator.html
Minnesota State University-Mankato,MN,1,Public,23995.0,33365.0,23995.0,,9572.0,18942.0,mnsu.edu/paying-for-college/net-price-calculator/
Metropolitan State University,MN,1,Public,25172.0,25172.0,25172.0,,9840.0,9840.0,www.minnstate.edu/admissions/calculator/metrostate.html
University of Minnesota-Twin Cities,MN,1,Public,30061.0,51209.0,30061.0,,17214.0,38362.0,https://admissions.tc.umn.edu/cost-aid/cost-aid-scholarships/net-price-calculator
University of Minnesota-Crookston,MN,1,Public,26068.0,26068.0,26068.0,,13288.0,13288.0,https://www.shoppingsheet.com/shopping/landing/umn-crookston
Minneapolis College of Art and Design,MN,2,Private Non-Profit,59972.0,59972.0,59972.0,,45484.0,45484.0,https://mcad.edu/net-tuition-calculator-first-year-students
Minneapolis Community and Technical College,MN,1,Public,19683.0,19683.0,19683.0,,6161.0,6161.0,www.minnstate.edu/admissions/calculator/minneapolis.html
Herzing University-Minneapolis,MN,2,Private Non-Profit,26163.0,26163.0,26163.0,,13450.0,13450.0,https://www.herzing.edu/tuition-financial-aid/net-price-calculator
University of Minnesota-Duluth,MN,1,Public,27680.0,33200.0,27680.0,,14610.0,20130.0,https://admissions.d.umn.edu/costs-aid/npc
University of Minnesota-Morris,MN,1,Public,27039.0,29223.0,27039.0,,14526.0,16710.0,https://morris.umn.edu/costs-aid/net-price-calculator
Model College of Hair Design,MN,3,Private For-Profit,20841.0,20841.0,,20841.0,,,https://mcohd.com/financial-aid/price-net-calculator/
Minnesota State University Moorhead,MN,1,Public,25197.0,25197.0,25197.0,,10428.0,10428.0,https://www.mnstate.edu/cost-aid/net-price-calculator/
North Hennepin Community College,MN,1,Public,17470.0,17470.0,17470.0,,5061.0,5061.0,https://www.nhcc.edu/about-nhcc/administration/college-policies-procedures-disclosures/disclosures/net-price-calculator
Normandale Community College,MN,1,Public,18694.0,18694.0,18694.0,,6329.0,6329.0,www.minnstate.edu/admissions/calculator/normandale.html
North Central University,MN,2,Private Non-Profit,44475.0,44475.0,44475.0,,32220.0,32220.0,www.northcentral.edu/financial-aid/net-price-calculator
Northland Community and Technical College,MN,1,Public,19638.0,19638.0,19638.0,,6289.0,6289.0,www.minnstate.edu/admissions/calculator/northland.html
University of Northwestern-St Paul,MN,2,Private Non-Profit,51325.0,51325.0,51325.0,,37920.0,37920.0,https://unwsp.edu/admissions/financial-aid/unw-net-price-calculator/
Northwestern Health Sciences University,MN,2,Private Non-Profit,39863.0,39863.0,39863.0,,12015.0,12015.0,https://nwhealth.studentaidcalculator.com/survey.aspx
Oak Hills Christian College,MN,2,Private Non-Profit,33958.0,33958.0,33958.0,,19440.0,19440.0,www.oakhills.edu/net-price-calculator
Pine Technical & Community College,MN,1,Public,18479.0,18479.0,18479.0,,4738.0,4738.0,www.minnstate.edu/admissions/calculator/pine.html
Rochester Community and Technical College,MN,1,Public,19639.0,19639.0,19639.0,,6389.0,6389.0,www.minnstate.edu/admissions/calculator/rochester.html
College of Saint Benedict,MN,2,Private Non-Profit,68453.0,68453.0,68453.0,,55756.0,55756.0,https://csbsju.edu/admission/cost-aid-scholarships/net-price-calculators/csb-net-price-calculator
St Cloud Technical and Community College,MN,1,Public,14325.0,14325.0,14325.0,,6124.0,6124.0,https://www.sctcc.edu/calculator
Saint Cloud State University,MN,1,Public,21116.0,21116.0,21116.0,,10245.0,10245.0,https://www.stcloudstate.edu/scsu4u/financing/netpricecalculator.aspx
Saint Johns University,MN,2,Private Non-Profit,68521.0,68521.0,68521.0,,55816.0,55816.0,https://csbsju.edu/admission/cost-aid-scholarships/net-price-calculators/sju-net-price-calculator
Saint Mary's University of Minnesota,MN,2,Private Non-Profit,57380.0,57380.0,57380.0,,45080.0,45080.0,www.smumn.edu/admission/undergraduate/financial-aid-saint-marys-university-of-minnesota/net-price-calculator/
St Olaf College,MN,2,Private Non-Profit,71843.0,71843.0,71843.0,,59760.0,59760.0,https://wp.stolaf.edu/financialaid/net-price-calculator/
Crown College,MN,2,Private Non-Profit,46598.0,46598.0,46598.0,,31410.0,31410.0,https://www.crown.edu/cost-aid/net-price-calculator
The College of Saint Scholastica,MN,2,Private Non-Profit,55103.0,55103.0,55103.0,,41778.0,41778.0,www.css.edu/admissions-and-aid/financial-aid/forms-and-resources/net-price-calculator/
University of St Thomas,MN,2,Private Non-Profit,66116.0,66116.0,66116.0,,54398.0,54398.0,https://www.stthomas.edu/financialaid/undergraduate/resources/netpricecalculator/
Empire Beauty School-Bloomington,MN,3,Private For-Profit,22456.0,22456.0,,22456.0,,,www.empire.edu/consumer-information/net-price-calculator
St Catherine University,MN,2,Private Non-Profit,60476.0,60476.0,60476.0,,51454.0,51454.0,https://www.stkate.edu/admission-and-aid/net-price-calculator
Rasmussen University-Minnesota,MN,3,Private For-Profit,25221.0,25221.0,25221.0,,11490.0,11490.0,https://npc.collegeboard.org/app/rasmussen
Saint Paul College,MN,1,Public,18261.0,18261.0,18261.0,,6326.0,6326.0,https://www.minnstate.edu/admissions/calculator/saintpaul.html
Southwest Minnesota State University,MN,1,Public,24757.0,24757.0,24757.0,,10361.0,10361.0,www.minnstate.edu/admissions/calculator/southwestmsu.html?_ga=2.135537657.998509588.1537211262-179850922.1537211262
Summit Academy Opportunities Industrialization Center,MN,2,Private Non-Profit,23943.0,23943.0,,23943.0,,,www.saoic.org/net-price-calculator.html
Dunwoody College of Technology,MN,2,Private Non-Profit,36587.0,36587.0,36587.0,,27836.0,27836.0,https://www.dunwoody.edu/admission-aid/tuition-aid/net-price-calculator/
Ridgewater College,MN,1,Public,15694.0,15694.0,15694.0,,6121.0,6121.0,www.minnstate.edu/admissions/calculator/ridgewater.html
Minnesota State College Southeast,MN,1,Public,21397.0,21397.0,21397.0,,6432.0,6432.0,www.minnstate.edu/admissions/calculator/msc-setech.html?_ga=2.154483387.2070032606.1506604427-431345235.1399052782
Winona State University,MN,1,Public,23683.0,30415.0,23683.0,,10576.0,17308.0,https://www.minnstate.edu/admissions/calculator/winona.html
Century College,MN,1,Public,15983.0,15983.0,15983.0,,6214.0,6214.0,https://www.century.edu/cost-financial-aid/tuition-rates-fees/net-price-calculator
Alcorn State University,MS,1,Public,23751.0,23751.0,23751.0,,8785.0,8785.0,nces.ed.gov/collegenavigator/?q=alcorn+state+university&s=all&id=175342
Belhaven University,MS,2,Private Non-Profit,39793.0,39793.0,39793.0,,30250.0,30250.0,www.belhaven.edu/admission/financial-aid/net-price-calculator.html
Blue Mountain Christian University,MS,2,Private Non-Profit,33197.0,33197.0,33197.0,,20180.0,20180.0,https://bmc.edu/NPCLC
Chris Beauty College,MS,3,Private For-Profit,27207.0,27207.0,,27207.0,,,www.chrisbeautycollege.net/
Coahoma Community College,MS,1,Public,9444.0,9444.0,9444.0,,3490.0,3490.0,www.coahomacc.edu/financialaid/netprice/index.html
Copiah-Lincoln Community College,MS,1,Public,12490.0,13490.0,12490.0,,4000.0,5000.0,https://app.meadowfi.com/colin
Delta State University,MS,1,Public,22445.0,22445.0,22445.0,,8605.0,8605.0,www.deltastate.edu/financial-aid/net-price-calculator/
East Central Community College,MS,1,Public,13255.0,15355.0,13255.0,,4160.0,6260.0,my.eccc.edu/ics/clientconfig/netprice/npcalc.htm
East Mississippi Community College,MS,1,Public,11353.0,14703.0,11353.0,,4095.0,7445.0,www.eastms.edu/admissions/financial-aid/tuition-calculator.html
Fosters Cosmetology College,MS,3,Private For-Profit,21688.0,21688.0,,21688.0,,,www.fosters.edu/
Academy of Hair Design-Grenada,MS,3,Private For-Profit,24609.0,24609.0,,24609.0,,,academyofhair.com/NetPriceCalculator/npcalc.htm
Hinds Community College,MS,1,Public,11036.0,14086.0,11036.0,,4250.0,7300.0,https://tcc.ruffalonl.com/hinds community college/net_price_calculator
Holmes Community College,MS,1,Public,12875.0,15775.0,12875.0,,3710.0,6610.0,https://holmescc.studentaidcalculator.com/survey.aspx
Itawamba Community College,MS,1,Public,12079.0,14479.0,12079.0,,3420.0,5820.0,https://app.meadowfi.com/icc
Jackson State University,MS,1,Public,32415.0,35415.0,32415.0,,8965.0,11965.0,https://studentaid.gov/aid-estimator/
Jones County Junior College,MS,1,Public,13670.0,15670.0,13670.0,,4806.0,6806.0,https://www.jcjc.edu/tuition/docs/fee sheet_05_13_2025.pdf
Meridian Community College,MS,1,Public,14334.0,16734.0,14334.0,,4078.0,6478.0,meridiancc.edu/become_an_eagle/financial_aid/net_price_calculator/index.html
Millsaps College,MS,2,Private Non-Profit,60061.0,60061.0,60061.0,,44680.0,44680.0,www.millsaps.edu/admissions/cost-value/
Mississippi Delta Community College,MS,1,Public,11379.0,11379.0,11379.0,,3540.0,3540.0,https://www.msdelta.edu/paying-for-college/financial-aid/npc/index.html
University of Mississippi,MS,1,Public,28660.0,47488.0,28660.0,,9772.0,28600.0,https://finaid.olemiss.edu/calculator/
Mississippi University for Women,MS,1,Public,22225.0,22225.0,22225.0,,8492.0,8492.0,https://app.meadowfi.com/the_w
Mississippi Valley State University,MS,1,Public,21154.0,21154.0,21154.0,,7692.0,7692.0,www.collegeraptor.com/Shopping/School/Mississippi-Valley-State-University-MS-176044
Mississippi Christian University,MS,2,Private Non-Profit,41214.0,41214.0,41214.0,,23500.0,23500.0,www.mc.edu/admissions/undergraduate/tuition/npc
Hatfield's Mississippi College of Beauty Culture,MS,3,Private For-Profit,31210.0,31210.0,,31210.0,,,hatfieldsinc.com/financial-aid/calculator
Mississippi Gulf Coast Community College,MS,1,Public,12978.0,16578.0,12978.0,,4250.0,7850.0,https://mgccc.edu/enroll/financial-aid/net-price-calculator/
Mississippi State University,MS,1,Public,29267.0,46702.0,29267.0,,10202.0,27637.0,https://www.sfa.msstate.edu/net-price-calculator
Northeast Mississippi Community College,MS,1,Public,15873.0,19113.0,15873.0,,4470.0,7710.0,www.nemcc.edu/about/student-consumer-info/netprice/index.html
Northwest Mississippi Community College,MS,1,Public,13857.0,13857.0,13857.0,,3740.0,3740.0,northwestmsedu.finalsite.com/uploaded/Financial_Aid/npc/pzai5hcpj8dep58r9x4v.html
Pearl River Community College,MS,1,Public,14832.0,17232.0,14832.0,,3700.0,6100.0,https://prcc.edu/net-price-calculator/
Rust College,MS,2,Private Non-Profit,23107.0,23107.0,23107.0,,13265.0,13265.0,www.rustcollege.edu/wp-content/uploads/2024/09/Net-Price-Calculator.html
Southeastern Baptist College,MS,2,Private Non-Profit,13325.0,13325.0,13325.0,,7425.0,7425.0,https://southeasternbaptist.edu/about-sbc/student-consumer-information/
Southwest Mississippi Community College,MS,1,Public,11644.0,14344.0,11644.0,,4080.0,6780.0,https://www.smcc.edu/financial-aid/
University of Southern Mississippi,MS,1,Public,26566.0,28566.0,26566.0,,9998.0,11998.0,https://www.usm.edu/financial-aid/net-price-calculator.php
Tougaloo College,MS,2,Private Non-Profit,24239.0,24239.0,24239.0,,12407.0,12407.0,www.tougaloo.edu/admissions/office-student-financial-aid/net-price-calculator
Vaughn Beauty College,MS,3,Private For-Profit,19336.0,19336.0,,19336.0,,,https://vaughnbeauty.com/netprice/index.html
William Carey University,MS,2,Private Non-Profit,29651.0,29651.0,29651.0,,15480.0,15480.0,https://wmcarey.clearcostcalculator.com/student/default/netpricecalculator/survey
Avila University,MO,2,Private Non-Profit,50096.0,50096.0,50096.0,,42000.0,42000.0,https://www.avila.edu/npclightbackground.html
Mission University,MO,2,Private Non-Profit,28448.0,28448.0,28448.0,,16950.0,16950.0,https://mission.edu/resources/financial-aid/
House of Heavilin Beauty College-Blue Springs,MO,3,Private For-Profit,25808.0,25808.0,,25808.0,,,www.kc-hair.com/student-information/tuition-calculator/
Calvary University,MO,2,Private Non-Profit,23938.0,23938.0,23938.0,,14094.0,14094.0,www.calvary.edu/net-cost-calculator/
Cape Girardeau Career and Technology Center,MO,1,Public,24038.0,24038.0,,24038.0,,,www.capectc.org/o/ctc/page/adult-education
Central Christian College of the Bible,MO,2,Private Non-Profit,24748.0,24748.0,24748.0,,12200.0,12200.0,https://cccb.edu/admissions-aid/costs/net-price-calculator
Central Methodist University-College of Liberal Arts and Sciences,MO,2,Private Non-Profit,43635.0,43635.0,43635.0,,28260.0,28260.0,www.centralmethodist.edu/admissions/financial-aid/calculator/npcalc.htm
University of Central Missouri,MO,1,Public,22947.0,31497.0,22947.0,,10050.0,18600.0,https://www.ucmo.edu/future-students/tuition-and-costs/cost-calculators/
Grand River Technical School,MO,1,Public,18325.0,18325.0,,18325.0,,,https://core-docs.s3.us-east-1.amazonaws.com/documents/asset/uploaded_file/1077/grts/2409393/index.html
Cleveland University-Kansas City,KS,2,Private Non-Profit,40764.0,40764.0,40764.0,,14400.0,14400.0,www.cleveland.edu/admissions/financial-aid-scholarships/net-price-calculator
Columbia College,MO,2,Private Non-Profit,37207.0,37207.0,37207.0,,25826.0,25826.0,https://www.ccis.edu/tuition-financial-aid/college-cost/
Conception Seminary College,MO,2,Private Non-Profit,42698.0,42698.0,42698.0,,26206.0,26206.0,www.conception.edu/NetPriceCalculator
Cottey College,MO,2,Private Non-Profit,39269.0,39269.0,39269.0,,27562.0,27562.0,https://cottey.edu/financial-aid/
Crowder College,MO,1,Public,16291.0,18391.0,16291.0,,6180.0,8280.0,https://npc.collegeboard.org/app/crowder
Culver-Stockton College,MO,2,Private Non-Profit,44112.0,44112.0,44112.0,,30875.0,30875.0,https://www.culver.edu/admissions/net-price-calculator/
Drury University,MO,2,Private Non-Profit,48846.0,48846.0,48846.0,,36745.0,36745.0,https://www.collegeraptor.com/shopping/school/drury-university-mo--177214
East Central College,MO,1,Public,19386.0,22794.0,19386.0,,4272.0,7680.0,www.eastcentral.edu/finaid/net-price-calculator/
Pinnacle Career Institute,MO,3,Private For-Profit,33018.0,33018.0,,33018.0,,,https://www.pcitraining.edu/financial-aid
Evangel University,MO,2,Private Non-Profit,39956.0,39956.0,39956.0,,28548.0,28548.0,www.evangel.edu/financial-aid-and-scholarships/net-price-calculator/
Four Rivers Career Center,MO,1,Public,37936.0,37936.0,37936.0,,18345.0,18345.0,studentaid.gov/help-center/answers/article/what-is-net-price-calculator-for-college-costs
Ozarks Technical Community College,MO,1,Public,13188.0,15876.0,13188.0,,4512.0,7200.0,https://students.otc.edu/financialaid/netprice/
Hannibal-LaGrange University,MO,2,Private Non-Profit,40839.0,40839.0,40839.0,,26880.0,26880.0,https://npc.collegeboard.org/student/app/hlg
Harris-Stowe State University,MO,1,Public,21493.0,26125.0,21493.0,,7008.0,11640.0,https://www.hssu.edu/ae/aefiles/7/NetPriceCalc/npcalc.htm
House of Heavilin Beauty College-Kansas City,MO,3,Private For-Profit,33784.0,33784.0,,33784.0,,,kc-hair.com/student-information/tuition-calculator/
Summit Salon Academy Kansas City,MO,3,Private For-Profit,23914.0,23914.0,,23914.0,,,www.summitsalonacademykc.com/netprice.html
Jefferson College,MO,1,Public,13572.0,17172.0,13572.0,,5250.0,8850.0,https://www.jeffco.edu/calculator/
Paul Mitchell the School-Missouri Columbia,MO,3,Private For-Profit,19440.0,19440.0,,19440.0,,,paulmitchell.edu/missouricolumbia/tuition-calculator
Kansas City Art Institute,MO,2,Private Non-Profit,57410.0,57410.0,57410.0,,44550.0,44550.0,www.kcai.edu/admissions-aid/net-price-calculator/
Lex La-Ray Technical Center,MO,1,Public,17994.0,17994.0,,17994.0,,,www.lexlaray.com/net-price-calculator.html
Lincoln University,MO,1,Public,23704.0,31600.0,23704.0,,9796.0,17692.0,https://www.lincolnu.edu/admissions/financial-aid/net-price-calculator.html
Lindenwood University,MO,2,Private Non-Profit,35436.0,35436.0,35436.0,,21600.0,21600.0,https://www.lindenwood.edu/admissions/student-financial-services/net-price-calculator/
State Technical College of Missouri,MO,1,Public,19026.0,25476.0,19026.0,,8160.0,14610.0,statetechmo.edu/wp-content/uploads/2024/10/index.html
Logan University,MO,2,Private Non-Profit,26928.0,26928.0,26928.0,,9000.0,9000.0,https://www.logan.edu/admissions/tuition
Metropolitan Community College-Kansas City,MO,1,Public,14665.0,20635.0,14665.0,,3630.0,9600.0,mcckc.edu/costcalculator
Maryville University of Saint Louis,MO,2,Private Non-Profit,41959.0,41959.0,41959.0,,27166.0,27166.0,https://maryville.studentaidcalculator.com/survey.aspx
Missouri College of Cosmetology and Esthetics,MO,3,Private For-Profit,19547.0,19547.0,,19547.0,,,www.merrelluniversity.edu/school-disclosures
Midwest Institute,MO,3,Private For-Profit,22631.0,22631.0,,22631.0,,,midwestinstitute.edu/20-21-net-price-calculator.html
Midwestern Baptist Theological Seminary,MO,2,Private Non-Profit,29080.0,29080.0,29080.0,,10120.0,10120.0,https://www.mbts.edu/future-students/cost-and-aid/costs-calculator/
Mineral Area College,MO,1,Public,18497.0,21407.0,18497.0,,5660.0,8570.0,https://my.mineralarea.edu/ICS/Admissions/Public.jnz?portlet=Net_Price_Calculator_2015-02-13T09-18-07-273
Missouri Baptist University,MO,2,Private Non-Profit,49257.0,49257.0,49257.0,,34612.0,34612.0,https://www.shoppingsheet.com/shopping/landing/mobap
Missouri Southern State University,MO,1,Public,19568.0,27688.0,19568.0,,8960.0,17080.0,www.mssu.edu/student-affairs/financial-aid/netcalc.php
Missouri Valley College,MO,2,Private Non-Profit,37899.0,37899.0,37899.0,,23700.0,23700.0,https://npc.collegeboard.org/app/moval
Missouri Western State University,MO,1,Public,21595.0,32155.0,21595.0,,10306.0,20866.0,https://forms.missouriwestern.edu/finaid/npcalc010.html
University of Missouri-Columbia,MO,1,Public,31713.0,52932.0,31713.0,,14837.0,36056.0,https://financialaid.missouri.edu/cost-of-attendance/net-price-calculator/
University of Missouri-Kansas City,MO,1,Public,25320.0,42960.0,25320.0,,12587.0,30227.0,https://finaid.umkc.edu/affordability/net-price-calculator.html
Missouri University of Science and Technology,MO,1,Public,29231.0,47495.0,29231.0,,14984.0,33248.0,https://sfs.mst.edu/tuitioncosts/net-price-calculator/
University of Missouri-St Louis,MO,1,Public,31199.0,52199.0,31199.0,,14112.0,35112.0,https://www.umsl.edu/sfs/calculator/index.html
Moberly Area Community College,MO,1,Public,14134.0,18664.0,14134.0,,4110.0,8640.0,www.macc.edu/netpricecalculator/
Neosho Beauty and Barber College,MO,3,Private For-Profit,18173.0,18173.0,,18173.0,,,www.neoshobeautycollege.com/uploads/Net-Price-Calculator.html
Truman State University,MO,1,Public,25115.0,33843.0,25115.0,,9838.0,18566.0,https://www.truman.edu/admission-cost/net-price-calculator/step-1/
Northwest Missouri State University,MO,1,Public,24945.0,31658.0,24945.0,,10611.0,17324.0,https://www.nwmissouri.edu/finaid/net-price-calculator/
Ozark Christian College,MO,2,Private Non-Profit,28485.0,28485.0,28485.0,,16000.0,16000.0,https://npc.collegeboard.org/app/ozark
College of the Ozarks,MO,2,Private Non-Profit,33734.0,33734.0,33734.0,,22320.0,22320.0,www.cofo.edu/npc
Park University,MO,2,Private Non-Profit,29427.0,29427.0,29427.0,,17500.0,17500.0,https://npc.collegeboard.org/app/park
Stevens-The Institute of Business & Arts,MO,3,Private For-Profit,24808.0,24808.0,24808.0,,14332.0,14332.0,www.siba.edu/sites/default/files/pages/net-price-calculator.html
Ranken Technical College,MO,2,Private Non-Profit,29450.0,29450.0,29450.0,,18008.0,18008.0,ranken.edu/calculator/npcalc.htm
Rockhurst University,MO,2,Private Non-Profit,59898.0,59898.0,59898.0,,44966.0,44966.0,https://www.rockhurst.edu/admissions/freshman/net-price-calculator
Saint Louis University,MO,2,Private Non-Profit,71932.0,71932.0,71932.0,,55760.0,55760.0,www.slu.edu/financial-aid/tuition-and-costs/calculator.php
Salem College of Hairstyling,MO,3,Private For-Profit,12990.0,12990.0,,12990.0,,,centralandsalemcolleges.com/price calculator.htm
University of Health Sciences and Pharmacy in St. Louis,MO,2,Private Non-Profit,54802.0,54802.0,54802.0,,32550.0,32550.0,https://www.uhsp.edu/financialaid/cost-of-attendance/net-price-calculator.html
Saint Louis Community College,MO,1,Public,14560.0,17890.0,14560.0,,3660.0,6990.0,https://applications.stlcc.edu/netprice/index.html
Southwest Baptist University,MO,2,Private Non-Profit,40301.0,40301.0,40301.0,,30566.0,30566.0,www.sbuniv.edu/admissions/financial-aid/estimator.php
Missouri State University-West Plains,MO,1,Public,16592.0,18762.0,16592.0,,5936.0,8106.0,wp.missouristate.edu/costs/default.htm
St Louis College of Health Careers-St Louis,MO,3,Private For-Profit,33507.0,33507.0,,33507.0,,,https://slchc.edu/financial-aid/net-price-calculator/
State Fair Community College,MO,1,Public,14719.0,17959.0,14719.0,,4176.0,7416.0,https://www.sfccmo.edu/files/financial-aid/net-price-calculator/index.html
Stephens College,MO,2,Private Non-Profit,46643.0,46643.0,46643.0,,28300.0,28300.0,https://stephens.edu/admissions-aid/undergraduate-financial-aid/net-price-calculator/
Southeast Missouri State University,MO,1,Public,25177.0,25177.0,25177.0,,9903.0,9903.0,https://tcc.ruffalonl.com/southeast missouri state university/freshman-students
Missouri State University-Springfield,MO,1,Public,25048.0,34316.0,25048.0,,9502.0,18770.0,https://missouristate.studentaidcalculator.com/welcome.aspx
Three Rivers College,MO,1,Public,18637.0,19867.0,18637.0,,4950.0,6180.0,https://trcc.edu/pay-for-college/net-price-calculator/
North Central Missouri College,MO,1,Public,18498.0,21948.0,18498.0,,5370.0,8820.0,www.ncmissouri.edu/financialaid/netpricecalculator
Washington University in St Louis,MO,2,Private Non-Profit,88488.0,88488.0,88488.0,,65790.0,65790.0,https://financialaid.washu.edu/costs/cost-calculators/net-price-calculator
Webster University,MO,2,Private Non-Profit,51188.0,51188.0,51188.0,,31750.0,31750.0,https://www.webster.edu/admissions/net-price-calculator.php
Westminster College,MO,2,Private Non-Profit,51532.0,51532.0,51532.0,,35214.0,35214.0,https://www.wcmo.edu/admissions-aid/costs-financial-aid/net-price-calculator.html
William Jewell College,MO,2,Private Non-Profit,35785.0,35785.0,35785.0,,20610.0,20610.0,https://www.jewell.edu/net-price-calculator
William Woods University,MO,2,Private Non-Profit,49094.0,49094.0,49094.0,,30340.0,30340.0,https://www.williamwoods.edu/cost-and-aid/tuition-and-fees/
Academy of Cosmetology Inc,MT,3,Private For-Profit,20407.0,20407.0,,20407.0,,,www.academycosmetology.com/admissions
Blackfeet Community College,MT,2,Private Non-Profit,11405.0,11405.0,11405.0,,3610.0,3610.0,bfcc.edu/academics/net-price-calculator/
Highlands College of Montana Tech,MT,1,Public,18476.0,25296.0,18476.0,,4130.0,10950.0,https://www.mtech.edu/financial-aid/cost/calculator-highlands/
Crevier's Academy of Cosmetology Arts,MT,3,Private For-Profit,13464.0,13464.0,,13464.0,,,www.crevierschool.com/financial-assistance
Carroll College,MT,2,Private Non-Profit,55626.0,55626.0,55626.0,,41484.0,41484.0,www.carroll.edu/admission-aid/tuition-costs/net-price-calculator
Dawson Community College,MT,1,Public,16105.0,20905.0,16105.0,,5010.0,9810.0,www.dawson.edu/future/financial-aid/net-price-calculator/
Chief Dull Knife College,MT,1,Public,17734.0,17734.0,17734.0,,1960.0,1960.0,www.cdkc.edu/net_price/npcalc.htm
Montana State University Billings,MT,1,Public,20054.0,35671.0,20054.0,,7280.0,22897.0,https://www.msubillings.edu/finaid/
Flathead Valley Community College,MT,1,Public,14882.0,21629.0,14882.0,,4912.0,11659.0,www.fvcc.edu/netprice-calculator
Aaniiih Nakoda College,MT,1,Public,14974.0,14974.0,14974.0,,3080.0,3080.0,https://www.ancollege.edu/student_services/financial_aid/npc/npcalc.htm
Fort Peck Community College,MT,1,Public,10164.0,10164.0,10164.0,,2250.0,2250.0,www.fpcc.edu/NetPriceCalculator/npcalc.htm
Great Falls College Montana State University,MT,1,Public,16664.0,25547.0,16664.0,,4028.0,12911.0,https://www.gfcmsu.edu/home/financial-aid/net-price-calculator/
University of Providence,MT,2,Private Non-Profit,43477.0,43477.0,43477.0,,30448.0,30448.0,www.uprovidence.edu/financial-services/net-price-calculator/
Helena College University of Montana,MT,1,Public,15819.0,22991.0,15819.0,,4146.0,11318.0,https://helenacollege.edu/netpricecalculator/npcalc.htm
Little Big Horn College,MT,1,Public,11635.0,11635.0,11635.0,,3200.0,3200.0,www.lbhc.edu/finaid/npcalc.htm
Miles Community College,MT,1,Public,17452.0,22260.0,17452.0,,5818.0,10626.0,https://www.milescc.edu/finaid/index.html
Montana Technological University,MT,1,Public,22786.0,40596.0,22786.0,,8340.0,26150.0,https://www.mtech.edu/financial-aid/cost/calculator-north-campus/index.html
Montana State University,MT,1,Public,25905.0,50732.0,25905.0,,8460.0,33287.0,https://www.montana.edu/admissions/tuitioncalc/
The University of Montana,MT,1,Public,23570.0,48689.0,23570.0,,8552.0,33671.0,https://www.umt.edu/finaid/cost-of-attendance/net-price-calculator/default.php
Montana State University-Northern,MT,1,Public,16578.0,31471.0,16578.0,,6982.0,21875.0,www.msun.edu/stuaffairs/finaid/tuitcalc.htm
Rocky Mountain College,MT,2,Private Non-Profit,46093.0,46093.0,46093.0,,35582.0,35582.0,https://www.rocky.edu/admissions/financial-aid/net-price-calculator/
Salish Kootenai College,MT,1,Public,13047.0,20319.0,13047.0,,4311.0,11583.0,netprice.skc.edu/
The University of Montana-Western,MT,1,Public,21403.0,34863.0,21403.0,,6670.0,20130.0,https://app.meadowfi.com/umwestern
Bellevue University,NE,2,Private Non-Profit,23531.0,23531.0,23531.0,,9903.0,9903.0,https://www.bellevue.edu/admissions-tuition/financing-options/net-price-calculator/npcalc.htm
Clarkson College,NE,2,Private Non-Profit,24670.0,24670.0,24670.0,,16104.0,16104.0,www.clarksoncollege.edu/netpricecalculator/npcdefault.htm
Bryan College of Health Sciences,NE,2,Private Non-Profit,32845.0,32845.0,32845.0,,20640.0,20640.0,https://www.bryanhealthcollege.edu/bcohs/admission/tuition-financial-aid-scholarships/netpricecalculators/npcalc.htm
Central Community College,NE,1,Public,14128.0,15568.0,14128.0,,3360.0,4800.0,https://cccneb.studentaidcalculator.com/survey.aspx
Chadron State College,NE,1,Public,21132.0,21132.0,21132.0,,8290.0,8290.0,www.csc.edu/ir/net-price-calculator/
College of Hair Design-Downtown,NE,3,Private For-Profit,19756.0,19756.0,,19756.0,,,www.collegeofhairdesign.com/disclosures/index.htm
Concordia University-Nebraska,NE,2,Private Non-Profit,53292.0,53292.0,53292.0,,40640.0,40640.0,www.cune.edu/costs-and-aid/undergraduate/net-price-calculator
Creighton University,NE,2,Private Non-Profit,63423.0,63423.0,63423.0,,48856.0,48856.0,www.creighton.edu/cost-aid/tuition-costs/net-price-calculator
Doane University,NE,2,Private Non-Profit,57836.0,57836.0,57836.0,,43985.0,43985.0,www.doane.edu/scorecards-calculators
Hastings College,NE,2,Private Non-Profit,51422.0,51422.0,51422.0,,37770.0,37770.0,https://www.hastings.edu/npcalc.htm
Joseph's College Cosmetology,NE,3,Private For-Profit,18306.0,18306.0,,18306.0,,,https://josephscollege.edu/ConsumerInformation/NetPriceCalculator.aspx
University of Nebraska at Kearney,NE,1,Public,25808.0,32416.0,25808.0,,8676.0,15284.0,www.unk.edu/netpricecalculator/npcalc.htm
Nebraska Methodist College of Nursing & Allied Health,NE,2,Private Non-Profit,32835.0,32835.0,32835.0,,17885.0,17885.0,www.methodistcollege.edu/admissions/tuition-and-fees/net-price-calculator
Metropolitan Community College Area,NE,1,Public,11667.0,13242.0,11667.0,,3375.0,4950.0,https://apps.mccneb.edu/netprice/
Mid-Plains Community College,NE,1,Public,13197.0,14127.0,13197.0,,3600.0,4530.0,www.mpcc.edu/cost-and-aid/net_price_calculator/index.html
Midland University,NE,2,Private Non-Profit,55719.0,55719.0,55719.0,,42050.0,42050.0,https://www.midlandu.edu/net-price-calculator/
University of Nebraska at Omaha,NE,1,Public,21120.0,35608.0,21120.0,,8718.0,23206.0,https://webapp.unomaha.edu/net-price-calculator/
Nebraska Indian Community College,NE,1,Public,32757.0,32757.0,32757.0,,4080.0,4080.0,www.thenicc.edu/netpricecalculator/index.html
Nebraska Wesleyan University,NE,2,Private Non-Profit,53569.0,53569.0,53569.0,,43572.0,43572.0,https://www.nebrwesleyan.edu/net_price_calculator/index.html
University of Nebraska-Lincoln,NE,1,Public,26697.0,44847.0,26697.0,,10434.0,28584.0,https://financialaid.unl.edu/net-price-calculator
Northeast Community College,NE,1,Public,14437.0,15727.0,14437.0,,3840.0,5130.0,https://northeast.edu/costs/calculator
Peru State College,NE,1,Public,22240.0,22240.0,22240.0,,8640.0,8640.0,www.peru.edu/net-price/
College of Saint Mary,NE,2,Private Non-Profit,35971.0,35971.0,35971.0,,24510.0,24510.0,https://www.csm.edu/netprice2025/index.html
Southeast Community College Area,NE,1,Public,13186.0,13816.0,13186.0,,3690.0,4320.0,https://www.southeast.edu/paying-for-scc/net-price-calculator.php
Union Adventist University,NE,2,Private Non-Profit,42099.0,42099.0,42099.0,,29334.0,29334.0,https://www.uau.edu/net-price-calculator
Nebraska College of Technical Agriculture,NE,1,Public,19998.0,19998.0,19998.0,,5926.0,5926.0,https://ncta.unl.edu/admission-ncta/tuition-and-fees/
Wayne State College,NE,1,Public,22565.0,22565.0,22565.0,,8216.0,8216.0,https://www.wsc.edu/net-price-calculator
Western Nebraska Community College,NE,1,Public,13939.0,14509.0,13939.0,,3840.0,4410.0,www.wncc.edu/admissions-aid/tuition-fees/net-price-calculator-2025/index
York University,NE,2,Private Non-Profit,34268.0,34268.0,34268.0,,23000.0,23000.0,www.york.edu/financial-aid/net-price-calculator.php
Academy of Hair Design-Las Vegas,NV,3,Private For-Profit,22381.0,22381.0,,22381.0,,,https://www.ahdvegas.com/net-price-calculator/
College of Southern Nevada,NV,1,Public,13665.0,22331.0,13665.0,,4358.0,13024.0,https://www.csn.edu/net-price-calculator
Las Vegas College,NV,3,Private For-Profit,34126.0,34126.0,34126.0,,17495.0,17495.0,https://lvcollege.edu/net-price-calculator/
University of Nevada-Las Vegas,NV,1,Public,19638.0,37301.0,19638.0,,9748.0,27411.0,cashiering.unlv.edu/undergrad_calc.html
University of Nevada-Reno,NV,1,Public,25786.0,43928.0,25786.0,,9578.0,27720.0,https://www.unr.edu/Prebuilt/financial-aid/net-price-calculator/index.html
Great Basin College,NV,1,Public,12947.0,22907.0,12947.0,,3923.0,13883.0,www.gbcnv.edu/financial/calculator/npcalc.htm
Truckee Meadows Community College,NV,1,Public,15247.0,23913.0,15247.0,,3352.0,12018.0,www.tmcc.edu/financialaid/netpricecalculator/
Western Nevada College,NV,1,Public,20248.0,28914.0,20248.0,,4168.0,12834.0,wnc.edu/financial/netpricecalculator/index.php
Colby-Sawyer College,NH,2,Private Non-Profit,38527.0,38527.0,38527.0,,19125.0,19125.0,https://colbysawyer.clearcostcalculator.com/student/default/netpricecalculator/survey
Dartmouth College,NH,2,Private Non-Profit,87793.0,87793.0,87793.0,,68268.0,68268.0,https://admissions.dartmouth.edu/afford/estimate-your-cost
Empire Beauty School-Laconia,NH,3,Private For-Profit,16653.0,16653.0,,16653.0,,,empirebeautyschools.com/financial-aid/net-price-calculator
Empire Beauty School-Somersworth,NH,3,Private For-Profit,16788.0,16788.0,,16788.0,,,empirebeautyschools.com/financial-aid/net-price-calculator
Franklin Pierce University,NH,2,Private Non-Profit,64185.0,64185.0,64185.0,,46442.0,46442.0,https://franklinpierce.studentaidcalculator.com/survey.aspx
Keene Beauty Academy,NH,3,Private For-Profit,20278.0,20278.0,,20278.0,,,keenebeautyacademy.edu/
New England College,NH,2,Private Non-Profit,59350.0,59350.0,59350.0,,41938.0,41938.0,https://nec.studentaidcalculator.com/survey.aspx
Southern New Hampshire University,NH,2,Private Non-Profit,40918.0,40918.0,40918.0,,17200.0,17200.0,https://snhu.clearcostcalculator.com/student/default/netpricecalculator/survey
University of New Hampshire-Main Campus,NH,1,Public,35537.0,56187.0,35537.0,,19202.0,39852.0,https://app.meadowfi.com/unh
Keene State College,NH,1,Public,29993.0,42049.0,29993.0,,14784.0,26840.0,https://www.keene.edu/npc/
University of New Hampshire at Manchester,NH,1,Public,20020.0,40600.0,20020.0,,15838.0,36418.0,https://app.meadowfi.com/unh
Plymouth State University,NH,1,Public,29644.0,40584.0,29644.0,,14626.0,25566.0,www.plymouth.edu/student-financial-services/financial-aid
NHTI-Concord's Community College,NH,1,Public,23726.0,31976.0,23726.0,,7200.0,15450.0,https://www.nhti.edu/netcalc/index.html
White Mountains Community College,NH,1,Public,21739.0,29989.0,21739.0,,7050.0,15300.0,www.wmcc.edu/admissions/net-price-calculator
River Valley Community College,NH,1,Public,23244.0,31494.0,23244.0,,6940.0,15190.0,https://www.rivervalley.edu/netcalc/
Lakes Region Community College,NH,1,Public,21494.0,29744.0,21494.0,,6720.0,14970.0,https://www.lrcc.edu/paying-for-lrcc/financial-aid-at-lrcc/financial-aid-forms/
Manchester Community College,NH,1,Public,20703.0,28953.0,20703.0,,7090.0,15340.0,www.mccnh.edu/affordability/financial-aid/net-price-calculator/
Nashua Community College,NH,1,Public,29014.0,37264.0,29014.0,,7140.0,15390.0,nashuacc.edu/afford-ncc/financial-aid/net-price-calculator/
Great Bay Community College,NH,1,Public,21963.0,30213.0,21963.0,,7200.0,15450.0,https://www.greatbay.edu/netpricecalc/npcalc.htm
Paul Mitchell the School-Portsmouth,NH,3,Private For-Profit,33260.0,33260.0,,33260.0,,,paulmitchell.edu/portsmouth/tuition-calculator
Rivier University,NH,2,Private Non-Profit,53499.0,53499.0,53499.0,,39488.0,39488.0,https://www.rivier.edu/financial-aid/net-price-calculator/
Saint Anselm College,NH,2,Private Non-Profit,67213.0,67213.0,67213.0,,48920.0,48920.0,https://anselm.clearcostcalculator.com/student/default/netpricecalculator/survey
University of New Hampshire College of Professional Studies Online,NH,1,Public,15451.0,17011.0,15451.0,,7724.0,9284.0,https://app.meadowfi.com/unh
Thomas More College of Liberal Arts,NH,2,Private Non-Profit,42082.0,42082.0,42082.0,,30400.0,30400.0,https://thomasmorecollege.edu/apply/finances/net-price-calculator/
Eastwick College-Hackensack,NJ,3,Private For-Profit,33359.0,33359.0,33359.0,,18075.0,18075.0,www.eastwickcollege.edu/Net_Price.php
Atlantic Cape Community College,NJ,1,Public,15597.0,18597.0,15597.0,,6068.0,9068.0,https://testing.atlanticcape.edu/one-stop/financial-aid/net-price-calculator.php
Fortis Institute-Wayne,NJ,3,Private For-Profit,29662.0,29662.0,,29662.0,,,https://www.fortis.edu/content/dam/fortis/compliance/netpricecalc/npcalc-fortis_wayne.htm
Bergen Community College,NJ,1,Public,17184.0,21565.0,17184.0,,4913.0,9294.0,https://bergen.edu/price_calculator/index.html
Berkeley College-Woodland Park,NJ,3,Private For-Profit,44691.0,44691.0,44691.0,,29800.0,29800.0,https://berkeleycollege.studentaidcalculator.com/welcome.aspx
Bloomfield College of Montclair State University,NJ,1,Public,42035.0,52145.0,42035.0,,15912.0,26022.0,https://montclair.clearcostcalculator.com/student/default/netpricecalculator/survey
Brookdale Community College,NJ,1,Public,18143.0,22013.0,18143.0,,6270.0,10140.0,www.brookdalecc.edu/documents/financial-aid/2024-2025-forms/
Rowan College at Burlington County,NJ,1,Public,12243.0,14763.0,12243.0,,6990.0,9510.0,www.rcbc.edu/tuition-calculator
Caldwell University,NJ,2,Private Non-Profit,54073.0,54073.0,54073.0,,40848.0,40848.0,https://www.caldwell.edu/financial-aid/netprice
Camden County College,NJ,1,Public,12535.0,12631.0,12535.0,,4320.0,4416.0,https://www.camdencc.edu/admissions-financial-aid/financial-aid/net-price-calculator/
Centenary University,NJ,2,Private Non-Profit,52362.0,52362.0,52362.0,,37732.0,37732.0,https://www.centenaryuniversity.edu/costs-and-aid/net-price-calculator
Adult and Continuing Education-BCTS,NJ,1,Public,15891.0,15891.0,,15891.0,,,www.bergen.org/Page/4901
Lincoln Technical Institute-Iselin,NJ,3,Private For-Profit,42841.0,42841.0,,42841.0,,,www.lincolntech.edu/net-price-calculator
American Institute-Clifton,NJ,3,Private For-Profit,25253.0,25253.0,,25253.0,,,www.americaninstitute.edu/npc/clifton.htm
County College of Morris,NJ,1,Public,15033.0,23133.0,15033.0,,6210.0,14310.0,www.ccm.edu/wp-content/uploads/2024/03/index.html
Rowan College of South Jersey-Cumberland Campus,NJ,1,Public,16069.0,16909.0,16069.0,,5160.0,6000.0,https://npc.collegeboard.org/app/gccnj
Drew University,NJ,2,Private Non-Profit,65301.0,65301.0,65301.0,,47100.0,47100.0,www.drew.edu/financial-aid/cost-calculator/
Lincoln Technical Institute-South Plainfield,NJ,3,Private For-Profit,35680.0,35680.0,,35680.0,,,www.lincolntech.edu/net-price-calculator
Essex County College,NJ,1,Public,12506.0,16614.0,12506.0,,5415.0,9523.0,https://www.essex.edu/wp-content/uploads/2022/04/net-price-calculator.html
Empire Beauty School-Union,NJ,3,Private For-Profit,23470.0,23470.0,,23470.0,,,https://www.empire.edu/consumer-information/net-price-calculator
Fairleigh Dickinson University-Metropolitan Campus,NJ,2,Private Non-Profit,50305.0,50305.0,50305.0,,38004.0,38004.0,https://1st-aid.org/fdu
Felician University,NJ,2,Private Non-Profit,50316.0,50316.0,50316.0,,39300.0,39300.0,https://felician.edu/admissions/undergraduate-admissions/net-price-calculator
Fairleigh Dickinson University-Florham Campus,NJ,2,Private Non-Profit,54204.0,54204.0,54204.0,,38004.0,38004.0,https://1st-aid.org/fdu
Hohokus School of Trade and Technical Sciences,NJ,3,Private For-Profit,28674.0,28674.0,,28674.0,,,https://eastwick.edu/hohokus-school-of-trades/consumer-information-hohokus/
Georgian Court University,NJ,2,Private Non-Profit,50671.0,50671.0,50671.0,,37260.0,37260.0,https://npc.collegeboard.org/app/gcu
Rowan University,NJ,1,Public,35842.0,46200.0,35842.0,,16574.0,26932.0,https://rowan.studentaidcalculator.com/survey.aspx
Rowan College of South Jersey-Gloucester Campus,NJ,1,Public,16151.0,16991.0,16151.0,,5160.0,6000.0,https://npc.collegeboard.org/app/gccnj
Empire Beauty School-Cherry Hill,NJ,3,Private For-Profit,24279.0,24279.0,,24279.0,,,www.empire.edu/consumer-information/net-price-calculator
Eastwick College-Ramsey,NJ,3,Private For-Profit,32704.0,32704.0,32704.0,,18057.0,18057.0,www.eastwickcollege.edu/Net_Price.php
Hudson County Community College,NJ,1,Public,15469.0,19333.0,15469.0,,5384.0,9248.0,www.hccc.edu/paying-for-college/financial-aid/how-aid-works/calculate-costs.html
New Jersey City University,NJ,1,Public,28255.0,28255.0,28255.0,,14460.0,14460.0,https://njcu.clearcostcalculator.com/student/default/netpricecalculator/survey
Kean University,NJ,1,Public,26949.0,35096.0,26949.0,,14299.0,22446.0,https://www.kean.edu/offices/financial-aid/financial-aid-estimators
Lincoln Technical Institute-Union,NJ,3,Private For-Profit,31694.0,31694.0,,31694.0,,,www.lincolntech.edu/net-price-calculator
Rizzieri Aveda School for Beauty and Wellness,NJ,3,Private For-Profit,20782.0,20782.0,,20782.0,,,www.rizzierischools.com/net-price-calculator.html
Mercer County Community College,NJ,1,Public,12545.0,16409.0,12545.0,,5310.0,9174.0,www.mccc.edu/admissions_financial_calculator.shtml
Middlesex College,NJ,1,Public,10054.0,12646.0,10054.0,,4764.0,7356.0,www.middlesexcollege.edu/funding-your-education/net-price-calculator/
Monmouth University,NJ,2,Private Non-Profit,62904.0,62904.0,62904.0,,46552.0,46552.0,https://monmouth.studentaidcalculator.com/survey.aspx
Montclair State University,NJ,1,Public,28305.0,38415.0,28305.0,,15912.0,26022.0,https://montclair.studentaidcalculator.com/survey.aspx
JFK Muhlenberg Harold B. and Dorothy A. Snyder Schools,NJ,2,Private Non-Profit,47124.0,47124.0,47124.0,,24916.0,31336.0,https://www.hackensackmeridianhealth.org/en/healthcare-professionals/jfk-muhlenberg-schools/cost-and-financial-aid/net-price-calculator
Eastwick College-Nutley,NJ,3,Private For-Profit,26454.0,26454.0,26454.0,,15848.0,15848.0,www.eastwickcollege.edu/Net_Price.php
Robert Fiance Beauty Schools-West New York,NJ,3,Private For-Profit,26255.0,26255.0,,26255.0,,,https://robertfiance.edu/net-price-calculator/
New Jersey Institute of Technology,NJ,1,Public,32859.0,50549.0,32859.0,,19974.0,37664.0,https://njit.studentaidcalculator.com/survey.aspx
Ocean County College,NJ,1,Public,18207.0,20271.0,18207.0,,4906.0,6970.0,https://www.ocean.edu/admission_and_aid/net-price-calculator/
P B Cosmetology Education Center,NJ,3,Private For-Profit,22694.0,22694.0,,22694.0,,,https://pbbeautyschool.com/net-price-calculator
Parisian Beauty School,NJ,3,Private For-Profit,38213.0,38213.0,,38213.0,,,paulmitchell.edu/hackensack/tuition-calculator
Passaic County Community College,NJ,1,Public,13754.0,18014.0,13754.0,,6300.0,10560.0,https://web.pccc.edu/netprice/
Pennco Tech-Blackwood,NJ,3,Private For-Profit,27966.0,27966.0,,27966.0,,,https://www.penncotech.edu/npc/blackwood/npcalc.htm
Princeton University,NJ,2,Private Non-Profit,84040.0,84040.0,84040.0,,62688.0,62688.0,https://admission.princeton.edu/cost-aid/financial-aid-estimator
Rabbinical College of America,NJ,2,Private Non-Profit,27300.0,27300.0,27300.0,,10650.0,10650.0,https://financialaid58.wixsite.com/netpricecalculator
Ramapo College of New Jersey,NJ,1,Public,29483.0,40414.0,29483.0,,16777.0,27708.0,npc.collegeboard.org/app/ramapo
Robert Fiance Beauty Schools,FL,3,Private For-Profit,33555.0,33555.0,,33555.0,,,robertfiance.edu/net-price-calculator/
Rider University,NJ,2,Private Non-Profit,55967.0,55967.0,55967.0,,41120.0,41120.0,https://www.rider.edu/tuition-aid/financial-aid/net-price-calculator
Rutgers University-Camden,NJ,1,Public,35178.0,54690.0,35178.0,,17764.0,37276.0,https://scarlethub.rutgers.edu/financial-services/tools-resources/net-price-calculator/
Rutgers University-New Brunswick,NJ,1,Public,36993.0,56505.0,36993.0,,17929.0,37441.0,https://scarlethub.rutgers.edu/financial-services/tools-resources/net-price-calculator/
Rutgers University-Newark,NJ,1,Public,35654.0,55166.0,35654.0,,17250.0,36762.0,https://scarlethub.rutgers.edu/financial-services/tools-resources/net-price-calculator/
Saint Peter's University,NJ,2,Private Non-Profit,50272.0,50272.0,50272.0,,42552.0,42552.0,www.saintpeters.edu/enrollment-services/student-financial-aid/calculators/
Salem Community College,NJ,1,Public,17857.0,21757.0,17857.0,,6360.0,10260.0,https://www.salemcc.edu/netprice
Seton Hall University,NJ,2,Private Non-Profit,68263.0,68263.0,68263.0,,53170.0,53170.0,https://www.shu.edu/undergraduate-admissions/cost-calculator.html
Shore Beauty School,NJ,3,Private For-Profit,25625.0,25625.0,,25625.0,,,https://shorebeautyschool.edu/net-price-calculator.html
Saint Elizabeth University,NJ,2,Private Non-Profit,53075.0,53075.0,53075.0,,36741.0,36741.0,https://www.steu.edu/admissions/financial-aid/net-price-calculator
Raritan Valley Community College,NJ,1,Public,13832.0,15752.0,13832.0,,5664.0,7584.0,https://www.raritanval.edu/net-price-calculator
Stevens Institute of Technology,NJ,2,Private Non-Profit,79790.0,79790.0,79790.0,,63462.0,63462.0,https://npc.collegeboard.org/app/stevens
Stockton University,NJ,1,Public,35139.0,43397.0,35139.0,,16266.0,24524.0,https://stockton.clearcostcalculator.com/student/default/netpricecalculator/survey
Talmudical Academy-New Jersey,NJ,2,Private Non-Profit,25100.0,25100.0,25100.0,,15800.0,15800.0,https://talmudicalacademynj.com/?page_id=12
Aviation Institute of Maintenance-Teterboro,NJ,3,Private For-Profit,29400.0,29400.0,29400.0,,16757.0,16757.0,aviationmaintenance.edu/your-rights
The College of New Jersey,NJ,1,Public,38860.0,44980.0,38860.0,,19632.0,25752.0,https://netpricecalc.tcnj.edu/netpricecalc/
UCNJ Union College of Union County New Jersey,NJ,1,Public,13569.0,17789.0,13569.0,,5280.0,9500.0,https://www.ucc.edu/npc/
William Paterson University of New Jersey,NJ,1,Public,28476.0,38116.0,28476.0,,15704.0,25344.0,www.wpunj.edu/financial-aid/net_price_calc.html
Central New Mexico Community College,NM,1,Public,11600.0,18224.0,11600.0,,2060.0,8684.0,https://www.cnm.edu/ext/financial-aid-calculator/npcalc.htm
Navajo Technical University,NM,1,Public,13049.0,13049.0,13049.0,,4346.0,4346.0,https://sites.google.com/a/navajotech.edu/net-price-calculator/
New Mexico State University-Dona Ana,NM,1,Public,14397.0,18435.0,14397.0,,2322.0,6360.0,https://fa.nmsu.edu/npc/index.html
Clovis Community College,NM,1,Public,10043.0,11795.0,10043.0,,1592.0,3344.0,www.clovis.edu/financialaid/netpricecalculator/npcalc.htm
Eastern New Mexico University-Main Campus,NM,1,Public,18940.0,20920.0,18940.0,,7194.0,9174.0,www.enmu.edu/financial-aid/net-price-calculator
Eastern New Mexico University-Roswell Campus,NM,1,Public,11816.0,15176.0,11816.0,,2256.0,5616.0,www.roswell.enmu.edu/financial-aid/?tabsid=finaidimportanttabs&tab=4&scrollto=netprice
Institute of American Indian and Alaska Native Culture and Arts Development,NM,1,Public,24854.0,24854.0,24854.0,,5920.0,5920.0,https://iaia.edu/netprice/
New Mexico Highlands University,NM,1,Public,20868.0,25788.0,20868.0,,7416.0,12336.0,https://www.nmhu.edu/netprice/
New Mexico Junior College,NM,1,Public,9258.0,10098.0,9258.0,,1440.0,2280.0,https://www.nmjc.edu/about/consumer_information/NetPrice/index.html
New Mexico Military Institute,NM,1,Public,19121.0,26087.0,19121.0,,7190.0,14156.0,https://www.nmmi.edu/net-price-calculator/
University of New Mexico-Gallup Campus,NM,1,Public,11620.0,14396.0,11620.0,,2906.0,5682.0,https://npc.collegeboard.org/student/app/unm
New Mexico Institute of Mining and Technology,NM,1,Public,24967.0,42738.0,24967.0,,9476.0,27247.0,https://www.nmt.edu/finaid/cost.php
University of New Mexico-Los Alamos Campus,NM,1,Public,17783.0,21255.0,17783.0,,2214.0,5686.0,https://npc.collegeboard.org/student/app/unm
University of New Mexico-Main Campus,NM,1,Public,21259.0,44179.0,21259.0,,10140.0,33060.0,https://npc.collegeboard.org/student/app/unm
New Mexico State University-Alamogordo,NM,1,Public,15728.0,19184.0,15728.0,,2616.0,6072.0,https://fa.nmsu.edu/npc/index.html
Southeast New Mexico College,NM,1,Public,13604.0,16436.0,13604.0,,1176.0,4008.0,https://senmc.edu/financial-aid/index.html
New Mexico State University-Grants,NM,1,Public,8514.0,10650.0,8514.0,,2136.0,4272.0,https://fa.nmsu.edu/npc/index.html
New Mexico State University-Main Campus,NM,1,Public,23274.0,40398.0,23274.0,,8183.0,25307.0,https://fa.nmsu.edu/npc/index.html
University of New Mexico-Valencia County Campus,NM,1,Public,13469.0,16721.0,13469.0,,1878.0,5130.0,https://npc.collegeboard.org/student/app/unm
Northern New Mexico College,NM,1,Public,19702.0,27630.0,19702.0,,6400.0,14328.0,https://nnmc.edu/paying-for-college/net-price-calculator.html
San Juan College,NM,1,Public,15140.0,18624.0,15140.0,,1928.0,5412.0,https://www.sanjuancollege.edu/admissions-aid/financial-aid/net-price-calculator/
Santa Fe Community College,NM,1,Public,18405.0,20685.0,18405.0,,1851.0,4131.0,https://www.sfcc.edu/wp-content/uploads/2024/06/index.html
University of the Southwest,NM,2,Private Non-Profit,28210.0,28210.0,28210.0,,16670.0,16670.0,https://www.usw.edu/admissions/sfaid/cost-of-attendance/net-price-calculator
Southwestern Indian Polytechnic Institute,NM,1,Public,12125.0,12125.0,12125.0,,1095.0,1095.0,https://www.sipi.edu/apps/pages/netpricecalculator
University of New Mexico-Taos Campus,NM,1,Public,16228.0,19228.0,16228.0,,2136.0,5136.0,https://npc.collegeboard.org/student/app/unm
Mesalands Community College,NM,1,Public,15975.0,17247.0,15975.0,,2136.0,3408.0,https://www.mesalands.edu/NetPriceCalculator/index.html
Vogue College of Cosmetology-Santa Fe,NM,3,Private For-Profit,26582.0,26582.0,,26582.0,,,https://vogue.edu/SantaFeNPC/npcalc.htm
Western New Mexico University,NM,1,Public,21562.0,28048.0,21562.0,,7856.0,14342.0,https://wnmu.edu/net-price-calculator/
Vaughn College of Aeronautics and Technology,NY,2,Private Non-Profit,47346.0,47346.0,47346.0,,29810.0,29810.0,www.vaughn.edu/admissions-aid/financial-aid/college-calculator/
Adelphi University,NY,2,Private Non-Profit,63189.0,63189.0,63189.0,,49110.0,49110.0,https://financial-aid.adelphi.edu/net-price-calculator/
SUNY Adirondack,NY,1,Public,17087.0,19859.0,17087.0,,6844.0,9616.0,https://www.sunyacc.edu/admissions-aid/tuitions-fees/net-price-calculator
Bryant & Stratton College-Albany,NY,2,Private Non-Profit,23359.0,23359.0,23359.0,,18374.0,18374.0,https://www.bryantstratton.edu/financial-aid/net-price-calculator
Albany College of Pharmacy and Health Sciences,NY,2,Private Non-Profit,54899.0,54899.0,54899.0,,41475.0,41475.0,acphs.edu/net-price-calculator
Alfred University,NY,2,Private Non-Profit,57445.0,57445.0,57445.0,,41500.0,41500.0,https://www.alfred.edu/admissions/affording-alfred/net-price-calculator.cfm
Allen School-Brooklyn,NY,3,Private For-Profit,31803.0,31803.0,,31803.0,,,www.allenschool.edu/tuition-calculators
The Ailey School,NY,2,Private Non-Profit,41968.0,41968.0,41968.0,,14817.0,14817.0,ailey.org/training/consumer-information
American Academy of Dramatic Arts-New York,NY,2,Private Non-Profit,62554.0,62554.0,62554.0,,40650.0,40650.0,www.aada.edu/admissions/calculator.html
American Academy McAllister Institute of Funeral Service,NY,2,Private Non-Profit,26418.0,26418.0,26418.0,,20018.0,20018.0,npc.collegeboard.org/app/funeraleducation
American Musical and Dramatic Academy,NY,2,Private Non-Profit,65647.0,65647.0,65647.0,,46928.0,46928.0,tcc.ruffalonl.com/american musical and dramatic academy/freshman-students
Apex Technical School,NY,2,Private Non-Profit,21223.0,21223.0,,21223.0,,,apexschool.com/consumer-information/net-price-calculator
Arnot Ogden Medical Center,NY,2,Private Non-Profit,25264.0,25264.0,,25264.0,,,https://arnothealthson.org/paying-for-school/#loans-and-scholarships
Associated Beth Rivkah Schools,NY,2,Private Non-Profit,32924.0,32924.0,32924.0,,11200.0,11200.0,https://www.bethrivkah.edu/dhl-information-and-disclosures
Bard College,NY,2,Private Non-Profit,84553.0,84553.0,84553.0,,66436.0,66436.0,https://npc.collegeboard.org/student/app/bard
Barnard College,NY,2,Private Non-Profit,89538.0,89538.0,89538.0,,69888.0,69888.0,https://barnard.edu/finaid/estimate-your-eligibility
Berk Trade and Business School,NY,3,Private For-Profit,20063.0,20063.0,,20063.0,,,https://electricalandplumbingschool.com/berk_trade_school_financial_aid.html
Berkeley College-New York,NY,3,Private For-Profit,45041.0,45041.0,45041.0,,29800.0,29800.0,https://berkeleycollege.studentaidcalculator.com/welcome.aspx
Beth Hamedrash Shaarei Yosher Institute,NY,2,Private Non-Profit,24208.0,24208.0,24208.0,,12000.0,12000.0,https://bhsy.edu/links/
Brittany Beauty Academy,NY,3,Private For-Profit,28596.0,28596.0,,28596.0,,,brittanyacademy.edu/net-price-calculator/
Boricua College,NY,2,Private Non-Profit,24213.0,24213.0,24213.0,,13025.0,13025.0,https://www.boricuacollege.edu/registration-tuition-fees
Brittany Beauty Academy,NY,3,Private For-Profit,25065.0,25065.0,,25065.0,,,https://brittanyacademy.edu/net-price-calculator/
American Beauty School,NY,3,Private For-Profit,20087.0,20087.0,,20087.0,,,americanbeautyschool.com/en/cosmetology
SUNY Broome Community College,NY,1,Public,16640.0,22304.0,16640.0,,8624.0,14288.0,https://www.suny.edu/howmuch/netpricecalculator.xhtml
Bryant & Stratton College-Syracuse North,NY,2,Private Non-Profit,25249.0,25249.0,25249.0,,18768.0,18768.0,https://www.bryantstratton.edu/financial-aid/net-price-calculator
Bryant & Stratton College-Buffalo,NY,2,Private Non-Profit,24969.0,24969.0,24969.0,,18910.0,18910.0,https://www.bryantstratton.edu/financial-aid/net-price-calculator
Bryant & Stratton College-Greece,NY,2,Private Non-Profit,24114.0,24114.0,24114.0,,20073.0,20073.0,https://www.bryantstratton.edu/financial-aid/net-price-calculator
Canisius University,NY,2,Private Non-Profit,44322.0,44322.0,44322.0,,34500.0,34500.0,https://canisius.studentaidcalculator.com/welcome.aspx
Capri Cosmetology Learning Centers,NY,3,Private For-Profit,23158.0,23158.0,,23158.0,,,https://www.caprinow.edu/disclosures/
St Paul's School of Nursing-Queens,NY,3,Private For-Profit,34498.0,34498.0,34498.0,,17433.0,17433.0,https://www.stpaulsschoolofnursing.edu/content/dam/st-pauls/compliance/netprice-calc/npcalc-stpaul_queens.htm
Cayuga County Community College,NY,1,Public,16709.0,21989.0,16709.0,,7056.0,12336.0,https://www.cayuga-cc.edu/financial-aid/resources/npc/
Central Yeshiva Tomchei Tmimim Lubavitz,NY,2,Private Non-Profit,29697.0,29697.0,29697.0,,8400.0,8400.0,https://cyttl.edu/links/
Christine Valmy International School for Esthetics Skin Care & Makeup,NY,3,Private For-Profit,18364.0,18364.0,,18364.0,,,https://www.christinevalmy.com/ny-financial-aid/
Circle in the Square Theatre School,NY,2,Private Non-Profit,41990.0,41990.0,41990.0,,25610.0,25610.0,www.circlesquare.org/admissions/tuition
Clarkson University,NY,2,Private Non-Profit,79022.0,79022.0,79022.0,,59398.0,59398.0,https://www.clarkson.edu/net-price-calculator
Clinton Community College,NY,1,Public,16318.0,16318.0,16318.0,,6831.0,6831.0,https://www.suny.edu/howmuch/netpricecalculator.xhtml
Colgate University,NY,2,Private Non-Profit,87070.0,87070.0,87070.0,,70306.0,70306.0,https://npc.collegeboard.org/app/colgate
Metropolitan College of New York,NY,2,Private Non-Profit,34203.0,34203.0,34203.0,,20188.0,20188.0,https://apply.mcny.edu/register/npc
Columbia University in the City of New York,NY,2,Private Non-Profit,89472.0,89472.0,89472.0,,71845.0,71845.0,cc-seas.financialaid.columbia.edu/estimate-cost
Columbia-Greene Community College,NY,1,Public,14261.0,19661.0,14261.0,,6048.0,11448.0,https://www.columbiagreene.edu/tuition-financial-aid/net-price-calculator/
Empire Beauty School-Queens,NY,3,Private For-Profit,23382.0,23382.0,,23382.0,,,www.empire.edu/consumer-information/net-price-calculator
Continental School of Beauty Culture-Rochester,NY,3,Private For-Profit,18380.0,18380.0,,18380.0,,,continentalschoolofbeauty.edu/net-price-calculators/rochester.html
The Cooper Union for the Advancement of Science and Art,NY,2,Private Non-Profit,64190.0,64190.0,64190.0,,46820.0,46820.0,https://cooper.edu/admissions/sfs
Cornell University,NY,2,Private Non-Profit,88140.0,88140.0,88140.0,,69314.0,69314.0,https://npc.collegeboard.org/app/cornell
SUNY Corning Community College,NY,1,Public,14197.0,17989.0,14197.0,,6534.0,10326.0,https://www.suny.edu/howmuch/netpricecalculator.xhtml
Culinary Institute of America,NY,2,Private Non-Profit,58790.0,58790.0,58790.0,,39850.0,39850.0,https://ciachef.clearcostcalculator.com/student/default/netpricecalculator/survey
CUNY Bernard M Baruch College,NY,1,Public,14170.0,22120.0,14170.0,,7464.0,15414.0,https://npc.cuny.edu/npc/public/fin_aid/financial_aid_estimator/FinAidEstimator.jsp
CUNY Borough of Manhattan Community College,NY,1,Public,12866.0,15746.0,12866.0,,5170.0,8050.0,https://npc.cuny.edu/npc/public/fin_aid/financial_aid_estimator/FinAidEstimator.jsp
CUNY Bronx Community College,NY,1,Public,12677.0,15557.0,12677.0,,5206.0,8086.0,https://npc.cuny.edu/npc/public/fin_aid/financial_aid_estimator/FinAidEstimator.jsp
CUNY Brooklyn College,NY,1,Public,14151.0,22101.0,14151.0,,7452.0,15402.0,npc.cuny.edu/npc/public/fin_aid/financial_aid_estimator/FinAidEstimator.jsp
College of Staten Island CUNY,NY,1,Public,14795.0,22745.0,14795.0,,7490.0,15440.0,https://npc.cuny.edu/npc/public/fin_aid/financial_aid_estimator/FinAidEstimator.jsp
CUNY City College,NY,1,Public,14403.0,22353.0,14403.0,,7340.0,15290.0,https://npc.cuny.edu/npc/public/fin_aid/financial_aid_estimator/FinAidEstimator.jsp
CUNY Hostos Community College,NY,1,Public,13069.0,15949.0,13069.0,,5254.0,8134.0,https://npc.cuny.edu/npc/public/fin_aid/financial_aid_estimator/FinAidEstimator.jsp
CUNY Hunter College,NY,1,Public,13905.0,21855.0,13905.0,,7382.0,15332.0,https://npc.cuny.edu/npc/public/fin_aid/financial_aid_estimator/FinAidEstimator.jsp
CUNY John Jay College of Criminal Justice,NY,1,Public,14212.0,22162.0,14212.0,,7470.0,15420.0,https://npc.cuny.edu/npc/public/fin_aid/financial_aid_estimator/FinAidEstimator.jsp
CUNY Kingsborough Community College,NY,1,Public,13580.0,16460.0,13580.0,,5252.0,8132.0,https://npc.cuny.edu/npc/public/fin_aid/financial_aid_estimator/FinAidEstimator.jsp
CUNY LaGuardia Community College,NY,1,Public,13648.0,16528.0,13648.0,,5218.0,8098.0,https://npc.cuny.edu/npc/public/fin_aid/financial_aid_estimator/FinAidEstimator.jsp
CUNY Lehman College,NY,1,Public,14121.0,22071.0,14121.0,,7410.0,15360.0,https://npc.cuny.edu/npc/public/fin_aid/financial_aid_estimator/FinAidEstimator.jsp
CUNY Medgar Evers College,NY,1,Public,14771.0,22721.0,14771.0,,7352.0,15302.0,https://npc.cuny.edu/npc/public/fin_aid/financial_aid_estimator/FinAidEstimator.jsp
CUNY New York City College of Technology,NY,1,Public,14110.0,22060.0,14110.0,,7332.0,15282.0,https://npc.cuny.edu/npc/public/fin_aid/financial_aid_estimator/FinAidEstimator.jsp
CUNY Queens College,NY,1,Public,14367.0,22317.0,14367.0,,7538.0,15488.0,https://npc.cuny.edu/npc/public/fin_aid/financial_aid_estimator/FinAidEstimator.jsp
CUNY Queensborough Community College,NY,1,Public,12392.0,15272.0,12392.0,,5210.0,8090.0,https://npc.cuny.edu/npc/public/fin_aid/financial_aid_estimator/FinAidEstimator.jsp
CUNY York College,NY,1,Public,14330.0,22280.0,14330.0,,7358.0,15308.0,https://npc.cuny.edu/npc/public/fin_aid/financial_aid_estimator/FinAidEstimator.jsp
CVPH Medical Center School of Radiologic Technology,NY,2,Private Non-Profit,13453.0,13453.0,,13453.0,,,www.cvph.org/Residency-and-Education/School-of-Radiology/Tuition-and-Financial-Aid
D'Youville  University,NY,2,Private Non-Profit,48539.0,48539.0,48539.0,,34940.0,34940.0,https://www.dyu.edu/cost-aid
Daemen University,NY,2,Private Non-Profit,45192.0,45192.0,45192.0,,35218.0,35218.0,www.daemen.edu/admissions/tuition-fees
Yeshiva of Far Rockaway Derech Ayson Rabbinical Seminary,NY,2,Private Non-Profit,21150.0,21150.0,21150.0,,10800.0,10800.0,https://yofr.org/downloads/policies/
Dominican University New York,NY,2,Private Non-Profit,47802.0,47802.0,47802.0,,34220.0,34220.0,www.duny.edu/admissions/financial-aid-2/net-price-calculator/
Dutchess Community College,NY,1,Public,17159.0,22159.0,17159.0,,5670.0,10670.0,https://www.sunydutchess.edu/about/facts/consumer-information
Belanger School of Nursing,NY,2,Private Non-Profit,18492.0,18492.0,18492.0,,12444.0,12444.0,https://www.ellismedicine.org/netpricecalculator/
Elmira College,NY,2,Private Non-Profit,52449.0,52449.0,52449.0,,38976.0,38976.0,https://www.elmira.edu/affordability/tuition-aid-resources/net-price-calculator
Erie Community College,NY,1,Public,14348.0,19548.0,14348.0,,6100.0,11300.0,www.suny.edu/howmuch/
Fashion Institute of Technology,NY,1,Public,26838.0,37418.0,26838.0,,6294.0,16874.0,https://www.fitnyc.edu/admissions/costs/net-price-calculator.php
Finger Lakes Community College,NY,1,Public,19900.0,22084.0,19900.0,,6234.0,8418.0,www.flcc.edu/costs/netcalculator
Five Towns College,NY,3,Private For-Profit,42458.0,42458.0,42458.0,,30250.0,30250.0,app.meadowfi.com/ftc
Fordham University,NY,2,Private Non-Profit,82762.0,82762.0,82762.0,,64915.0,64915.0,https://www.fordham.edu/undergraduate-financial-aid/financing-your-fordham-education/net-price-calculator/
Fulton-Montgomery Community College,NY,1,Public,14226.0,14826.0,14226.0,,6198.0,6798.0,www.fmcc.edu/admissions-aid/affordability
Gemological Institute of America-New York,NY,2,Private Non-Profit,41379.0,41379.0,,41379.0,,,www.gia.edu/net-price-calculator
Genesee Community College,NY,1,Public,15959.0,16559.0,15959.0,,5900.0,6500.0,https://www.genesee.edu/pay-for-college/tuition-and-fees/#suny-net-price-calculator
Hamilton College,NY,2,Private Non-Profit,84230.0,84230.0,84230.0,,68960.0,68960.0,https://npc.collegeboard.org/app/hamilton
Hartwick College,NY,2,Private Non-Profit,68614.0,68614.0,68614.0,,54962.0,54962.0,www.hartwick.edu/admissions/net-price-calculator/
Helene Fuld College of Nursing,NY,2,Private Non-Profit,51340.0,51340.0,51340.0,,25852.0,25852.0,https://www.helenefuld.edu/net_price/aas/gbscalculator.php
Herkimer County Community College,NY,1,Public,20149.0,20149.0,20149.0,,5776.0,5776.0,www.herkimer.edu/npc
Hilbert College,NY,2,Private Non-Profit,42114.0,42114.0,42114.0,,33740.0,33740.0,https://www.hilbert.edu/admissions-aid/cost-aid/tuition-fees/undergraduate-costs/cost-calculator/
Hobart William Smith Colleges,NY,2,Private Non-Profit,82602.0,82602.0,82602.0,,65117.0,65117.0,https://www.hws.edu/admissions/tuition-scholarships-and-aid/financial-aid-calculators.aspx
Hofstra University,NY,2,Private Non-Profit,70624.0,70624.0,70624.0,,57660.0,57660.0,https://www.hofstra.edu/admission/adm_netprice.html
Houghton University,NY,2,Private Non-Profit,31143.0,31143.0,31143.0,,18430.0,18430.0,https://admission.houghton.edu/register/calculator
Hudson Valley Community College,NY,1,Public,15757.0,20813.0,15757.0,,6796.0,11852.0,https://www.hvcc.edu/npc/index.html
Hunter Business School,NY,3,Private For-Profit,31495.0,31495.0,,31495.0,,,hunterbusinessschool.edu/NetPriceCalculator/net-price-calculator.html
Iona University,NY,2,Private Non-Profit,60247.0,60247.0,60247.0,,47260.0,47260.0,https://www.iona.edu/offices/student-financial-services/costs-attendance/net-price-calculator
Isabella Graham Hart School of Practical Nursing,NY,2,Private Non-Profit,27344.0,27344.0,,27344.0,,,www.rgcohc.edu/index.cfm?Page=Net-Pricing-Calculator-IGH
Ithaca College,NY,2,Private Non-Profit,68699.0,68699.0,68699.0,,53540.0,53540.0,https://collegepricecalculator.com/ithacacollege
Jamestown Community College,NY,1,Public,18243.0,18243.0,18243.0,,6840.0,6840.0,https://www.suny.edu/howmuch/netpricecalculator.xhtml
Jefferson Community College,NY,1,Public,19286.0,24722.0,19286.0,,6264.0,11700.0,https://www.sunyjefferson.edu/costs-aid/net-price-calculator.php
Jewish Theological Seminary of America,NY,2,Private Non-Profit,85945.0,85945.0,85945.0,,67357.0,67357.0,https://npc.collegeboard.org/student/app/jtsa
The Juilliard School,NY,2,Private Non-Profit,83892.0,83892.0,83892.0,,57950.0,57950.0,www.juilliard.edu/campus-life/financial-aid/net-price-calculator
Kehilath Yakov Rabbinical Seminary,NY,2,Private Non-Profit,17850.0,17850.0,17850.0,,13200.0,13200.0,kehilathyakov.com/
Keuka College,NY,2,Private Non-Profit,54760.0,54760.0,54760.0,,39332.0,39332.0,https://www.keuka.edu/npc
LIM College,NY,3,Private For-Profit,53064.0,53064.0,53064.0,,33504.0,33504.0,https://tcc.ruffalonl.com/lim college/freshman-students
Le Moyne College,NY,2,Private Non-Profit,53183.0,53183.0,53183.0,,40330.0,40330.0,www.lemoyne.edu/admission-financial-aid/cost-financial-aid/cost-calculator/
Long Island University,NY,2,Private Non-Profit,55424.0,55424.0,55424.0,,42432.0,42432.0,webapps2.liu.edu/netpricecalc/Calculator.aspx?campus=P
Long Island Beauty School-Hempstead,NY,3,Private For-Profit,34183.0,34183.0,,34183.0,,,https://www.libs.edu/hempstead2019/index.html
Machzikei Hadath Rabbinical College,NY,2,Private Non-Profit,30053.0,30053.0,30053.0,,13500.0,13500.0,https://mhrc.edu/links/
Mandl School-The College of Allied Health,NY,3,Private For-Profit,43113.0,43113.0,43113.0,,21700.0,21700.0,mandl.edu/wp-content/uploads/netcalc/npcalc.htm
Manhattan University,NY,2,Private Non-Profit,64348.0,64348.0,64348.0,,53400.0,53400.0,https://manhattan.edu/admissions/undergraduate/pay-for-college/cost-calculator
Manhattan School of Music,NY,2,Private Non-Profit,77703.0,77703.0,77703.0,,57050.0,57050.0,https://www.msmnyc.edu/admission/scholarships-financial-aid/net-price-calculator/calculator-net-price/
Manhattanville University,NY,2,Private Non-Profit,53499.0,53499.0,53499.0,,44604.0,44604.0,https://www.mville.edu/admissions-and-aid/financial-aid/net-price-calculator.php
Maria College of Albany,NY,2,Private Non-Profit,21798.0,21798.0,21798.0,,18740.0,18740.0,https://mariacollege.edu/wp-content/uploads/2025/09/index-4.html
Marion S Whelan School of Nursing of Geneva General Hospital,NY,2,Private Non-Profit,14370.0,14370.0,14370.0,,12085.0,12085.0,mswspn.com/wp-content/uploads/2022/11/MSW-Net-Price-Calculator.html
Marist University,NY,2,Private Non-Profit,67574.0,67574.0,67574.0,,47750.0,47750.0,https://www.marist.edu/financial-aid/net-price-calculator
Marymount Manhattan College,NY,2,Private Non-Profit,65767.0,65767.0,65767.0,,41870.0,41870.0,https://www.mmm.edu/offices/center-for-student-services/net-price-calculator/index.php
Mercy University,NY,2,Private Non-Profit,32596.0,32596.0,32596.0,,22880.0,22880.0,https://www.mercy.edu/admissions/financial-aid/net-price-calculator/
Mesivta Torah Vodaath Rabbinical Seminary,NY,2,Private Non-Profit,21810.0,21810.0,21810.0,,15200.0,15200.0,independentrabbinicalcolleges.org/tv.htm
Mesivta of Eastern Parkway-Yeshiva Zichron Meilech,NY,2,Private Non-Profit,21300.0,21300.0,21300.0,,10100.0,10100.0,https://mesivtaofeasternparkway.com/links
Mesivtha Tifereth Jerusalem of America,NY,2,Private Non-Profit,18560.0,18560.0,18560.0,,13250.0,13250.0,https://sites.google.com/site/mtjysi
Mildred Elley School-Albany Campus,NY,3,Private For-Profit,31734.0,31734.0,31734.0,,15865.0,15865.0,www.mildred-elley.edu/net-price-calculator/
Mirrer Yeshiva Cent Institute,NY,2,Private Non-Profit,20614.0,20614.0,20614.0,,13600.0,13600.0,https://mirreryeshiva.co/wp-content/uploads/2020/06/npcalc.htm
Modern Welding School,NY,3,Private For-Profit,26531.0,26531.0,,26531.0,,,www.modernwelding.com/public-information/net-price
Mohawk Valley Community College,NY,1,Public,16656.0,19289.0,16656.0,,6218.0,8851.0,www.mvcc.edu/institutional-effectiveness/student-consumer-info/net-price-calculator.php
Molloy University,NY,2,Private Non-Profit,50720.0,50720.0,50720.0,,39790.0,39790.0,www.molloy.edu/admissions-aid/financial-aid/net-price-calculator
Monroe University,NY,3,Private For-Profit,28285.0,28285.0,28285.0,,18464.0,18464.0,https://monroecollege.studentaidcalculator.com/survey.aspx
Monroe Community College,NY,1,Public,14606.0,19656.0,14606.0,,6006.0,11056.0,www.suny.edu/howmuch/netpricecalculator.xhtml?embed=n&headerurl=www.monroecc.edu/images/header_images/mcc_home_header_01.gif&bgcolor=fcf
Mount Saint Mary College,NY,2,Private Non-Profit,55014.0,55014.0,55014.0,,43450.0,43450.0,https://npc.collegeboard.org/app/msmc
University of Mount Saint Vincent,NY,2,Private Non-Profit,54170.0,54170.0,54170.0,,44540.0,44540.0,https://www.mountsaintvincent.edu/admission/financial-aid/net-price-calculator/
Nassau Community College,NY,1,Public,14983.0,20783.0,14983.0,,6330.0,12130.0,https://www.ncc.edu/payingforcollege/net_price_tuition_calculator.shtml
Nazareth University,NY,2,Private Non-Profit,58254.0,58254.0,58254.0,,42450.0,42450.0,https://www2.naz.edu/financial-aid-scholarships-tuition/net-price-calculator/
Neighborhood Playhouse School of the Theater,NY,2,Private Non-Profit,44715.0,44715.0,44715.0,,19000.0,19000.0,neighborhoodplayhouse.org/net-price-calculator
The New School,NY,2,Private Non-Profit,88284.0,88284.0,88284.0,,58694.0,58694.0,https://www.newschool.edu/financial-aid/npc/
New York School for Medical and Dental Assistants,NY,3,Private For-Profit,27963.0,27963.0,,27963.0,,,www.sofizadesign.com/net_price_calculator/NetPriceCalculator/npcalcda.htm
New York University,NY,2,Private Non-Profit,84374.0,84374.0,84374.0,,62796.0,62796.0,https://www.nyu.edu/admissions/financial-aid-and-scholarships/applying-and-planning-for-undergraduate-aid/estimate-your-cost.html
Niagara County Community College,NY,1,Public,13908.0,19044.0,13908.0,,6894.0,12030.0,https://sunyniagara.edu/tuition/rates/
Niagara University,NY,2,Private Non-Profit,51632.0,51632.0,51632.0,,39345.0,39345.0,niagara.aidcalculator.com/
Empire Beauty School-Peekskill,NY,3,Private For-Profit,23093.0,23093.0,,23093.0,,,www.empire.edu/consumer-information/net-price-calculator
North Country Community College,NY,1,Public,18051.0,20739.0,18051.0,,6682.0,9370.0,www.suny.edu/smarttrack/net-price-calculator/
New York Institute of Technology,NY,2,Private Non-Profit,56976.0,56976.0,56976.0,,46560.0,46560.0,https://www.nyit.edu/admissions/net_price_calculator
New York School of Interior Design,NY,2,Private Non-Profit,48730.0,48730.0,48730.0,,32330.0,32330.0,https://www.nysid.edu/financial-aid/net-price-calculator
Onondaga Community College,NY,1,Public,16585.0,21875.0,16585.0,,6102.0,11392.0,https://www.suny.edu/howmuch/netpricecalculator.xhtml
Orange County Community College,NY,1,Public,14807.0,20615.0,14807.0,,6526.0,12334.0,www.suny.edu/howmuch/netpricecalculator.xhtml?embed=n&headerUrl=www.sunyorange.edu/images/master_header_2011-04-13.jpg&id=62
Pace University,NY,2,Private Non-Profit,69550.0,69550.0,69550.0,,53290.0,53290.0,www.pace.edu/admission-aid/undergraduate-admission/freshman/net-price-calculator
Paul Smiths College of Arts and Science,NY,2,Private Non-Profit,51506.0,51506.0,51506.0,,33009.0,33009.0,https://www.paulsmiths.edu/cost-aid/tuition-fees/net-price-calculator/
Continental School of Beauty Culture-West Seneca,NY,3,Private For-Profit,17709.0,17709.0,,17709.0,,,continentalschoolofbeauty.edu/net-price-calculators/west-seneca.html
Plaza College,NY,3,Private For-Profit,26525.0,26525.0,26525.0,,15450.0,15450.0,www.plazacollege.edu/tuition-financial-aid/
Davis College,NY,2,Private Non-Profit,24830.0,24830.0,24830.0,,18000.0,18000.0,https://davisny.edu/admissions/financial-aid/net-price-calculator/
Pratt Institute-Main,NY,2,Private Non-Profit,80049.0,80049.0,80049.0,,61845.0,61845.0,www.pratt.edu/admissions/financing-your-education/
Rabbinical Academy Mesivta Rabbi Chaim Berlin,NY,2,Private Non-Profit,20400.0,20400.0,20400.0,,10800.0,10800.0,https://rabbinicalacademyrabbichaimberlin.com/links/
Rabbinical College Bobover Yeshiva Bnei Zion,NY,2,Private Non-Profit,20075.0,20075.0,20075.0,,10000.0,10000.0,https://www.rabbinicalcollegeboboveryeshiva.edu/net-price-calculator
Rabbinical Seminary Mkor Chaim,NJ,2,Private Non-Profit,17750.0,17750.0,17750.0,,8450.0,8450.0,https://www.mkorchaim.org/links
Rabbinical College of Long Island,NY,2,Private Non-Profit,21600.0,21600.0,21600.0,,10290.0,10290.0,https://rabbinicalcollegelongisland.com/?page_id=9
Rabbinical Seminary of America,NY,2,Private Non-Profit,19700.0,19700.0,19700.0,,10000.0,10000.0,www.rabbinical.org/calculator
Rensselaer Polytechnic Institute,NY,2,Private Non-Profit,82404.0,82404.0,82404.0,,64081.0,64081.0,npc.collegeboard.org/student/app/rpi
Roberts Wesleyan University,NY,2,Private Non-Profit,52919.0,52919.0,52919.0,,38826.0,38826.0,https://www.roberts.edu/admissions/financial-aid/undergraduate-tuition-and-aid/net-price-calculator/
Rochester Institute of Technology,NY,2,Private Non-Profit,74626.0,74626.0,74626.0,,59274.0,59274.0,https://npc.collegeboard.org/app/rit
University of Rochester,NY,2,Private Non-Profit,85962.0,85962.0,85962.0,,67080.0,67080.0,https://www.rochester.edu/financial-aid/undergraduate-cost-calculators/#college-board
Rockland Community College,NY,1,Public,18713.0,18713.0,18713.0,,6862.0,6862.0,www.suny.edu/howmuch/netpricecalculator.xhtml?id=63
Empire Beauty School-Manhattan,NY,3,Private For-Profit,24504.0,24504.0,,24504.0,,,www.empire.edu/consumer-information/net-price-calculator
Russell Sage College,NY,2,Private Non-Profit,50607.0,50607.0,50607.0,,38164.0,38164.0,https://sage.edu/admission/financial-aid/loan-fee-calculator/
St Bonaventure University,NY,2,Private Non-Profit,57271.0,57271.0,57271.0,,41735.0,41735.0,https://tccpreview.ruffalonl.com/st-bonaventure-university/freshmanstudents
St. Francis College,NY,2,Private Non-Profit,38098.0,38098.0,38098.0,,28775.0,28775.0,https://www.sfc.edu/admissions-aid/office-of-financial-aid/net-price-calculator
St Lawrence University,NY,2,Private Non-Profit,82000.0,82000.0,82000.0,,65900.0,65900.0,https://www.stlawu.edu/admissions/financial-aid-scholarships/financial-aid/net-price-calculator
St. Thomas Aquinas College,NY,2,Private Non-Profit,53370.0,53370.0,53370.0,,39450.0,39450.0,https://stac.edu/admissions-aid/financial-aid/net-price-calculator/
Sarah Lawrence College,NY,2,Private Non-Profit,82467.0,82467.0,82467.0,,66862.0,66862.0,https://npc.collegeboard.org/student/app/sarahlawrence
Schenectady County Community College,NY,1,Public,16830.0,19614.0,16830.0,,6190.0,8974.0,https://sunysccc.edu/about-us/consumer-information/index.html
Siena University,NY,2,Private Non-Profit,64870.0,64870.0,64870.0,,46580.0,46580.0,https://www.siena.edu/afford/net-price-calculator/
Skidmore College,NY,2,Private Non-Profit,85270.0,85270.0,85270.0,,67290.0,67290.0,https://skidmore.studentaidcalculator.com/survey.aspx
St. Joseph's University-New York,NY,2,Private Non-Profit,41897.0,41897.0,41897.0,,36550.0,36550.0,https://www.sjny.edu/brooklyn/admissions/financial-aid/net-price
St. John Fisher University,NY,2,Private Non-Profit,55201.0,55201.0,55201.0,,41190.0,41190.0,https://www.sjf.edu/admissions-aid/financial-aid/net-price-calculator/
St Paul's School of Nursing-Staten Island,NY,3,Private For-Profit,44677.0,44677.0,44677.0,,17492.0,17492.0,https://www.stpaulsschoolofnursing.edu/content/dam/st-pauls/compliance/netprice-calc/npcalc_stpaul_statenisland.htm
St. John's University-New York,NY,2,Private Non-Profit,65527.0,65527.0,65527.0,,53020.0,53020.0,https://www.stjohns.edu/admission/tuition-and-financial-aid/st-johns-net-price-calculator
Sullivan County Community College,NY,1,Public,16601.0,22265.0,16601.0,,6468.0,12132.0,https://www.suny.edu/smarttrack/net-price-calculator/
SUNY College of Technology at Alfred,NY,1,Public,25385.0,33330.0,25385.0,,8892.0,16837.0,www.alfredstate.edu/financial-aid/tuition/net-price-calculator
SUNY College of Technology at Canton,NY,1,Public,24906.0,29736.0,24906.0,,8742.0,13572.0,www.suny.edu/howmuch/?embed=n&cssurl=www.canton.edu/css/calc.css&headerurl=www.canton.edu/images/banner-calc.png&profileurl=http:
SUNY College of Technology at Delhi,NY,1,Public,26944.0,30934.0,26944.0,,8772.0,12762.0,www.delhi.edu/admission/financial-aid/cost-calculator/index.php
SUNY College of Agriculture and Technology at Cobleskill,NY,1,Public,27786.0,37696.0,27786.0,,8768.0,18678.0,www.suny.edu/howmuch/netpricecalculator.xhtml
Farmingdale State College,NY,1,Public,18966.0,28876.0,18966.0,,8626.0,18536.0,www.suny.edu/howmuch/netpricecalculator.xhtml
SUNY Morrisville,NY,1,Public,26833.0,37253.0,26833.0,,8825.0,19245.0,www.morrisville.edu/student-accounts/net-price-calculator
University at Albany,NY,1,Public,28802.0,49192.0,28802.0,,10866.0,31256.0,www.albany.edu/cost-aid/tuition-fees/cost-attendance
Binghamton University,NY,1,Public,30345.0,50225.0,30345.0,,10567.0,30447.0,www.suny.edu/howmuch/netpricecalculator.xhtml?id=2&embed=n&headerUrl=www.binghamton.edu/npc/logo.png&cssUrl=www.binghamton.edu/np
University at Buffalo,NY,1,Public,30785.0,51385.0,30785.0,,10936.0,31536.0,https://financialaid.buffalo.edu/net-price-calculator/
Stony Brook University,NY,1,Public,30539.0,52349.0,30539.0,,10931.0,32741.0,https://www.stonybrook.edu/commcms/finaid/finaidbasics/net_price_calc.html
SUNY College of Environmental Science and Forestry,NY,1,Public,28133.0,41093.0,28133.0,,9303.0,22263.0,www.esf.edu/tuition-aid/financialaid/netprice.php
SUNY Polytechnic Institute,NY,1,Public,23741.0,36331.0,23741.0,,8625.0,21215.0,https://www.sunypoly.edu/calculator.html
SUNY Brockport,NY,1,Public,26046.0,33116.0,26046.0,,8752.0,15822.0,https://www.brockport.edu/admissions_aid/financial_aid/calculator.html
SUNY Buffalo State University,NY,1,Public,24279.0,35399.0,24279.0,,8533.0,19653.0,https://financialaid.buffalostate.edu/cost-calculators
State University of New York at Cortland,NY,1,Public,28108.0,38018.0,28108.0,,8874.0,18784.0,www2.cortland.edu/cost-aid/financial-aid/net-price-calculator.dot
SUNY at Fredonia,NY,1,Public,25879.0,36819.0,25879.0,,8831.0,19771.0,https://www.fredonia.edu/admissions-aid/net-price-calculator
SUNY College at Geneseo,NY,1,Public,27709.0,38279.0,27709.0,,8999.0,19569.0,https://www.suny.edu/howmuch/netpricecalculator.xhtml?embed=n&id=11&headerurl=https://www.geneseo.edu/images/geneseo-header.jpg&titlecolor=b9cce3
State University of New York at New Paltz,NY,1,Public,28428.0,38678.0,28428.0,,8572.0,18822.0,www.newpaltz.edu/financialaid/netpricecalc.html
SUNY Oneonta,NY,1,Public,28821.0,39771.0,28821.0,,8831.0,19781.0,https://suny.oneonta.edu/index.php/cost-aid/suny-net-price-calculator
State University of New York at Oswego,NY,1,Public,27052.0,36962.0,27052.0,,8825.0,18735.0,https://www.oswego.edu/financial-aid/net-price-calculator
SUNY College at Potsdam,NY,1,Public,25083.0,34993.0,25083.0,,8768.0,18678.0,www.suny.edu/howmuch/netpricecalculator.xhtml
SUNY at Purchase College,NY,1,Public,29043.0,39293.0,29043.0,,8953.0,19203.0,www.purchase.edu/offices/student-financial-services/
SUNY Old Westbury,NY,1,Public,21287.0,31707.0,21287.0,,8422.0,18842.0,https://www.oldwestbury.edu/financial-aid/net-price-calculator
State University of New York at Plattsburgh,NY,1,Public,28244.0,38154.0,28244.0,,9035.0,18945.0,https://www.plattsburgh.edu/cost-aid/net-price-calculator.html
Empire State University,NY,1,Public,19699.0,29609.0,19699.0,,7648.0,17558.0,https://sunyempire.edu/admissions-and-aid/tuition-and-fees/net-price-calculator.html
SUNY Maritime College,NY,1,Public,29786.0,40356.0,29786.0,,8589.0,19159.0,www.suny.edu/howmuch/netpricecalculator.xhtml?bgColor=87CEFA&embed=N&headerUrl=www.sunymaritime.edu/upload/Maritime_HEADER.gif&id=25
Swedish Institute a College of Health Sciences,NY,3,Private For-Profit,35629.0,35629.0,35629.0,,27066.0,27066.0,https://app.meadowfi.com/swedish
Syracuse University,NY,2,Private Non-Profit,84517.0,84517.0,84517.0,,65528.0,65528.0,https://www.syracuse.edu/admissions-aid/tuition-fees/undergraduate-costs/net-price-calculator/
Talmudical Seminary Oholei Torah,NY,2,Private Non-Profit,20353.0,20353.0,20353.0,,8750.0,8750.0,https://www.tsot.edu/NetPriceCalculator.php
Talmudical Institute of Upstate New York,NY,2,Private Non-Profit,16850.0,16850.0,16850.0,,6150.0,6150.0,https://www.tiuny.org/legal/
Tompkins Cortland Community College,NY,1,Public,20222.0,26107.0,20222.0,,6970.0,12855.0,www.tompkinscortland.edu/admissions/net-price-calculator
Torah Temimah Talmudical Seminary,NY,2,Private Non-Profit,34000.0,34000.0,34000.0,,9600.0,9600.0,https://torahtemimahtalmudicalseminary.com/links/
Touro University,NY,2,Private Non-Profit,40500.0,40500.0,40500.0,,22450.0,22450.0,https://npc.collegeboard.org/app/touro
Trocaire College,NY,2,Private Non-Profit,29845.0,29845.0,29845.0,,20640.0,20640.0,https://trocaire.edu/admissions-and-aid/tuition-financial-aid/cost-of-attendance/
Ulster County Community College,NY,1,Public,14925.0,20405.0,14925.0,,6666.0,12146.0,www.suny.edu/howmuch/netpricecalculator.xhtml?bgcolor= 8fa5c6&embed=n&headerurl=www.sunyulster.edu/_global/images/net_price_calc_header
Union College,NY,2,Private Non-Profit,84561.0,84561.0,84561.0,,69039.0,69039.0,https://npc.collegeboard.org/student/app/union
United Talmudical Seminary,NY,2,Private Non-Profit,22754.0,22754.0,22754.0,,15000.0,15000.0,utsny.edu/NetPriceCalculator/npcalc.htm
United States Merchant Marine Academy,NY,1,Public,9168.0,9168.0,9168.0,,895.0,895.0,https://www.usmma.edu/admissions/financial-aid/cost-attendance
Utica University,NY,2,Private Non-Profit,37205.0,37205.0,37205.0,,26930.0,26930.0,https://www.utica.edu/tuition-and-financial-aid/net-price-calculator
Vassar College,NY,2,Private Non-Profit,87419.0,87419.0,87419.0,,71030.0,71030.0,https://npc.collegeboard.org/student/app/vassar
Villa Maria College,NY,2,Private Non-Profit,36335.0,36335.0,36335.0,,28670.0,28670.0,https://www.villa.edu/admissions/financial-aid/tuition/npc/
School of Visual Arts,NY,3,Private For-Profit,78051.0,78051.0,78051.0,,51400.0,51400.0,https://npc.collegeboard.org/app/sva
Wagner College,NY,2,Private Non-Profit,65574.0,65574.0,65574.0,,53200.0,53200.0,https://wagner.edu/financial-aid/forms/net-price-calculator/
Webb Institute,NY,2,Private Non-Profit,81950.0,81950.0,81950.0,,63214.0,63214.0,https://www.webb.edu/admissions/financial-aid/net-price-calculator/
The College of Westchester,NY,3,Private For-Profit,31660.0,31660.0,31660.0,,25191.0,25191.0,success.cw.edu/forms/npcalc/npcalc.html
SUNY Westchester Community College,NY,1,Public,15316.0,21854.0,15316.0,,5948.0,12486.0,https://www.suny.edu/howmuch/netpricecalculator.xhtml
Westchester School of Beauty Culture,NY,3,Private For-Profit,19386.0,19386.0,,19386.0,,,https://westchesterschoolofbeautycultureny.com/net-employment/
Word of Life Bible Institute,NY,2,Private Non-Profit,22600.0,22600.0,22600.0,,11500.0,11500.0,wordoflife.edu/admissions/cost-calculator/
Yeshiva Karlin Stolin,NY,2,Private Non-Profit,18612.0,18612.0,18612.0,,13300.0,13300.0,www.yksrs.org/net-price-calculator
Yeshiva Derech Chaim,NY,2,Private Non-Profit,24200.0,24200.0,24200.0,,12700.0,12700.0,https://ydc.edu/wp-content/uploads/2024/06/index.html
Yeshiva of Nitra Rabbinical College,NY,2,Private Non-Profit,23300.0,23300.0,23300.0,,14000.0,14000.0,yeshivaofnitra.org/calculator/npcalc.htm
Yeshivath Shaar Hatorah,NY,2,Private Non-Profit,22150.0,22150.0,22150.0,,19550.0,19550.0,shaarhatorah.edu/
Yeshiva University,NY,2,Private Non-Profit,70892.0,70892.0,70892.0,,51800.0,51800.0,yu.studentaidcalculator.com/survey.aspx
Yeshivath Viznitz,NY,2,Private Non-Profit,20397.0,20397.0,20397.0,,12000.0,12000.0,https://yeshivathviznitz.com/?page_id=10
Yeshivath Zichron Moshe,NY,2,Private Non-Profit,20440.0,20440.0,20440.0,,10880.0,10880.0,https://yeshivathzichronmoshe.com/links/
College of the Albemarle,NC,1,Public,13621.0,19031.0,13621.0,,2242.0,7652.0,www.albemarle.edu/wp-content/net-price-calculator/index.html
South Piedmont Community College,NC,1,Public,16111.0,20719.0,16111.0,,2022.0,6630.0,https://spcc.edu/wp-content/uploads/2025/06/index.html
Appalachian State University,NC,1,Public,23169.0,40802.0,23169.0,,7579.0,25212.0,https://appstate.edu/npc/
Asheville-Buncombe Technical Community College,NC,1,Public,16061.0,22205.0,16061.0,,2882.0,9026.0,www.abtech.edu/tuition-and-fees
Barton College,NC,2,Private Non-Profit,51935.0,51935.0,51935.0,,37250.0,37250.0,https://www.barton.edu/financial-aid/calculator/
Beaufort County Community College,NC,1,Public,16245.0,22389.0,16245.0,,2540.0,8684.0,www.beaufortccc.edu/financial-aid/net-price-calculator
Belmont Abbey College,NC,2,Private Non-Profit,34788.0,34788.0,34788.0,,19500.0,19500.0,https://npc.collegeboard.org/app/belmontabbey
Bennett College,NC,2,Private Non-Profit,41296.0,41296.0,41296.0,,19140.0,19140.0,https://bennett.edu/netpricecalculator/
Bladen Community College,NC,1,Public,12613.0,18757.0,12613.0,,2618.0,8762.0,https://bladencc.edu/advising-aid/financial-aid-2/net-price-calculator/
Blue Ridge Community College,NC,1,Public,13274.0,19418.0,13274.0,,2660.0,8804.0,www.blueridge.edu/paying-for-college/financial-aid/net-price-calculator/
Brevard College,NC,2,Private Non-Profit,47288.0,47288.0,47288.0,,32280.0,32280.0,https://app.meadowfi.com/brevard
Brunswick Community College,NC,1,Public,12836.0,18980.0,12836.0,,2553.0,8697.0,brunswickcc.edu/net-price-calculator
Cabarrus College of Health Sciences,NC,2,Private Non-Profit,26375.0,26375.0,26375.0,,16550.0,16550.0,https://cabarruscollege.edu/financial-information/calculator
Caldwell Community College and Technical Institute,NC,1,Public,20188.0,24188.0,20188.0,,2526.0,6526.0,https://cccti.edu/paying-for-college/net-price-calculator/
Campbell University,NC,2,Private Non-Profit,62187.0,62187.0,62187.0,,41600.0,41600.0,https://www.shoppingsheet.com/shopping/landing/campbell
Cape Fear Community College,NC,1,Public,14740.0,20884.0,14740.0,,2748.0,8892.0,cfcc.edu/resources/netprice/
Carteret Community College,NC,1,Public,19621.0,25533.0,19621.0,,2310.0,8222.0,https://carteret.edu/paying-for-college/financial-aid/explore-your-financial-aid/cost-of-attendance/
Catawba College,NC,2,Private Non-Profit,49516.0,49516.0,49516.0,,34300.0,34300.0,www.catawba.edu/calculator
Catawba Valley Community College,NC,1,Public,20446.0,25822.0,20446.0,,2427.0,7803.0,www.cvcc.edu/student_services/financial_aid/netprice.cfm
Central Carolina Community College,NC,1,Public,14901.0,21045.0,14901.0,,2711.0,8855.0,https://www.cccc.edu/paying-college/tuition-fees/net-price-calculator
Central Piedmont Community College,NC,1,Public,10546.0,16690.0,10546.0,,2792.0,8936.0,www.cpcc.edu/financial-aid/resources/net-price-calculator
Chowan University,NC,2,Private Non-Profit,39027.0,39027.0,39027.0,,27910.0,27910.0,https://npc.collegeboard.org/app/chowan
Cleveland Community College,NC,1,Public,5565.0,11709.0,5565.0,,2602.0,8746.0,clevelandcc.edu/consumer-information/
Coastal Carolina Community College,NC,1,Public,16793.0,22937.0,16793.0,,2512.0,8656.0,www.coastalcarolina.edu/admissions/paying-for-coastal/financial-aid-scholarships/net-price-calculator/
Craven Community College,NC,1,Public,10735.0,15343.0,10735.0,,2022.0,6630.0,https://cravencc.edu/paying-college/financial-aid/net-price-calculator
Davidson-Davie Community College,NC,1,Public,14280.0,18888.0,14280.0,,1980.0,6588.0,https://www.davidsondavie.edu/wp-content/uploads/2024/08/net-price-calculator.html
Davidson College,NC,2,Private Non-Profit,79475.0,79475.0,79475.0,,64410.0,64410.0,https://davidson.studentaidcalculator.com/survey.aspx
Duke University,NC,2,Private Non-Profit,87072.0,87072.0,87072.0,,68758.0,68758.0,https://npc.collegeboard.org/student/app/duke
Durham Technical Community College,NC,1,Public,10430.0,15038.0,10430.0,,1986.0,6594.0,www.durhamtech.edu/sites/default/files/npcalc/index.html
East Carolina University,NC,1,Public,23867.0,40144.0,23867.0,,7361.0,23638.0,https://shoppingsheet.com/Shopping/Landing/ecu
Edgecombe Community College,NC,1,Public,9330.0,15474.0,9330.0,,2640.0,8784.0,www.edgecombe.edu/current-students/financial-aid/net-price-calculator/
Elizabeth City State University,NC,1,Public,17701.0,21701.0,17701.0,,6536.0,10536.0,https://tcc.ruffalonl.com/Elizabeth City State University/Net_Price_Calculator
Elon University,NC,2,Private Non-Profit,62266.0,62266.0,62266.0,,46958.0,46958.0,https://www.elon.edu/u/admissions/undergraduate/financial-aid/tuition-and-aid/
Fayetteville Technical Community College,NC,1,Public,11277.0,17421.0,11277.0,,2628.0,8772.0,https://www2.faytechcc.edu/npcalc/npcalc2025.html
Fayetteville State University,NC,1,Public,16652.0,20652.0,16652.0,,4353.0,8353.0,https://uncfsu.clearcostcalculator.com/student/default/netpricecalculator/survey
Forsyth Technical Community College,NC,1,Public,14101.0,18709.0,14101.0,,2276.0,6884.0,https://www.forsythtech.edu/static/netpricecalculator/npcalc.htm
Gardner-Webb University,NC,2,Private Non-Profit,47091.0,47091.0,47091.0,,34760.0,34760.0,https://gardner-webb.edu/admissions-aid/financial-aid/
Gaston College,NC,1,Public,16866.0,23010.0,16866.0,,3186.0,9330.0,www.gaston.edu/netprice/npcalc.htm
Greensboro College,NC,2,Private Non-Profit,35165.0,35165.0,35165.0,,21000.0,21000.0,https://greensboro.studentaidcalculator.com/welcome.aspx
Guilford College,NC,2,Private Non-Profit,55689.0,55689.0,55689.0,,41362.0,41362.0,https://npc.collegeboard.org/student/app/guilford
Guilford Technical Community College,NC,1,Public,20529.0,25905.0,20529.0,,2320.0,7696.0,https://www.gtcc.edu/_files/netpricecalculator/npcalc.htm
Halifax Community College,NC,1,Public,16938.0,23082.0,16938.0,,2608.0,8752.0,halifaxcc.edu/getting-started/tuition-chart/
Haywood Community College,NC,1,Public,17011.0,23155.0,17011.0,,2580.0,8724.0,https://www.haywood.edu/net-price-calculator/index.htm
Heritage Bible College,NC,2,Private Non-Profit,24868.0,24868.0,24868.0,,8688.0,8688.0,solutions.campusivy.com/Apps/NPC/NPCWizard/Wizard?institutionId=38600
High Point University,NC,2,Private Non-Profit,65548.0,65548.0,65548.0,,45312.0,45312.0,https://www.highpoint.edu/admissions/net-price-calculator/
Isothermal Community College,NC,1,Public,18132.0,22740.0,18132.0,,2030.0,6638.0,https://www.isothermal.edu/getstarted/financial-aid/netpricecalculator
James Sprunt Community College,NC,1,Public,11870.0,18014.0,11870.0,,2592.0,8736.0,jamessprunt.edu/admissions-aid/financial-aid/2811-2/
Johnson C Smith University,NC,2,Private Non-Profit,34923.0,34923.0,34923.0,,21300.0,21300.0,https://www.jcsu.edu/admissions/tuition-and-financial-aid/net-price-calculator
Johnston Community College,NC,1,Public,11230.0,17374.0,11230.0,,2756.0,8900.0,https://www.johnstoncc.edu/admissions-and-aid/paying-for-college/net-price-calculator.html
Lees-McRae College,NC,2,Private Non-Profit,49498.0,49498.0,49498.0,,33250.0,33250.0,www.lmc.edu/admissions/financial-aid/net-price-calculator.htm
Lenoir Community College,NC,1,Public,14929.0,21073.0,14929.0,,2578.0,8722.0,https://static.lenoircc.edu/npcalc/npcalc.html
Lenoir-Rhyne University,NC,2,Private Non-Profit,44621.0,44621.0,44621.0,,31900.0,31900.0,lr.studentaidcalculator.com/survey.aspx
Leons Beauty School Inc,NC,3,Private For-Profit,10311.0,10311.0,,10311.0,,,www.leonsbeauty.com/cosmetology-program/
Livingstone College,NC,2,Private Non-Profit,28305.0,28305.0,28305.0,,18296.0,18296.0,livingstone.edu/netpricecal/npcalc.htm
Louisburg College,NC,2,Private Non-Profit,38833.0,38833.0,38833.0,,24120.0,24120.0,https://www.louisburg.edu/admissions/financial-aid/cost.php
Mars Hill University,NC,2,Private Non-Profit,50099.0,50099.0,50099.0,,37736.0,37736.0,https://www.mhu.edu/future-students/traditional-undergraduate/financial-aid/tuition-fees-financial-aid-traditional/
Martin Community College,NC,1,Public,11275.0,17419.0,11275.0,,2523.0,8667.0,www.martincc.edu/netprice
Mayland Community College,NC,1,Public,14932.0,21076.0,14932.0,,2626.0,8770.0,https://www.mayland.edu/financial-aid/cost-and-payment/
McDowell Technical Community College,NC,1,Public,18783.0,23391.0,18783.0,,2032.0,6640.0,https://www.mcdowelltech.edu/net-cost-calculator
Meredith College,NC,2,Private Non-Profit,57313.0,57313.0,57313.0,,45630.0,45630.0,https://tcc.ruffalonl.com/meredith college/net-price-calculator
Methodist University,NC,2,Private Non-Profit,55796.0,55796.0,55796.0,,41250.0,41250.0,https://methodist.studentaidcalculator.com/survey.aspx
Mitchell Community College,NC,1,Public,16661.0,22805.0,16661.0,,2641.0,8785.0,https://www.mitchellcc.edu/wp-content/uploads/2023/11/index.html
Montgomery Community College,NC,1,Public,17669.0,23813.0,17669.0,,2538.0,8682.0,sftp.montgomery.edu/fa/NetPriceCalculator/npcalc.htm
Montreat College,NC,2,Private Non-Profit,47133.0,47133.0,47133.0,,36450.0,36450.0,https://www.montreat.edu/calculator/
University of Mount Olive,NC,2,Private Non-Profit,38569.0,38569.0,38569.0,,27366.0,27366.0,https://umo.edu/cost-calculator/
College of Wilmington,NC,3,Private For-Profit,26512.0,26512.0,,26512.0,,,avedafi.edu/wilmington/consumer-information
Nash Community College,NC,1,Public,10062.0,16062.0,10062.0,,2866.0,8866.0,https://www.nashcc.edu/tuition
North Carolina A & T State University,NC,1,Public,20427.0,34287.0,20427.0,,6813.0,20673.0,https://www.ncat.edu/admissions/financial-aid/netprice-calculator/index.php
University of North Carolina Asheville,NC,1,Public,21685.0,39033.0,21685.0,,7501.0,24849.0,https://npc.collegeboard.org/app/uncashville
University of North Carolina at Chapel Hill,NC,1,Public,26055.0,58264.0,26055.0,,8994.0,41203.0,https://studentaid.unc.edu/net-price-calculator/
University of North Carolina at Charlotte,NC,1,Public,23010.0,38263.0,23010.0,,7239.0,22492.0,https://calculator.charlotte.edu/
University of North Carolina at Greensboro,NC,1,Public,21373.0,37724.0,21373.0,,7661.0,24012.0,https://spartancentral.uncg.edu/financial-aid/financial-aid-basics/net-price-calculator/
North Carolina Central University,NC,1,Public,26556.0,39592.0,26556.0,,6699.0,19735.0,https://www.nccu.edu/net-price-calculator
University of North Carolina School of the Arts,NC,1,Public,26470.0,44204.0,26470.0,,9477.0,27211.0,www.uncsa.edu/financialaid/netpricecalculator/npcalc.html
North Carolina State University at Raleigh,NC,1,Public,26425.0,50473.0,26425.0,,8799.0,32847.0,https://npc.collegeboard.org/app/ncsu
North Carolina Wesleyan University,NC,2,Private Non-Profit,49974.0,49974.0,49974.0,,35736.0,35736.0,https://ncwu.edu/npcalc.html
University of North Carolina Wilmington,NC,1,Public,26547.0,43422.0,26547.0,,7277.0,24152.0,https://www.uncw.edu/seahawk-life/money-matters/financial-aid/affording-your-education/net-price-calculator
Pamlico Community College,NC,1,Public,8227.0,12835.0,8227.0,,1867.0,6475.0,https://www.pamlicocc.edu/wp-content/uploads/2025/02/npc2025.html
William Peace University,NC,2,Private Non-Profit,49362.0,49362.0,49362.0,,34176.0,34176.0,www.peace.edu/admissions/understand-costs-and-financial-aid/traditional-undergraduate/
University of North Carolina at Pembroke,NC,1,Public,17261.0,21261.0,17261.0,,3648.0,7648.0,https://uncp.clearcostcalculator.com/student/default/netpricecalculator/survey
Pfeiffer University,NC,2,Private Non-Profit,45542.0,45542.0,45542.0,,35070.0,35070.0,www.pfeiffer.edu/admissions/financial-aid
Piedmont Community College,NC,1,Public,12039.0,18183.0,12039.0,,2556.0,8700.0,https://piedmontcc.edu/wp-content/uploads/2023/07/index-3.html
Pitt Community College,NC,1,Public,15979.0,22123.0,15979.0,,2580.0,8724.0,https://pittcc.edu/net-price-calculator.html
Queens University of Charlotte,NC,2,Private Non-Profit,65742.0,65742.0,65742.0,,45846.0,45846.0,tcc.ruffalonl.com/Queens University of Charlotte/Freshman Students
Randolph Community College,NC,1,Public,16435.0,22195.0,16435.0,,2416.0,8176.0,https://www.randolph.edu/financial-aid/net-price-calculator.html
Richmond Community College,NC,1,Public,15667.0,20275.0,15667.0,,1956.0,6564.0,https://richmondcc.edu/sites/default/files/public/NetPriceCalculator/index_0.html
Mid-Atlantic Christian University,NC,2,Private Non-Profit,33011.0,33011.0,33011.0,,17280.0,17280.0,https://www.macuniversity.edu/netprice.html
Roanoke-Chowan Community College,NC,1,Public,9415.0,15559.0,9415.0,,2642.0,8786.0,https://www.collegeraptor.com/Shopping/School/Roanoke-Chowan-Community-College-NC--199467
Robeson Community College,NC,1,Public,12628.0,18772.0,12628.0,,2581.0,8725.0,https://www.robeson.edu/wp-content/uploads/index-24-25-Net-Calculator.html
Rockingham Community College,NC,1,Public,10933.0,15541.0,10933.0,,1966.0,6574.0,https://rockinghamcc.edu/netcal/npcalc.html
Rowan-Cabarrus Community College,NC,1,Public,17338.0,21946.0,17338.0,,2064.0,6672.0,https://www.rccc.edu/financialaid/net-price-calculator/
Saint Augustine's University,NC,2,Private Non-Profit,33179.0,33179.0,33179.0,,16896.0,16896.0,https://saintaugustinesuniversity.formstack.com/forms/net_price_calculator
Salem College,NC,2,Private Non-Profit,48532.0,48532.0,48532.0,,33848.0,33848.0,https://www.salem.edu/net-price-calculator
Sampson Community College,NC,1,Public,13142.0,20054.0,13142.0,,2877.0,9789.0,www.sampsoncc.edu/student-services/net-price-calculator/npcalc.html
Sandhills Community College,NC,1,Public,14709.0,19317.0,14709.0,,2040.0,6648.0,https://www.sandhills.edu/_resources/document/index2024.html
Shaw University,NC,2,Private Non-Profit,30861.0,30861.0,30861.0,,17538.0,17538.0,shawu.clearcostcalculator.com/student/default/netpricecalculator/survey
Paul Mitchell the School-Fayetteville,NC,3,Private For-Profit,23558.0,23558.0,,23558.0,,,paulmitchell.edu/fayetteville/tuition-calculator
Southeastern Community College,NC,1,Public,15193.0,21337.0,15193.0,,2600.0,8744.0,www.sccnc.edu/wp-content/uploads/2023/06/index-3.html
Southwestern Community College,NC,1,Public,15856.0,24928.0,15856.0,,4112.0,13184.0,https://www.southwesterncc.edu/NetPriceCalculator/index.html
Stanly Community College,NC,1,Public,15370.0,21514.0,15370.0,,2672.0,8816.0,https://www.stanly.edu/financial-aid/net-price-calculator.html
Southeastern Baptist Theological Seminary,NC,2,Private Non-Profit,22632.0,22632.0,22632.0,,11318.0,11318.0,www.judsoncollege.com/admissions/cost-estimator.aspx
Surry Community College,NC,1,Public,14271.0,20415.0,14271.0,,2668.0,8812.0,https://surry.edu/net-price-calculator/
Alamance Community College,NC,1,Public,15922.0,22066.0,15922.0,,2592.0,8736.0,https://www.alamancecc.edu/how-to-pay/tuition-fees.php
Tri-County Community College,NC,1,Public,18830.0,24974.0,18830.0,,2636.0,8780.0,https://www.tricountycc.edu/wp-content/themes/tricountycc/npcalc.htm
Vance-Granville Community College,NC,1,Public,13153.0,17761.0,13153.0,,1944.0,6552.0,www.vgcc.edu/wp-content/uploads/2024/08/Net-Price-Calculator.html
Wake Forest University,NC,2,Private Non-Profit,87499.0,87499.0,87499.0,,67642.0,67642.0,https://npc.collegeboard.org/student/app/wfu
Wake Technical Community College,NC,1,Public,15953.0,20561.0,15953.0,,2254.0,6862.0,https://www.waketech.edu/financial-aid/consumer-disclosure-information/net-price
Warren Wilson College,NC,2,Private Non-Profit,56966.0,56966.0,56966.0,,41500.0,41500.0,https://wwc.wbnpc.com/
Wayne Community College,NC,1,Public,11096.0,17240.0,11096.0,,2566.0,8710.0,https://cdn.waynecc.edu/net-price-calculator/
Western Piedmont Community College,NC,1,Public,16642.0,22786.0,16642.0,,2650.0,8794.0,https://www.wpcc.edu/financial-aid/net-price-calculator
Wilkes Community College,NC,1,Public,9844.0,15988.0,9844.0,,2572.0,8716.0,www.wilkescc.edu/npcalc.html
Wilson Community College,NC,1,Public,10765.0,16909.0,10765.0,,2572.0,8716.0,www.wilsoncc.edu/netprice/npcalc.htm
Wingate University,NC,2,Private Non-Profit,57473.0,57473.0,57473.0,,41636.0,41636.0,https://www.wingate.edu/admissions/financial-aid/net-price-calculator
Carolina Christian College,NC,2,Private Non-Profit,28817.0,28817.0,28817.0,,9970.0,9970.0,https://carolina.edu/calculator/
Winston Salem Barber School,NC,3,Private For-Profit,19203.0,19203.0,,19203.0,,,wsbarberschool.com/net-price-calculator/
Winston-Salem State University,NC,1,Public,23147.0,33803.0,23147.0,,6126.0,16782.0,https://connect.wssu.edu/register/npc
Western Carolina University,NC,1,Public,19992.0,23992.0,19992.0,,4630.0,8630.0,www.wcu.edu/apply/financial-aid/facts-and-resources/npcalc.html
Bismarck State College,ND,1,Public,15771.0,17855.0,15771.0,,5247.0,7331.0,https://bismarckstate.edu/includes/netprice/
Dickinson State University,ND,1,Public,20567.0,20567.0,20567.0,,9118.0,9118.0,www.dickinsonstate.edu/Assets/uploads/files/financial-aid/netpricecalculator/npcalc.htm
Nueta Hidatsa Sahnish College,ND,1,Public,14090.0,14090.0,14090.0,,3870.0,3870.0,nhsc.edu/admission-financial-aid/financial-aid/
Josef's School of Hair Skin & Body-Grand Forks,ND,3,Private For-Profit,18659.0,18659.0,,18659.0,,,https://josefsschoolofhairdesign.com/wp-content/uploads/2025/10/netpricecalculator.html
University of Jamestown,ND,2,Private Non-Profit,38013.0,38013.0,38013.0,,24990.0,24990.0,https://app.meadowfi.com/uj
Lake Region State College,ND,1,Public,18731.0,18731.0,18731.0,,5520.0,5520.0,https://www.lrsc.edu/cost-aid
Cankdeska Cikana Community College,ND,1,Public,11969.0,11969.0,11969.0,,3950.0,3950.0,www.littlehoop.edu//NetPriceCalculator/
University of Mary,ND,2,Private Non-Profit,33672.0,33672.0,33672.0,,22356.0,22356.0,https://www.umary.edu/financial-aid/net-price-calculator.php
Mayville State University,ND,1,Public,20657.0,23915.0,20657.0,,7979.0,11237.0,www.mayvillestate.edu/paying-school/cost-calculator
Minot State University,ND,1,Public,19339.0,19339.0,19339.0,,8702.0,8702.0,https://www.minotstateu.edu/finaid/npcalc.htm
University of North Dakota,ND,1,Public,25605.0,30224.0,25605.0,,10951.0,15570.0,https://und.edu/admissions/cost-and-aid/calculator.html
North Dakota State College of Science,ND,1,Public,17265.0,18264.0,17265.0,,5974.0,6973.0,https://ndscs.edu/admissions-aid/paying-for-college/financial-aid/net-price-calculator/
Dakota College at Bottineau,ND,1,Public,16774.0,17680.0,16774.0,,5388.0,6294.0,www.dakotacollege.edu/netprice/
North Dakota State University-Main Campus,ND,1,Public,23716.0,28370.0,23716.0,,11110.0,15764.0,https://www.ndsu.edu/admission/cost-aid
Williston State College,ND,1,Public,16651.0,16651.0,16651.0,,6128.0,6128.0,https://willistonstate.edu/admissions/Student-Financial-Aid/Estimated-Cost-of-Attendance/
Sitting Bull College,ND,1,Public,10012.0,10012.0,10012.0,,4010.0,4010.0,sittingbull.edu/uploads/28/index.html
Trinity Bible College and Graduate School,ND,2,Private Non-Profit,31544.0,31544.0,31544.0,,19700.0,19700.0,netprice.tbc2day.edu/
Turtle Mountain College,ND,2,Private Non-Profit,13655.0,13655.0,13655.0,,2794.0,2794.0,www.tm.edu/netprice/
United Tribes Technical College,ND,2,Private Non-Profit,14309.0,14309.0,14309.0,,4632.0,4632.0,https://uttc.edu/tuition-and-aid/additional-financial-resources/college-cost-calculator/
Valley City State University,ND,1,Public,20468.0,25498.0,20468.0,,8514.0,13544.0,www.vcsu.edu/admissions/tuition-fees/net-price-calculator/
ETI Technical College of Niles,OH,3,Private For-Profit,22732.0,22732.0,22732.0,,11350.0,11350.0,https://eticollege.edu/netpricecalc/
Herzing University-Akron,OH,2,Private Non-Profit,27417.0,27417.0,27417.0,,13450.0,13450.0,https://www.herzing.edu/tuition-financial-aid/net-price-calculator
University of Akron Main Campus,OH,1,Public,26284.0,33964.0,26284.0,,13135.0,20815.0,https://www.uakron.edu/finaid/net-price-calculator
University of Akron Wayne College,OH,1,Public,15993.0,23673.0,15993.0,,7723.0,15403.0,https://www.uakron.edu/finaid/net-price-calculator
Allegheny Wesleyan College,OH,2,Private Non-Profit,14612.0,14612.0,14612.0,,6800.0,6800.0,awc.edu/net-price-calculator/npcalc.htm
Art Academy of Cincinnati,OH,2,Private Non-Profit,53879.0,53879.0,53879.0,,41375.0,41375.0,https://www.artacademy.edu/about-aac/consumer-information-statistics/net-price-calculator
Ashland County-West Holmes Career Center,OH,1,Public,11982.0,11982.0,,11982.0,,,www.acwhcc.org/net-price-calculator/
Ashland University,OH,2,Private Non-Profit,43434.0,43434.0,43434.0,,31210.0,31210.0,https://www.ashland.edu/form/cost-of-attendance-calculator
Ashtabula County Technical and Career Campus,OH,1,Public,14919.0,14919.0,,14919.0,,,app.atech.edu/calc/index.html
Auburn Career Center,OH,1,Public,12714.0,12714.0,,12714.0,,,https://www.auburncc.org/FinancialAid1.aspx
Aultman College of Nursing and Health Sciences,OH,2,Private Non-Profit,28979.0,28979.0,28979.0,,20230.0,20230.0,https://www.aultmancollege.edu/netprice/npcalc.htm
Baldwin Wallace University,OH,2,Private Non-Profit,55606.0,55606.0,55606.0,,39832.0,39832.0,https://bw.clearcostcalculator.com/student
Belmont College,OH,1,Public,12680.0,15182.0,12680.0,,4698.0,7200.0,www.belmontcollege.edu/admissions-and-aid/paying-for-college/net-price-calculator/
Bluffton University,OH,2,Private Non-Profit,51862.0,51862.0,51862.0,,37362.0,37362.0,https://www.bluffton.edu/admissions/financialaid/calculator.html
Bowling Green State University-Firelands,OH,1,Public,22070.0,30058.0,22070.0,,6407.0,14395.0,www.bgsu.edu/bursar/calculate-your-cost-of-attendance.html
Bowling Green State University-Main Campus,OH,1,Public,33007.0,40995.0,33007.0,,14460.0,22448.0,www.bgsu.edu/bursar/calculate-your-cost-of-attendance.html
Bryant & Stratton College-Parma,OH,2,Private Non-Profit,23917.0,23917.0,23917.0,,19580.0,19580.0,https://www.bryantstratton.edu/financial-aid/net-price-calculator
Buckeye Hills Career Center,OH,1,Public,23041.0,23041.0,,23041.0,,,https://buckeyehills.net/adult-education/
Canton City Schools Adult Career and Technical Education,OH,1,Public,30044.0,30044.0,,30044.0,,,https://www.ccsdistrict.org/Page/1344
Capital University,OH,2,Private Non-Profit,57130.0,57130.0,57130.0,,43234.0,43234.0,https://www.capital.edu/admission-aid/office-of-financial-aid/
Case Western Reserve University,OH,2,Private Non-Profit,85851.0,85851.0,85851.0,,66608.0,66608.0,case.edu/financialaid/resources/net-price-calculator/
Cedarville University,OH,2,Private Non-Profit,49320.0,49320.0,49320.0,,37150.0,37150.0,https://www.cedarville.edu/offices/financial-aid/net-price-calculator
Central Ohio Technical College,OH,1,Public,14764.0,17524.0,14764.0,,5256.0,8016.0,https://coursecast.cotc.edu/websitemediafiles/netpricecalculator/npcalc.htm
Central School of Practical Nursing,OH,2,Private Non-Profit,25111.0,25111.0,,25111.0,,,https://www.cspnohio.edu/tuition-fees/net-price-calculator/
Central State University,OH,1,Public,21929.0,23929.0,21929.0,,8058.0,10058.0,https://centralstate.clearcostcalculator.com/student/default/netpricecalculator/surveycentralstate.studentaidcalculator.com/survey.aspx
Choffin Career  and Technical Center,OH,1,Public,23858.0,23858.0,23858.0,,14415.0,14415.0,www.choffinctcadulted.com/netprice.html
The Christ College of Nursing and Health Sciences,OH,2,Private Non-Profit,28094.0,28094.0,28094.0,,16836.0,16836.0,https://npc.collegeboard.org/app/thechristcollege
University of Cincinnati-Main Campus,OH,1,Public,32171.0,47505.0,32171.0,,13976.0,29310.0,https://uc.studentaidcalculator.com/survey.aspx
Cincinnati State Technical and Community College,OH,1,Public,12229.0,16756.0,12229.0,,5517.0,10044.0,www.cincinnatistate.edu/financial-aid/calculator/
University of Cincinnati-Clermont College,OH,1,Public,19165.0,26397.0,19165.0,,6750.0,13982.0,https://uc.studentaidcalculator.com/survey.aspx
University of Cincinnati-Blue Ash College,OH,1,Public,21784.0,30582.0,21784.0,,7200.0,15998.0,https://uc.studentaidcalculator.com/survey.aspx
Ohio Christian University,OH,2,Private Non-Profit,35017.0,35017.0,35017.0,,24600.0,24600.0,https://www.ohiochristian.edu/university/about-ocu/net-price-calculator
Clark State College,OH,1,Public,16812.0,20468.0,16812.0,,4393.0,8049.0,https://res.clarkstate.edu/npc/
Cleveland Institute of Art,OH,2,Private Non-Profit,64587.0,64587.0,64587.0,,49400.0,49400.0,https://collegepricecalculator.com/cia
Cleveland Institute of Music,OH,2,Private Non-Profit,61212.0,61212.0,61212.0,,52880.0,52880.0,www.cim.edu/net-price-calculator
Cleveland State University,OH,1,Public,27159.0,32681.0,27159.0,,12988.0,18510.0,www.csuohio.edu/financial-aid/net-price-calculator
Columbiana County Career and Technical Center,OH,1,Public,15800.0,15800.0,,15800.0,,,www.ccctc.k12.oh.us/Registration.aspx
Columbus College of Art & Design,OH,2,Private Non-Profit,54443.0,54443.0,54443.0,,40825.0,40825.0,https://ccad.clearcostcalculator.com/student/default/netpricecalculator/survey
Columbus State Community College,OH,1,Public,13381.0,19117.0,13381.0,,5488.0,11224.0,https://www.cscc.edu/academics/tuition-and-fees/net-price-calculator.shtml
Cuyahoga Community College District,OH,1,Public,11189.0,15189.0,11189.0,,3249.0,7249.0,www.tri-c.edu/payingforcollege/pages/tuitionpaymentschedule.aspx
Davis College,OH,3,Private For-Profit,29862.0,29862.0,29862.0,,14130.0,14130.0,www.davisuniversity.edu/documents/npcalc/npcalc.html
Dayton Barber College,OH,3,Private For-Profit,17932.0,17932.0,,17932.0,,,www.daytonbarbercollege.edu/consumer-info/npc/
University of Dayton,OH,2,Private Non-Profit,65881.0,65881.0,65881.0,,49140.0,49140.0,https://udayton.edu/netprice/
Defiance College,OH,2,Private Non-Profit,53667.0,53667.0,53667.0,,29320.0,29320.0,https://tcc.ruffalonl.com/defiance college/freshman-students
Denison University,OH,2,Private Non-Profit,81900.0,81900.0,81900.0,,67000.0,67000.0,https://www.denison.edu/forms/net-price-calculator
Edison State Community College,OH,1,Public,13472.0,17319.0,13472.0,,4499.0,8346.0,https://www.edisonohio.edu/tuition-aid/financial-aid/net-price-calculator
The University of Findlay,OH,2,Private Non-Profit,54580.0,54580.0,54580.0,,41164.0,41164.0,https://app.meadowfi.com/findlay
Franklin University,OH,2,Private Non-Profit,30696.0,30696.0,30696.0,,9577.0,9577.0,https://www.franklin.edu/lp/npcalc/npcalc.htm
Gerbers Akron Beauty School,OH,3,Private For-Profit,13809.0,13809.0,,13809.0,,,docs.akronbeautyschool.com/net-price-calculator.html
Gods Bible School and College,OH,2,Private Non-Profit,18358.0,18358.0,18358.0,,7710.0,7710.0,https://www.gbs.edu/admissions/tuition-calculator/net-price-calculator/
Good Samaritan College of Nursing and Health Science,OH,2,Private Non-Profit,26627.0,26627.0,26627.0,,15470.0,15470.0,www.gscollege.edu/net-price-calculator/
Great Oaks Career Campuses,OH,1,Public,14215.0,14215.0,,14215.0,,,https://adults.greatoaks.com/financial-aid
Adult and Community Education-Hudson,OH,1,Public,19447.0,19447.0,,19447.0,,,https://www.ccsoh.us/page/6287
Heidelberg University,OH,2,Private Non-Profit,47025.0,47025.0,47025.0,,33650.0,33650.0,https://heidelberg.aidcalc.cloud/#window_top
Hiram College,OH,2,Private Non-Profit,40572.0,40572.0,40572.0,,27600.0,27600.0,https://www.hiram.edu/admissions-aid/financial-aid/net-price-calculator/
Hobart Institute of Welding Technology,OH,2,Private Non-Profit,24735.0,24735.0,,24735.0,,,www.welding.org/wp-content/uploads/2019/05/index.html
Hocking College,OH,1,Public,19171.0,23921.0,19171.0,,5540.0,10290.0,https://www.collegeraptor.com/Shopping/School/Hocking-College-OH--203155
Ross Medical Education Center-Cincinnati,OH,3,Private For-Profit,23823.0,23823.0,,23823.0,,,https://rosseducation.edu/consumer-info/#npc
John Carroll University,OH,2,Private Non-Profit,65827.0,65827.0,65827.0,,50500.0,50500.0,https://collegepricecalculator.com/johncarrolluniversity
Hondros College of Nursing,OH,3,Private For-Profit,30681.0,30681.0,30681.0,,14817.0,14817.0,https://www.shoppingsheet.com/shopping/landing/hondros
Casal Aveda Institute,OH,3,Private For-Profit,19572.0,19572.0,,19572.0,,,www.casalaveda.com/net-price-calculator
Kent State University at Ashtabula,OH,1,Public,17513.0,27363.0,17513.0,,7492.0,17342.0,www.kent.edu/fbe-center/calculator
Kent State University at East Liverpool,OH,1,Public,18635.0,28485.0,18635.0,,7492.0,17342.0,https://www.kent.edu/fbe-center/calculator
Kent State University at Stark,OH,1,Public,15936.0,25786.0,15936.0,,7492.0,17342.0,https://www.kent.edu/fbe-center/calculator
Kent State University at Trumbull,OH,1,Public,18371.0,28221.0,18371.0,,7492.0,17342.0,https://www.kent.edu/fbe-center/calculator
Kent State University at Tuscarawas,OH,1,Public,17539.0,27389.0,17539.0,,7492.0,17342.0,https://www.kent.edu/fbe-center/calculator
Kent State University at Salem,OH,1,Public,18446.0,28296.0,18446.0,,7492.0,17342.0,https://www.kent.edu/fbe-center/calculator
Kent State University at Kent,OH,1,Public,30567.0,40417.0,30567.0,,13232.0,23082.0,www.kent.edu/fbe-center/calculator
Kent State University at Geauga,OH,1,Public,16480.0,26330.0,16480.0,,7492.0,17342.0,https://www.kent.edu/fbe-center/calculator
Kenyon College,OH,2,Private Non-Profit,87590.0,87590.0,87590.0,,71520.0,71520.0,www.kenyon.edu/admissions-aid/financial-aid-scholarships/estimate-financial-aid/
Kettering College,OH,2,Private Non-Profit,32839.0,32839.0,32839.0,,16320.0,16320.0,https://kc.edu/admissions/student-financial-services/net-price-calculator/
Lake Erie College,OH,2,Private Non-Profit,50790.0,50790.0,50790.0,,37634.0,37634.0,https://www.lec.edu/financial-aid/net-price-calculator/
Lakeland Community College,OH,1,Public,11859.0,17222.0,11859.0,,3872.0,9235.0,https://lkn.lakelandcc.edu/public/calculator/lcc/
Collins Career Technical Center,OH,1,Public,15814.0,15814.0,,15814.0,,,adult.collins-cc.edu/future-students/financial-aid
James A. Rhodes State College,OH,1,Public,14578.0,19138.0,14578.0,,4560.0,9120.0,www.rhodesstate.edu/financial-aid/net-price-calculator.html
Ohio Business College-Sheffield,OH,3,Private For-Profit,34607.0,34607.0,34607.0,,11534.0,11534.0,www.obc.edu/pages/net-price-calculator
Lorain County Community College,OH,1,Public,9860.0,14455.0,9860.0,,4265.0,8860.0,https://apps.lorainccc.edu/netprice
Lourdes University,OH,2,Private Non-Profit,45378.0,45378.0,45378.0,,29500.0,29500.0,https://www.lourdes.edu/costs-financial-aid/net-price-calculator/
Malone University,OH,2,Private Non-Profit,49754.0,49754.0,49754.0,,37160.0,37160.0,https://www.malone.edu/admissions-and-aid/undergraduate-financial-aid/net-price-calculator/
Marietta College,OH,2,Private Non-Profit,53709.0,53709.0,53709.0,,39652.0,39652.0,https://www.shoppingsheet.com/shopping/landing/marietta
Marion Technical College,OH,1,Public,13026.0,17656.0,13026.0,,6595.0,11225.0,https://mtc.edu/financial-aid/pdfs/NetPriceCalculator/npcalc1.htm
Medina County Career Center,OH,1,Public,14691.0,14691.0,,14691.0,,,https://mcjvs.edu/?page_id=231
Mercy College of Ohio,OH,2,Private Non-Profit,30260.0,30260.0,30260.0,,19470.0,19470.0,https://mercycollege.edu/net-price-calculator
Miami University-Hamilton,OH,1,Public,15352.0,27268.0,15352.0,,7491.0,19407.0,miamioh.edu/onestop/paying-for-college/costs/net-price-calculators/index.html
Miami University-Middletown,OH,1,Public,14890.0,26806.0,14890.0,,7491.0,19407.0,miamioh.edu/onestop/paying-for-college/costs/net-price-calculators/index.html
Miami University-Oxford,OH,1,Public,38757.0,61817.0,38757.0,,18161.0,41221.0,miamioh.edu/onestop/paying-for-college/costs/net-price-calculators/index.html
Moler Hollywood Beauty Academy,OH,3,Private For-Profit,13940.0,13940.0,,13940.0,,,molerhollywood.com/netprice/npcalc.htm
Mount Carmel College of Nursing,OH,2,Private Non-Profit,21446.0,21446.0,21446.0,,22080.0,22080.0,https://carmelink.mccn.edu/ICS/Admissions/Financial_Services.jnz
University of Mount Union,OH,2,Private Non-Profit,49276.0,49276.0,49276.0,,36600.0,36600.0,https://www.shoppingsheet.com/shopping/landing/204185
Mount Vernon Nazarene University,OH,2,Private Non-Profit,49858.0,49858.0,49858.0,,37158.0,37158.0,https://calculator.mvnu.edu/
Mount St. Joseph University,OH,2,Private Non-Profit,46719.0,46719.0,46719.0,,38150.0,38150.0,https://www.msj.edu/tuition-aid/financial-aid-grants-loans-scholarships/net-price-calculator/index.html
Zane State College,OH,1,Public,13935.0,19695.0,13935.0,,6006.0,11766.0,https://www.zanestate.edu/calculator.html
Muskingum University,OH,2,Private Non-Profit,44658.0,44658.0,44658.0,,32665.0,32665.0,https://www.muskingum.edu/financial-aid/cost-calculator
North Central State College,OH,1,Public,10118.0,14597.0,10118.0,,4624.0,9103.0,https://ncstatecollege.edu/admissions-and-aid/financial-aid/net-price-calculator/
Northern Institute of Cosmetology,OH,3,Private For-Profit,13083.0,13083.0,,13083.0,,,www.niclorain.com/net-price
Northwest State Community College,OH,1,Public,17994.0,22466.0,17994.0,,4698.0,9170.0,https://northweststate.edu/wp-content/uploads/calc/
Toledo Public Schools Adult and Continuing Education,OH,1,Public,17484.0,17484.0,,17484.0,,,cdnsm5-ss11.sharpschool.com/UserFiles/Servers/Server_7818346/File/Adult Education/index.html
University of Northwestern Ohio,OH,2,Private Non-Profit,26266.0,26266.0,26266.0,,13875.0,13875.0,https://unoh.clearcostcalculator.com/student/default/netpricecalculator/survey
Oberlin College,OH,2,Private Non-Profit,87404.0,87404.0,87404.0,,67366.0,67366.0,collegepricecalculator.com/Oberlin
Ohio Technical College,OH,3,Private For-Profit,36931.0,36931.0,,36931.0,,,https://ohiotech.edu/npcalc/npcalc.htm
Ohio Dominican University,OH,2,Private Non-Profit,47621.0,47621.0,47621.0,,35720.0,35720.0,https://www.ohiodominican.edu/financial-aid/undergraduate
Ohio Northern University,OH,2,Private Non-Profit,53580.0,53580.0,53580.0,,39800.0,39800.0,https://www.onu.edu/admissions-aid/financial-aid/scholarship-and-cost-calculator
Ohio State University Agricultural Technical Institute,OH,1,Public,24595.0,51373.0,24595.0,,9584.0,36362.0,sfa.osu.edu/incoming-freshmen/about-aid/net-price-calculator
Ohio State University-Lima Campus,OH,1,Public,19487.0,46265.0,19487.0,,9488.0,36266.0,sfa.osu.edu/incoming-freshmen/about-aid/net-price-calculator
Ohio State University-Mansfield Campus,OH,1,Public,23623.0,50401.0,23623.0,,9488.0,36266.0,sfa.osu.edu/incoming-freshmen/about-aid/net-price-calculator
Ohio State University-Marion Campus,OH,1,Public,18928.0,45706.0,18928.0,,9488.0,36266.0,sfa.osu.edu/incoming-freshmen/about-aid/net-price-calculator
Ohio State University-Newark Campus,OH,1,Public,22063.0,48841.0,22063.0,,9488.0,36266.0,sfa.osu.edu/incoming-freshmen/about-aid/net-price-calculator
Ohio State Beauty Academy,OH,3,Private For-Profit,10540.0,10540.0,,10540.0,,,https://www.ohiostatebeauty.com/financial-aid/npcalc.html
Ohio State College of Barber Styling,OH,3,Private For-Profit,19455.0,19455.0,,19455.0,,,https://osbc.edu/content/npcalc.htm
The Spa School,OH,3,Private For-Profit,25856.0,25856.0,,25856.0,,,https://salonschools.ohiostate.edu/npcalc.htm
Ohio State School of Cosmetology-Canal Winchester,OH,3,Private For-Profit,24137.0,24137.0,,24137.0,,,https://salonschools.ohiostate.edu/npcalc.htm
Ohio State University-Main Campus,OH,1,Public,30305.0,57083.0,30305.0,,13244.0,40022.0,sfa.osu.edu/incoming-freshmen/about-aid/net-price-calculator
Ohio University-Eastern Campus,OH,1,Public,10777.0,13859.0,10777.0,,6362.0,9444.0,https://npc.collegeboard.org/app/ohio
Ohio University-Chillicothe Campus,OH,1,Public,11356.0,14438.0,11356.0,,6362.0,9444.0,https://npc.collegeboard.org/app/ohio
Ohio University-Southern Campus,OH,1,Public,11607.0,14689.0,11607.0,,6362.0,9444.0,https://npc.collegeboard.org/app/ohio
Ohio University-Lancaster Campus,OH,1,Public,10984.0,14066.0,10984.0,,6362.0,9444.0,https://npc.collegeboard.org/app/ohio
Ohio University-Main Campus,OH,1,Public,30586.0,41266.0,30586.0,,14158.0,24838.0,https://npc.collegeboard.org/app/ohio
Ohio University-Zanesville Campus,OH,1,Public,11041.0,14123.0,11041.0,,6362.0,9444.0,https://npc.collegeboard.org/app/ohio
East Ohio College,OH,3,Private For-Profit,22500.0,22500.0,22500.0,,14798.0,14798.0,https://eoc.catalog.eastohio.edu/consumer-information-eoc
Trinity Health System School of Nursing,OH,2,Private Non-Profit,14032.0,14032.0,14032.0,,9619.0,10453.0,https://trinityson.com/admission/net-price-calculator/
Ohio Wesleyan University,OH,2,Private Non-Profit,68424.0,68424.0,68424.0,,53888.0,53888.0,owu.edu/admission/financial-aid-scholarships-tuition/net-price-calculator-npc
Otterbein University,OH,2,Private Non-Profit,48321.0,48321.0,48321.0,,35548.0,35548.0,https://www.otterbein.edu/financial-aid/financial-aid-estimator/
Owens Community College,OH,1,Public,14436.0,19068.0,14436.0,,5870.0,10502.0,https://www.owens.edu/calculator/npcalc.htm
Paramount Beauty Academy,OH,3,Private For-Profit,16230.0,16230.0,,16230.0,,,www.paramountbeautyacademy.com/NP_2015/npcalc.htm
Cuyahoga Valley Career Center,OH,1,Public,32003.0,32003.0,,32003.0,,,https://cvccworks.edu/wp-content/uploads/2025/12/
Professional Skills Institute,OH,3,Private For-Profit,27427.0,27427.0,27427.0,,15884.0,15884.0,www.proskills.edu/net-price-calculator/
Rabbinical College Telshe,OH,2,Private Non-Profit,25000.0,25000.0,25000.0,,18000.0,18000.0,independentrabbinicalcolleges.org/telz.htm
Raphael's School of Beauty Culture Inc-Niles,OH,3,Private For-Profit,27078.0,27078.0,,27078.0,,,solutions02.campusivy.com/Apps/NPC/NPCWizard?institutionId=67600
Fortis College-Centerville,OH,3,Private For-Profit,35305.0,35305.0,35305.0,,14440.0,14440.0,https://www.fortis.edu/content/dam/fortis/compliance/netpricecalc/npcalc-fortis_centerville.htm
University of Rio Grande,OH,2,Private Non-Profit,33716.0,33716.0,33716.0,,20560.0,20560.0,https://hope.rio.edu/NetPriceCalculator/npcalc.htm
The Modern College of Design,OH,3,Private For-Profit,47229.0,47229.0,47229.0,,31468.0,31468.0,https://themodern.edu/admissions-aid/net-price-calculator
Shawnee State University,OH,1,Public,21974.0,28706.0,21974.0,,10626.0,17358.0,https://www.shawnee.edu/net-price-calculator/
Sinclair Community College,OH,1,Public,11003.0,15884.0,11003.0,,3675.0,8556.0,https://www.sinclair.edu/services/welcome-center/finaid/net-price-calculator/
Stark State College,OH,1,Public,10755.0,13851.0,10755.0,,4790.0,7886.0,www.starkstate.edu/admissions/finaid/npcalculator/
Stautzenberger College-Maumee,OH,3,Private For-Profit,27696.0,27696.0,27696.0,,16699.0,16699.0,https://stautzenberger.studentaidcalculator.com/survey.aspx
Franciscan University of Steubenville,OH,2,Private Non-Profit,44580.0,44580.0,44580.0,,34100.0,34100.0,tcc.ruffalonl.com/Franciscan University of Steubenville/Franciscan University Net Price Calculator
Southern State Community College,OH,1,Public,15244.0,20150.0,15244.0,,5912.0,10818.0,https://www.sscc.edu/_private/npcalc.htm
Terra State Community College,OH,1,Public,23647.0,26443.0,23647.0,,5748.0,8544.0,https://www.terra.edu/apply_aid/paying_for_college/net_price_calculator/
Tiffin Academy of Hair Design,OH,3,Private For-Profit,14347.0,14347.0,,14347.0,,,go.tiffinacademy.com/net-price-calculator
Tiffin University,OH,2,Private Non-Profit,48004.0,48004.0,48004.0,,34790.0,34790.0,www.tiffin.edu/forms/netprice
University of Toledo,OH,1,Public,26512.0,35872.0,26512.0,,12744.0,22104.0,www.utoledo.edu/financialaid/netpricecalculator.html
Tri-Rivers Career Center,OH,1,Public,32737.0,32737.0,,32737.0,,,https://tririvers.com/wp-content/uploads/2024/08/np_cal20240827.html
Upper Valley Career Center,OH,1,Public,24812.0,24812.0,,24812.0,,,https://core-docs.s3.amazonaws.com/documents/asset/uploaded_file/1200823/Net_Price_Calculator.html
Ursuline College,OH,2,Private Non-Profit,50523.0,50523.0,50523.0,,38990.0,38990.0,www.ursuline.edu/inc/net-price-calculator.html
Walsh University,OH,2,Private Non-Profit,47575.0,47575.0,47575.0,,35745.0,35745.0,https://www.walsh.edu/net-price-calculator.html
Washington State College of Ohio,OH,1,Public,12847.0,12871.0,12847.0,,4128.0,4152.0,www.wsco.edu/current/financial-aid/net-price-calculator-tool/
Wilberforce University,OH,2,Private Non-Profit,25676.0,25676.0,25676.0,,16448.0,16448.0,npc.collegeboard.org/student/app/wilberforce
Wilmington College,OH,2,Private Non-Profit,43431.0,43431.0,43431.0,,32082.0,32082.0,https://www.wilmington.edu/financial-aid/calculate-tuition-costs/
Wittenberg University,OH,2,Private Non-Profit,57799.0,57799.0,57799.0,,45940.0,45940.0,https://www.wittenberg.edu/admission/net-price-calculator
The College of Wooster,OH,2,Private Non-Profit,75656.0,75656.0,75656.0,,61640.0,61640.0,https://wooster.edu/admissions/afford/net-price-calculator/
Wright State University-Main Campus,OH,1,Public,24373.0,34073.0,24373.0,,11522.0,21222.0,https://www.wright.edu/enrollment-services/forms-and-resources/cost-estimator
Wright State University-Lake Campus,OH,1,Public,16340.0,26040.0,16340.0,,7728.0,17428.0,https://www.wright.edu/enrollment-services/forms-and-resources/cost-estimator
Xavier University,OH,2,Private Non-Profit,65476.0,65476.0,65476.0,,50640.0,50640.0,https://www.xavier.edu/net-price-calculator/
Youngstown State University,OH,1,Public,21708.0,22068.0,21708.0,,11113.0,11473.0,https://cfweb.cc.ysu.edu/finaid/estimator/est_estimator.cfm
Oklahoma Wesleyan University,OK,2,Private Non-Profit,44743.0,44743.0,44743.0,,33550.0,33550.0,www.okwu.edu/net-price-calculator/
Southern Nazarene University,OK,2,Private Non-Profit,46465.0,46465.0,46465.0,,31190.0,31190.0,https://www.snu.edu/net-price-calculator
Pontotoc Technology Center,OK,1,Public,14683.0,14683.0,,14683.0,,,https://core-docs.s3.amazonaws.com/documents/asset/uploaded_file/3386/PTC/3035164/index.html
Cameron University,OK,1,Public,19862.0,29282.0,19862.0,,7095.0,16515.0,https://www.cameron.edu/financial_aid/cost-calculators
Carl Albert State College,OK,1,Public,23617.0,28335.0,23617.0,,4380.0,9098.0,https://carlalbert.edu/admissions/financial-aid/financial-aid-information/
University of Central Oklahoma,OK,1,Public,26392.0,37278.0,26392.0,,8818.0,19704.0,https://www.uco.edu/admissions-aid/financial-aid/
Connors State College,OK,1,Public,17957.0,21695.0,17957.0,,3792.0,7530.0,connorsstate.edu/coa/
East Central University,OK,1,Public,18459.0,28269.0,18459.0,,8032.0,17842.0,https://www.ecok.edu/current-students/paying-college/net-price-calculator.php
Eastern Oklahoma State College,OK,1,Public,18546.0,21983.0,18546.0,,4947.0,8384.0,https://www.eosc.edu/admissions-aid/tuition-fees/tuition-calculator
Redlands Community College,OK,1,Public,15510.0,18076.0,15510.0,,5385.0,7951.0,https://www.redlandscc.edu/costs-aid/financial-aid.php
Formations Institute,OK,3,Private For-Profit,27800.0,27800.0,,27800.0,,,www.formationsinstitute.edu/net-price-calculator
Eves College of Hairstyling,OK,3,Private For-Profit,22811.0,22811.0,,22811.0,,,https://eliteacademyok.com/wp-content/uploads/2024/06/index.html
Randall University,OK,2,Private Non-Profit,26126.0,26126.0,26126.0,,17714.0,17714.0,https://ru.edu/current-students/financial-information/calculator/
Langston University,OK,1,Public,21394.0,29147.0,21394.0,,6863.0,14616.0,www.langston.edu/popups/cost-of-attendance/
Murray State College,OK,1,Public,20726.0,24926.0,20726.0,,7230.0,11430.0,https://www.mscok.edu/admissions/financial-aid/npc
Spartan College of Aeronautics and Technology,OK,3,Private For-Profit,36273.0,36273.0,36273.0,,20940.0,20940.0,www.spartan.edu/calculator/tul/
Northeastern State University,OK,1,Public,21551.0,31031.0,21551.0,,7810.0,17290.0,https://offices.nsuok.edu/_resources/includes/costcalculator.inc
Northern Oklahoma College,OK,1,Public,15242.0,22361.0,15242.0,,5083.0,12202.0,www.noc.edu/students/current-students/bursar/tuition-and-fees/
Northeastern Oklahoma A&M College,OK,1,Public,18885.0,25035.0,18885.0,,5213.0,11363.0,https://neo.edu/app/uploads/2023/09/index.html
Northwestern Oklahoma State University,OK,1,Public,18672.0,24366.0,18672.0,,5970.0,11664.0,www.nwosu.edu/uploads//npc.html
Oklahoma Christian University,OK,2,Private Non-Profit,39106.0,39106.0,39106.0,,27180.0,27180.0,https://www.oc.edu/admissions/financial-services/net-price-calculator
Oklahoma Panhandle State University,OK,1,Public,15055.0,15636.0,15055.0,,8092.0,8673.0,https://opsu.edu/net-price/
Oklahoma State University-Main Campus,OK,1,Public,28290.0,43810.0,28290.0,,10234.0,25754.0,https://orange.okstate.edu/register/net-price-calculator
Oklahoma State University-Oklahoma City,OK,1,Public,12881.0,18666.0,12881.0,,3779.0,9564.0,osuokc.edu/cost-aid/cost-attendance/net-price-calculator.html
Oklahoma Baptist University,OK,2,Private Non-Profit,48695.0,48695.0,48695.0,,35570.0,35570.0,https://www.okbu.edu/financial-aid/net-price-calculator.html
Oklahoma City Community College,OK,1,Public,11439.0,17190.0,11439.0,,4059.0,9810.0,www.occc.edu/financialaid/net-price-calculator.html
Oklahoma City University,OK,2,Private Non-Profit,47247.0,47247.0,47247.0,,35648.0,35648.0,www.okcu.edu/paying-for-ocu/net-price-calculator
University of Oklahoma-Norman Campus,OK,1,Public,28872.0,46452.0,28872.0,,9797.0,27377.0,https://www.ou.edu/sfc/estimating-costs/net-price-calculator
Oklahoma State University Institute of Technology,OK,1,Public,17256.0,22866.0,17256.0,,5774.0,11384.0,https://admissions.osuit.edu/register/estimated_cost_of_attendance
Oral Roberts University,OK,2,Private Non-Profit,50004.0,50004.0,50004.0,,35470.0,35470.0,https://oru.edu/admissions/price-calculator.php
Rogers State University,OK,1,Public,21064.0,29724.0,21064.0,,7750.0,16410.0,https://tcc.ruffalonl.com/rogers state university/net_price_calculator
Rose State College,OK,1,Public,18655.0,25032.0,18655.0,,5030.0,11407.0,https://rose.edu/affordability/tuition-fees/net-price-calculator/
Jenks Beauty College,OK,3,Private For-Profit,17754.0,17754.0,,17754.0,,,https://jenksbeautycollege.edu/consumer-information/#
University of Science and Arts of Oklahoma,OK,1,Public,20662.0,31852.0,20662.0,,9000.0,20190.0,https://usao.edu/financial-aid/npc.html
Seminole State College,OK,1,Public,23353.0,29683.0,23353.0,,5460.0,11790.0,www.sscok.edu/NetPriceCalculator/npcalc.htm
Southern School of Beauty Inc,OK,3,Private For-Profit,9562.0,9562.0,,9562.0,,,www.southernschoolofbeauty.net/np-calc.php
Southeastern Oklahoma State University,OK,1,Public,18594.0,27804.0,18594.0,,7530.0,16740.0,https://www.se.edu/admission/net-price-calculator/
Southwestern Christian University,OK,2,Private Non-Profit,33305.0,33305.0,33305.0,,21900.0,21900.0,swcu.edu/admissions/cost-attendance-net-price-calculator
Southwestern Oklahoma State University,OK,1,Public,23334.0,23364.0,23334.0,,8469.0,8499.0,https://tcc.ruffalonl.com/Southwestern Oklahoma State University/Freshman-Students
Tulsa Community College,OK,1,Public,12900.0,18828.0,12900.0,,3792.0,9720.0,www.tulsacc.edu/paying-college/cost-attendance/net-price-calculator
Tulsa Welding School-Tulsa,OK,3,Private For-Profit,41432.0,41432.0,,41432.0,,,https://www.tws.edu/calculator/tulsa/
University of Tulsa,OK,2,Private Non-Profit,64459.0,64459.0,64459.0,,50061.0,50061.0,https://utulsa.edu/net-price-calculator/
Western Oklahoma State College,OK,1,Public,15372.0,19740.0,15372.0,,5586.0,9954.0,www.wosc.edu/index.php?page=netpricecalc
Formations Institute of Cosmetology & Barbering,OK,3,Private For-Profit,21785.0,21785.0,,21785.0,,,formationsinstitute.edu/net-price-calculator
High Plains Technology Center,OK,1,Public,12228.0,12228.0,,12228.0,,,www.hptc.edu/net-price-calculator
Blue Mountain Community College,OR,1,Public,20650.0,23328.0,20650.0,,7076.0,9754.0,https://bluecc.edu/net-price-calculator/
Central Oregon Community College,OR,1,Public,19753.0,28249.0,19753.0,,5049.0,13545.0,www.cocc.edu/departments/financial-aid/forms-resources-policies/resources/net-price-calculator.aspx
Chemeketa Community College,OR,1,Public,16151.0,23846.0,16151.0,,6345.0,14040.0,https://www.chemeketa.edu/cost-aid/net-price-calculator/
Clackamas Community College,OR,1,Public,11085.0,19005.0,11085.0,,6345.0,14265.0,www.clackamas.edu/docs/default-source/admissions-and-financial-aid/educational-tax-credits/net-price-calculator.htm
Clatsop Community College,OR,1,Public,18567.0,23067.0,18567.0,,5110.0,9610.0,www.clatsopcc.edu/net-price-calculator/
College of Hair Design Careers,OR,3,Private For-Profit,15808.0,15808.0,,15808.0,,,www.collegeofhairdesigncareers.com/npcalc.htm
Sumner College,OR,3,Private For-Profit,32497.0,32497.0,,32497.0,,,sumnercollege.edu/npcalc/npcalc.htm
Eastern Oregon University,OR,1,Public,26718.0,41073.0,26718.0,,11076.0,25431.0,https://static.eou.edu/net-price-calc/
New Hope Christian College-Eugene,OR,2,Private Non-Profit,30849.0,30849.0,30849.0,,17620.0,17620.0,www.newhope.edu/net-price-calculator/
George Fox University,OR,2,Private Non-Profit,58644.0,58644.0,58644.0,,42750.0,42750.0,https://www.georgefox.edu/college-admissions/scholarships/net-price-calculator.html
Phagans Grants Pass College of Beauty,OR,3,Private For-Profit,17442.0,17442.0,,17442.0,,,https://www.phagans-schools.com/NetPriceCalculator/GrantsPass/
Lane Community College,OR,1,Public,18699.0,25575.0,18699.0,,6202.0,13078.0,https://inside.lanecc.edu/custom/npc.php
Lewis & Clark College,OR,2,Private Non-Profit,79987.0,79987.0,79987.0,,64828.0,64828.0,https://www.lclark.edu/offices/financial_aid/undergrad/net_price_calculator/
Linfield University,OR,2,Private Non-Profit,65935.0,65935.0,65935.0,,50850.0,50850.0,https://www.linfield.edu/financial-aid/net-price-calculator.html
Linn-Benton Community College,OR,1,Public,18789.0,27373.0,18789.0,,7317.0,15901.0,https://www.linnbenton.edu/future-students/explore-lb/cost/net-price-calc.html
Northwest College-Beaverton,OR,3,Private For-Profit,22811.0,22811.0,,22811.0,,,nwcollege.edu/files/npcalc.html
Northwest College-Clackamas,OR,3,Private For-Profit,24988.0,24988.0,,24988.0,,,nwcollege.edu/files/npcalc.html
Mt Hood Community College,OR,1,Public,17462.0,22034.0,17462.0,,5247.0,9819.0,https://my.mhcc.edu/ics/Resources/MyMHCC_Portal_Documentation_for_Students.jnz?portlet=External_Content
Bushnell University,OR,2,Private Non-Profit,47143.0,47143.0,47143.0,,35800.0,35800.0,www.bushnell.edu/admissions/undergraduate/tuition-scholarships-financial-aid/net-price-calculator/
Oregon Institute of Technology,OR,1,Public,27524.0,51460.0,27524.0,,13260.0,37196.0,https://www.oit.edu/college-costs/tuition-fees/net-price-calculator
Oregon State University,OR,1,Public,31653.0,55443.0,31653.0,,14400.0,38190.0,https://financialaid.oregonstate.edu/net-price-calculator
University of Oregon,OR,1,Public,34793.0,63254.0,34793.0,,16137.0,44598.0,https://financialaid.uoregon.edu/net_price_calculator
Pacific Northwest College of Art,OR,2,Private Non-Profit,70376.0,70376.0,70376.0,,49006.0,49006.0,willamette.edu/offices/finaid/net-price-calculator/index.html
Pacific University,OR,2,Private Non-Profit,72374.0,72374.0,72374.0,,56374.0,56374.0,https://www.pacificu.edu/financial-aid-scholarships/net-price-calculator
Phagans Beauty College,OR,3,Private For-Profit,17138.0,17138.0,,17138.0,,,https://www.phagans-schools.com/NetPriceCalculator/Corvallis/
Phagans Central Oregon Beauty College,OR,3,Private For-Profit,17640.0,17640.0,,17640.0,,,https://www.phagans-schools.com/NetPriceCalculator/Bend/
Phagans School of Beauty,OR,3,Private For-Profit,19108.0,19108.0,,19108.0,,,https://www.phagans-schools.com/NetPriceCalculator/Salem/
Phagans School of Hair Design,OR,3,Private For-Profit,21717.0,21717.0,,21717.0,,,https://www.phagans.com/about/consumer-information-for-clackamas-campus-programs/
Summit Salon Academy-Portland,OR,3,Private For-Profit,15948.0,15948.0,,15948.0,,,https://www.summitsalonacademyportland.com/net-price-calculator/
Portland Community College,OR,1,Public,17934.0,23154.0,17934.0,,5220.0,10440.0,www.pcc.edu/enroll/paying-for-college/financial-aid/net-price-calculator/
Portland State University,OR,1,Public,21590.0,40985.0,21590.0,,11679.0,31074.0,www.pdx.edu/finaid/net-price-calculator
University of Portland,OR,2,Private Non-Profit,73224.0,73224.0,73224.0,,58100.0,58100.0,https://www.up.edu/finaid/costs/net-price-calculator.html
Reed College,OR,2,Private Non-Profit,86376.0,86376.0,86376.0,,69350.0,69350.0,https://npc.collegeboard.org/app/reed
Rogue Community College,OR,1,Public,18962.0,20006.0,18962.0,,5256.0,6300.0,https://www.roguecc.edu/RCCfinAid/npc/
Southern Oregon University,OR,1,Public,27636.0,46761.0,27636.0,,12762.0,31887.0,https://sou.edu/financial-aid/cost-of-attendance/tuition-calculator/
Southwestern Oregon Community College,OR,1,Public,16274.0,16274.0,16274.0,,7192.0,7192.0,https://www.socc.edu/get-started/pay-for-college/
Treasure Valley Community College,OR,1,Public,14990.0,15440.0,14990.0,,6345.0,6795.0,https://npc.collegeboard.org/app/tvcc
Umpqua Community College,OR,1,Public,17440.0,17440.0,17440.0,,6104.0,6104.0,https://www.umpqua.edu/netprice
Warner Pacific University,OR,2,Private Non-Profit,38948.0,38948.0,38948.0,,22220.0,22220.0,www.warnerpacific.edu/admissions-aid/net-price-calculator/
Corban University,OR,2,Private Non-Profit,52019.0,52019.0,52019.0,,40280.0,40280.0,https://npc.collegeboard.org/student/app/corban
Willamette University,OR,2,Private Non-Profit,67501.0,67501.0,67501.0,,51156.0,51156.0,https://willamette.edu/cost-aid/financial-aid/cost-calculator
Western Oregon University,OR,1,Public,25062.0,45717.0,25062.0,,11879.0,32534.0,https://wou.edu/business/tuition-calculators/
Bryn Athyn College of the New Church,PA,2,Private Non-Profit,41093.0,41093.0,41093.0,,28917.0,28917.0,https://brynathyn.edu/_media/documents/net-price-calculator.html
Albright College,PA,2,Private Non-Profit,43711.0,43711.0,43711.0,,29082.0,29082.0,https://albright.studentaidcalculator.com/survey.aspx
All-State Career School,PA,3,Private For-Profit,23923.0,23923.0,,23923.0,,,https://www.allstatecareer.edu/content/dam/all-state/compliance/netpricecalc/npcalc-all_state_career_essington.htm
Community College of Allegheny County,PA,1,Public,19716.0,27457.0,19716.0,,4842.0,12583.0,https://webapps.ccac.edu/NetPriceCalc/npcalc.htm
Allegheny College,PA,2,Private Non-Profit,71348.0,71348.0,71348.0,,56550.0,56550.0,https://allegheny.edu/npc
The  Beauty Institute,PA,3,Private For-Profit,20568.0,20568.0,,20568.0,,,https://www.thebeautyinstituteskp.edu/consumer-disclosure
DeSales University,PA,2,Private Non-Profit,62745.0,62745.0,62745.0,,46800.0,46800.0,www.desales.edu/admissions-financial-aid/undergraduate-admissions-aid/tuition-fees/net-price-calculator
Altoona Beauty School Inc,PA,3,Private For-Profit,30490.0,30490.0,,30490.0,,,https://www.altoonabeautyschool.com/netprice-calculator/index.html
Alvernia University,PA,2,Private Non-Profit,57565.0,57565.0,57565.0,,45000.0,45000.0,https://www.alvernia.edu/tuition-residential-costs
The Beauty Institute-Ambler,PA,3,Private For-Profit,21752.0,21752.0,,21752.0,,,hebeautyinstituteskp.edu/consumer-disclosure/
Automotive Training Center-Exton,PA,3,Private For-Profit,20681.0,20681.0,,20681.0,,,www.autotraining.edu/consumerinformation/net-price-calculator.html
Community College of Beaver County,PA,1,Public,12556.0,25756.0,12556.0,,7500.0,20700.0,https://www.ccbc.edu/calculator
Arcadia University,PA,2,Private Non-Profit,64645.0,64645.0,64645.0,,49610.0,49610.0,https://www.arcadia.edu/admissions/financial-aid-scholarships/net-price-calculator
Bryn Mawr College,PA,2,Private Non-Profit,83250.0,83250.0,83250.0,,65920.0,65920.0,npc.collegeboard.org/student/app/brynmawr
Bucknell University,PA,2,Private Non-Profit,83756.0,83756.0,83756.0,,67812.0,67812.0,npc.collegeboard.org/student/app/bucknell
Bucks County Community College,PA,1,Public,11688.0,19968.0,11688.0,,5683.0,13963.0,bucks.studentaidcalculator.com/survey.aspx
Beauty Culture School LLC,PA,3,Private For-Profit,22258.0,22258.0,,22258.0,,,www.bcsbc.edu/net-price-calculator
Butler Beauty Academy,PA,3,Private For-Profit,15972.0,15972.0,,15972.0,,,https://beautyacademies.net/wp-content/uploads/2024/03/NetPriceCalc.html
Butler County Community College,PA,1,Public,12340.0,18430.0,12340.0,,5910.0,12000.0,https://www.bc3.edu/paying/financial-aid/net-price-calculator/index.html
Carlow University,PA,2,Private Non-Profit,49327.0,49327.0,49327.0,,35874.0,35874.0,www.carlow.edu/admissions-aid/tuition-financial-aid/net-price-calculators/
Carnegie Mellon University,PA,2,Private Non-Profit,83654.0,83654.0,83654.0,,66246.0,66246.0,https://www.cmu.edu/admission/costs-aid/net-price-calculator
Cedar Crest College,PA,2,Private Non-Profit,57206.0,57206.0,57206.0,,46314.0,46314.0,https://collegepricecalculator.com/cedarcrestcollege
Central Penn College,PA,3,Private For-Profit,27116.0,27116.0,27116.0,,19854.0,19854.0,https://www.centralpenn.edu/net-price-calculator/
Chatham University,PA,2,Private Non-Profit,61261.0,61261.0,61261.0,,44626.0,44626.0,https://tcc.ruffalonl.com/chatham university/first-year students
Chestnut Hill College,PA,2,Private Non-Profit,58168.0,58168.0,58168.0,,39870.0,39870.0,https://admissions.chc.edu/register/net_price
Cheyney University of Pennsylvania,PA,1,Public,26782.0,34748.0,26782.0,,10904.0,18870.0,https://app.meadowfi.com/cheyney
Citizens School of Nursing,PA,2,Private Non-Profit,30502.0,30502.0,,30502.0,,,www.ahn.org/health-care-professionals/education/nursing/schools/citizens-school/financial-aid/citizens-school-of-nursing-net-price-calculator
DLP Conemaugh Memorial Medical Center,PA,3,Private For-Profit,24082.0,24082.0,,24082.0,,,https://chsfinaidnpc.conemaugh.org/
Delaware County Community College,PA,1,Public,13530.0,22140.0,13530.0,,6930.0,15540.0,https://dccc.edu/sites/all/themes/new/net-price-calculator/
Delaware Valley University,PA,2,Private Non-Profit,59933.0,59933.0,59933.0,,44850.0,44850.0,delval.studentaidcalculator.com/survey.aspx
Dickinson College,PA,2,Private Non-Profit,82902.0,82902.0,82902.0,,65650.0,65650.0,https://npc.collegeboard.org/student/app/dickinson
Douglas Education Center,PA,3,Private For-Profit,32767.0,32767.0,32767.0,,19450.0,19450.0,https://www.dec.edu/netpricecalculator
Drexel University,PA,2,Private Non-Profit,76835.0,76835.0,76835.0,,62412.0,62412.0,https://drexel.edu/drexelcentral/finaid/prospective-students/net-price-calculator/
Duquesne University,PA,2,Private Non-Profit,67776.0,67776.0,67776.0,,48986.0,48986.0,www.duq.edu/admissions-and-aid/tuition/net-price-calculator
East Stroudsburg University of Pennsylvania,PA,1,Public,27917.0,35883.0,27917.0,,11536.0,19502.0,www.passhe.edu/answers/Calculator/EA/npcalc-212115.htm
Eastern University,PA,2,Private Non-Profit,55001.0,55001.0,55001.0,,38400.0,38400.0,https://www.eastern.edu/admissions/undergraduate/undergraduate-net-price-calculator
Elizabethtown College,PA,2,Private Non-Profit,50865.0,50865.0,50865.0,,37950.0,37950.0,https://npc.collegeboard.org/app/etown/start
Empire Beauty School-Lebanon,PA,3,Private For-Profit,23524.0,23524.0,,23524.0,,,www.empire.edu/consumer-information/net-price-calculator
Empire Beauty School-York,PA,3,Private For-Profit,23432.0,23432.0,,23432.0,,,www.empire.edu/consumer-information/net-price-calculator
Empire Beauty School-Lancaster,PA,3,Private For-Profit,22572.0,22572.0,,22572.0,,,www.empire.edu/consumer-information/net-price-calculator
Empire Beauty School-Shamokin Dam,PA,3,Private For-Profit,22006.0,22006.0,,22006.0,,,www.empire.edu/consumer-information/net-price-calculator
Empire Beauty School-Pottsville,PA,3,Private For-Profit,22087.0,22087.0,,22087.0,,,www.empire.edu/consumer-information/net-price-calculator
Empire Beauty  School-Lehigh Valley,PA,3,Private For-Profit,22928.0,22928.0,,22928.0,,,www.empire.edu/consumer-information/net-price-calculator
Empire Beauty School-Gwinnett,GA,3,Private For-Profit,21980.0,21980.0,,21980.0,,,www.empire.edu/consumer-information/net-price-calculator
Empire Beauty School-Wyoming Valley,PA,3,Private For-Profit,21949.0,21949.0,,21949.0,,,www.empire.edu/consumer-information/net-price-calculator
Empire Beauty School-Harrisburg,PA,3,Private For-Profit,23486.0,23486.0,,23486.0,,,www.empire.edu/consumer-information/net-price-calculator
Empire Beauty School-Reading,PA,3,Private For-Profit,23600.0,23600.0,,23600.0,,,www.empire.edu/consumer-information/net-price-calculator
Erie Institute of Technology Inc,PA,3,Private For-Profit,38471.0,38471.0,38471.0,,15264.0,15264.0,www.erieit.edu/consumer-info/net-price-calculator/
Franklin and Marshall College,PA,2,Private Non-Profit,85776.0,85776.0,85776.0,,70794.0,70794.0,https://npc.collegeboard.org/student/app/fandm
Gannon University,PA,2,Private Non-Profit,52869.0,52869.0,52869.0,,40656.0,40656.0,https://www.gannon.edu/tuition-and-financial-aid/net-price-calculator/
Geneva College,PA,2,Private Non-Profit,45407.0,45407.0,45407.0,,33450.0,33450.0,https://www.geneva.edu/financial-aid/calculators
Gettysburg College,PA,2,Private Non-Profit,81960.0,81960.0,81960.0,,66640.0,66640.0,https://www.gettysburg.edu/admissions-aid/tuition-fees/net-price-calculator
Empire Beauty School-NE Philadelphia,PA,3,Private For-Profit,23322.0,23322.0,,23322.0,,,www.empire.edu/consumer-information/net-price-calculator
Gwynedd Mercy University,PA,2,Private Non-Profit,55786.0,55786.0,55786.0,,40122.0,40122.0,https://www.gmercyu.edu/admissions-aid/financial-aid-tuition/net-price-calculator
Harcum College,PA,2,Private Non-Profit,42997.0,42997.0,42997.0,,32000.0,32000.0,https://app.meadowfi.com/harcum
Harrisburg Area Community College,PA,1,Public,18369.0,23866.0,18369.0,,6975.0,12472.0,https://www.hacc.edu/Paying/Net-Price-Calculator.cfm
Haverford College,PA,2,Private Non-Profit,90382.0,90382.0,90382.0,,70688.0,70688.0,https://www.haverford.edu/admission/tuition-and-aid
Commonwealth Technical Institute,PA,2,Private Non-Profit,20876.0,20876.0,20876.0,,7714.0,7714.0,www.dli.pa.gov/Individuals/Disability-Services/CTI-HGAC/Pages/Financial-Aid.aspx
Holy Family University,PA,2,Private Non-Profit,40539.0,40539.0,40539.0,,35330.0,35330.0,https://www.holyfamily.edu/admissions-aid/financial-aid/net-price-calculator
Immaculata University,PA,2,Private Non-Profit,43979.0,43979.0,43979.0,,29330.0,29330.0,https://www.immaculata.edu/admissions/tuition-fees/undergraduate-tuition/net-price-calculator/
Indiana University of Pennsylvania,PA,1,Public,26898.0,31815.0,26898.0,,11380.0,16297.0,www.passhe.edu/answers/calculator/in/npcalc-213020.htm
UPMC Jameson School of Nursing,PA,2,Private Non-Profit,29863.0,29863.0,29863.0,,15940.0,15940.0,https://www.upmc.com/healthcare-professionals/education/schools-of-nursing/campuses/jameson/financial-aid
Great Lakes Institute of Technology,PA,3,Private For-Profit,23028.0,23028.0,,23028.0,,,https://www.glit.edu/wp-content/uploads/2022/09/netpricecalculator.html
Johnson College,PA,2,Private Non-Profit,27354.0,27354.0,27354.0,,21225.0,21225.0,https://www.johnson.edu/net-price-calculator/
Juniata College,PA,2,Private Non-Profit,71850.0,71850.0,71850.0,,58580.0,58580.0,https://more.juniata.edu/admission/aid-calculator/index.php
Keystone College,PA,2,Private Non-Profit,32071.0,32071.0,32071.0,,18300.0,18300.0,https://web.keystone.edu/netprice/index.html
King's College,PA,2,Private Non-Profit,57973.0,57973.0,57973.0,,44100.0,44100.0,https://www.kings.edu/cost-aid/business_office/net-price-calculator.html
Butler Beauty Academy-Kittanning Beauty Academy,PA,3,Private For-Profit,14115.0,14115.0,,14115.0,,,https://beautyacademies.net/wp-content/uploads/2024/03/NetPriceCalc.html
Kutztown University of Pennsylvania,PA,1,Public,29866.0,34620.0,29866.0,,11314.0,16068.0,https://app.meadowfi.com/kutztown
La Roche University,PA,2,Private Non-Profit,47111.0,47111.0,47111.0,,34052.0,34052.0,www.laroche.edu/financial_aid/net_price_calculator/
La Salle University,PA,2,Private Non-Profit,48337.0,48337.0,48337.0,,37800.0,37800.0,https://collegepricecalculator.com/lasalle
Lackawanna College,PA,2,Private Non-Profit,28770.0,28770.0,28770.0,,18400.0,18400.0,https://www.lackawanna.edu/financial-aid/net-price-calculator/
Lafayette College,PA,2,Private Non-Profit,83133.0,83133.0,83133.0,,65398.0,65398.0,https://npc.collegeboard.org/app/lafayette
Lancaster Bible College,PA,2,Private Non-Profit,44066.0,44066.0,44066.0,,29990.0,29990.0,https://lbc.studentaidcalculator.com/survey.aspx
Lancaster School of Cosmetology & Therapeutic Bodywork,PA,3,Private For-Profit,15359.0,15359.0,,15359.0,,,www.lancasterschoolofcosmetology.com/
Lansdale School of Business,PA,3,Private For-Profit,31825.0,31825.0,31825.0,,12150.0,12150.0,www.lsb.edu/netprice
Lansdale School of Cosmetology Inc,PA,3,Private For-Profit,18041.0,18041.0,,18041.0,,,https://lansdalecosmetology.com/net-price-calculator
Lebanon Valley College,PA,2,Private Non-Profit,66497.0,66497.0,66497.0,,52080.0,52080.0,https://collegepricecalculator.com/lebanonvalleycollege
Lehigh Carbon Community College,PA,1,Public,15405.0,23395.0,15405.0,,5280.0,13270.0,https://www.lccc.edu/paying-for-college/tuition-and-fees/net-price-calculator/
Miller-Motte College-Berks Technical Institute,PA,3,Private For-Profit,26793.0,26793.0,,26793.0,,,www.berks.edu/NetPrice/BTI/
Lehigh University,PA,2,Private Non-Profit,80856.0,80856.0,80856.0,,64980.0,64980.0,https://npc.collegeboard.org/student/app/lehigh
Lincoln Technical Institute-Allentown,PA,3,Private For-Profit,40879.0,40879.0,,40879.0,,,www.lincolntech.edu/net-price-calculator
Lincoln Technical Institute-Levittown,PA,3,Private For-Profit,31905.0,31905.0,,31905.0,,,www.lincolntech.edu/net-price-calculator
Lincoln University,PA,1,Public,28505.0,35377.0,28505.0,,12512.0,19384.0,www.lincoln.edu/departments/financial-aid/net-price-calculator
UPMC St. Margaret School of Nursing,PA,2,Private Non-Profit,31582.0,31582.0,31582.0,,16190.0,16190.0,https://www.upmc.com/healthcare-professionals/education/schools-of-nursing/campuses/st-margaret/financial-aid
Luzerne County Community College,PA,1,Public,14499.0,24159.0,14499.0,,6600.0,16260.0,www.luzerne.edu/financialaid/npc/index.html
Lycoming College,PA,2,Private Non-Profit,64105.0,64105.0,64105.0,,50029.0,50029.0,https://www.lycoming.edu/financial-aid/net-price-calculator.aspx
Manor College,PA,2,Private Non-Profit,27557.0,27557.0,27557.0,,21780.0,21780.0,https://www.manor.edu/netprice/npcalc.htm
Marywood University,PA,2,Private Non-Profit,55582.0,55582.0,55582.0,,41420.0,41420.0,https://collegepricecalculator.com/marywooduniversity
Vet Tech Institute,PA,3,Private For-Profit,24268.0,24268.0,24268.0,,17320.0,17320.0,https://www.vettechinstitute.edu/npcalc/pittsburgh-campus/index.html
Mercyhurst University,PA,2,Private Non-Profit,59557.0,59557.0,59557.0,,45770.0,45770.0,https://mercyhurst.edu/npc
Messiah University,PA,2,Private Non-Profit,55875.0,55875.0,55875.0,,42240.0,42240.0,https://www.messiah.edu/ug-fin-aid/pages/net_price_calculator
ASPIRA City College,PA,2,Private Non-Profit,18252.0,18252.0,18252.0,,12147.0,12147.0,https://aspiracitycollege.edu/about/info/net-price-calculator/
Millersville University of Pennsylvania,PA,1,Public,26913.0,38737.0,26913.0,,11128.0,22952.0,www.millersville.edu/finaid/npc.php
Misericordia University,PA,2,Private Non-Profit,53648.0,53648.0,53648.0,,40370.0,40370.0,misericordia.aidcalc.cloud/
Montgomery County Community College,PA,1,Public,16233.0,26793.0,16233.0,,6690.0,17250.0,www.mc3.edu/paying-for-college/tuition-and-other-costs/net-price-calculator
Moore College of Art and Design,PA,2,Private Non-Profit,71327.0,71327.0,71327.0,,52812.0,52812.0,moore.edu/about/student-consumer-information
Moravian University,PA,2,Private Non-Profit,65601.0,65601.0,65601.0,,53500.0,53500.0,www.moravian.edu/admissions/resources/calculator
Mount Aloysius College,PA,2,Private Non-Profit,40435.0,40435.0,40435.0,,27072.0,27072.0,https://tcc.ruffalonl.com/Mount Aloysius College/Freshman-Students
Muhlenberg College,PA,2,Private Non-Profit,77270.0,77270.0,77270.0,,62805.0,62805.0,https://www.muhlenberg.edu/financialaid/prospectivestudents/netpricecalculator/
Neumann University,PA,2,Private Non-Profit,57180.0,57180.0,57180.0,,39100.0,39100.0,https://www.neumann.edu/calculator
New Castle School of Trades,PA,3,Private For-Profit,15355.0,15355.0,,15355.0,,,https://www.ncstrades.edu/net-price-calculator/
Northampton County Area Community College,PA,1,Public,18119.0,27839.0,18119.0,,5550.0,15270.0,https://npc.collegeboard.org/app/northampton
Heritage Valley Health System School of Nursing,PA,2,Private Non-Profit,29767.0,29767.0,29767.0,,22800.0,22800.0,https://www.nces.ed.gov/netprice calculator/#
Orleans Technical College,PA,2,Private Non-Profit,26587.0,26587.0,,26587.0,,,https://orleanstech.edu/wp-content/uploads/2023/07/NetPrice.html
Pennsylvania Institute of Technology,PA,2,Private Non-Profit,23995.0,23995.0,23995.0,,14850.0,14850.0,https://www.pit.edu/financial-aid/net-price-calculator/
Pennsylvania State University-Penn State Erie-Behrend College,PA,1,Public,34081.0,45067.0,34081.0,,15972.0,26958.0,https://tuition.psu.edu/student-tuition-calculators
Pennsylvania State University-Penn State New Kensington,PA,1,Public,26863.0,36589.0,26863.0,,14408.0,24134.0,https://tuition.psu.edu/student-tuition-calculators
Pennsylvania State University-Penn State Shenango,PA,1,Public,26821.0,36357.0,26821.0,,14024.0,23560.0,https://tuition.psu.edu/student-tuition-calculators
Pennsylvania State University-Penn State Wilkes-Barre,PA,1,Public,25994.0,35720.0,25994.0,,14280.0,24006.0,https://tuition.psu.edu/student-tuition-calculators
Pennsylvania State University-Penn State Scranton,PA,1,Public,27862.0,38046.0,27862.0,,15208.0,25392.0,https://tuition.psu.edu/student-tuition-calculators
Pennsylvania State University-Penn State Lehigh Valley,PA,1,Public,28109.0,38293.0,28109.0,,15208.0,25392.0,https://tuition.psu.edu/student-tuition-calculators
Pennsylvania State University-Penn State Altoona,PA,1,Public,32559.0,43545.0,32559.0,,15972.0,26958.0,https://tuition.psu.edu/student-tuition-calculators
Pennsylvania State University-Penn State Beaver,PA,1,Public,26210.0,35936.0,26210.0,,14408.0,24134.0,https://tuition.psu.edu/student-tuition-calculators
Pennsylvania State University-Penn State Berks,PA,1,Public,32242.0,43228.0,32242.0,,15972.0,26958.0,https://tuition.psu.edu/student-tuition-calculators
Pennsylvania State University-Penn State Harrisburg,PA,1,Public,32521.0,43507.0,32521.0,,15972.0,26958.0,https://tuition.psu.edu/student-tuition-calculators
Pennsylvania State University-Penn State Brandywine,PA,1,Public,31088.0,41272.0,31088.0,,15208.0,25392.0,https://tuition.psu.edu/student-tuition-calculators
Pennsylvania State University-Penn State DuBois,PA,1,Public,28530.0,38256.0,28530.0,,14408.0,24134.0,https://tuition.psu.edu/student-tuition-calculators
Pennsylvania State University-Penn State Fayette- Eberly,PA,1,Public,25154.0,34880.0,25154.0,,14408.0,24134.0,https://tuition.psu.edu/student-tuition-calculators
Pennsylvania State University-Penn State Hazleton,PA,1,Public,29677.0,39861.0,29677.0,,15208.0,25392.0,https://tuition.psu.edu/student-tuition-calculators
Pennsylvania State University-Main Campus,PA,1,Public,39694.0,60840.0,39694.0,,20644.0,41790.0,https://tuition.psu.edu/student-tuition-calculators
Pennsylvania State University-Penn State Greater Allegheny,PA,1,Public,26214.0,35940.0,26214.0,,14408.0,24134.0,https://tuition.psu.edu/student-tuition-calculators
Pennsylvania State University-Penn State Mont Alto,PA,1,Public,28841.0,38567.0,28841.0,,14408.0,24134.0,https://tuition.psu.edu/student-tuition-calculators
Pennsylvania State University-Penn State Abington,PA,1,Public,28795.0,39191.0,28795.0,,15268.0,25664.0,https://tuition.psu.edu/student-tuition-calculators
Pennsylvania State University-Penn State Schuylkill,PA,1,Public,30065.0,40249.0,30065.0,,15208.0,25392.0,https://tuition.psu.edu/student-tuition-calculators
Pennsylvania State University-Penn State York,PA,1,Public,27826.0,38010.0,27826.0,,15208.0,25392.0,https://tuition.psu.edu/student-tuition-calculators
Peirce College,PA,2,Private Non-Profit,18660.0,18660.0,18660.0,,15060.0,15060.0,https://npc.collegeboard.org/app/peirce
Penn Commercial Business/Technical School,PA,3,Private For-Profit,23804.0,23804.0,23804.0,,13654.0,13654.0,www.penncommercial.edu/index.php?id=43
Pennco Tech-Bristol,PA,3,Private For-Profit,24141.0,24141.0,,24141.0,,,https://www.penncotech.edu/npc/Bristol/npcalc.htm
Pennsylvania Academy of the Fine Arts,PA,2,Private Non-Profit,66106.0,66106.0,66106.0,,44600.0,44600.0,https://www.pafa.org/net-price-calculator
Pennsylvania Gunsmith School,PA,3,Private For-Profit,35840.0,35840.0,,35840.0,,,https://pagunsmith.edu/net-price-calculator/
Cortiva Institute,PA,3,Private For-Profit,33780.0,33780.0,,33780.0,,,www.cortiva.edu/consumer-information
Pennsylvania College of Art and Design,PA,2,Private Non-Profit,43815.0,43815.0,43815.0,,32150.0,32150.0,https://connect.pcad.edu/register/npc
University of Pennsylvania,PA,2,Private Non-Profit,89028.0,89028.0,89028.0,,68686.0,68686.0,https://npc.collegeboard.org/student/app/upenn
Cairn University-Langhorne,PA,2,Private Non-Profit,46233.0,46233.0,46233.0,,34009.0,34009.0,cairn.edu/admissions/undergrad/aid/#calculator
Community College of Philadelphia,PA,1,Public,19172.0,27284.0,19172.0,,4632.0,12744.0,https://www.ccp.edu/admission-aid/paying-college/tuition-fees/tuition-calculator
University of Pittsburgh-Bradford,PA,1,Public,30478.0,42352.0,30478.0,,14770.0,26644.0,https://pitt.studentaidcalculator.com/survey.aspx
University of Pittsburgh-Greensburg,PA,1,Public,30141.0,42015.0,30141.0,,14710.0,26584.0,pitt.studentaidcalculator.com/survey.aspx
University of Pittsburgh-Johnstown,PA,1,Public,30349.0,42223.0,30349.0,,14906.0,26780.0,pitt.studentaidcalculator.com/survey.aspx
University of Pittsburgh-Pittsburgh Campus,PA,1,Public,38105.0,57609.0,38105.0,,21926.0,41430.0,pitt.studentaidcalculator.com/survey.aspx
University of Pittsburgh-Titusville,PA,1,Public,25231.0,35523.0,25231.0,,11918.0,22210.0,pitt.studentaidcalculator.com/survey.aspx
Pittsburgh Institute of Aeronautics,PA,2,Private Non-Profit,37350.0,37350.0,37350.0,,18730.0,18730.0,https://pia.edu/netprice.html
Point Park University,PA,2,Private Non-Profit,52643.0,52643.0,52643.0,,39570.0,39570.0,www.pointpark.edu/admissions/tuitioncosts/netpricecalc
The Salon Professional Academy-Altoona,PA,3,Private For-Profit,21441.0,21441.0,,21441.0,,,www.tspaaltoona.com/financial-aid/welcome/
Reading Area Community College,PA,1,Public,14563.0,20593.0,14563.0,,6480.0,12510.0,https://www.racc.edu/sites/default/files/HEOA/NetPrice-Calculator/index.html
Reading Hospital School of Health Sciences,PA,2,Private Non-Profit,29377.0,29377.0,29377.0,,12225.0,12225.0,https://reading.towerhealth.org/academics/health-sciences/financial-information/net-price-calculator/
Walnut Hill College,PA,3,Private For-Profit,35504.0,35504.0,35504.0,,29499.0,29499.0,https://walnuthillcollege.clearcostcalculator.com/student/default/netpricecalculator/survey
Robert Morris University,PA,2,Private Non-Profit,51621.0,51621.0,51621.0,,35970.0,35970.0,https://www.rmu.edu/admissions/financial-aid/net-price-calculator
Rosedale Technical College,PA,2,Private Non-Profit,29468.0,29468.0,29468.0,,17402.0,17402.0,www.rosedaletech.edu/wp-content/uploads/2024/02/index.html
Rosemont College,PA,2,Private Non-Profit,38498.0,38498.0,38498.0,,23845.0,23845.0,https://www.shoppingsheet.com/shopping/landing/215691
Saint Francis University,PA,2,Private Non-Profit,59815.0,59815.0,59815.0,,44000.0,44000.0,www.francis.edu/financial-aid
Saint Joseph's University - Philadelphia,PA,2,Private Non-Profit,67954.0,67954.0,67954.0,,53260.0,53260.0,https://sju.studentaidcalculator.com/survey.aspx
Saint Vincent College,PA,2,Private Non-Profit,56752.0,56752.0,56752.0,,42396.0,42396.0,https://www.shoppingsheet.com/Shopping/Landing/stvincent
Schuylkill Technology Center,PA,1,Public,17010.0,17010.0,,17010.0,,,stc.schoolwires.net/
University of Scranton,PA,2,Private Non-Profit,69552.0,69552.0,69552.0,,53983.0,53983.0,https://scranton.aidcalc.cloud/
Seton Hill University,PA,2,Private Non-Profit,56183.0,56183.0,56183.0,,42944.0,42944.0,https://www.setonhill.edu/tuition-financial-aid/financial-aid-process-policies/estimated-costs/
UPMC Shadyside School of Nursing,PA,2,Private Non-Profit,33489.0,33489.0,33489.0,,16190.0,16190.0,https://www.upmc.com/healthcare-professionals/education/schools-of-nursing/campuses/shadyside/financial-aid
Laurel Technical Institute,PA,3,Private For-Profit,14270.0,14270.0,14270.0,,13431.0,13431.0,www.laurel.edu/financial-aid/net-price-calculator-lti-hermitage
Shippensburg University of Pennsylvania,PA,1,Public,30785.0,33039.0,30785.0,,13720.0,15974.0,https://ship.studentaidcalculator.com/survey.aspx
Slippery Rock University of Pennsylvania,PA,1,Public,25537.0,29645.0,25537.0,,10568.0,14676.0,https://www.sru.edu/admissions/net-price-calculator
South Hills School of Business & Technology,PA,3,Private For-Profit,27981.0,27981.0,27981.0,,19905.0,19905.0,www.southhills.edu/financial-aid/net-price-calculator/
The Beauty Institute,PA,3,Private For-Profit,23390.0,23390.0,,23390.0,,,www.thebeautyinstituteskp.edu/consumer-disclosure
Susquehanna University,PA,2,Private Non-Profit,75410.0,75410.0,75410.0,,59850.0,59850.0,www.susqu.edu/admission-and-aid/tuition-and-financial-aid/net-price-calculator
Swarthmore College,PA,2,Private Non-Profit,84103.0,84103.0,84103.0,,65494.0,65494.0,www.swarthmore.edu/financial-aid/net-price-calculator
Thaddeus Stevens College of Technology,PA,1,Public,18694.0,18694.0,18694.0,,9050.0,9050.0,https://stevenscollege.edu/financialaid/netpricecalculator/
Talmudical Yeshiva of Philadelphia,PA,2,Private Non-Profit,22680.0,22680.0,22680.0,,11512.0,11512.0,www.meterware.com/typ/Talmudical_Yeshiva_of_Philadelphia/NetPriceCalculator/
Temple University,PA,1,Public,40903.0,56850.0,40903.0,,23011.0,38958.0,https://sfs.temple.edu/sites/sfs/files/netprice.html
Thiel College,PA,2,Private Non-Profit,53202.0,53202.0,53202.0,,38344.0,38344.0,https://npc.collegeboard.org/app/thiel
Thomas Jefferson University,PA,2,Private Non-Profit,64197.0,64197.0,64197.0,,47505.0,47505.0,jefferson.wbnpc.com/
Ursinus College,PA,2,Private Non-Profit,76815.0,76815.0,76815.0,,61210.0,61210.0,https://www.ursinus.edu/offices/student-financial-services/net-price-calculator/
University of Valley Forge,PA,2,Private Non-Profit,45422.0,45422.0,45422.0,,25240.0,25240.0,https://valleyforge.edu/wp-content/uploads/2024/06/index-1.html
Valley Forge Military College,PA,2,Private Non-Profit,53511.0,53511.0,53511.0,,32176.0,32176.0,https://vfmcollege.edu/net-price-calculator/
Venus Beauty Academy,PA,3,Private For-Profit,20751.0,20751.0,,20751.0,,,www.venusbeautyacademy.com/net-price-calculator
Villanova University,PA,2,Private Non-Profit,84793.0,84793.0,84793.0,,67776.0,67776.0,https://npc.collegeboard.org/student/app/villanova
Washington & Jefferson College,PA,2,Private Non-Profit,42972.0,42972.0,42972.0,,29392.0,29392.0,www.washjeff.edu/future-students/tuition-fees/net-price-calculator/
Waynesburg University,PA,2,Private Non-Profit,44397.0,44397.0,44397.0,,30480.0,30480.0,https://www.waynesburg.edu/admissions/financial-aid/net-price-calculator
Welder Training and Testing Institute,PA,3,Private For-Profit,26491.0,26491.0,,26491.0,,,https://www.wtti.edu/NetPriceCalculator/index.html
West Chester University of Pennsylvania,PA,1,Public,28394.0,40218.0,28394.0,,10775.0,22599.0,https://www.wcupa.edu/financialaid/net-price-calculator.aspx
Western Pennsylvania Hospital School of Nursing,PA,2,Private Non-Profit,29938.0,29938.0,29938.0,,13410.0,13410.0,https://www.ahn.org/health-care-professionals/education/nursing/schools/west-penn-hospital/net-price-calculator
Westminster College,PA,2,Private Non-Profit,53003.0,53003.0,53003.0,,40290.0,40290.0,www.westminster.edu/admissions/financial-aid/101.cfm
Westmoreland County Community College,PA,1,Public,10573.0,18979.0,10573.0,,6018.0,14424.0,https://westmoreland.edu/admissions_aid/tuition-and-fees/netpricecalculator.html
Widener University,PA,2,Private Non-Profit,70621.0,70621.0,70621.0,,55730.0,55730.0,https://tcc.ruffalonl.com/Widener University/Net Price Calculator
Wilkes University,PA,2,Private Non-Profit,56765.0,56765.0,56765.0,,43496.0,43496.0,https://www.wilkes.edu/admissions/financial-aid/undergraduate-aid/net-price-calculator.aspx
Williamson College of the Trades,PA,2,Private Non-Profit,37263.0,37263.0,37263.0,,31611.0,31611.0,https://npc.collegeboard.org/app/williamson
Wilson College,PA,2,Private Non-Profit,39344.0,39344.0,39344.0,,27100.0,27100.0,https://www.shoppingsheet.com/shopping/landing/wilson
Yeshivath Beth Moshe,PA,2,Private Non-Profit,20400.0,20400.0,20400.0,,10600.0,10600.0,yeshivabethmoshe.com/links/
York College of Pennsylvania,PA,2,Private Non-Profit,37319.0,37319.0,37319.0,,25588.0,25588.0,https://collegepricecalculator.com/ycp
YTI Career Institute-York,PA,3,Private For-Profit,20585.0,20585.0,,20585.0,,,www.yti.edu/financialaid/npcalc.asp
Brown University,RI,2,Private Non-Profit,87648.0,87648.0,87648.0,,71412.0,71412.0,https://npc.collegeboard.org/app/brown
Bryant University,RI,2,Private Non-Profit,69964.0,69964.0,69964.0,,52677.0,52677.0,https://tcc.ruffalonl.com/bryant university/freshman-students
Johnson & Wales University-Providence,RI,2,Private Non-Profit,60314.0,60314.0,60314.0,,42419.0,42419.0,https://enroll.jwu.edu/register/npcpvd?_ga=2.20956152.1144428041.1661956580-1253747645.1659483415
New England Institute of Technology,RI,2,Private Non-Profit,48543.0,48543.0,48543.0,,37275.0,37275.0,https://www.neit.edu/admissions-aid/net-price-calculator
New England Tractor Trailer Training School of Rhode Island,RI,3,Private For-Profit,19438.0,19438.0,,19438.0,,,nettts.com/price-calculator/
Providence College,RI,2,Private Non-Profit,80466.0,80466.0,80466.0,,63550.0,63550.0,https://npc.collegeboard.org/student/app/providence
Rhode Island College,RI,1,Public,17454.0,33453.0,17454.0,,11300.0,27299.0,https://www.ric.edu/net-price-calculator
Community College of Rhode Island,RI,1,Public,12725.0,22009.0,12725.0,,5550.0,14834.0,https://www.ccri.edu/onestop/fa/calc-test.html
University of Rhode Island,RI,1,Public,34321.0,54525.0,34321.0,,16942.0,37146.0,https://web.uri.edu/ir/netprice-2/
Rhode Island School of Design,RI,2,Private Non-Profit,81727.0,81727.0,81727.0,,62688.0,62688.0,https://risd.studentaidcalculator.com/survey.aspx
Roger Williams University,RI,2,Private Non-Profit,61950.0,61950.0,61950.0,,44418.0,44418.0,https://www.rwu.edu/net-price-calculator
Salve Regina University,RI,2,Private Non-Profit,70630.0,70630.0,70630.0,,50100.0,50100.0,https://salve.wbnpc.com/
Empire Beauty School-Warwick,RI,3,Private For-Profit,27612.0,27612.0,,27612.0,,,www.empire.edu/consumer-information/net-price-calculator
Northpoint Bible College,MA,2,Private Non-Profit,29902.0,29902.0,29902.0,,14160.0,14160.0,www.northpoint.edu/net-price-calculator/
Aiken Technical College,SC,1,Public,13171.0,15921.0,13171.0,,5174.0,7924.0,https://www.atc.edu/netpricecalculator/npcalc.htm
Allen University,SC,2,Private Non-Profit,23998.0,23998.0,23998.0,,14304.0,14304.0,https://allenuniversity.edu/cost-of-attendance-net-price-calculator
Anderson University,SC,2,Private Non-Profit,50192.0,50192.0,50192.0,,34970.0,34970.0,https://andersonuniversity.edu/admission/policies-and-disclosures/consumer-information-disclosures/
Charleston Southern University,SC,2,Private Non-Profit,44558.0,44558.0,44558.0,,32520.0,32520.0,https://www.charlestonsouthern.edu/admissions/financial-aid/tuition-calculator/
Technical College of the Lowcountry,SC,1,Public,23832.0,29592.0,23832.0,,6156.0,11916.0,https://sftp.tcl.edu/NetPriceCalculator.html
Benedict College,SC,2,Private Non-Profit,32000.0,32000.0,32000.0,,17440.0,17440.0,https://www.collegeraptor.com/shopping/school/benedict-college-sc--217721
Bob Jones University,SC,2,Private Non-Profit,36580.0,36580.0,36580.0,,24470.0,24470.0,https://www.bju.edu/admission/tuition-aid/net-price-calculator.php
Southern Wesleyan University,SC,2,Private Non-Profit,39914.0,39914.0,39914.0,,29800.0,29800.0,https://www.swu.edu/campus/financial-aid/net-price-calculator/
Charleston Cosmetology Institute,SC,3,Private For-Profit,17691.0,17691.0,,17691.0,,,www.charlestoncosmetology.com/school-programs
College of Charleston,SC,1,Public,32362.0,57680.0,32362.0,,12978.0,38296.0,https://charleston.edu/cost-aid/tuition-fees/net-price-calculator.php
Northeastern Technical College,SC,1,Public,18221.0,18581.0,18221.0,,5664.0,6024.0,www.netc.edu/netcalc/npcalc.htm
Citadel Military College of South Carolina,SC,1,Public,33880.0,59818.0,33880.0,,12570.0,38508.0,https://citadel.edu/financial-aid/net-price-calculator/
Claflin University,SC,2,Private Non-Profit,33530.0,33530.0,33530.0,,18282.0,18282.0,www.claflin.edu/admissions-aid/tuition-and-fees/cost-of-attending-claflin
Clemson University,SC,1,Public,35015.0,60327.0,35015.0,,15554.0,40866.0,https://netprice.app.clemson.edu/calc/
Clinton College,SC,2,Private Non-Profit,25015.0,25015.0,25015.0,,11136.0,11136.0,www.clintoncollege.edu/current-students/tuition-and-fees
Coker University,SC,2,Private Non-Profit,45805.0,45805.0,45805.0,,33416.0,33416.0,https://www.coker.edu/admissions-aid/traditional-students/costs-aid/financial-aid/net-price-calculator/
Columbia International University,SC,2,Private Non-Profit,43045.0,43045.0,43045.0,,27900.0,27900.0,https://www.ciu.edu/cost-aid/cost-estimator/
Columbia College,SC,2,Private Non-Profit,35258.0,35258.0,35258.0,,22214.0,22214.0,https://npc.collegeboard.org/app/columbiasc
Converse University,SC,2,Private Non-Profit,38838.0,38838.0,38838.0,,25240.0,25240.0,https://www.converse.edu/admissions/financial-aid-and-tuition/undergraduate-freshmen-and-transfer-students/net-cost-calculator-for-freshman/
Denmark Technical College,SC,1,Public,24590.0,30230.0,24590.0,,6315.0,11955.0,www.denmarktech.edu/netpricecalculator/
Erskine College,SC,2,Private Non-Profit,55248.0,55248.0,55248.0,,36710.0,36710.0,https://erskine.studentaidcalculator.com/survey.aspx
Florence-Darlington Technical College,SC,1,Public,10731.0,12867.0,10731.0,,4636.0,6772.0,https://static.fdtc.edu/vendor/net price calculator/
Francis Marion University,SC,1,Public,23850.0,34234.0,23850.0,,11160.0,21544.0,netprice.fmarion.edu/
Furman University,SC,2,Private Non-Profit,76798.0,76798.0,76798.0,,59770.0,59770.0,https://collegepricecalculator.com/furmanuniversity
Greenville Technical College,SC,1,Public,20166.0,25446.0,20166.0,,5495.0,10775.0,www.gvltec.edu/admissions_aid/tuition_and_payments/cost2attend.html
Horry-Georgetown Technical College,SC,1,Public,11909.0,16277.0,11909.0,,4468.0,8836.0,www.hgtc.edu/admissions/financialaid/collegecalc.html
Kenneth Shuler School of Cosmetology-North Augusta,SC,3,Private For-Profit,22473.0,22473.0,,22473.0,,,https://kennethshuler.com/wp-content/uploads/2025/08/NANPC2324.html
Kenneth Shuler School of Cosmetology and Nails-Columbia,SC,3,Private For-Profit,22984.0,22984.0,,22984.0,,,https://kennethshuler.com/wp-content/uploads/2025/08/weconpc2324.html
Lander University,SC,1,Public,27277.0,36877.0,27277.0,,11700.0,21300.0,https://www.lander.edu/_files/npc/npcalc.htm
Midlands Technical College,SC,1,Public,14274.0,23874.0,14274.0,,5100.0,14700.0,www.midlandstech.edu/net-price-calculator
Morris College,SC,2,Private Non-Profit,30148.0,30148.0,30148.0,,16664.0,16664.0,https://npc.collegeboard.org/app/morris
Newberry College,SC,2,Private Non-Profit,46442.0,46442.0,46442.0,,31100.0,31100.0,https://www.newberry.edu/admission/financial-aid/net-price-calculator
North Greenville University,SC,2,Private Non-Profit,42034.0,42034.0,42034.0,,25800.0,25800.0,https://www.shoppingsheet.com/Shopping/School/218441
Orangeburg Calhoun Technical College,SC,1,Public,15165.0,18309.0,15165.0,,5210.0,8354.0,www.octech.edu/wp-content/uploads/netpricecalc.html
Piedmont Technical College,SC,1,Public,21746.0,23894.0,21746.0,,4775.0,6923.0,https://www.ptc.edu/cost-financial-aid/tuition-fees/net-price-calculator
Presbyterian College,SC,2,Private Non-Profit,60242.0,60242.0,60242.0,,44910.0,44910.0,https://www.presby.edu/costs-and-aid/net-price-calculator/
University of South Carolina Aiken,SC,1,Public,21540.0,31998.0,21540.0,,10760.0,21218.0,https://ie.usca.edu/netprice/npcalc.html
University of South Carolina Beaufort,SC,1,Public,24353.0,35399.0,24353.0,,10730.0,21776.0,https://www.uscb.edu/admissions/tuition-and-financial-aid/net-price-calculator/index.html
University of South Carolina-Columbia,SC,1,Public,31638.0,54922.0,31638.0,,12688.0,35972.0,sc.edu/about/offices_and_divisions/financial_aid/cost_and_aid/cost_to_attend/index.php
University of South Carolina-Lancaster,SC,1,Public,18682.0,29362.0,18682.0,,7558.0,18238.0,sc.edu/pcnetprice/lancaster/
University of South Carolina-Salkehatchie,SC,1,Public,19297.0,29977.0,19297.0,,7558.0,18238.0,sc.edu/pcnetprice/salkehatchie/
University of South Carolina-Sumter,SC,1,Public,17964.0,28644.0,17964.0,,7558.0,18238.0,sc.edu/pcnetprice/sumter/
University of South Carolina-Union,SC,1,Public,19112.0,29792.0,19112.0,,7558.0,18238.0,sc.edu/pcnetprice/union/
Coastal Carolina University,SC,1,Public,26692.0,44680.0,26692.0,,11640.0,29628.0,https://www.coastal.edu/financialaid/netpricecalculators/
South Carolina State University,SC,1,Public,30015.0,40705.0,30015.0,,11060.0,21750.0,https://scsu.edu/netprice.html
University of South Carolina-Upstate,SC,1,Public,25124.0,36626.0,25124.0,,11588.0,23090.0,netprice.uscupstate.edu/
Spartanburg Methodist College,SC,2,Private Non-Profit,32183.0,32183.0,32183.0,,20650.0,20650.0,https://www.smcsc.edu/resources/net-price-calc-2/
Spartanburg Community College,SC,1,Public,11505.0,16569.0,11505.0,,5071.0,10135.0,https://www.sccsc.edu/admissions-aid/financial-aid/tuition/npc/
Central Carolina Technical College,SC,1,Public,13774.0,17075.0,13774.0,,5715.0,9016.0,www.cctech.edu/netpricecalculator/npcalc.htm
Tri-County Technical College,SC,1,Public,25057.0,32424.0,25057.0,,4448.0,11815.0,etcdata.tctc.edu/vpba/financial_aid/netprice/npcalc.htm
Trident Technical College,SC,1,Public,13408.0,17482.0,13408.0,,4546.0,8620.0,https://www.tridenttech.edu/pay/apply/fa_Calc.htm
Voorhees University,SC,2,Private Non-Profit,25574.0,25574.0,25574.0,,12630.0,12630.0,https://voorhees.edu/vunetprice/images/201920finaidnetpricecalc.html
Williamsburg Technical College,SC,1,Public,15806.0,19910.0,15806.0,,4488.0,8592.0,https://www.wiltech.edu/NetPrice/NetPriceCalculator/npcalc.htm
Winthrop University,SC,1,Public,30710.0,44708.0,30710.0,,14678.0,28676.0,www.winthrop.edu/finaid/net-price-calculator.aspx
Wofford College,SC,2,Private Non-Profit,72441.0,72441.0,72441.0,,56005.0,56005.0,wofford.studentaidcalculator.com/
York Technical College,SC,1,Public,15395.0,20699.0,15395.0,,8036.0,13340.0,www.yorktech.edu/_resources/html-files/net-price-calculator
Augustana University,SD,2,Private Non-Profit,55159.0,55159.0,55159.0,,40160.0,40160.0,www.augie.edu/npc
The Salon Professional Academy,SD,3,Private For-Profit,23508.0,23508.0,,23508.0,,,https://tsparapidcity.com/wp-content/uploads/sites/7/npc/
Black Hills State University,SD,1,Public,21277.0,24379.0,21277.0,,8764.0,11866.0,https://form.bhsu.edu/bh_tuitioncalc/tuitioncalculator.aspx
Dakota State University,SD,1,Public,25753.0,28855.0,25753.0,,9654.0,12756.0,https://dsu.edu/admissions/calculator.html
Dakota Wesleyan University,SD,2,Private Non-Profit,43864.0,43864.0,43864.0,,33790.0,33790.0,https://www.dwu.edu/Net-Price-Calculator
Paul Mitchell the School-Rapid City,SD,3,Private For-Profit,26271.0,26271.0,,26271.0,,,https://paulmitchell.edu/rapidcity/tuition-calculator
Lake Area Technical College,SD,1,Public,19637.0,19637.0,19637.0,,6718.0,6718.0,www.lakeareatech.edu/getting-started/financial-aid/net-price-calculator/
Mitchell Technical College,SD,1,Public,16994.0,16994.0,16994.0,,7524.0,7524.0,https://www.mitchelltech.edu/admissions/financial-aid/net-price-calculator/
Mount Marty University,SD,2,Private Non-Profit,48247.0,48247.0,48247.0,,34600.0,34600.0,www.mountmarty.edu/tuition-and-aid/net-price-calculator/
National American University-Rapid City,SD,3,Private For-Profit,34452.0,34452.0,34452.0,,16065.0,16065.0,www.national.edu/net-price-calculator/
Northern State University,SD,1,Public,22077.0,25179.0,22077.0,,8845.0,11947.0,https://northern.edu/sites/default/files/net-price-calculator/index.html
Oglala Lakota College,SD,1,Public,10494.0,10494.0,10494.0,,2684.0,2684.0,www.olc.edu/cost-aid/
South Dakota School of Mines and Technology,SD,1,Public,25385.0,29785.0,25385.0,,10500.0,14900.0,https://www.sdsmt.edu/admissions-aid/financial-aid-and-scholarships/scholarships/net-price-calculator.html
South Dakota State University,SD,1,Public,24636.0,28146.0,24636.0,,9299.0,12809.0,https://www.sdstate.edu/admissions/net-price-calculator
Sinte Gleska University,SD,1,Public,20714.0,20714.0,20714.0,,4714.0,4714.0,https://www.sintegleska.edu/student-netprice-calculator.html
University of Sioux Falls,SD,2,Private Non-Profit,34274.0,34274.0,34274.0,,21750.0,21750.0,https://apps.usiouxfalls.edu/npc?ref=fa
Sisseton Wahpeton College,SD,1,Public,9998.0,9998.0,9998.0,,4330.0,4330.0,https://www.swcollege.edu/newswcollege/netprice/index.html
Southeast Technical College,SD,1,Public,20272.0,20272.0,20272.0,,7650.0,7650.0,www.southeasttech.edu/admissions/financialaid/netpricecalculator/
Stewart School,SD,3,Private For-Profit,18387.0,18387.0,,18387.0,,,www.stewartschool.com/consumerinformation
University of South Dakota,SD,1,Public,24422.0,27932.0,24422.0,,9432.0,12942.0,https://www.usd.edu/Admissions-and-Aid/Tuition-and-Costs/Net-Cost-Calculator
Western Dakota Technical College,SD,1,Public,18845.0,18845.0,18845.0,,8294.0,8294.0,https://www.wdt.edu/paying-for-school/net-price-calculator/
American Baptist College,TN,2,Private Non-Profit,27044.0,27044.0,27044.0,,13604.0,13604.0,https://www.abcnash.edu/ABCNash/calc/npcalc.htm
Arnolds Beauty School,TN,3,Private For-Profit,21783.0,21783.0,,21783.0,,,www.arnoldsbeautyschool.com/net-price-calculator
TCAT Athens,TN,1,Public,21762.0,21762.0,,21762.0,,,https://tcatathens.edu/sites/default/files/netprice_calc/index.html
Austin Peay State University,TN,1,Public,22233.0,27993.0,22233.0,,9006.0,14766.0,app.meadowfi.com/apsu
Baptist Health Sciences University,TN,2,Private Non-Profit,22227.0,22227.0,22227.0,,13796.0,13796.0,https://www.baptistu.edu/sites/default/files/netpricecalculator/npcalc.htm
Belmont University,TN,2,Private Non-Profit,62570.0,62570.0,62570.0,,42540.0,42540.0,https://www.belmont.edu/sfs/cost/net-price-calculator.html
Bethel University,TN,2,Private Non-Profit,31203.0,31203.0,31203.0,,18712.0,18712.0,www.bethelu.edu/admissions/tuition-and-fees/net-price-calculator
Bryan College-Dayton,TN,2,Private Non-Profit,31270.0,31270.0,31270.0,,19800.0,19800.0,www.bryan.edu/admissions/undergraduate/financial-aid/estimator/
Carson-Newman University,TN,2,Private Non-Profit,49024.0,49024.0,49024.0,,34700.0,34700.0,www.cn.edu/netpricecalculator/
Chattanooga State Community College,TN,1,Public,13348.0,26332.0,13348.0,,4772.0,17756.0,https://www.chattanoogastate.edu/financial/financial-aid/net-price-calculator
Christian Brothers University,TN,2,Private Non-Profit,48038.0,48038.0,48038.0,,38420.0,38420.0,https://www.cbu.edu/admissions-aid/financial-aid/net-price-calculator/
Austin's Beauty College Inc,TN,3,Private For-Profit,16629.0,16629.0,,16629.0,,,https://www.finaid.org/calculators/loanpayments.phtml
Cleveland State Community College,TN,1,Public,14834.0,27818.0,14834.0,,4762.0,17746.0,www.clevelandstatecc.edu/paying-for-college/tuition-fees/
Columbia State Community College,TN,1,Public,13179.0,25995.0,13179.0,,5296.0,18112.0,https://www.columbiastate.edu/IR/NetPriceCalc/NetPriceCalculator/npcalc.htm
Concorde Career College-Memphis,TN,3,Private For-Profit,29351.0,29351.0,,29351.0,,,https://enroll.myconcorde.edu/npc
Cumberland University,TN,2,Private Non-Profit,43358.0,43358.0,43358.0,,27840.0,27840.0,www.cumberland.edu/net-price-calculator/
Lipscomb University,TN,2,Private Non-Profit,55117.0,55117.0,55117.0,,40572.0,40572.0,https://www.lipscomb.edu/admission/tuition-and-financial-aid
Tennessee College of Applied Technology-Dickson,TN,1,Public,19950.0,19950.0,,19950.0,,,https://tcatdickson.edu/sites/default/files/netprice_calc/index.html
Dyersburg State Community College,TN,1,Public,14329.0,27313.0,14329.0,,4758.0,17742.0,https://www.dscc.edu/net-price-calculator/
East Tennessee State University,TN,1,Public,27042.0,31092.0,27042.0,,10472.0,14522.0,https://www.etsu.edu/financial-aid-and-scholarships/cost/netprice.php
Chattanooga College Medical Dental and & Technical Careers,TN,3,Private For-Profit,37746.0,37746.0,37746.0,,12709.0,12709.0,https://chattanoogacollege.edu/financial-aid/calculator/
Tennessee College of Applied Technology-Elizabethton,TN,1,Public,13540.0,13540.0,,13540.0,,,https://tcatelizabethton.edu/future-students/net-price-calculator
The Hair Academy LLC,TN,3,Private For-Profit,28170.0,28170.0,,28170.0,,,https://nces.ed.gov/globallocator/col_info_popup.asp?ID=220163
Fisk University,TN,2,Private Non-Profit,39450.0,39450.0,39450.0,,25858.0,25858.0,https://nces.ed.gov/ipeds/netpricecalculator/#/step-3-1
Welch College,TN,2,Private Non-Profit,37072.0,37072.0,37072.0,,21400.0,21400.0,www.welch.edu/net-price-calculator/
Freed-Hardeman University,TN,2,Private Non-Profit,38315.0,38315.0,38315.0,,25620.0,25620.0,www.fhu.edu/npc
Tennessee College of Applied Technology-Harriman,TN,1,Public,17732.0,17732.0,,17732.0,,,tcatharriman.edu/future-students/net-price-calculator
Tennessee College of Applied Technology-Hartsville,TN,1,Public,12458.0,12458.0,,12458.0,,,tcathartsville.edu/sites/default/files/netprice_calc/index.html
Tennessee College of Applied Technology-Hohenwald,TN,1,Public,18463.0,18463.0,,18463.0,,,www.tcathohenwald.edu/programs
Tennessee College of Applied Technology-Jacksboro,TN,1,Public,19651.0,19651.0,,19651.0,,,https://tcatjacksboro.edu/future-students/net-price-calculator
Jackson State Community College,TN,1,Public,15183.0,28167.0,15183.0,,4740.0,17724.0,www.jscc.edu/calculator/
John A Gupton College,TN,2,Private Non-Profit,28125.0,28125.0,28125.0,,12223.0,12223.0,guptoncollege.edu/financial-aid-2/net-price-calculator/
Johnson University,TN,2,Private Non-Profit,34244.0,34244.0,34244.0,,21122.0,21122.0,https://johnsonu.edu/admissions/tuition/#net-price-calc
Paul Mitchell the School-Murfreesboro,TN,3,Private For-Profit,23452.0,23452.0,,23452.0,,,school.paulmitchell.edu/murfreesboro-tn/programs
King University,TN,2,Private Non-Profit,49004.0,49004.0,49004.0,,36194.0,36194.0,https://www.king.edu/admissions/financial-aid/tuition-and-fees/traditional-undergrad-cost/net-price-calculator/
South College,TN,3,Private For-Profit,30954.0,30954.0,30954.0,,18535.0,18535.0,www.south.edu/admissions/financial-aid/
Lane College,TN,2,Private Non-Profit,23441.0,23441.0,23441.0,,11790.0,11790.0,www.lanecollege.edu/financial-aid-tuition/net-price-calculator
Le Moyne-Owen College,TN,2,Private Non-Profit,19001.0,19001.0,19001.0,,12076.0,12076.0,www.loc.edu/net-price-calculator/
Lee University,TN,2,Private Non-Profit,35688.0,35688.0,35688.0,,23790.0,23790.0,https://www.leeuniversity.edu/financial-aid/cost/
Lincoln Memorial University,TN,2,Private Non-Profit,41530.0,41530.0,41530.0,,26938.0,26938.0,lmunet.clearcostcalculator.com/student/default/netpricecalculator/survey
Tennessee College of Applied Technology-Livingston,TN,1,Public,17685.0,17685.0,,17685.0,,,https://tcatlivingston.edu/future-students/net-price-calculator
The University of Tennessee Southern,TN,1,Public,24750.0,24750.0,24750.0,,10924.0,10924.0,https://utsouthern.edu/net-price-calculator/
Maryville College,TN,2,Private Non-Profit,54622.0,54622.0,54622.0,,39284.0,39284.0,www.maryvillecollege.edu/admissions/finaid/net-price-calculator/
Genesis Career College-Cookeville,TN,3,Private For-Profit,15788.0,15788.0,,15788.0,,,www.genesiscareer.edu/financial-aid/net-price-calculator/
Tennessee College of Applied Technology-Memphis,TN,1,Public,18418.0,18418.0,,18418.0,,,www.tcatmemphis.edu/future-students/net-price-calculator
University of Memphis,TN,1,Public,25169.0,29825.0,25169.0,,10728.0,15384.0,https://www.memphis.edu/financialaid/net_price_calculator
Middle Tennessee State University,TN,1,Public,24289.0,45597.0,24289.0,,10266.0,31574.0,www.mtsu.edu/financialaid/npcalc/npcalc.htm
Tennessee College of Applied Technology-Morristown,TN,1,Public,20297.0,20297.0,,20297.0,,,https://tcatmorristown.edu/sites/default/files/netprice_calc/index.html
Motlow State Community College,TN,1,Public,24326.0,37310.0,24326.0,,4738.0,17722.0,www.mscc.edu/financial/net-price-calculator/index.html
Tennessee College of Applied Technology-Murfreesboro,TN,1,Public,12415.0,12415.0,,12415.0,,,https://tcatmurfreesboro.edu/future-students/net-price-calculator
Nashville Auto-Diesel College,TN,3,Private For-Profit,37798.0,37798.0,,37798.0,,,www.lincolntech.edu/net-price-calculator
Nashville State Community College,TN,1,Public,14385.0,27369.0,14385.0,,4730.0,17714.0,https://www.nscc.edu/tuition-and-aid/tuition-and-fees.php
Tennessee College of Applied Technology Northwest,TN,1,Public,14677.0,14677.0,,14677.0,,,https://tcatnorthwest.edu/future-students/net-price-calculator
Tennessee College of Applied Technology-Henry/Carroll,TN,1,Public,16418.0,16418.0,,16418.0,,,https://tcathenrycarroll.edu/future-students/net-price-calculator
Tennessee College of Applied Technology-Pulaski,TN,1,Public,20181.0,20181.0,,20181.0,,,https://tcatpulaski.edu/future-students/net-price-calculator
Rhodes College,TN,2,Private Non-Profit,71136.0,71136.0,71136.0,,57110.0,57110.0,https://www.rhodes.edu/admission-aid/cost-affordability/net-price-calculator
Roane State Community College,TN,1,Public,13397.0,27029.0,13397.0,,4998.0,18630.0,https://www.roanestate.edu/pages/fa/netpricecalculator/2025/index.html
Tennessee College of Applied Technology Crump,TN,1,Public,9355.0,9355.0,,9355.0,,,www.tcatcrump.edu/future-students/net-price-calculator
Southwest Tennessee Community College,TN,1,Public,12999.0,25971.0,12999.0,,4778.0,17750.0,https://eas.southwest.tn.edu/request/netprice/20210514/index.html
Tennessee College of Applied Technology-Shelbyville,TN,1,Public,13470.0,13470.0,,13470.0,,,www.tcatshelbyville.edu/future-students/net-price-calculator
The University of the South,TN,2,Private Non-Profit,71986.0,71986.0,71986.0,,56120.0,56120.0,https://collegepricecalculator.com/sewanee
Tennessee College of Applied Technology-Oneida-Huntsville,TN,1,Public,20130.0,20130.0,,20130.0,,,https://tcatoneida.edu/future-students/net-price-calculator
Tennessee College of Applied Technology-Upper Cumberland,TN,1,Public,18949.0,18949.0,,18949.0,,,tcatuppercumberland.edu/future-students/net-price-calculator
Tennessee College of Applied Technology-McMinnville,TN,1,Public,17680.0,17680.0,,17680.0,,,https://tcatmcminnville.edu/future-students/net-price-calculator
Tennessee College of Applied Technology-Jackson,TN,1,Public,14864.0,14864.0,,14864.0,,,tcatjackson.edu/future-students/net-price-calculator
Tennessee College of Applied Technology-Knoxville,TN,1,Public,23962.0,23962.0,,23962.0,,,https://tcatknoxville.edu/future-students/net-price-calculator
Pellissippi State Community College,TN,1,Public,13431.0,26415.0,13431.0,,4786.0,17770.0,https://nces.ed.gov/ipeds/netpricecalculator/#/
Southern Adventist University,TN,2,Private Non-Profit,38618.0,38618.0,38618.0,,27300.0,27300.0,www.southern.edu/undergrad/finances/cost-calculator.html#!#st
Tennessee Wesleyan University,TN,2,Private Non-Profit,39440.0,39440.0,39440.0,,30814.0,30814.0,https://www.tnwesleyan.edu/tuition-aid/true-cost-calculator/
The University of Tennessee-Chattanooga,TN,1,Public,25489.0,33553.0,25489.0,,10448.0,18512.0,utc.studentaidcalculator.com/survey.aspx
The University of Tennessee-Knoxville,TN,1,Public,33678.0,53122.0,33678.0,,13812.0,33256.0,https://utk.clearcostcalculator.com/student/default/netpricecalculator/survey
The University of Tennessee-Martin,TN,1,Public,23079.0,29119.0,23079.0,,10560.0,16600.0,https://www.utm.edu/admissions-and-aid/financial-aid-and-scholarships/net-price-calculators.php
Tennessee School of Beauty of Knoxville Inc,TN,3,Private For-Profit,16085.0,16085.0,,16085.0,,,https://www.tennesseeschoolofbeauty.edu/net-price-calculator
Tennessee State University,TN,1,Public,25637.0,39437.0,25637.0,,8616.0,22416.0,www.tnstate.edu/financial_aid/tuition_calculator.aspx
Tennessee Technological University,TN,1,Public,25663.0,29863.0,25663.0,,11376.0,15576.0,https://www.tntech.edu/financialaid/cost/calculator.php
Trevecca Nazarene University,TN,2,Private Non-Profit,41548.0,41548.0,41548.0,,31300.0,31300.0,https://www.trevecca.edu/admissions/financial-aid/net-price-calculator
Northeast State Community College,TN,1,Public,15793.0,28777.0,15793.0,,4782.0,17766.0,https://apps.northeaststate.edu/netpricecalc/
Tusculum University,TN,2,Private Non-Profit,43776.0,43776.0,43776.0,,29250.0,29250.0,https://site.tusculum.edu/financial-aid/initial-cost/np-calculator/
Union University,TN,2,Private Non-Profit,58363.0,58363.0,58363.0,,40025.0,40025.0,www.uu.edu/financialaid/undergraduate/npc/
Vanderbilt University,TN,2,Private Non-Profit,89590.0,89590.0,89590.0,,67498.0,67498.0,https://www.vanderbilt.edu/financialaid/net-price-calculator.php
Volunteer State Community College,TN,1,Public,16401.0,29385.0,16401.0,,4756.0,17740.0,www.volstate.edu/FinancialAid/Cost.php
Walters State Community College,TN,1,Public,14313.0,27297.0,14313.0,,4752.0,17736.0,www.ws.edu/cost-aid/consumer-information/npcalc/
William R Moore College of Technology,TN,2,Private Non-Profit,21985.0,21985.0,21985.0,,9723.0,9723.0,www.mooretech.edu/net-price-calculator
Abilene Christian University,TX,2,Private Non-Profit,59256.0,59256.0,59256.0,,44200.0,44200.0,https://www.highered.texas.gov/apps/NPC/?Fice=003537
Alvin Community College,TX,1,Public,16962.0,19458.0,16962.0,,1906.0,4402.0,www.alvincollege.edu/financial-aid/netprice/npcalc.htm
Amarillo College,TX,1,Public,10854.0,13422.0,10854.0,,2136.0,4704.0,https://www.actx.edu/fin/net-price-calculator
Angelina College,TX,1,Public,14848.0,17908.0,14848.0,,3430.0,6490.0,www.collegeforalltexans.com/apps/collegecosts.cfm?Type=1&Level=2
Angelo State University,TX,1,Public,23441.0,33281.0,23441.0,,8460.0,18300.0,www.collegeforalltexans.com/apps/CollegeMoney/
Arlington Baptist University,TX,2,Private Non-Profit,33424.0,33424.0,33424.0,,20830.0,20830.0,https://www.abu.edu/net-price-calculator
Arlington Career Institute,TX,3,Private For-Profit,28195.0,28195.0,,28195.0,,,https://www.arlingtoncareerinstitute.edu/npcalc/index.htm
Austin College,TX,2,Private Non-Profit,61607.0,61607.0,61607.0,,48680.0,48680.0,https://www.austincollege.edu/net-price-calculator
Austin Community College District,TX,1,Public,15190.0,23230.0,15190.0,,2550.0,10590.0,https://apps.highered.texas.gov/index.cfm?page=1a0b23b6b5960748dfcd38f788922d7646e17b1a9204b5063fdc2830e9d90dc4&fice=012015
Baldwin Beauty School-South Austin,TX,3,Private For-Profit,23271.0,23271.0,,23271.0,,,baldwinbeautyschools.com/
Baylor University,TX,2,Private Non-Profit,74226.0,74226.0,74226.0,,58100.0,58100.0,www.baylor.edu/sfs/netpricecalculator/npcalc.htm
Coastal Bend College,TX,1,Public,12875.0,15185.0,12875.0,,2916.0,5226.0,https://www.coastalbend.edu/student_success_engagement/financial_aid/helpful_sites.html
Blinn College District,TX,1,Public,15252.0,21732.0,15252.0,,4890.0,11370.0,apps.highered.texas.gov/net-price-calculator/
Remington College-Dallas Campus,TX,2,Private Non-Profit,35534.0,35534.0,35534.0,,15025.0,15025.0,https://www.remingtoncollege.edu/net-price-calculator/
Vet Tech Institute of Houston,TX,3,Private For-Profit,19973.0,19973.0,19973.0,,16324.0,16324.0,https://www.vettechinstitute.edu/campuses/houston-campus
Brazosport College,TX,1,Public,12167.0,14490.0,12167.0,,2388.0,4711.0,apps.highered.texas.gov/net-price-calculator/
Central Texas College,TX,1,Public,13822.0,17572.0,13822.0,,3750.0,7500.0,https://www.highered.texas.gov/student-financial-aid-programs/net-price-calculator/
Charles and Sues School of Hair Design,TX,3,Private For-Profit,29318.0,29318.0,,29318.0,,,www.charlesandsues.com/calculator/
Cisco College,TX,1,Public,17469.0,19899.0,17469.0,,4710.0,7140.0,https://apps.highered.texas.gov/index.cfm?page=1a0b23b6b5960748dfcd38f788922d7646e17b1a9204b5063fdc2830e9d90dc4&fice=003553
Clarendon College,TX,1,Public,14589.0,16269.0,14589.0,,3720.0,5400.0,www.collegeforalltexans.com/apps/CollegeMoney/
Concordia University Texas,TX,2,Private Non-Profit,53020.0,53020.0,53020.0,,23500.0,23500.0,https://tcc.ruffalonl.com/concordia university - texas/freshman-students
BK Cosmo College of Cosmetology,TX,3,Private For-Profit,23340.0,23340.0,,23340.0,,,fafsa.ed.gov/spa/fafsa4c/?locale=en_US#/landing
North Central Texas College,TX,1,Public,10200.0,12339.0,10200.0,,3600.0,5739.0,https://apps.highered.texas.gov/apps/NPC/?Fice=003558
Texas A & M University-Corpus Christi,TX,1,Public,25210.0,36256.0,25210.0,,9748.0,20794.0,https://apps.highered.texas.gov/index.cfm?page=1a0b23b6b5960748dfcd38f788922d7646e17b1a9204b5063fdc2830e9d90dc4&fice=011161
Paul Mitchell the School-Dallas,TX,3,Private For-Profit,37871.0,37871.0,,37871.0,,,https://paulmitchell.edu/dallas/tuition-calculator
Dallas Baptist University,TX,2,Private Non-Profit,52716.0,52716.0,52716.0,,40190.0,40190.0,https://www.dbu.edu/cashier/cost-of-attendance.html
Dallas Christian College,TX,2,Private Non-Profit,34502.0,34502.0,34502.0,,21730.0,21730.0,www.dallas.edu/Financial-Services
Dallas Institute of Funeral Service,TX,2,Private Non-Profit,27708.0,27708.0,27708.0,,17640.0,17640.0,https://www.dallasinstitute.edu/admissions/net-price-calculator
University of Dallas,TX,2,Private Non-Profit,68583.0,68583.0,68583.0,,53930.0,53930.0,https://udallas.edu/admissions/calculator/
Del Mar College,TX,1,Public,12895.0,15505.0,12895.0,,3440.0,6050.0,www.delmar.edu/becoming-a-viking/afford/index.html
East Texas Baptist University,TX,2,Private Non-Profit,44211.0,44211.0,44211.0,,30680.0,30680.0,https://intranet.etbu.edu/npc/
Texas A&M University-Texarkana,TX,1,Public,23778.0,60509.0,23778.0,,8349.0,45080.0,www.collegeforalltexans.com/apps/CollegeMoney/
East Texas A&M University,TX,1,Public,23438.0,35738.0,23438.0,,10026.0,22326.0,https://tcc.ruffalonl.com/east-texas-a-m-university/freshman-students
Dallas College,TX,1,Public,9704.0,13874.0,9704.0,,2730.0,6900.0,www.dallascollege.edu/paying-for-college/cost-tuition/pages/tuition-calculator.aspx#in-county
El Paso Community College,TX,1,Public,13337.0,15887.0,13337.0,,4080.0,6630.0,www.epcc.edu/Admissions/FinancialAid/how-awards-are-determined
Western Technical College,TX,3,Private For-Profit,30284.0,30284.0,,30284.0,,,www.westerntech.edu/cost-of-attendance-and-net-price-calculator/
Frank Phillips College,TX,1,Public,12877.0,14047.0,12877.0,,3712.0,4882.0,https://apps.highered.texas.gov/apps/npc/?fice=003568
Galveston College,TX,1,Public,15338.0,18788.0,15338.0,,2726.0,6176.0,https://apps.highered.texas.gov/index.cfm?page=1a0b23b6b5960748dfcd38f788922d7646e17b1a9204b5063fdc2830e9d90dc4&fice=006662
Graham's Barber College,TX,3,Private For-Profit,27543.0,27543.0,,27543.0,,,grahamsbarbercollege.com/financial-aid-available-to-those-that-qualify/
Grayson College,TX,1,Public,14866.0,18166.0,14866.0,,3052.0,6352.0,https://grayson.edu/financialaid/net-price-calculator.html
Hallmark University,TX,2,Private Non-Profit,18419.0,18419.0,,18419.0,,,https://hallmark.edu/net-price-calculator/npcalc2.html
Hardin-Simmons University,TX,2,Private Non-Profit,45904.0,45904.0,45904.0,,32960.0,32960.0,https://www.hsutx.edu/tuition-aid/affording-hsu/net-price-calculator/
Trinity Valley Community College,TX,1,Public,14467.0,17797.0,14467.0,,2640.0,5970.0,www.collegeforalltexans.com/apps/collegemoney/
Hill College,TX,1,Public,13417.0,13417.0,13417.0,,3570.0,3570.0,https://www.hillcollege.edu/Admissions_Aid/FinancialAid/NetPriceCalc.html
Houston Christian University,TX,2,Private Non-Profit,50082.0,50082.0,50082.0,,39430.0,39430.0,https://www.hc.edu/estimator
University of Houston-Clear Lake,TX,1,Public,24622.0,37966.0,24622.0,,7770.0,21114.0,https://www.uhcl.edu/academics/online/costs
Houston City College,TX,1,Public,12009.0,15429.0,12009.0,,2040.0,5460.0,https://www.highered.texas.gov/student-financial-aid-programs/net-price-calculator/
University of Houston-Downtown,TX,1,Public,20749.0,30589.0,20749.0,,7708.0,17548.0,www.uhd.edu/financial/cost/financial-cost-calculator.aspx
Texas A&M University-Victoria,TX,1,Public,21401.0,31241.0,21401.0,,7149.0,16989.0,www.tamuv.edu/financial-aid/cost-of-attendance
University of Houston,TX,1,Public,26185.0,39015.0,26185.0,,9717.0,22547.0,https://www.uh.edu/financial/net-price-calculator/
Howard College,TX,1,Public,13858.0,17808.0,13858.0,,2766.0,6716.0,www.collegeforalltexans.com/apps/CollegeMoney/
Howard Payne University,TX,2,Private Non-Profit,46766.0,46766.0,46766.0,,34982.0,34982.0,www.hputx.edu/campus-offices/financial-aid/net-price-calculator-external/
Huston-Tillotson University,TX,2,Private Non-Profit,25384.0,25384.0,25384.0,,26709.0,26709.0,htu.edu/npcalc.htm
University of the Incarnate Word,TX,2,Private Non-Profit,48681.0,48681.0,48681.0,,37090.0,37090.0,https://www.uiw.edu/finaid/uiwnpc.html
Jacksonville College-Main Campus,TX,2,Private Non-Profit,19359.0,19359.0,19359.0,,8850.0,8850.0,www.collegeforalltexans.com/apps/collegemoney/
Jarvis Christian University,TX,2,Private Non-Profit,25185.0,25185.0,25185.0,,11720.0,11720.0,www.collegeforalltexans.com/apps/CollegeMoney/
KD Conservatory College of Film and Dramatic Arts,TX,3,Private For-Profit,29037.0,29037.0,29037.0,,20521.0,20521.0,https://www.kdstudio.com/wp-content/themes/kdc/netpricecalculator/npcalc.htm
Kilgore College,TX,1,Public,14080.0,17176.0,14080.0,,2160.0,5256.0,https://www.kilgore.edu/net-price-calculator/
Lamar University,TX,1,Public,22254.0,32094.0,22254.0,,8905.0,18745.0,www.lamar.edu/financial-aid/cost-calculator.html
Lamar State College-Orange,TX,1,Public,7264.0,21004.0,7264.0,,3540.0,17280.0,https://apps.highered.texas.gov/apps/npc/?fice=023582
Lamar State College-Port Arthur,TX,1,Public,10754.0,17054.0,10754.0,,1770.0,8070.0,https://www.highered.texas.gov/apps/npc/?fice=023485
Laredo College,TX,1,Public,11469.0,13917.0,11469.0,,3300.0,5748.0,https://apps.highered.texas.gov/net-price-calculator/
Texas A & M International University,TX,1,Public,15558.0,27118.0,15558.0,,7894.0,19454.0,https://apps.highered.texas.gov/apps/npc/?fice=009651
Lee College,TX,1,Public,12107.0,14777.0,12107.0,,2520.0,5190.0,www.lee.edu/financialaid/
LeTourneau University,TX,2,Private Non-Profit,51124.0,51124.0,51124.0,,37160.0,37160.0,www.letu.edu/offices/administration-finance/financial-aid/cost-calculator.html#contentblock-1-1
Lincoln College of Technology-Grand Prairie,TX,3,Private For-Profit,38036.0,38036.0,,38036.0,,,www.lincolntech.edu/net-price-calculator
Lubbock Christian University,TX,2,Private Non-Profit,41944.0,41944.0,41944.0,,28540.0,28540.0,https://tcc.ruffalonl.com/lubbock christian university/freshman-students
College of the Mainland,TX,1,Public,8357.0,10187.0,8357.0,,2310.0,4140.0,www.highered.texas.gov/apps/NPC/?Fice=007096
University of Mary Hardin-Baylor,TX,2,Private Non-Profit,46874.0,46874.0,46874.0,,32020.0,32020.0,https://go.umhb.edu/resources/financial-aid/resources
McLennan Community College,TX,1,Public,12920.0,15170.0,12920.0,,3660.0,5910.0,www.mclennan.edu/financial-aid/
McMurry University,TX,2,Private Non-Profit,43778.0,43778.0,43778.0,,32340.0,32340.0,https://mcm.edu/tuition-financial-aid-scholarships/
Midland College,TX,1,Public,12707.0,15707.0,12707.0,,3180.0,6180.0,https://www.highered.texas.gov/student-financial-aid-programs/net-price-calculator/
Midwestern State University,TX,1,Public,22652.0,24602.0,22652.0,,10580.0,12530.0,www.msutexas.edu/finaid/net-price
William Edge Institute,TX,3,Private For-Profit,26780.0,26780.0,,26780.0,,,williamedgeinstitute.com/calculator/
Wade College,TX,3,Private For-Profit,25506.0,25506.0,25506.0,,17692.0,17692.0,www.wadecollege.edu/student-consumer-info/index.php?page=net-price-calculator
Southern Careers Institute-Austin,TX,3,Private For-Profit,29968.0,29968.0,,29968.0,,,https://prospect.studentaidprocess.com/saintprospect/(S(ocmfllhcnha2l4egndtg2dgp))/netpricecalculator?corpid=64
Tint School of Makeup & Cosmetology,TX,3,Private For-Profit,29834.0,29834.0,,29834.0,,,https://tintcosmetologyschools.com/net-price-calculator/
Navarro College,TX,1,Public,18757.0,22327.0,18757.0,,3008.0,6578.0,www.highered.texas.gov/apps/npc/?fice=003593
Lone Star College System,TX,1,Public,15521.0,21581.0,15521.0,,3330.0,9390.0,www.lonestar.edu/financial-aid.htm
University of North Texas,TX,1,Public,26243.0,36083.0,26243.0,,11309.0,21149.0,https://www.highered.texas.gov/student-financial-aid-programs/net-price-calculator/
Northeast Texas Community College,TX,1,Public,13564.0,16204.0,13564.0,,2980.0,5620.0,www.highered.texas.gov/student-financial-aid-programs/net-price-calculator/
Ocean Corporation,TX,3,Private For-Profit,36052.0,36052.0,,36052.0,,,oceancorp.com/financial-aid-info/
Odessa College,TX,1,Public,13086.0,15324.0,13086.0,,2688.0,4926.0,https://www.odessa.edu/enrollment-aid/financial-aid/calculating-cost.html
Ogle School Hair Skin Nails-Arlington,TX,3,Private For-Profit,24059.0,24059.0,,24059.0,,,https://www.ogleschool.edu/financial-aid/net-price-calculator/
Ogle School Hair Skin Nails-Ft Worth,TX,3,Private For-Profit,26433.0,26433.0,,26433.0,,,https://www.ogleschool.edu/financial-aid/net-price-calculator
Our Lady of the Lake University,TX,2,Private Non-Profit,42865.0,42865.0,42865.0,,32106.0,32106.0,https://www.ollusa.edu/netpricecalculator
The University of Texas Rio Grande Valley,TX,1,Public,16830.0,26670.0,16830.0,,9987.0,19827.0,www.collegeforalltexans.com/apps/CollegeMoney/
Texas Southmost College,TX,1,Public,10999.0,12799.0,10999.0,,3148.0,4948.0,www.tsc.edu/student-resources/student-services/financial-aid/net-price-calculator/
Panola College,TX,1,Public,13654.0,16534.0,13654.0,,2352.0,5232.0,apps.highered.texas.gov/net-price-calculator/
Paris Junior College,TX,1,Public,13626.0,16626.0,13626.0,,2700.0,5700.0,apps.highered.texas.gov/net-price-calculator/
Paul Quinn College,TX,2,Private Non-Profit,23587.0,23587.0,23587.0,,13498.0,13498.0,https://paulquinn.clearcostcalculator.com/student/default/netpricecalculator/survey
Prairie View A & M University,TX,1,Public,26362.0,41937.0,26362.0,,11299.0,26874.0,https://www.pvamu.edu/faid/cost-of-attendance/#cost
Ranger College,TX,1,Public,15017.0,21317.0,15017.0,,2766.0,9066.0,https://www.rangercollege.edu/admissions/financial-aid/index.php#gsc.tab=0
Aviation Institute of Maintenance-Houston,TX,3,Private For-Profit,29992.0,29992.0,29992.0,,16757.0,16757.0,https://aviationmaintenance.edu/your-rights
Rice University,TX,2,Private Non-Profit,79788.0,79788.0,79788.0,,64144.0,64144.0,https://financialaid.rice.edu/cost-attendance/estimate-your-cost
Saint Edward's University,TX,2,Private Non-Profit,66719.0,66719.0,66719.0,,51384.0,51384.0,https://stedwards.studentaidcalculator.com/survey.aspx
St Philip's College,TX,1,Public,11985.0,18525.0,11985.0,,3412.0,9952.0,https://apps.highered.texas.gov/apps/npc?fice=003608
University of St Thomas,TX,2,Private Non-Profit,45672.0,45672.0,45672.0,,34634.0,34634.0,https://tcc.ruffalonl.com/UniversityofStThomas/freshmanstudents?Aquifer_Source_URL=/FreshmanCalculator&PNF_Check=1
Sam Houston State University,TX,1,Public,25505.0,35345.0,25505.0,,9228.0,19068.0,https://www.shsu.edu/cost-aid/cost-calculator
San Antonio College,TX,1,Public,12343.0,18883.0,12343.0,,3412.0,9952.0,https://apps.highered.texas.gov/net-price-calculator/?fice=009163
San Jacinto Community College,TX,1,Public,21293.0,25493.0,21293.0,,2490.0,6690.0,https://sanjac.edu/admissions/paying-for-college/
Schreiner University,TX,2,Private Non-Profit,48004.0,48004.0,48004.0,,39266.0,39266.0,https://schreiner.edu/admissions/financial-services/costs-calculators/net-price-calculator/
Seguin Beauty School-Seguin,TX,3,Private For-Profit,21683.0,21683.0,,21683.0,,,seguinbeautyschool.net/wp-content/uploads/2023/11/index.html
St. Mary's University,TX,2,Private Non-Profit,47999.0,47999.0,47999.0,,37434.0,37434.0,www.stmarytx.edu/admission/financial-aid/net-price-calculator/
South Plains College,TX,1,Public,13784.0,16208.0,13784.0,,2731.0,5155.0,www.collegeforalltexans.com/apps/CollegeMoney/
South Texas Vocational Technical Institute-Weslaco,TX,3,Private For-Profit,24394.0,24394.0,,24394.0,,,https://www.stvt.edu/NetPrice/Weslaco/
Miller-Motte College-STVT-McAllen,TX,3,Private For-Profit,25381.0,25381.0,,25381.0,,,https://www.stvt.edu/NetPrice/McAllen/
Southern Methodist University,TX,2,Private Non-Profit,85606.0,85606.0,85606.0,,67040.0,67040.0,https://www.smu.edu/enrollment-services/student-financial-services/cost-and-payment/net-price-calculator
Southwest School of Business and Technical Careers-San Antonio,TX,3,Private For-Profit,27110.0,27110.0,,27110.0,,,www.sws.edu/SID/npcalc.htm
Southwest Texas College,TX,1,Public,13554.0,17202.0,13554.0,,2646.0,6294.0,apps.highered.texas.gov/apps/npc/?fice=003614
Nelson University,TX,2,Private Non-Profit,34504.0,34504.0,34504.0,,25064.0,25064.0,https://connect.nelson.edu/register/?id=a906aa05-ca73-4dca-9db2-875d4df2305b
Southwestern University,TX,2,Private Non-Profit,67493.0,67493.0,67493.0,,53813.0,53813.0,https://www.southwestern.edu/scholarships-financial-aid/grants-loans/net-price-calculator/
Stephen F Austin State University,TX,1,Public,25791.0,38089.0,25791.0,,11128.0,23426.0,https://apps.highered.texas.gov/apps/npc/?fice=003624
Texas State University,TX,1,Public,28073.0,39553.0,28073.0,,11450.0,22930.0,https://apps.highered.texas.gov/net-price-calculator/
Southwestern Adventist University,TX,2,Private Non-Profit,35592.0,35592.0,35592.0,,25380.0,25380.0,https://swau.edu/admissions-aid/determine-cost
Southwestern Christian College,TX,2,Private Non-Profit,21854.0,21854.0,21854.0,,14638.0,14638.0,www.collegeforalltexans.com/apps/CollegeMoney/
Sul Ross State University,TX,1,Public,24529.0,34609.0,24529.0,,7592.0,17672.0,www.highered.texas.gov/apps/npc/?fice=003625
Tarleton State University,TX,1,Public,24100.0,33940.0,24100.0,,8302.0,18142.0,www.shoppingsheet.com/Shopping/Landing/tarleton
Tarrant County College District,TX,1,Public,11130.0,17637.0,11130.0,,1863.0,8370.0,www.tccd.edu/services/paying-for-college/tuition-and-fees/cost-of-attendance/
Temple College,TX,1,Public,14200.0,18424.0,14200.0,,3000.0,7224.0,www.highered.texas.gov/apps/npc/?fice=003627&_ga=2.101754689.1165086895.1660053287-1549694279.1658765013
Texarkana College,TX,1,Public,15998.0,18854.0,15998.0,,2476.0,5332.0,https://www.texarkanacollege.edu/financial-aid/
Texas A&M University-Kingsville,TX,1,Public,24060.0,39914.0,24060.0,,9892.0,25746.0,https://apps.highered.texas.gov/net-price-calculator/
Texas A&M University-College Station,TX,1,Public,32696.0,59666.0,32696.0,,13154.0,40124.0,https://tuition.tamu.edu/
The University of Texas at Arlington,TX,1,Public,25261.0,42893.0,25261.0,,11950.0,29582.0,https://www.highered.texas.gov/institutional-resources-programs/net-price-calculator/
The University of Texas at Austin,TX,1,Public,31247.0,64467.0,31247.0,,11688.0,44908.0,www.onestop.utexas.edu/managing-costs/cost-tuition-rates/cost-of-attendance/net-price-calculator/
The University of Texas at Dallas,TX,1,Public,29807.0,55307.0,29807.0,,14644.0,40144.0,https://www.highered.texas.gov/student-financial-aid-programs/net-price-calculator/
The University of Texas at El Paso,TX,1,Public,19836.0,35594.0,19836.0,,9744.0,25502.0,https://apps.highered.texas.gov/apps/npc/?fice=003661
The University of Texas at Tyler,TX,1,Public,24505.0,40263.0,24505.0,,9736.0,25494.0,https://www.uttyler.edu/admissions-aid/tuition-financial-aid-fees/tuition-fees/cost-calculator.php
Texas Christian University,TX,2,Private Non-Profit,76604.0,76604.0,76604.0,,61740.0,61740.0,https://financialaid.tcu.edu/cost/net-price-calculator.php
Texas College,TX,2,Private Non-Profit,20339.0,20339.0,20339.0,,10008.0,10008.0,https://www.nces.ed.gov/ipeds/netpricecalculator/
Texas Lutheran University,TX,2,Private Non-Profit,50002.0,50002.0,50002.0,,36230.0,36230.0,www.tlu.edu/costs?rc=0
The University of Texas Permian Basin,TX,1,Public,23886.0,36154.0,23886.0,,9236.0,21504.0,https://www.utpb.edu/admissions-aid/cost-calculators
The University of Texas at San Antonio,TX,1,Public,22352.0,35392.0,22352.0,,9011.0,22051.0,https://future.utsa.edu/cost/
Texas Southern University,TX,1,Public,27052.0,39352.0,27052.0,,9173.0,21473.0,https://www.tsu.edu/admissions/financial-aid/college-costs.php
Texas Tech University,TX,1,Public,27443.0,40042.0,27443.0,,11852.0,24451.0,https://www.depts.ttu.edu/financialaid/calculator/
Texas Wesleyan University,TX,2,Private Non-Profit,57451.0,57451.0,57451.0,,39582.0,39582.0,https://txwes.edu/admissions/financial-aid--scholarships/cost-of-college/net-price-calculator/
Texas Woman's University,TX,1,Public,22234.0,32074.0,22234.0,,8640.0,18480.0,www.collegeforalltexans.com/apps/CollegeMoney/
Trinity University,TX,2,Private Non-Profit,68224.0,68224.0,68224.0,,53676.0,53676.0,https://trinity.edu/directory/departments-offices/student-financial-services/tuition-fees
Tyler Junior College,TX,1,Public,16654.0,18766.0,16654.0,,2400.0,4512.0,https://tjc.edu/costcalc
Universal Technical Institute of Texas Inc.,TX,3,Private For-Profit,28460.0,28460.0,,28460.0,,,www.uti.edu/admissions/tuition
UCAS University of Cosmetology Arts & Sciences-McAllen,TX,3,Private For-Profit,16659.0,16659.0,,16659.0,,,ucastx.com/NPcalc/McA-Har-LJ2017.html
Vernon College,TX,1,Public,14564.0,16964.0,14564.0,,3720.0,6120.0,www.collegeforalltexans.com/apps/CollegeMoney/
Victoria Beauty & Barber College,TX,3,Private For-Profit,19557.0,19557.0,,19557.0,,,https://victoriabeautyandbarbercollege.com/
Victoria College,TX,1,Public,10514.0,12866.0,10514.0,,2976.0,5328.0,www.victoriacollege.edu/explore/waystopay/financialaid/estimatedcosttoattendvc
Vogue College of Cosmetology-McAllen,TX,3,Private For-Profit,28604.0,28604.0,,28604.0,,,https://vogue.edu/MCALLENNPC/npcalc.htm
Wayland Baptist University,TX,2,Private Non-Profit,36323.0,36323.0,36323.0,,23782.0,23782.0,https://app.meadowfi.com/wbu
Weatherford College,TX,1,Public,15978.0,21588.0,15978.0,,5250.0,10860.0,https://wc.edu/current-students/financial/cost-of-attendance.php
West Texas A & M University,TX,1,Public,23482.0,25377.0,23482.0,,9101.0,10996.0,https://apps.wtamu.edu/calculator/
Western Texas College,TX,1,Public,13335.0,16185.0,13335.0,,3300.0,6150.0,https://my.wtc.edu/ICS/Financial_Aid/Default_Page.jnz?portlet=Net_Price_Calculator
Wharton County Junior College,TX,1,Public,11463.0,14175.0,11463.0,,3192.0,5904.0,https://apps.highered.texas.gov/net-price-calculator/
Wiley University,TX,2,Private Non-Profit,19097.0,19097.0,19097.0,,12500.0,12500.0,https://npc.collegeboard.org/student/app/wileyc
Bridgerland Technical College,UT,1,Public,8317.0,8317.0,,8317.0,,,btech.edu/wp-content/uploads/index.html
Brigham Young University,UT,2,Private Non-Profit,22690.0,22690.0,22690.0,,6688.0,6688.0,https://enrollment.byu.edu/financialaid/net-price-calculator
Brigham Young University-Hawaii,HI,2,Private Non-Profit,25098.0,25098.0,25098.0,,6630.0,6630.0,financialaid.byuh.edu/net-price-calculator
Collectiv Academy,UT,3,Private For-Profit,22802.0,22802.0,,22802.0,,,www.collectivacademy.com/cosmetology-barber/
Davis Technical College,UT,1,Public,14436.0,14436.0,,14436.0,,,https://www.davistech.edu/netpricecalculator/index.html
Utah Tech University,UT,1,Public,20763.0,32703.0,20763.0,,6306.0,18246.0,https://utahtech.clearcostcalculator.com/student/default/netpricecalculator/survey
Evans Hairstyling College-Cedar City,UT,3,Private For-Profit,10478.0,10478.0,,10478.0,,,evanscollege.com/netPriceCalc.html
Evans Hairstyling College-St George,UT,3,Private For-Profit,16050.0,16050.0,,16050.0,,,evanscollege.com/netPriceCalc.html
Paul Mitchell the School-Salt Lake City,UT,3,Private For-Profit,25318.0,25318.0,,25318.0,,,paulmitchell.edu/saltlakecity/tuition-calculator
Eagle Gate College-Murray,UT,3,Private For-Profit,33765.0,33765.0,33765.0,,16548.0,16548.0,www.eaglegatecollege.edu/financial-aid-admissions/net-price-calculator/
Ensign College,UT,2,Private Non-Profit,14145.0,14145.0,14145.0,,4004.0,4004.0,https://www.ensign.edu/net-price-calculator
Ogden-Weber Technical College,UT,1,Public,5969.0,5969.0,,5969.0,,,www.otech.edu/forms/npcalc/npcalc.htm
Snow College,UT,1,Public,12514.0,22464.0,12514.0,,4338.0,14288.0,https://www.collegeraptor.com/shopping/school/snow-college-ut--230597
Southern Utah University,UT,1,Public,19416.0,33646.0,19416.0,,6962.0,21192.0,https://suu.clearcostcalculator.com/student/default/netpricecalculator/survey
Utah State University,UT,1,Public,21654.0,37228.0,21654.0,,9228.0,24802.0,https://www.usu.edu/admissions/costs-and-aid/
Utah Valley University,UT,1,Public,14765.0,26747.0,14765.0,,6507.0,18489.0,www.uvu.edu/financialaid/docs/
Salt Lake Community College,UT,1,Public,14417.0,24235.0,14417.0,,4426.0,14244.0,www.slcc.edu/financialaid/net-price-calculator.aspx
University of Utah,UT,1,Public,25557.0,46797.0,25557.0,,9620.0,30860.0,financialaid.utah.edu/tuition-and-fees/cost-calculator.php
Weber State University,UT,1,Public,16035.0,27023.0,16035.0,,6557.0,17545.0,https://www.weber.edu/IR/NetPriceCalculator.html
Westminster University,UT,2,Private Non-Profit,57616.0,57616.0,57616.0,,43528.0,43528.0,www.westminsteru.edu/net-price-calculator
Bennington College,VT,2,Private Non-Profit,87284.0,87284.0,87284.0,,66262.0,66262.0,https://www.bennington.edu/admissions/apply/financing-your-education/tuition-and-fees/net-price-calculator
Champlain College,VT,2,Private Non-Profit,65009.0,65009.0,65009.0,,47850.0,47850.0,https://champlain.clearcostcalculator.com/student/default/netpricecalculator/survey
Community College of Vermont,VT,1,Public,21123.0,27843.0,21123.0,,6920.0,13640.0,https://admissions.ccv.edu/register/ccvnpc
Middlebury College,VT,2,Private Non-Profit,85880.0,85880.0,85880.0,,67600.0,67600.0,https://npc.collegeboard.org/app/middlebury
Norwich University,VT,2,Private Non-Profit,67357.0,67357.0,67357.0,,49740.0,49740.0,https://home.norwich.edu/on/admissions-aid/financial-aid/cost-calculator
O'Briens Aveda Institute,VT,3,Private For-Profit,35186.0,35186.0,,35186.0,,,www.obriensavedainstitute.org/cmsAdmin/uploads/netpricecalc.html
Saint Michael's College,VT,2,Private Non-Profit,69079.0,69079.0,69079.0,,51450.0,51450.0,https://www.smcvt.edu/admission-aid/financial-aid/net-price-calculator/
Sterling College,VT,2,Private Non-Profit,54410.0,54410.0,54410.0,,40760.0,40760.0,www.sterlingcollege.edu/financial-aid
Vermont State University,VT,1,Public,25988.0,36332.0,25988.0,,11952.0,22296.0,https://vermontstate.edu/admission/financial-aid/
University of Vermont,VT,1,Public,35649.0,62093.0,35649.0,,19058.0,45502.0,www.uvm.edu/studentfinancialservices/net_price_calculator
Paul Mitchell the School-Roanoke,VA,3,Private For-Profit,25572.0,25572.0,,25572.0,,,paulmitchell.edu/roanoke/tuition-calculator
Advanced Technology Institute,VA,3,Private For-Profit,23713.0,23713.0,23713.0,,14568.0,14568.0,https://npc.auto.edu/
Averett University,VA,2,Private Non-Profit,53460.0,53460.0,53460.0,,38550.0,38550.0,https://www.averett.edu/financial-aid/netprice-calculator/
Blue Ridge Community College,VA,1,Public,20788.0,27226.0,20788.0,,5646.0,12084.0,https://www.vawizard.org/wizard/financing-college
Bluefield University,VA,2,Private Non-Profit,42539.0,42539.0,42539.0,,26770.0,26770.0,www.bluefield.edu/bluefield-central/financial-aid/tuition-fees/net-price-calculator/
Bridgewater College,VA,2,Private Non-Profit,58702.0,58702.0,58702.0,,16090.0,16090.0,https://www.bridgewater.edu/admissions-aid/tuition-and-financial-aid/tuition-and-costs/net-price-calculator/
William & Mary,VA,1,Public,43035.0,68159.0,43035.0,,25914.0,51038.0,https://npc.collegeboard.org/app/wm
Regent University,VA,2,Private Non-Profit,32838.0,32838.0,32838.0,,21650.0,21650.0,https://www.regent.edu/tuition-aid/net-price-calculator/
Central School of Practical Nursing,VA,1,Public,11816.0,11816.0,,11816.0,,,ntc.npsk12.com/academics/central-school-of-practical-nursing
Central Virginia Community College,VA,1,Public,12829.0,19267.0,12829.0,,5157.0,11595.0,https://www.vawizard.org/wizard/npc
Christopher Newport University,VA,1,Public,33766.0,48116.0,33766.0,,16828.0,31178.0,https://cnu.edu/financialaid/calculator/npcalc.htm
Bryant & Stratton College-Virginia Beach,VA,2,Private Non-Profit,23803.0,23803.0,23803.0,,18489.0,18489.0,https://www.bryantstratton.edu/financial-aid/net-price-calculator
Mountain Gateway Community College,VA,1,Public,12565.0,19003.0,12565.0,,5022.0,11460.0,https://www.vawizard.org/wizard/npc
Danville Community College,VA,1,Public,14126.0,20564.0,14126.0,,4992.0,11430.0,https://www.danville.edu/fees-and-expenses
Emory & Henry University,VA,2,Private Non-Profit,52854.0,52854.0,52854.0,,39000.0,39000.0,https://www.emoryhenry.edu/net-price-calculator/
Eastern Mennonite University,VA,2,Private Non-Profit,56756.0,56756.0,56756.0,,43920.0,43920.0,https://emu.edu/financial-aid/estimator
Eastern Shore Community College,VA,1,Public,10998.0,17436.0,10998.0,,5082.0,11520.0,https://www.vawizard.org/vccs/FinAidAwardEstimator.action
Ferrum College,VA,2,Private Non-Profit,54526.0,54526.0,54526.0,,28520.0,28520.0,www.ferrum.edu/financial-aid/net-price-calculator/
George Mason University,VA,1,Public,28604.0,53072.0,28604.0,,14220.0,38688.0,https://gmu.studentaidcalculator.com/survey.aspx
Germanna Community College,VA,1,Public,12249.0,18640.0,12249.0,,5257.0,11648.0,www.germanna.edu/paying-for-college/
Hampden-Sydney College,VA,2,Private Non-Profit,70325.0,70325.0,70325.0,,54550.0,54550.0,https://www.hsc.edu/admission-and-financial-aid/financial-aid/consumer-information/net-price-calculator
Hampton University,VA,2,Private Non-Profit,46027.0,46027.0,46027.0,,30592.0,30592.0,www.hamptonu.edu/studentservices/financialaid
Hollins University,VA,2,Private Non-Profit,58698.0,58698.0,58698.0,,43560.0,43560.0,https://web1.hollins.edu/finaidcalc/fac/default.aspx
J Sargeant Reynolds Community College,VA,1,Public,12428.0,18866.0,12428.0,,5280.0,11718.0,https://www.vawizard.org/wizard/financing-college
James Madison University,VA,1,Public,31735.0,49089.0,31735.0,,14250.0,31604.0,www.jmu.edu/financialaid/calculators/index.shtml
Brightpoint Community College,VA,1,Public,12196.0,18634.0,12196.0,,5082.0,11520.0,https://www.vawizard.org/wizard/npc
Liberty University,VA,2,Private Non-Profit,42025.0,42025.0,42025.0,,22465.0,22465.0,https://www.liberty.edu/student-financial-services/net-price-calculator/
Longwood University,VA,1,Public,34588.0,46822.0,34588.0,,15744.0,27978.0,www.longwood.edu/fileshare/financialaid/npcalc.htm
Laurel Ridge Community College,VA,1,Public,12110.0,18548.0,12110.0,,5072.0,11510.0,https://www.vawizard.org/wizard/npc
University of Lynchburg,VA,2,Private Non-Profit,50067.0,50067.0,50067.0,,36750.0,36750.0,https://tcc.ruffalonl.com/university of lynchburg/freshmen students
Mary Baldwin University,VA,2,Private Non-Profit,45935.0,45935.0,45935.0,,34152.0,34152.0,https://marybaldwin.edu/financial-aid/net-price-calculator/
University of Mary Washington,VA,1,Public,31137.0,44057.0,31137.0,,14640.0,27560.0,https://app.meadowfi.com/umw
Marymount University,VA,2,Private Non-Profit,57184.0,57184.0,57184.0,,40920.0,40920.0,https://marymount.clearcostcalculator.com/student/default/netpricecalculator/survey
Mountain Empire Community College,VA,1,Public,15605.0,22043.0,15605.0,,5007.0,11445.0,https://www.vawizard.org/wizard/npc
American National University,VA,3,Private For-Profit,25159.0,25159.0,25159.0,,10961.0,10961.0,https://an.edu/admissions/financial-assistance
New River Community College,VA,1,Public,13864.0,20302.0,13864.0,,4979.0,11417.0,https://www.vawizard.org/wizard/npc
Tidewater Tech-Trades,VA,3,Private For-Profit,31796.0,31796.0,31796.0,,16337.0,16337.0,tidewatertechtrades.edu/about-tidewater-tech/consumer-information
Norfolk State University,VA,1,Public,26633.0,38135.0,26633.0,,10180.0,21682.0,webapps.nsu.edu/financialaid/calculator.htm
Northern Virginia Community College,VA,1,Public,17153.0,23671.0,17153.0,,5891.0,12409.0,https://www.vawizard.org/wizard/npc
Old Dominion University,VA,1,Public,29446.0,50476.0,29446.0,,12750.0,33780.0,www.odu.edu/finaidoffice/net-price-calculator
Patrick & Henry Community College,VA,1,Public,12043.0,18481.0,12043.0,,5002.0,11440.0,https://www.vawizard.org/vccs/finaid.action
Paul D Camp Community College,VA,1,Public,10577.0,17015.0,10577.0,,5012.0,11450.0,https://www.pdc.edu/attend/paying-for-college/net-price-calculator/
Piedmont Virginia Community College,VA,1,Public,13297.0,19735.0,13297.0,,5072.0,11510.0,https://www.vawizard.org/wizard/npc
Radford University,VA,1,Public,28405.0,41490.0,28405.0,,12548.0,25633.0,https://www.radford.edu/net-price-calculator
Randolph-Macon College,VA,2,Private Non-Profit,63985.0,63985.0,63985.0,,49466.0,49466.0,https://www.rmc.edu/admissions-and-aid/tuition-and-aid/cost-of-attendance/#net-price-calculator
Randolph College,VA,2,Private Non-Profit,45040.0,45040.0,45040.0,,30310.0,30310.0,www.randolphcollege.edu/financialaid/net-price-calculator/
Rappahannock Community College,VA,1,Public,12333.0,18771.0,12333.0,,5102.0,11540.0,www.rappahannock.edu/pay-for-rcc/financial-aid/index.html
Fortis College-Norfolk,VA,3,Private For-Profit,32005.0,32005.0,32005.0,,14801.0,14801.0,https://www.fortis.edu/content/dam/fortis/compliance/netpricecalc/npcalc-fortis_norfolk.htm
Richard Bland College,VA,1,Public,24206.0,30086.0,24206.0,,9090.0,14970.0,www.rbc.edu/admissions/costs-financial-aid/net-price-calculator/
University of Richmond,VA,2,Private Non-Profit,80961.0,80961.0,80961.0,,65230.0,65230.0,https://npc.collegeboard.org/app/richmond
Riverside College of Health Sciences,VA,2,Private Non-Profit,27018.0,27018.0,27018.0,,17250.0,17250.0,www.riversideonline.com/careers/college-of-health-careers/application-fees-and-financial-aid
Roanoke College,VA,2,Private Non-Profit,54283.0,54283.0,54283.0,,38068.0,38068.0,https://admapp.roanoke.edu/netcalc
Shenandoah University,VA,2,Private Non-Profit,51928.0,51928.0,51928.0,,36950.0,36950.0,https://www.su.edu/financial-aid/net-cost-calculator/
Southeastern Free Will Baptist Bible College,NC,2,Private Non-Profit,21203.0,21203.0,21203.0,,11739.0,11739.0,www.sfwbc.edu/cost-and-financial-aid/
Southern Virginia University,VA,2,Private Non-Profit,34431.0,34431.0,34431.0,,21280.0,21280.0,https://my.svu.edu/ics/icsfs/index.html?target=3875c843-72fe-41de-b9fc-1555b3798e36
Southside Virginia Community College,VA,1,Public,14036.0,20474.0,14036.0,,5007.0,11445.0,www.vawizard.org/wizard/npc
Southwest Virginia Community College,VA,1,Public,13775.0,20213.0,13775.0,,5075.0,11513.0,https://www.vawizard.org/wizard/npc
Staunton School of Cosmetology,VA,3,Private For-Profit,15762.0,15762.0,,15762.0,,,www.hairstylingschool.com/wp-content/netpricecalculator/npcalc.htm
Strayer University-Virginia,VA,3,Private For-Profit,25158.0,25158.0,25158.0,,13920.0,13920.0,https://strayer.aidcalc.cloud/netprice.htm
Sweet Briar College,VA,2,Private Non-Profit,43898.0,43898.0,43898.0,,26160.0,26160.0,https://tcc.ruffalonl.com/sweet briar college/freshman-students
Virginia Peninsula Community College,VA,1,Public,13576.0,20014.0,13576.0,,5088.0,11526.0,https://vawizard.org/wizard/npc
Tidewater Community College,VA,1,Public,19788.0,26496.0,19788.0,,5588.0,12296.0,www.tcc.edu/paying-for-college/pay-tuition/
University of Virginia's College at Wise,VA,1,Public,26593.0,42823.0,26593.0,,11780.0,28010.0,https://www.uvawise.edu/affordability/scholarships-aid/net-price-calculator
Virginia Highlands Community College,VA,1,Public,12955.0,19393.0,12955.0,,5022.0,11460.0,https://www.vawizard.org/wizard/npc
Virginia Polytechnic Institute and State University,VA,1,Public,36951.0,58767.0,36951.0,,15948.0,37764.0,https://tcc.ruffalonl.com/virginia polytechnic institute and state universit/freshman-students
Virginia Western Community College,VA,1,Public,11768.0,18206.0,11768.0,,5400.0,11838.0,https://www.vawizard.org/wizard/npc
Virginia Commonwealth University,VA,1,Public,38954.0,62118.0,38954.0,,16945.0,40109.0,https://sfs.vcu.edu/tuition-and-fees/estimate-your-tuition-and-fees/
University of Virginia-Main Campus,VA,1,Public,39926.0,77635.0,39926.0,,21803.0,59512.0,https://npc.collegeboard.org/student/app/virginia
Virginia Military Institute,VA,1,Public,34824.0,66416.0,34824.0,,21046.0,52638.0,npc.collegeboard.org/student/app/vmi
Virginia University of Lynchburg,VA,2,Private Non-Profit,25328.0,25328.0,25328.0,,11360.0,11360.0,www.vul.edu/netcalc/NetPriceCalc.htm
Virginia State University,VA,1,Public,27661.0,40268.0,27661.0,,10043.0,22650.0,npc.collegeboard.org/app/vsu
Virginia Union University,VA,2,Private Non-Profit,29075.0,29075.0,29075.0,,17450.0,17450.0,https://www.vuu.edu/financial-aid/net-price-calculator
Virginia Wesleyan University,VA,2,Private Non-Profit,51255.0,51255.0,51255.0,,37500.0,37500.0,https://tcc.ruffalonl.com/virginia wesleyan university/firstyearstudents
Washington and Lee University,VA,2,Private Non-Profit,87000.0,87000.0,87000.0,,68045.0,68045.0,https://www.wlu.edu/admissions/financial-aid/estimate-your-aid/net-price-calculator
Wytheville Community College,VA,1,Public,12111.0,18549.0,12111.0,,5007.0,11445.0,https://www.vawizard.org/vccs/finaidcostcompare.action
Bellevue College,WA,1,Public,20309.0,26375.0,20309.0,,4436.0,10502.0,https://bellevuecollege.edu/calculator/npcalc.htm
Bellingham Technical College,WA,1,Public,16104.0,17482.0,16104.0,,4431.0,5809.0,https://www.btc.edu/NetPriceCalculator
Big Bend Community College,WA,1,Public,21661.0,22221.0,21661.0,,5059.0,5619.0,https://www.bigbend.edu/student-center/net-price-calculator/
Central Washington University,WA,1,Public,28816.0,46925.0,28816.0,,9417.0,27526.0,www.cwu.edu/_app/net-price-calc/
Centralia College,WA,1,Public,19910.0,20295.0,19910.0,,5266.0,5651.0,https://www.centralia.edu/funding/cost/net-price.html
Paul Mitchell the School-Richland,WA,3,Private For-Profit,31358.0,31358.0,,31358.0,,,paulmitchell.edu/richland/tuition-calculator
Clark College,WA,1,Public,19668.0,25618.0,19668.0,,5233.0,11183.0,https://www.clark.edu/NetPriceCalculator/
Clover Park Technical College,WA,1,Public,18882.0,18882.0,18882.0,,6634.0,6634.0,www.cptc.edu/calc
Columbia Basin College,WA,1,Public,18261.0,20374.0,18261.0,,6555.0,8668.0,https://apps.columbiabasin.edu/npcalc/
Divers Institute of Technology,WA,3,Private For-Profit,43687.0,43687.0,,43687.0,,,www.diversinstitute.edu/about/student-guide/calculator.php
Eastern Washington University,WA,1,Public,24478.0,41851.0,24478.0,,8586.0,25959.0,https://www.ewu.edu/apply/financial-aid-scholarships-office/calculator/
Edmonds College,WA,1,Public,20062.0,26127.0,20062.0,,4810.0,10875.0,https://www.edmonds.edu/admission-and-tuition/financial-aid-and-scholarships/financial-aid/netprice.html
Everett Community College,WA,1,Public,20451.0,26590.0,20451.0,,5032.0,11171.0,www.everettcc.edu/students/financial/financial-aid/netprice-calculator/
The Evergreen State College,WA,1,Public,28477.0,51118.0,28477.0,,9264.0,31905.0,https://www.evergreen.edu/admissions-and-aid/cost-attendance/net-price-calculator
Pierce College District,WA,1,Public,18085.0,18643.0,18085.0,,5418.0,5976.0,www.pierce.ctc.edu/tuition-fees
Gonzaga University,WA,2,Private Non-Profit,73178.0,73178.0,73178.0,,55480.0,55480.0,https://www.gonzaga.edu/admission/tuition-scholarships-aid/financial-aid/cost-of-attendance
Grays Harbor College,WA,1,Public,15708.0,22668.0,15708.0,,5593.0,12553.0,https://apps.ghc.edu/npc/
Green River College,WA,1,Public,22040.0,22592.0,22040.0,,4711.0,5263.0,https://grcc.greenriver.edu/netprice/
Toni & Guy Hairdressing Academy-Shoreline,WA,3,Private For-Profit,22643.0,22643.0,,22643.0,,,www.evergreenbeauty.edu/disclosures
Heritage University,WA,2,Private Non-Profit,31209.0,31209.0,31209.0,,20928.0,20928.0,www.heritage.edu/net-price-calculator.htm
Highline College,WA,1,Public,18812.0,19372.0,18812.0,,4772.0,5332.0,https://documents.highline.edu/financialaid/net-price-calc/
Bates Technical College,WA,1,Public,18837.0,24975.0,18837.0,,6027.0,12165.0,https://www.batestech.edu/net-price-calculator/
Lake Washington Institute of Technology,WA,1,Public,16339.0,22404.0,16339.0,,5997.0,12062.0,https://www.lwtech.edu/admissions/financial-aid/cost-of-attendance
Lower Columbia College,WA,1,Public,16169.0,17546.0,16169.0,,4626.0,6003.0,https://services4.lowercolumbia.edu/info/webResources2/NetPrice/npcalc.html
North Seattle College,WA,1,Public,18943.0,19501.0,18943.0,,5238.0,5796.0,https://northseattle.edu/financial-aid/net-price-calculator
Northwest University,WA,2,Private Non-Profit,50501.0,50501.0,50501.0,,36035.0,36035.0,www.northwestu.edu/financial-aid/net-price-calculator
Olympic College,WA,1,Public,15585.0,21128.0,15585.0,,4197.0,9740.0,https://apps.olympic.edu/finaid/npcalc.htm
Perry Technical Institute,WA,2,Private Non-Profit,27818.0,27818.0,,27818.0,,,www.perrytech.edu/about/disclosures/netprice/
Pacific Lutheran University,WA,2,Private Non-Profit,62459.0,62459.0,62459.0,,52254.0,52254.0,www.plu.edu/financial-aid/HEOA-Required-Consumer-Information/net-price-calculator.php
Peninsula College,WA,1,Public,18514.0,19066.0,18514.0,,4718.0,5270.0,https://pencol.edu/financial-aid-office/net-price-calculator
University of Puget Sound,WA,2,Private Non-Profit,78378.0,78378.0,78378.0,,62898.0,62898.0,https://collegepricecalculator.com/UniversityofPugetSound
Renton Technical College,WA,1,Public,17585.0,18646.0,17585.0,,6308.0,7369.0,https://rtc.edu/paying-for-college/financial-aid/net-price-calculator.php
Saint Martin's University,WA,2,Private Non-Profit,62449.0,62449.0,62449.0,,45510.0,45510.0,https://app.meadowfi.com/stmartin
South Seattle College,WA,1,Public,15385.0,15943.0,15385.0,,5238.0,5796.0,https://southseattle.edu/financial-aid/net-price-calculator
Seattle Central College,WA,1,Public,17889.0,18450.0,17889.0,,5184.0,5745.0,https://seattlecentral.edu/enrollment-and-funding/financial-aid-and-funding/financial-aid/net-price-calculator
Seattle Pacific University,WA,2,Private Non-Profit,56826.0,56826.0,56826.0,,40407.0,40407.0,https://spu.edu/undergraduate-admissions/scholarships-financial-aid/net-price-calculator
Seattle University,WA,2,Private Non-Profit,72124.0,72124.0,72124.0,,56721.0,56721.0,www.seattleu.edu/undergraduate-admissions/finances/calculator/
Shoreline College,WA,1,Public,16671.0,19461.0,16671.0,,5115.0,7905.0,www.shoreline.edu/netprice/net price calculator.htm
Skagit Valley College,WA,1,Public,14866.0,16966.0,14866.0,,5400.0,7500.0,www.skagit.edu/netpricecalculator/
South Puget Sound Community College,WA,1,Public,17888.0,18449.0,17888.0,,5252.0,5813.0,spscc.edu/extra/netprice/
Spokane Community College,WA,1,Public,13839.0,14990.0,13839.0,,5461.0,6612.0,https://scc.spokane.edu/How-to-Pay-for-College/How-Much-Does-it-Cost
Spokane Falls Community College,WA,1,Public,15685.0,16836.0,15685.0,,5461.0,6612.0,https://sfcc.spokane.edu/How-to-Pay-for-College/How-Much-Does-it-Cost
Stylemaster College of Hair Design,WA,3,Private For-Profit,14361.0,14361.0,,14361.0,,,www.stylemasters.edu/net-price-calculator
Tacoma Community College,WA,1,Public,16766.0,22905.0,16766.0,,5507.0,11646.0,https://www.tacomacc.edu/about/policies/net-price-calculator.html
Walla Walla Community College,WA,1,Public,19268.0,20689.0,19268.0,,5279.0,6700.0,https://www.wwcc.edu/paying-for-college/tuition-and-fees/net-price-calculator/
Walla Walla University,WA,2,Private Non-Profit,45903.0,45903.0,45903.0,,34227.0,34227.0,https://npc.wallawalla.edu/
Washington State University,WA,1,Public,27648.0,44207.0,27648.0,,13391.0,29950.0,https://financialaid.wsu.edu/price-calculator/
University of Washington-Seattle Campus,WA,1,Public,32446.0,62682.0,32446.0,,12973.0,43209.0,https://www.washington.edu/financialaid/getting-started/net-price-calculator/
Wenatchee Valley College,WA,1,Public,20827.0,21196.0,20827.0,,5267.0,5636.0,www.wvc.edu/apply/pay/financial-aid/financial-aid-calculator.html
Western Washington University,WA,1,Public,30359.0,49484.0,30359.0,,9582.0,28707.0,tcc.ruffalonl.com/Western Washington University/Freshman-Students
Whatcom Community College,WA,1,Public,19672.0,25594.0,19672.0,,5115.0,11037.0,mywcc.whatcom.edu/NetPriceCalc/npcalc.htm
Whitman College,WA,2,Private Non-Profit,78092.0,78092.0,78092.0,,64050.0,64050.0,https://www.whitman.edu/admission-and-aid/financial-aid-and-costs/net-price-calculator
Whitworth University,WA,2,Private Non-Profit,68516.0,68516.0,68516.0,,52880.0,52880.0,https://publicforms.whitworth.edu/financial-aid/net-price-calculator/firstyear
Yakima Valley College,WA,1,Public,21199.0,21760.0,21199.0,,5312.0,5873.0,https://www.yvcc.edu/financial-aid/net-price-calculator/?highlight=net price calculator
Appalachian Beauty School,KY,3,Private For-Profit,17455.0,17455.0,,17455.0,,,https://appalachianbeautyschool.com/
Appalachian Bible College,WV,2,Private Non-Profit,31423.0,31423.0,31423.0,,18760.0,18760.0,https://abc.edu/undergraduate/costs-and-aid/financial-aid/npc/
B M Spurr School of Practical Nursing,WV,2,Private Non-Profit,20645.0,20645.0,,20645.0,,,https://wvumedicine.org/reynolds-memorial/programs/b-m-spurr-school-of-practical-nursing/
Ben Franklin Career Center,WV,1,Public,9351.0,9351.0,,9351.0,,,https://apps.kana.k12.wv.us/misc/npcalc-bf.html
Bethany College,WV,2,Private Non-Profit,50758.0,50758.0,50758.0,,36765.0,36765.0,www.bethanywv.edu/admissions-aid/cost-of-attendance/net-price-calculator/
Bluefield State University,WV,1,Public,21839.0,29567.0,21839.0,,10648.0,18376.0,https://bluefieldstate.clearcostcalculator.com/student/default/netpricecalculator/survey
Cabell County Career Technology Center,WV,1,Public,8474.0,8474.0,,8474.0,,,ctc.cabellschools.com/students/adult_students/student_support/financing_your_adult_education/financial_aid
Charleston School of Beauty Culture,WV,3,Private For-Profit,15831.0,15831.0,,15831.0,,,wvcsbc.net/#xl_xr_page_financial
University of Charleston,WV,2,Private Non-Profit,46470.0,46470.0,46470.0,,33800.0,33800.0,https://www.ucwv.edu/admissions/financial-aid/net-price-calculator/
Clarksburg Beauty Academy and School of Massage Therapy,WV,3,Private For-Profit,13765.0,13765.0,,13765.0,,,clarksburgbeautyacademywv.com/npcalc.htm
Concord University,WV,1,Public,20434.0,31770.0,20434.0,,10664.0,22000.0,https://concord.studentaidcalculator.com/survey.aspx
Davis & Elkins College,WV,2,Private Non-Profit,44888.0,44888.0,44888.0,,31820.0,31820.0,www.dewv.edu/admissions/afford/financial-aid/calculator/
Fairmont State University,WV,1,Public,20018.0,30234.0,20018.0,,8708.0,18924.0,https://fairmontstate.studentaidcalculator.com/survey.aspx
Glenville State University,WV,1,Public,23591.0,25367.0,23591.0,,9578.0,11354.0,https://glenville.clearcostcalculator.com/student/default/netpricecalculator/survey
Ameritas College,WV,2,Private Non-Profit,17951.0,17951.0,17951.0,,10050.0,10050.0,https://ameritas.edu/admissions-and-financial-aid/tuition-fees/net-price-calculator/
James Rumsey Technical Institute,WV,1,Public,13393.0,13393.0,,13393.0,,,jrti.a2hosted.com/resources/net-price-calculator-automotive-technician
Ralph R Willis Career and Technical Center,WV,1,Public,8033.0,8033.0,,8033.0,,,rrwctc.com/
Marshall University,WV,1,Public,22022.0,33202.0,22022.0,,9162.0,20342.0,https://marshall.studentaidcalculator.com/survey.aspx
Mercer County Technical Education Center,WV,1,Public,10248.0,10248.0,,10248.0,,,https://mcboe.us/calc/
Monongalia County Technical Education Center,WV,1,Public,12083.0,12083.0,,12083.0,,,https://mtec.mono.k12.wv.us/o/mtec/page/financial-aid-information
Morgantown Beauty College Inc,WV,3,Private For-Profit,18079.0,18079.0,,18079.0,,,morgantownbeautycollege.edu/net-cost-calculator.html
West Virginia University at Parkersburg,WV,1,Public,9420.0,13932.0,9420.0,,4612.0,9124.0,https://wvup.studentaidcalculator.com/survey.aspx
Potomac State College of West Virginia University,WV,1,Public,17619.0,25539.0,17619.0,,5280.0,13200.0,financialaid.wvu.edu/home/estimate-costs-aid/net-price-calculator
Academy of Careers and Technology,WV,1,Public,18803.0,18803.0,,18803.0,,,www.wvact.net/net-price-caluclator
Salem University,WV,3,Private For-Profit,18650.0,18650.0,18650.0,,11900.0,11900.0,https://www.salemu.edu/NPC/index.html
Shepherd University,WV,1,Public,19601.0,29627.0,19601.0,,9056.0,19082.0,https://shepherd.clearcostcalculator.com/student/default/netpricecalculator/survey
Southern West Virginia Community and Technical College,WV,1,Public,18725.0,21461.0,18725.0,,5136.0,7872.0,https://southernwv.studentaidcalculator.com/survey.aspx
Fred W Eberle Technical Center,WV,1,Public,9294.0,9294.0,,9294.0,,,fetc.edu/?q=netpricecalc
West Virginia State University,WV,1,Public,19772.0,25192.0,19772.0,,9570.0,14990.0,https://wvstateu.studentaidcalculator.com/survey.aspx
West Liberty University,WV,1,Public,23809.0,32358.0,23809.0,,8893.0,17442.0,https://www.westliberty.edu/financial-aid/net-price-calculator/
West Virginia University Institute of Technology,WV,1,Public,18907.0,31555.0,18907.0,,8424.0,21072.0,https://financialaid.wvutech.edu/get-aid/net-price-calculator
West Virginia Wesleyan College,WV,2,Private Non-Profit,48190.0,48190.0,48190.0,,34090.0,34090.0,https://wvwc.studentaidcalculator.com/survey.aspx
West Virginia Junior College-Charleston,WV,3,Private For-Profit,22249.0,22249.0,22249.0,,14798.0,14798.0,https://charleston.catalog.wvjc.edu/consumer-information-wvjc-charleston
West Virginia Junior College-Morgantown,WV,3,Private For-Profit,24052.0,24052.0,24052.0,,14798.0,14798.0,https://morgantown-ol.catalog.wvjc.edu/consumer-information-wvjc-morgantown
International Beauty School,WV,3,Private For-Profit,21098.0,21098.0,,21098.0,,,www.theinternationalbeautyschool.com/resources/net-price-calculator/
West Virginia Northern Community College,WV,1,Public,13512.0,21504.0,13512.0,,4706.0,12698.0,https://wvncc.studentaidcalculator.com/survey.aspx
West Virginia University,WV,1,Public,26415.0,44919.0,26415.0,,10104.0,28608.0,financialaid.wvu.edu/net-price-calculator
Wheeling University,WV,2,Private Non-Profit,42504.0,42504.0,42504.0,,29875.0,29875.0,https://www.wheeling.edu/admissions/financial-aid/net-price-calculator/
Wood County Technical Center-Practical Nursing,WV,1,Public,11266.0,11266.0,,11266.0,,,https://core-docs.s3.amazonaws.com/documents/asset/uploaded_file/1201532/index_2.html
VICI Beauty School,WI,3,Private For-Profit,15743.0,15743.0,,15743.0,,,vicibeautyschool.com/netprice/
Alverno College,WI,2,Private Non-Profit,51362.0,51362.0,51362.0,,34086.0,34086.0,https://www.alverno.edu/NPC
Madison Area Technical College,WI,1,Public,19434.0,21712.0,19434.0,,4977.0,7255.0,https://madisoncollege.edu/net-price-calculator
Bellin College,WI,2,Private Non-Profit,42941.0,42941.0,42941.0,,30952.0,30952.0,https://www.bellincollege.edu/admissions/financial-aid-and-scholarships/net-price-calculator/
Beloit College,WI,2,Private Non-Profit,71365.0,71365.0,71365.0,,60886.0,60886.0,https://www.beloit.edu/offices/financial-aid/apply-for-aid/net-price-calculator/
Blackhawk Technical College,WI,1,Public,15522.0,17316.0,15522.0,,4267.0,6061.0,www.blackhawk.edu/NetPriceCalculator/npcalc.htm
Carroll University,WI,2,Private Non-Profit,52639.0,52639.0,52639.0,,38890.0,38890.0,https://www.carrollu.edu/financial-aid/net-price-calculator
Carthage College,WI,2,Private Non-Profit,50822.0,50822.0,50822.0,,38750.0,38750.0,www.carthage.edu/admissions/costs-scholarships-aid/net-price-calculator/
Concordia University-Wisconsin,WI,2,Private Non-Profit,53315.0,53315.0,53315.0,,35470.0,35470.0,https://cuw.studentaidcalculator.com/survey.aspx
Edgewood University,WI,2,Private Non-Profit,50903.0,50903.0,50903.0,,35860.0,35860.0,https://edgewood.aidcalculator.com/
Fox Valley Technical College,WI,1,Public,16862.0,19105.0,16862.0,,5040.0,7283.0,https://netpricecalculator.fvtc.edu/npcalc.htm
Gateway Technical College,WI,1,Public,16242.0,18485.0,16242.0,,4956.0,7199.0,https://www.gtc.edu/sites/default/files/netpricecalculator/index.html
The Professional Hair Design Academy,WI,3,Private For-Profit,22783.0,22783.0,,22783.0,,,phdacademy.edu/net-price-calculator/
Lakeland University,WI,2,Private Non-Profit,48840.0,48840.0,48840.0,,33396.0,33396.0,https://lakeland.edu/traditional-undergraduate-financial-aid/net-price-calculator
Lakeshore Technical College,WI,1,Public,14599.0,16842.0,14599.0,,4844.0,7087.0,https://lakeshore.edu/financial-aid/student-consumer-information/net-price-calculator
Lawrence University,WI,2,Private Non-Profit,69849.0,69849.0,69849.0,,56982.0,56982.0,https://collegepricecalculator.com/lawrenceuniversity
Maranatha Baptist University,WI,2,Private Non-Profit,37092.0,37092.0,37092.0,,21550.0,21550.0,https://mbu.edu/net-price-calculator/
Marian University,WI,2,Private Non-Profit,44450.0,44450.0,44450.0,,35178.0,35178.0,https://www.marianuniversity.edu/admission-financial-aid/financial-aid/net-price-calculator/
Marquette University,WI,2,Private Non-Profit,66768.0,66768.0,66768.0,,51170.0,51170.0,https://marquette.clearcostcalculator.com/student/default/netpricecalculator/survey
Mid-State Technical College,WI,1,Public,15840.0,18009.0,15840.0,,5002.0,7171.0,https://www.mstc.edu/paying-for-college/financial-aid/netcalc/npcalc
Milwaukee Area Technical College,WI,1,Public,17359.0,19602.0,17359.0,,5184.0,7427.0,https://www.matc.edu/costs-scholarships-aid/net-price-calculator/
Milwaukee Institute of Art & Design,WI,2,Private Non-Profit,53528.0,53528.0,53528.0,,43743.0,43743.0,www.miad.edu/net-price-calculator
Milwaukee School of Engineering,WI,2,Private Non-Profit,62648.0,62648.0,62648.0,,50480.0,50480.0,www.msoe.edu/admissions-aid/financial-aid-scholarships/financial-aid-basics/financial-aid-estimator/
Moraine Park Technical College,WI,1,Public,14583.0,16848.0,14583.0,,4819.0,7084.0,www.morainepark.edu/pay-for-college/affordability/net-price-calculator/
Mount Mary University,WI,2,Private Non-Profit,49270.0,49270.0,49270.0,,35420.0,35420.0,https://www.mtmary.edu/costs-aid/financial-aid/index.html
Nicolet Area Technical College,WI,1,Public,14072.0,16345.0,14072.0,,4793.0,7066.0,https://www.nicoletcollege.edu/cost-aid/net-price-calculator
Northcentral Technical College,WI,1,Public,15768.0,18011.0,15768.0,,4889.0,7132.0,https://webfiles.ntc.edu/net-price-calculator/npcalc.html
Northeast Wisconsin Technical College,WI,1,Public,15436.0,17709.0,15436.0,,4960.0,7233.0,https://www.nwtc.edu/nwtc/media/admissions/financial-aid/net-price-calculator/
Ripon College,WI,2,Private Non-Profit,63540.0,63540.0,63540.0,,51900.0,51900.0,www.ripon.edu/admission/calculator/
Saint Norbert College,WI,2,Private Non-Profit,59422.0,59422.0,59422.0,,45580.0,45580.0,https://www.snc.edu/affordability/net-price-calculator.html
State College of Beauty Culture,WI,3,Private For-Profit,21652.0,21652.0,,21652.0,,,https://www.statecollegeofbeauty.com/net-price-calculator/
Southwest Wisconsin Technical College,WI,1,Public,16662.0,18905.0,16662.0,,4904.0,7147.0,https://www.swtc.edu/admissions/paying-for-college/netpricecalculator
Viterbo University,WI,2,Private Non-Profit,45558.0,45558.0,45558.0,,34250.0,34250.0,https://www.viterbo.edu/financial-aid/first-year-student-net-price-calculator
Chippewa Valley Technical College,WI,1,Public,16986.0,19229.0,16986.0,,4844.0,7087.0,www.cvtc.edu/pay-for-college
Waukesha County Technical College,WI,1,Public,15531.0,17774.0,15531.0,,4872.0,7115.0,https://www.wctc.edu/wctc/admissions/tuition-and-aid/financial-aid/net-price-calculator
Western Technical College,WI,1,Public,16078.0,18336.0,16078.0,,4820.0,7078.0,https://www.westerntc.edu/sites/default/files/paying-for-college/index.html
University of Wisconsin-Whitewater,WI,1,Public,18719.0,28819.0,18719.0,,8616.0,18716.0,www.uww.edu/students/financial-aid-award-estimator
Northwood Technical College,WI,1,Public,14981.0,17224.0,14981.0,,4926.0,7169.0,https://www.northwoodtech.edu/sites/default/files/static/NetPriceCalculator/index.html
University of Wisconsin-Eau Claire,WI,1,Public,21705.0,31291.0,21705.0,,9642.0,19228.0,www.uwec.edu/tuition-financial-aid
University of Wisconsin-Green Bay,WI,1,Public,19366.0,27954.0,19366.0,,8700.0,17288.0,www.uwgb.edu/vsa/calculator/
University of Wisconsin-La Crosse,WI,1,Public,19593.0,29040.0,19593.0,,10070.0,19517.0,https://www.shoppingsheet.com/shopping/landing/uwlax
Wisconsin Lutheran College,WI,2,Private Non-Profit,48785.0,48785.0,48785.0,,36110.0,36110.0,https://www.wlc.edu/Net-Price-Calculator/
University of Wisconsin-Oshkosh,WI,1,Public,19652.0,27566.0,19652.0,,8532.0,16446.0,https://www.uwosh.edu/financialaid/net-price-calculator/
University of Wisconsin-Parkside,WI,1,Public,18199.0,27358.0,18199.0,,8270.0,17429.0,https://www.uwp.edu/live/offices/financialaid/npcalculator.cfm
Herzing University-Madison,WI,2,Private Non-Profit,27939.0,27939.0,27939.0,,13450.0,13450.0,https://www.herzing.edu/tuition-financial-aid/net-price-calculator
University of Wisconsin-Stout,WI,1,Public,22797.0,31361.0,22797.0,,10701.0,19265.0,www2.uwstout.edu/stoutforms/financialaid/netpricecalc.aspx
University of Wisconsin-Superior,WI,1,Public,19860.0,27774.0,19860.0,,8812.0,16726.0,https://www.uwsuper.edu/paying-for-college/financial-aid/net-price-calculator/
University of Wisconsin-Madison,WI,1,Public,28679.0,59179.0,28679.0,,11603.0,42103.0,https://financialaid.wisc.edu/net-price-calculator/
University of Wisconsin-Milwaukee,WI,1,Public,22756.0,34756.0,22756.0,,10398.0,22398.0,uwm.edu/onestop/finances/net-price-calculator/
University of Wisconsin-Platteville,WI,1,Public,21266.0,30225.0,21266.0,,8644.0,17603.0,https://www.uwplatt.edu/net-price-calculator
University of Wisconsin-River Falls,WI,1,Public,19781.0,28243.0,19781.0,,9008.0,17470.0,https://students.uwrf.edu/financial-aid/net-price-calculator
University of Wisconsin-Stevens Point,WI,1,Public,20079.0,29099.0,20079.0,,9488.0,18508.0,https://app.meadowfi.com/uwsp
Casper College,WY,1,Public,15256.0,21556.0,15256.0,,4470.0,10770.0,https://www.caspercollege.edu/wp-content/uploads/net-price-calculator/index.html
Central Wyoming College,WY,1,Public,16891.0,23191.0,16891.0,,4800.0,11100.0,https://rc.cwc.edu/netpricecalcdoe/
Eastern Wyoming College,WY,1,Public,14076.0,20376.0,14076.0,,4290.0,10590.0,https://ewc.wy.edu/admissions-financial-aid/financial-aid/
Laramie County Community College,WY,1,Public,13504.0,19804.0,13504.0,,4613.0,10913.0,https://www.lccc.wy.edu/services/financialaid/netpricecalculator/index.html
Northwest College,WY,1,Public,16898.0,23198.0,16898.0,,4962.0,11262.0,https://www.nwc.edu/financialaid/calculator.html
Northern Wyoming Community College District,WY,1,Public,17001.0,23301.0,17001.0,,4830.0,11130.0,https://www.sheridan.edu/app/uploads/nwccdnpc.html
Western Wyoming Community College,WY,1,Public,14532.0,20832.0,14532.0,,4230.0,10530.0,https://app.meadowfi.com/westernwyoming
Cheeks Beauty Academy,WY,3,Private For-Profit,15713.0,15713.0,,15713.0,,,www.cheeksbeautyacademy.com/consumer-information
WyoTech,WY,3,Private For-Profit,40119.0,40119.0,,40119.0,,,https://www.wyotech.edu/student-services/tuition-aid/net-price-calculator/
University of Wyoming,WY,1,Public,24818.0,41228.0,24818.0,,7768.0,24178.0,https://www.uwyo.edu/sfa/cost-of-attendance/net-price-calculator.html
American Samoa Community College,AS,1,Public,10560.0,10860.0,10560.0,,5300.0,5600.0,www.amsamoa.edu/netpricecalc/npcalc.htm
Guam Community College,GU,1,Public,10778.0,11978.0,10778.0,,3414.0,4614.0,https://guamcc.edu/npcalculator
University of Guam,GU,1,Public,14961.0,20265.0,14961.0,,6110.0,11414.0,https://www.uog.edu/financial-aid/calculator
Northern Marianas College,MP,1,Public,10545.0,12027.0,10545.0,,4038.0,5520.0,www.marianas.edu/net-price-calculator
Institute of Beauty Careers,PR,3,Private For-Profit,12954.0,12954.0,,12954.0,,,collegecost.ed.gov/net-price
American Educational College,PR,3,Private For-Profit,11408.0,11408.0,11408.0,,8306.0,8306.0,https://www.amedcopr.com/netpricecalculator/
Antilles School of Technical Careers,PR,3,Private For-Profit,10729.0,10729.0,,10729.0,,,https://antillespr.edu/net-price-calculator/
Universidad Adventista de las Antillas,PR,2,Private Non-Profit,16834.0,16834.0,16834.0,,8350.0,8350.0,https://bigfuture.collegeboard.org/pay-for-college/calculate-your-cost
Atlantic University,PR,2,Private Non-Profit,12986.0,12986.0,12986.0,,8280.0,8280.0,atlanticu.edu/net-price-calculator/
Universidad Central de Bayamon,PR,2,Private Non-Profit,12976.0,12976.0,12976.0,,5986.0,5986.0,website-b80f807f.eir.sco.mybluehost.me/wp-content/uploads/2023/12/index1.html
Albizu University-San Juan,PR,2,Private Non-Profit,18382.0,18382.0,18382.0,,8505.0,8505.0,https://www.albizu.edu/wp-content/uploads/netpricecalculator/san_juan/npcalc.htm
Caribbean University-Bayamon,PR,2,Private Non-Profit,9835.0,9835.0,9835.0,,8844.0,8844.0,www.caribbean.edu/netprice/index.html
Caribbean University-Carolina,PR,2,Private Non-Profit,10710.0,10710.0,10710.0,,8844.0,8844.0,www.caribbean.edu/netprice/index.html
Pontifical Catholic University of Puerto Rico-Arecibo,PR,2,Private Non-Profit,18678.0,18678.0,18678.0,,6550.0,6550.0,https://arecibo.pucpr.edu/net_price_calculator/
Pontifical Catholic University of Puerto Rico-Ponce,PR,2,Private Non-Profit,20508.0,20508.0,20508.0,,6650.0,6650.0,https://www.pucpr.edu/net_price_calculator/index.html
CEM College-San Juan,PR,3,Private For-Profit,19241.0,19241.0,19241.0,,12900.0,12900.0,www.cemcollege.edu/cem/netprice/
Universidad Teologica del Caribe,PR,2,Private Non-Profit,11510.0,11510.0,11510.0,,6660.0,6660.0,utcpr.edu/Section.aspx
Colegio Universitario de San Juan,PR,1,Public,6024.0,6024.0,6024.0,,2580.0,2580.0,www.cunisanjuan.edu/net-price-calculator/
Universidad Ana G. Mendez-Cupey Campus,PR,2,Private Non-Profit,14214.0,14214.0,14214.0,,7750.0,7750.0,https://documento.uagm.edu/netprice/np-cupey.html
Puerto Rico Conservatory of Music,PR,1,Public,12920.0,13400.0,12920.0,,3370.0,3850.0,cmpr.edu/npcalc.htm
EDP University of Puerto Rico Inc-San Sebastian,PR,2,Private Non-Profit,15680.0,15680.0,15680.0,,7050.0,14125.0,edpuniversity.edu/npcalc.htm
Escuela de Artes Plasticas y Diseno de Puerto Rico,PR,1,Public,9057.0,12657.0,9057.0,,4902.0,8502.0,https://eap.edu/net-price-calculator.html
Instituto Tecnologico de Puerto Rico-Recinto de Manati,PR,1,Public,6073.0,6073.0,6073.0,,1600.0,1600.0,itec.pr/
Huertas College,PR,3,Private For-Profit,14229.0,14229.0,14229.0,,8750.0,8750.0,huertas.edu/hc/net-price-calculator/
Humacao Community College,PR,2,Private Non-Profit,9960.0,9960.0,9960.0,,6560.0,6560.0,https://hccpr.edu/finaid/
ICPR Junior College-Arecibo,PR,3,Private For-Profit,15358.0,15358.0,15358.0,,8664.0,8664.0,www.icprjc.edu/netPriceCalculator/npcalc.htm
ICPR Junior College-Mayaguez,PR,3,Private For-Profit,15988.0,15988.0,15988.0,,8664.0,8664.0,www.icprjc.edu/netPriceCalculator/npcalc.htm
Instituto Tecnologico de Puerto Rico-Recinto de Guayama,PR,1,Public,11845.0,11845.0,11845.0,,3608.0,3608.0,https://www.venestudiaconnosotros.com/itpr
Instituto Tecnologico de Puerto Rico-Recinto de San Juan,PR,1,Public,4451.0,4451.0,4451.0,,1180.0,1180.0,https://nces.ed.gov/ipeds/netpricecalculator/#/
Inter American University of Puerto Rico-San German,PR,2,Private Non-Profit,16380.0,16380.0,16380.0,,5780.0,5780.0,www.sg.inter.edu/wp-content/uploads/Documentos/documentos_normativos/Net_Price_Calculator_SG_2023.html
Inter American University of Puerto Rico-Aguadilla,PR,2,Private Non-Profit,16057.0,16057.0,16057.0,,5742.0,5742.0,https://www.inter.edu/NetPrice/Aguadilla/index.html
Inter American University of Puerto Rico-Arecibo,PR,2,Private Non-Profit,16625.0,16625.0,16625.0,,5780.0,5780.0,www.arecibo.inter.edu/npc
Inter American University of Puerto Rico-Barranquitas,PR,2,Private Non-Profit,16051.0,16051.0,16051.0,,5742.0,5742.0,https://www.inter.edu/NetPrice/Barranquitas/index.html
Inter American University of Puerto Rico-Metro,PR,2,Private Non-Profit,16837.0,16837.0,16837.0,,5780.0,5780.0,https://metro.inter.edu/asis-economica/netpricecalculatorme/index.html
Inter American University of Puerto Rico-Ponce,PR,2,Private Non-Profit,16065.0,16065.0,16065.0,,5780.0,5780.0,https://www.inter.edu/NetPrice/Ponce/
Inter American University of Puerto Rico-Fajardo,PR,2,Private Non-Profit,16190.0,16190.0,16190.0,,5780.0,5780.0,https://www.inter.edu/NetPrice/Fajardo/index.html
Inter American University of Puerto Rico-Guayama,PR,2,Private Non-Profit,16475.0,16475.0,16475.0,,5780.0,5780.0,https://www.inter.edu/NetPrice/Guayama/index.html
Inter American University of Puerto Rico-Bayamon,PR,2,Private Non-Profit,16324.0,16324.0,16324.0,,5780.0,5780.0,https://www.inter.edu/NetPrice/Bayamon/index.html
Liceo de Arte y Tecnologia,PR,3,Private For-Profit,23233.0,23233.0,23233.0,,8451.0,8451.0,https://www.liceo.edu/netprice/npcalc.htm
Modern Hairstyling Institute-Bayamon,PR,3,Private For-Profit,13378.0,13378.0,,13378.0,,,www.modern.edu/pricenetcalculator
Modern Hairstyling Institute-Arecibo,PR,3,Private For-Profit,13317.0,13317.0,,13317.0,,,www.modern.edu/pricenetcalculator
NUC University,PR,3,Private For-Profit,15821.0,15821.0,15821.0,,12698.0,13853.0,https://nuc.edu/wp-content/uploads/net-price-calculator/
University of Puerto Rico-Aguadilla,PR,1,Public,14498.0,14498.0,14498.0,,5954.0,5954.0,https://www.uprag.edu/opei_old/npc/index.html
University of Puerto Rico-Arecibo,PR,1,Public,17710.0,17710.0,17710.0,,5354.0,5354.0,docs.upra.edu/admisiones/NetPriceCalculator/npcalc.htm
University of Puerto Rico,PR,1,Public,12501.0,12501.0,12501.0,,6284.0,6284.0,web.uprb.edu/NetPriceTemplate/index.html
University of Puerto Rico-Carolina,PR,1,Public,19396.0,19396.0,19396.0,,7986.0,7986.0,www.uprc.edu/net-price-calculator/
University of Puerto Rico at Cayey,PR,1,Public,15909.0,15909.0,15909.0,,5354.0,5354.0,https://www.upr.edu/netprice/cayey.html
University of Puerto Rico-Humacao,PR,1,Public,19547.0,19547.0,19547.0,,5364.0,5364.0,www.uprh.edu/net-price-calculator/
University of Puerto Rico-Utuado,PR,1,Public,20908.0,20908.0,20908.0,,5354.0,5354.0,www.uprutuado.edu/decanato-estudiantil/asistencia-economica/net-price-calculator/
University of Puerto Rico-Mayaguez,PR,1,Public,21637.0,21637.0,21637.0,,5274.0,5274.0,https://www.uprm.edu/netpricecalculator/
University of Puerto Rico at Ponce,PR,1,Public,17193.0,17193.0,17193.0,,5354.0,5354.0,https://www.uprp.edu/articulos/rectoria/opei/netpricecalculator/
University of Puerto Rico-Rio Piedras,PR,1,Public,15118.0,15118.0,15118.0,,5354.0,5354.0,https://www.uprrp.edu/netpricecalc/npcalc.htm
Universidad Ana G. Mendez-Carolina Campus,PR,2,Private Non-Profit,14113.0,14113.0,14113.0,,7750.0,7750.0,https://documento.uagm.edu/netprice/np-carolina.html
Universidad del Sagrado Corazon,PR,2,Private Non-Profit,19728.0,19728.0,19728.0,,6410.0,6410.0,mi.sagrado.edu/ICS/ClientConfig/HtmlContent/netcalculator2017/Net Price Calculator.html
Universidad Central Del Caribe,PR,2,Private Non-Profit,14642.0,14642.0,14642.0,,7707.0,7707.0,https://www.uccaribe.edu/student-right-to-know/
Universidad Politecnica de Puerto Rico,PR,2,Private Non-Profit,23368.0,23368.0,23368.0,,9870.0,9870.0,www.pupr.edu/price-calculator/
Pontifical Catholic University of Puerto Rico-Mayaguez,PR,2,Private Non-Profit,18605.0,18605.0,18605.0,,6550.0,6550.0,https://recintomayaguez.pucpr.edu/net_price_calculator/
Universidad Ana G. Mendez-Gurabo Campus,PR,2,Private Non-Profit,14224.0,14224.0,14224.0,,7750.0,7750.0,https://documento.uagm.edu/netprice/np-gurabo.html
College of Micronesia-FSM,FM,1,Public,10445.0,10445.0,10445.0,,5050.0,5050.0,comfsm.fm/fao/NetPriceCalculator/npcalc.htm
Palau Community College,PW,1,Public,9624.0,9864.0,9624.0,,3730.0,3970.0,pcc.palau.edu/npcalc/npcalc.htm
University of the Virgin Islands,VI,1,Public,17771.0,28371.0,17771.0,,5957.0,16557.0,https://www.uvi.edu/netprice/index.html
Stanford University,CA,2,Private Non-Profit,87833.0,87833.0,87833.0,,65910.0,65910.0,financialaid.stanford.edu/undergrad/how/calculator/index.html?tab=net-price-calculator
Purdue University-Main Campus,IN,1,Public,24591.0,43393.0,24591.0,,9992.0,28794.0,https://www.purdue.edu/dfa/cost/calculator
Parker University,TX,2,Private Non-Profit,42167.0,42167.0,42167.0,,17893.0,17893.0,https://www.parker.edu/netprice/index.php
EDP University of Puerto Rico Inc-San Juan,PR,2,Private Non-Profit,15740.0,15740.0,15740.0,,7050.0,14125.0,https://edpuniversity.edu/coa_net_calculator/
ICPR Junior College,PR,3,Private For-Profit,15133.0,15133.0,15133.0,,8664.0,8664.0,www.icprjc.edu/netPriceCalculator/npcalc.htm
Meridian College,FL,3,Private For-Profit,33683.0,33683.0,,33683.0,,,www.meridian.edu/disclosures/
Georgia State University-Perimeter College,GA,1,Public,17608.0,24568.0,17608.0,,3104.0,10064.0,https://perimeter.gsu.edu/student-financial-services/tuition-and-fees/
Georgia Piedmont Technical College,GA,1,Public,21274.0,23842.0,21274.0,,3386.0,5954.0,www.gptc.edu/net-price-calculator/
ETI School of Skilled Trades,IL,3,Private For-Profit,26842.0,26842.0,,26842.0,,,www.eticampus.edu/npcalc/index.htm
Traxlers School of Hair,MS,3,Private For-Profit,19399.0,19399.0,,19399.0,,,traxlerschoolofhair.com/financial-aid
Warren County Community College,NJ,1,Public,13314.0,14214.0,13314.0,,5460.0,6360.0,https://www.warren.edu/cost-and-aid/financial-aid-resources/
St. John's College,NM,2,Private Non-Profit,55824.0,55824.0,55824.0,,40504.0,40504.0,www.sjc.edu/admissions-and-aid/financial-aid/net-price-calculator/
Bais Medrash Elyon,NY,2,Private Non-Profit,19500.0,19500.0,19500.0,,8600.0,8600.0,baismedroshelyon.com/links/
Mid-America Christian University,OK,2,Private Non-Profit,31313.0,31313.0,31313.0,,21294.0,21294.0,https://www.macu.edu/netpricecalculator/
Miller-Motte College-Tulsa,OK,3,Private For-Profit,28205.0,28205.0,,28205.0,,,https://www.miller-motte.edu/NetPrice/Tulsa/
Ponca City Beauty College,OK,3,Private For-Profit,13323.0,13323.0,,13323.0,,,https://www.poncacity-beautycollege.com/calculator
Francis Tuttle Technology Center,OK,1,Public,16058.0,16058.0,,16058.0,,,https://www.francistuttle.edu/admissions-costs/financial-aid/tuition-costs-payment-information-and-net-price-calculator
Central Technology Center,OK,1,Public,7169.0,7169.0,,7169.0,,,https://centraltech.edu/wp-content/uploads/2019/01/NetPrice2017/npcalc.htm
Carrington College-Portland,OR,3,Private For-Profit,41390.0,41390.0,,41390.0,,,https://carrington.edu/financial-aid/how-much-will-it-cost/
Career Technology Center of Lackawanna County,PA,1,Public,26736.0,26736.0,,26736.0,,,https://ctclcpn.ctclc.edu/about-practical-nursing/net-price-calculator
Palo Alto College,TX,1,Public,11946.0,18486.0,11946.0,,3412.0,9952.0,https://apps.highered.texas.gov/apps/npc/?fice=023413
UCAS University of Cosmetology Arts & Sciences-San Antonio 410,TX,3,Private For-Profit,25614.0,25614.0,,25614.0,,,ucastx.com/NPcalc/SA410.html
Central Texas Beauty College-Round Rock,TX,3,Private For-Profit,13835.0,13835.0,,13835.0,,,www.centraltexasbeautycollege.com/netpricecalculator/
Athens Technical College,GA,1,Public,15783.0,18351.0,15783.0,,3390.0,5958.0,https://www.athenstech.edu/net-price-calculator.html
GateWay Community College-Central City,AZ,1,Public,17257.0,17257.0,,17257.0,,,https://www.maricopa.edu/students/tuition-payment-information/net-price-calculators/gateway-community-college-central-city
Carrington College-San Leandro Campus,CA,3,Private For-Profit,44224.0,44224.0,,44224.0,,,https://carrington.edu/financial-aid/how-much-will-it-cost/
Headmasters School of Hair Design,ID,3,Private For-Profit,15716.0,15716.0,,15716.0,,,headmasters.edu/net-price-calculator
The Salon Professional Academy-Nampa,ID,3,Private For-Profit,24823.0,24823.0,,24823.0,,,https://www.tspanampa.com/wp-content/uploads/sites/18/npc/
Beckfield College-Florence,KY,3,Private For-Profit,34541.0,34541.0,34541.0,,13295.0,13295.0,www.beckfield.edu/NPC/npcalc.htm
Dorsey College-Wayne,MI,3,Private For-Profit,36763.0,36763.0,36763.0,,16990.0,16990.0,solutions.campusivy.com/Apps/NPC/NPCWizard?institutionId=11800
Ross Medical Education Center-Saginaw,MI,3,Private For-Profit,23617.0,23617.0,,23617.0,,,https://rosseducation.edu/consumer-info/#npc
Sussex County Community College,NJ,1,Public,14708.0,18188.0,14708.0,,5544.0,9024.0,sussex.edu/admissions/paying-for-college/net-price-calculator/
Landmark College,VT,2,Private Non-Profit,83124.0,83124.0,83124.0,,66540.0,66540.0,https://www.landmark.edu/admissions/tuition-financial-aid/net-price-calculator
Yeshiva Gedolah of Greater Detroit,MI,2,Private Non-Profit,19682.0,19682.0,19682.0,,6100.0,6100.0,https://yeshivagedolahgreaterdetroit.com/?page_id=11
Collin County Community College District,TX,1,Public,15237.0,19287.0,15237.0,,2014.0,6064.0,https://www.collin.edu/financialaid/additionallinks.html
Owensboro Community and Technical College,KY,1,Public,13476.0,15180.0,13476.0,,4728.0,6432.0,https://owensboro.kctcs.edu/affording-college/net-price-calculator/index.aspx
Cloyd's Beauty School 3 Inc,LA,3,Private For-Profit,11826.0,11826.0,,11826.0,,,https://cloydsbeautyschools.edu/NetPrice/npcalc.htm
Fayette County Career & Technical Institute Practical Nursing Program,PA,1,Public,30669.0,30669.0,,30669.0,,,fayettecti.org/net-price-calculator/
Franklin County Career and Technology Center,PA,1,Public,26101.0,26101.0,,26101.0,,,www.franklincountylpn.org/wp-content/uploads/2023/09/Net-Price-Calculator.html
Ogle School Hair Skin Nails-Hurst,TX,3,Private For-Profit,25696.0,25696.0,,25696.0,,,www.ogleschool.edu/financial-aid/net-price-calculator
Tennessee College of Applied Technology Nashville,TN,1,Public,21109.0,21109.0,,21109.0,,,https://tcatnashville.edu/future-students/net-price-calculator
ECPI University,VA,3,Private For-Profit,30055.0,30055.0,30055.0,,18484.0,18484.0,https://www.npc.ecpi.edu/
Ms Roberts Academy of Beauty Culture,IL,3,Private For-Profit,17705.0,17705.0,,17705.0,,,https://www.msroberts-academy.com/students-right-to-know/
Paul Mitchell the School-Houston,TX,3,Private For-Profit,31213.0,31213.0,,31213.0,,,paulmitchell.edu/houston/tuition-calculator
Fortis Institute-Forty Fort,PA,3,Private For-Profit,30808.0,30808.0,30808.0,,13955.0,13955.0,https://www.fortis.edu/content/dam/fortis/compliance/netpricecalc/npcalc-fortis_forty_fort.htm
Laurel Technical Institute,PA,3,Private For-Profit,15483.0,15483.0,15483.0,,13713.0,13713.0,www.laurel.edu/financial-aid/net-price-calculator
Aviation Institute of Maintenance-Philadelphia,PA,3,Private For-Profit,30830.0,30830.0,30830.0,,16757.0,16757.0,https://aviationmaintenance.edu/your-rights
Dorsey College-Roseville,MI,3,Private For-Profit,33929.0,33929.0,33929.0,,16990.0,16990.0,solutions.campusivy.com/Apps/NPC/NPCWizard?institutionId=11800
Moler-Pickens Beauty Academy,OH,3,Private For-Profit,18098.0,18098.0,,18098.0,,,https://molerhollywood.com/netprice/npcalc.htm
Southern Union State Community College,AL,1,Public,13637.0,17507.0,13637.0,,5040.0,8910.0,https://app.meadowfi.com/suscc
South University-Columbia,SC,3,Private For-Profit,35322.0,35322.0,35322.0,,18145.0,18145.0,www.southuniversity.edu/columbia/net-price-calculator
Greene County Career and Technology Center,PA,1,Public,24149.0,24149.0,,24149.0,,,www.greenectc.org/calc/npcalc.htm
Lac Courte Oreilles Ojibwe University,WI,1,Public,17202.0,17202.0,17202.0,,6030.0,6030.0,moodle.lco.edu/moodle/calculator/npcalc.htm
Diesel Driving Academy-Shreveport,LA,3,Private For-Profit,19315.0,19315.0,,19315.0,,,www.dda.edu/disclosure
Pima Medical Institute-Mesa,AZ,3,Private For-Profit,27503.0,27503.0,,27503.0,,,https://secure.pmi.edu/npcalc/
Platt College-Los Angeles,CA,3,Private For-Profit,32164.0,32164.0,32164.0,,14922.0,14922.0,https://plattcollege.edu/financial-aid/#calculator
Paul Mitchell the School-Boise,ID,3,Private For-Profit,31011.0,31011.0,,31011.0,,,paulmitchell.edu/boise/tuition-calculator
Educators of Beauty College of Cosmetology-Rockford,IL,3,Private For-Profit,15962.0,15962.0,,15962.0,,,https://educatorsofbeauty.com/admissions/affordability/
Douglas J Aveda Institute,MI,3,Private For-Profit,28849.0,28849.0,,28849.0,,,douglasj.edu/calculators/
Ross Medical Education Center-Brighton,MI,3,Private For-Profit,24356.0,24356.0,,24356.0,,,https://rosseducation.edu/consumer-info/#npc
Ross Medical Education Center-Ann Arbor,MI,3,Private For-Profit,24170.0,24170.0,,24170.0,,,https://rosseducation.edu/consumer-info/#npc
Dorsey School of Beauty,MI,3,Private For-Profit,35330.0,35330.0,,35330.0,,,solutions.campusivy.com/apps/npc/npcwizard?institutionid=11800
Pike-Lincoln Technical Center,MO,1,Public,23190.0,23190.0,,23190.0,,,https://www.pltc.edu/page/net-price
St Charles Community College,MO,1,Public,13629.0,16677.0,13629.0,,3048.0,6096.0,www.stchas.edu/admissions/financial-aid/net-price-calculator
University of Massachusetts Global,CA,1,Public,35325.0,35325.0,35325.0,,12540.0,12540.0,https://umassglobal.clearcostcalculator.com/student/default/netpricecalculator/survey
New College of Florida,FL,1,Public,24449.0,47477.0,24449.0,,6916.0,29944.0,https://app.meadowfi.com/ncf
Conservatory of Recording Arts and Sciences,AZ,3,Private For-Profit,25882.0,25882.0,,25882.0,,,www.cras.edu/financial-aid/#net-price-calculator
San Joaquin Valley College-Fresno,CA,3,Private For-Profit,31315.0,31315.0,,31315.0,,,https://www.sjvc.edu/net-price-calculator
Dr. Ida Rolf Institute,CO,2,Private Non-Profit,38527.0,38527.0,,38527.0,,,https://www.rolf.org/docs/index.html
Aveda Institute-Fort Myers,FL,3,Private For-Profit,29993.0,29993.0,,29993.0,,,https://nces.ed.gov/ipeds/netpricecalculator/#/
Ross Medical Education Center-Port Huron,MI,3,Private For-Profit,23651.0,23651.0,,23651.0,,,https://rosseducation.edu/consumer-info/#npc
Raphael's School of Beauty Culture Inc-Alliance,OH,3,Private For-Profit,24951.0,24951.0,,24951.0,,,solutions02.campusivy.com/Apps/NPC/NPCWizard?institutionId=67600
Metro Technology Centers,OK,1,Public,11478.0,11478.0,,11478.0,,,https://www.metrotech.edu/admission-cost/financial-aid
Luna Community College,NM,1,Public,10405.0,12349.0,10405.0,,1474.0,3418.0,luna.edu/media/netpricecalculator/npcalc.htm
Grabber School of Hair Design,MO,3,Private For-Profit,15302.0,15302.0,,15302.0,,,www.grabberschool.edu/student-tuition-calculator.html
Yeshivah Gedolah Rabbinical College,FL,2,Private Non-Profit,19300.0,19300.0,19300.0,,9300.0,9300.0,www.ygmiami.com/
Raphael's School of Beauty Culture Inc-Brunswick,OH,3,Private For-Profit,29388.0,29388.0,,29388.0,,,solutions02.campusivy.com/Apps/NPC/NPCWizard?institutionId=67600
Caribbean University-Ponce,PR,2,Private Non-Profit,10000.0,10000.0,10000.0,,8844.0,8844.0,www.caribbean.edu/netprice/index.html
Caribbean University-Vega Baja,PR,2,Private Non-Profit,9936.0,9936.0,9936.0,,8844.0,8844.0,www.caribbean.edu/netprice/index.html
University of Advancing Technology,AZ,3,Private For-Profit,32794.0,32794.0,32794.0,,19365.0,19365.0,https://www.uat.edu/themes/uat/net-price-calculator-2024.html
Paradise Valley Community College,AZ,1,Public,18375.0,24975.0,18375.0,,2358.0,8958.0,https://www.paradisevalley.edu/students/financial-aid/net-price-calculator
Chandler-Gilbert Community College,AZ,1,Public,17845.0,24445.0,17845.0,,2358.0,8958.0,https://www.cgc.edu/admissions/tuition-payment/net-price-calculator
Great Plains Technology Center,OK,1,Public,12801.0,12801.0,,12801.0,,,www.greatplains.edu/student-resources/financial-aid/price-calculator
Roane-Jackson Technical Center,WV,1,Public,12798.0,12798.0,,12798.0,,,www.rjtcwv.com/admissions.html
Pioneer Technology Center,OK,1,Public,14464.0,14464.0,,14464.0,,,https://core-docs.s3.us-east-1.amazonaws.com/documents/asset/uploaded_file/4995/ptc/5368812/index.html
Portage Lakes Career Center,OH,1,Public,27236.0,27236.0,,27236.0,,,https://plcc.edu/wp-content/uploads/2022/10/index.html
Caddo Kiowa Technology Center,OK,1,Public,5417.0,5417.0,,5417.0,,,https://cktc.edu/wp-content/uploads/2023/06/index.html
Center for Instruction Technology & Innovation,NY,1,Public,19932.0,19932.0,,19932.0,,,https://www.citiboces.org/cms/lib/ny01914085/centricity/domain/14/net price calculator/npcalc.htm
Palomar Institute of Cosmetology,CA,3,Private For-Profit,32292.0,32292.0,,32292.0,,,https://pic.edu/wp-content/pdf/netpricecalculator.html
Southern Oklahoma Technology Center,OK,1,Public,18766.0,18766.0,,18766.0,,,https://www.sotech.edu/financialaid/npc.html
Canadian Valley Technology Center,OK,1,Public,17866.0,17866.0,,17866.0,,,https://cvtech.edu/students/financial-aid
Wilkes-Barre Area Career and Technical Center Practical Nursing,PA,1,Public,25478.0,25478.0,,25478.0,,,https://www.wbpracnsg.com/npcalc.htm
Waynesville Career Center,MO,1,Public,34430.0,34430.0,,34430.0,,,https://core-docs.s3.us-east-1.amazonaws.com/documents/asset/uploaded_file/4597/WCC/4477730/index.html
Capitol Beauty School,NE,3,Private For-Profit,17736.0,17736.0,,17736.0,,,https://www.hairschoolomaha.com/compliance
Morris County Vocational School District,NJ,1,Public,23393.0,23393.0,,23393.0,,,mcvts.augusoft.net/index.cfm?method=templates.CustomTemplatePreview&ContentID=156
Ross Medical Education Center-Roosevelt Park,MI,3,Private For-Profit,24239.0,24239.0,,24239.0,,,https://rosseducation.edu/consumer-info/#npc
Ross Medical Education Center-Kentwood,MI,3,Private For-Profit,23475.0,23475.0,,23475.0,,,https://rosseducation.edu/consumer-info/#npc
South Florida Bible College and Theological Seminary,FL,2,Private Non-Profit,25161.0,25161.0,25161.0,,7980.0,7980.0,https://www.sfbc.edu/net-price-calculator/
Cloyd's Barber School 2 Inc,LA,3,Private For-Profit,9788.0,9788.0,,9788.0,,,https://cloydsbarberschool.edu/about
Universal Technical Institute of Illinois Inc,IL,3,Private For-Profit,31301.0,31301.0,,31301.0,,,www.uti.edu/admissions/tuition
Pennsylvania College of Technology,PA,1,Public,33192.0,40932.0,33192.0,,18240.0,25980.0,https://www.pct.edu/admissions/consumerinfo/npc/
Commonwealth Institute of Funeral Service,TX,2,Private Non-Profit,45244.0,45244.0,45244.0,,15313.0,15313.0,https://commonwealth.edu/financial-aid-net-price-calculator/
Delta College of Arts & Technology,LA,3,Private For-Profit,26688.0,26688.0,,26688.0,,,https://deltacollege.com/consumer-info/
Stone Child College,MT,1,Public,15570.0,15570.0,15570.0,,3610.0,3610.0,https://stonechild.edu/netcalc/npcalc.htm
Suffolk County Community College,NY,1,Public,12429.0,18259.0,12429.0,,6630.0,12460.0,https://www.sunysuffolk.edu/apply-enroll/estimate-your-cost.jsp
Las Positas College,CA,1,Public,15138.0,23778.0,15138.0,,1168.0,9808.0,https://misweb.cccco.edu/npc/481/npcalc.htm
Ogeechee Technical College,GA,1,Public,17125.0,19693.0,17125.0,,3388.0,5956.0,www.ogeecheetech.edu/netprice/
Remington College-Mobile Campus,AL,2,Private Non-Profit,32998.0,32998.0,32998.0,,16411.0,16411.0,https://www.remingtoncollege.edu/net-price-calculator/
Southern Technical College,FL,3,Private For-Profit,26505.0,26505.0,26505.0,,14894.0,14894.0,www.southerntech.edu/admissions/net-price-calculator/
California State University-San Marcos,CA,1,Public,21649.0,34249.0,21649.0,,8082.0,20682.0,https://www.calstate.edu/attend/paying-for-college/Pages/csu-costs.aspx
Tricoci University of Beauty Culture LLC-Bloomington,IN,3,Private For-Profit,24920.0,24920.0,,24920.0,,,www.tricociuniversity.edu/admissions-financial-aid/beauty-school-calculator/
Interactive College of Technology-Newport,KY,3,Private For-Profit,21837.0,21837.0,21837.0,,10970.0,10970.0,www.ict.edu/admissions/price-calculator/npc-ky/
Ross Medical Education Center-Taylor,MI,3,Private For-Profit,23918.0,23918.0,,23918.0,,,https://rosseducation.edu/consumer-info/#npc
Interactive College of Technology,TX,3,Private For-Profit,21770.0,21770.0,21770.0,,10970.0,10970.0,www.ict.edu/admissions/price-calculator/npc-tx/
Butler Beauty Academy-New Castle Beauty Academy,PA,3,Private For-Profit,14972.0,14972.0,,14972.0,,,https://beautyacademies.net/wp-content/uploads/2024/03/NetPriceCalc.html
NorthWest Arkansas Community College,AR,1,Public,12157.0,14053.0,12157.0,,3342.0,5238.0,https://www.nwacc.edu/_documents/finaid/index.html
H W Brewster Technical College,FL,1,Public,18363.0,18363.0,,18363.0,,,https://www.hillsboroughschools.org/Brewster
Capital Area Career Center,IL,1,Public,20495.0,20495.0,20495.0,,12075.0,12075.0,https://caspn.edu/consumer-information
Hair Professionals Career College,IL,3,Private For-Profit,20010.0,20010.0,,20010.0,,,hairpros.edu/consumer-info-gainful-employment/
Empire Beauty School-Bloomfield,NJ,3,Private For-Profit,22748.0,22748.0,,22748.0,,,www.empire.edu/consumer-information/net-price-calculator
Southwest Technology Center,OK,1,Public,17326.0,17326.0,,17326.0,,,www.swtech.edu/page/financial-aid
Western Area Career & Technology Center,PA,1,Public,13612.0,13612.0,,13612.0,,,https://www.wactc.net/financial-aid-calculator/
Nossi College of Art and Design,TN,3,Private For-Profit,27710.0,27710.0,27710.0,,20350.0,20350.0,https://nossi.edu/admissions/tuition-rates
Pima Medical Institute-Seattle,WA,3,Private For-Profit,34312.0,34312.0,,34312.0,,,https://secure.pmi.edu/npcalc/
Mineral County Vocational Technical Center,WV,1,Public,6780.0,6780.0,,6780.0,,,core-docs.s3.amazonaws.com/documents/asset/uploaded_file/1647662/MCTC-Calculator.html
Hypnosis Motivation Institute,CA,2,Private Non-Profit,53817.0,53817.0,,53817.0,,,hypnosis.edu/resident/gainful-employment
Thanh Le College School of Cosmetology,CA,3,Private For-Profit,19612.0,19612.0,,19612.0,,,www.thanhlecollege.com/net-price-calculator/
Southeastern Technical College,GA,1,Public,19660.0,22228.0,19660.0,,3400.0,5968.0,www.southeasterntech.edu/npcalc/
Universal Technical Institute-Orlando,FL,3,Private For-Profit,29764.0,29764.0,,29764.0,,,www.uti.edu/admissions/tuition
Erwin Technical College,FL,1,Public,10731.0,10731.0,,10731.0,,,www.goaltc.com/Financial Aid/Documents/npcalc.htm
Rosel School of Cosmetology,IL,3,Private For-Profit,10903.0,10903.0,,10903.0,,,https://roselschool.org/NetPrice/index.html
Worsham College of Mortuary Science,IL,3,Private For-Profit,30495.0,30495.0,30495.0,,20500.0,20500.0,www.worsham.edu/worshamsite/wp-content/uploads/2019/07/Worsham18-19NPC.html
Bryan University,MO,3,Private For-Profit,26626.0,26626.0,26626.0,,15868.0,15868.0,bryanu.edu/bryan-university-consumer-information-center/
Central Pennsylvania Institute of Science and Technology,PA,1,Public,15817.0,15817.0,,15817.0,,,www.cpi.edu/adult-cont-ed.php
Northwest Educational Center,TX,3,Private For-Profit,16823.0,16823.0,,16823.0,,,nwec.edu/net-price-calculator/
PCI Health Training Center,TX,3,Private For-Profit,26471.0,26471.0,,26471.0,,,www.pcihealth.edu/docs/npc/2019/NetPriceCalculator2017-2018/npcalc.html
Hamrick School,OH,3,Private For-Profit,10568.0,10568.0,,10568.0,,,https://www.hamrickschool.edu/npc/npcalc.htm
Fortis College,AL,3,Private For-Profit,25710.0,25710.0,,25710.0,,,https://www.fortis.edu/content/dam/fortis/compliance/netpricecalc/npcalc-fortis_mobile.htm
Downey Adult School,CA,1,Public,18545.0,18545.0,,18545.0,,,https://www.das.edu/netpricecalculator/npcalc.htm
CRU Institute of Cosmetology and Barbering,CA,3,Private For-Profit,15402.0,15402.0,,15402.0,,,https://www.cruinstitute.com/net-price-calculator
Modern Technology School,CA,3,Private For-Profit,28609.0,28609.0,,28609.0,,,https://mtschool.edu/wp-content/uploads/2020/01/MTS-Calculator.html
National Career Education,CA,3,Private For-Profit,29169.0,29169.0,,29169.0,,,nce.edu/net-price-calculator/
North-West College-Glendale,CA,3,Private For-Profit,40484.0,40484.0,,40484.0,,,https://www.nu.edu/npcalc/npcalc.htm
Fremont University,CA,3,Private For-Profit,39537.0,39537.0,,39537.0,,,https://www.fremont.edu/admissions/financial-aid/net-price-calculator/
Pomona Unified School District Adult and Career Education,CA,1,Public,10280.0,10280.0,,10280.0,,,https://ace.pusd.org/apps/pages/financial-aid
Universal College of Beauty Inc-Los Angeles 2,CA,3,Private For-Profit,18646.0,18646.0,,18646.0,,,https://cdn.hibuwebsites.com/ae05c5aaf61142d58cfbe8d798c0054f/files/uploaded/index.html
IBMC College,CO,3,Private For-Profit,37025.0,37025.0,,37025.0,,,www.ibmc.edu/consumer-information/net-price-calculator/
Avalon Institute-Aurora,CO,3,Private For-Profit,18785.0,18785.0,,18785.0,,,avalon.edu/admissions-financial-aid/net-price-calculator/
Fortis College-Smyrna,GA,3,Private For-Profit,31288.0,31288.0,31288.0,,15543.0,15543.0,https://www.fortis.edu/content/dam/fortis/compliance/netpricecalc/npcalc-fortis_smyrna.htm
Ross College-Davenport,IA,3,Private For-Profit,24736.0,24736.0,,24736.0,,,https://rosseducation.edu/consumer-info/#npc
Pivot Point Academy,IL,3,Private For-Profit,16391.0,16391.0,,16391.0,,,www.pivotpoint.edu/calculators/npnew/index_c.html
Blalock's Professional Beauty College,LA,3,Private For-Profit,26960.0,26960.0,,26960.0,,,blalockbeauty.com/netpricetemplate/index.html
Diesel Driving Academy-Baton Rouge,LA,3,Private For-Profit,19646.0,19646.0,,19646.0,,,www.dda.edu/disclosure
New England Hair Academy,MA,3,Private For-Profit,24304.0,24304.0,,24304.0,,,newenglandhairacademy.com/NetPriceCalculator/npcalc.htm
Rob Roy Academy-Worcester,MA,3,Private For-Profit,31179.0,31179.0,,31179.0,,,www.rob-roy.com/netpricecalculator/npcalc.htm
Upper Cape Cod Regional Technical School,MA,1,Public,16820.0,16820.0,,16820.0,,,www.uctpracticalnursing.com/net-price-calculatorprogram-costs.html
All-State Career-Baltimore,MD,3,Private For-Profit,22026.0,22026.0,,22026.0,,,https://www.allstatecareer.edu/content/dam/all-state/compliance/netpricecalc/npcalc-all_state_career_baltimore.htm
Mississippi Barber Academy,MS,3,Private For-Profit,22800.0,22800.0,,22800.0,,,https://mississippibarberacademy.com/NetPriceCalculator/npcalc.htm
KC's School of Hair Design,MS,3,Private For-Profit,15607.0,15607.0,,15607.0,,,https://www.kcsschoolofhair.com/
Lincoln Technical Institute-Moorestown,NJ,3,Private For-Profit,44565.0,44565.0,,44565.0,,,www.lincolntech.edu/net-price-calculator
MCVSD,NJ,1,Public,29133.0,29133.0,,29133.0,,,https://www.mcvsd.org/page/financial-aid-scholarships
Yeshiva Gedolah Imrei Yosef D'spinka,NY,2,Private Non-Profit,15989.0,15989.0,15989.0,,12500.0,12500.0,spinka58st.com/netpricecalculator/npcalc.html
Madison Adult Career Center,OH,1,Public,19858.0,19858.0,,19858.0,,,https://www.mlsd.net/o/macc/page/net-price-calculator
Remington College-Cleveland Campus,OH,2,Private Non-Profit,29267.0,29267.0,29267.0,,15876.0,15876.0,https://www.remingtoncollege.edu/net-price-calculator/
Gordon Cooper Technology Center,OK,1,Public,9922.0,9922.0,,9922.0,,,https://www.gctech.edu/apps/pages/consumer_information
Kiamichi Technology Center-McAlester,OK,1,Public,9685.0,9685.0,,9685.0,,,https://ktc.edu/net-price-calculator
YTI Career Institute-Altoona,PA,3,Private For-Profit,24874.0,24874.0,,24874.0,,,www.yti.edu/financialaid/npcalc.asp
Eastern Center for Arts and Technology,PA,1,Public,29508.0,29508.0,,29508.0,,,https://www.eastech.org/pn/practical-nursing/program-costs-and-fees
Empire Beauty School-Center City Philadelphia,PA,3,Private For-Profit,23460.0,23460.0,,23460.0,,,www.empire.edu/consumer-information/net-price-calculator
CEM College-Humacao,PR,3,Private For-Profit,18696.0,18696.0,18696.0,,12900.0,12900.0,www.cemcollege.edu/cem/netprice/
Colegio Mayor de Tecnologia Inc,PR,3,Private For-Profit,12550.0,12550.0,,12550.0,,,www.cmtarroyo.com/net-price-calculator/
Institucion Chaviano de Mayaguez,PR,3,Private For-Profit,11768.0,11768.0,,11768.0,,,www.mitpr.edu/calculadora-de-costo-neto
Universal Technology College of Puerto Rico,PR,2,Private Non-Profit,11249.0,11249.0,,11249.0,,,nces.ed.gov/ipeds/netpricecalculator/
Academy of Hair Technology,SC,3,Private For-Profit,18804.0,18804.0,,18804.0,,,www.hairchamps.com/net-price-calculator
Mr Wayne's School of Unisex Hair Design,TN,3,Private For-Profit,22450.0,22450.0,,22450.0,,,www.misterwaynes.com/net/net-price-2019.html
College of the Marshall Islands,MH,1,Public,17275.0,17915.0,17275.0,,6840.0,7480.0,https://cmi.edu/net-price-calculator/
Remington College-Fort Worth Campus,TX,2,Private Non-Profit,31669.0,31669.0,31669.0,,16071.0,16071.0,www.remingtoncollege.edu/net-price-calculator/
School of Automotive Machinists & Technology,TX,3,Private For-Profit,33348.0,33348.0,,33348.0,,,samtech.edu/NetCalc/npcalc.htm
Nuvani Institute,TX,3,Private For-Profit,25059.0,25059.0,,25059.0,,,https://nuvani.edu/SID/npcalc.htm
Nuvani Institute,TX,3,Private For-Profit,23605.0,23605.0,,23605.0,,,https://nuvani.edu/SID/npcalc.htm
Texas College of Cosmetology-Abilene,TX,3,Private For-Profit,20285.0,20285.0,,20285.0,,,www.texascollegecosmetology.com/net-price-calculator
Centura College-Newport News,VA,3,Private For-Profit,31642.0,31642.0,31642.0,,16637.0,16637.0,https://www.centuracollege.edu/your_rights
Centura College-Norfolk,VA,3,Private For-Profit,36328.0,36328.0,36328.0,,16637.0,16637.0,https://www.centuracollege.edu/your_rights/
Virginia Beach City Public Schools School of Practical Nursing,VA,1,Public,8237.0,8237.0,,8237.0,,,techcenter.vbschools.com/school/programs-of-study/licensed-practical-nursing/calculator
Northwest College of Art & Design,WA,3,Private For-Profit,30038.0,30038.0,30038.0,,18100.0,18100.0,https://ncad.edu/disclosures/#1561141159108-5e22b3ce-c0bb
University of Washington-Bothell Campus,WA,1,Public,26908.0,57144.0,26908.0,,12919.0,43155.0,https://www.washington.edu/financialaid/getting-started/net-price-calculator/
University of Washington-Tacoma Campus,WA,1,Public,25346.0,55582.0,25346.0,,13168.0,43404.0,https://www.tacoma.uw.edu/finaid/calculator
Huntington School of Beauty Culture,WV,3,Private For-Profit,14878.0,14878.0,,14878.0,,,https://www.huntingtonschoolofbeauty.com/net-price-calculator
Valley College-Beckley,WV,2,Private Non-Profit,31973.0,31973.0,,31973.0,,,valley.edu/documents/net-price-calculator/beckley/index.html
Valley College-Martinsburg,WV,2,Private Non-Profit,31332.0,31332.0,,31332.0,,,valley.edu/documents/net-price-calculator/martinsburg/index.html
Bellus Academy-Poway,CA,3,Private For-Profit,38794.0,38794.0,,38794.0,,,https://www.bellusacademy.edu/wp-content/uploads/2024/02/pw-npc.html
Capstone College,CA,3,Private For-Profit,20809.0,20809.0,,20809.0,,,www.capstonecollege.edu/financial-aid/
Central Coast College,CA,3,Private For-Profit,30966.0,30966.0,,30966.0,,,https://www.centralcoastcollege.edu/central-coast-college-netprice/
Pacific College of Health and Science,CA,3,Private For-Profit,54944.0,54944.0,54944.0,,11000.0,11000.0,https://app.meadowfi.com/pacificcollege
Artistic Nails and Beauty Academy-Tampa,FL,3,Private For-Profit,19006.0,19006.0,,19006.0,,,https://www.artistic.edu/npc/npcalc.htm
National Aviation Academy of Tampa Bay,FL,3,Private For-Profit,32240.0,32240.0,,32240.0,,,www.naa.edu/consumer information
Madison Oneida BOCES-Practical Nursing Program,NY,1,Public,33046.0,33046.0,,33046.0,,,https://www.moboces.org/14266_4
College of Health Care Professions,TX,3,Private For-Profit,35295.0,35295.0,,35295.0,,,https://www.chcp.edu/npcalc/npcalc.htm
Center for Advanced Legal Studies,TX,3,Private For-Profit,18491.0,18491.0,,18491.0,,,www.paralegal.edu/net-price-calculator/
Houston Training School-Main Campus,TX,3,Private For-Profit,12495.0,12495.0,,12495.0,,,houstontrainingschools.net/net-investment-calculator
Bay Mills Community College,MI,1,Public,12043.0,12043.0,12043.0,,3480.0,3480.0,https://bmcc.edu/admissions/net-price-calculator.html
Fond du Lac Tribal and Community College,MN,1,Public,19659.0,19659.0,19659.0,,6006.0,6006.0,fdltcc.edu/faculty-staff/business-services/tuition-and-fee-payments/
Northwest Indian College,WA,1,Public,10551.0,10551.0,10551.0,,4365.0,4365.0,https://www.nwic.edu/wp-content/uploads/2021/08/netpricecalculator2021index.html
Provo College,UT,3,Private For-Profit,30099.0,30099.0,30099.0,,16548.0,16548.0,provocollege.edu/financial-aid-admissions/net-price-calculator/
CET-Coachella,CA,2,Private Non-Profit,27522.0,27522.0,,27522.0,,,https://cetweb.edu/tuition
CET-Oxnard,CA,2,Private Non-Profit,23931.0,23931.0,,23931.0,,,https://cetweb.edu/tuition
CET-Santa Maria,CA,2,Private Non-Profit,22703.0,22703.0,,22703.0,,,https://cetweb.edu/tuition
Michigan College of Beauty-Troy,MI,3,Private For-Profit,21863.0,21863.0,,21863.0,,,michigancollegeofbeautytroy.com/wp-content/uploads/2019/08/Net-Price-Calculator.html
Ogle School Hair Skin Nails-Dallas,TX,3,Private For-Profit,26407.0,26407.0,,26407.0,,,www.ogleschool.edu/financial-aid/net-price-calculator
Faust Institute of Cosmetology-Spirit Lake,IA,3,Private For-Profit,11753.0,11753.0,,11753.0,,,www.faustinstitute.com/npcalc/npcalc.htm
Cheeks Beauty Academy,CO,3,Private For-Profit,14861.0,14861.0,,14861.0,,,www.cheeksbeautyacademy.com/consumer-information
Mt. Diablo Adult Education-Mt. Diablo USD,CA,1,Public,14341.0,14341.0,,14341.0,,,https://mdae.mdusd.org/resources/financialaid
Greater Lowell Technical School,MA,1,Public,26600.0,26600.0,,26600.0,,,www2.gltech.org/NetPrice/
Academy of Hair Design-Pearl,MS,3,Private For-Profit,23726.0,23726.0,,23726.0,,,https://academyofhair.com/NetPriceCalculator/npcalc.htm
Genesis Career College-Lebanon,TN,3,Private For-Profit,19952.0,19952.0,,19952.0,,,www.genesiscareer.edu/financial-aid/net-price-calculator/
Southwest College for the Deaf,TX,1,Public,13318.0,25298.0,13318.0,,2766.0,14746.0,www.highered.texas.gov/institutional-resources-programs/net-price-calculator/
Fortis College-Richmond,VA,3,Private For-Profit,31646.0,31646.0,31646.0,,15688.0,15688.0,https://www.fortis.edu/content/dam/fortis/compliance/netpricecalc/npcalc-fortis_richmond.htm
Hacienda La Puente Adult Education,CA,1,Public,9138.0,9138.0,,9138.0,,,www.hlpae.com/students/net-price-calculator
La Belle Beauty Academy,FL,3,Private For-Profit,24765.0,24765.0,,24765.0,,,labellebeauty.net/net-price-calculator
Hawaii Community College,HI,1,Public,15702.0,20838.0,15702.0,,3204.0,8340.0,https://www.hawaii.hawaii.edu/files/financialaid/netpricecalculator/
Robert Fiance Beauty Schools-North Plainfield,NJ,3,Private For-Profit,17973.0,17973.0,,17973.0,,,https://robertfiance.edu/net-price-calculator/
Long Island Beauty School-Hauppauge,NY,3,Private For-Profit,29063.0,29063.0,,29063.0,,,www.libs.edu/netpricecalculator/Hauppauge2015/npcalc.htm
Buckeye Joint Vocational School,OH,1,Public,11864.0,11864.0,,11864.0,,,www.buckeyecareercenter.org/page/consumer-information
Greater Altoona Career & Technology Center,PA,1,Public,22232.0,22232.0,,22232.0,,,www.gactc.edu/net-price-calculator/
Central Texas Beauty College-Temple,TX,3,Private For-Profit,14040.0,14040.0,,14040.0,,,www.centraltexasbeautycollege.com/netpricecalculator/
Erie 2 Chautauqua Cattaraugus BOCES-Practical Nursing Program,NY,1,Public,18953.0,18953.0,,18953.0,,,https://www.e2ccb.org/programs/adult-education/health-career-program/
Eastern New Mexico University Ruidoso Branch Community College,NM,1,Public,9907.0,11803.0,9907.0,,1372.0,3268.0,www.enmu.edu/financial-aid/net-price-calculator
UEI College-Ontario,CA,3,Private For-Profit,31514.0,31514.0,,31514.0,,,https://enroll.uei.edu/Npc
UEI College-Reseda,CA,3,Private For-Profit,32929.0,32929.0,,32929.0,,,https://enroll.uei.edu/Npc
Beacon College,FL,2,Private Non-Profit,70775.0,70775.0,70775.0,,51680.0,51680.0,https://www.beaconcollege.edu/admissions/tuition-financial-aid/tuition/net-price-calculator/
Estrella Mountain Community College,AZ,1,Public,18040.0,24640.0,18040.0,,2358.0,8958.0,www.estrellamountain.edu/disclosures
Heartland Community College,IL,1,Public,16727.0,24287.0,16727.0,,5550.0,13110.0,https://www.heartland.edu/payingforcollege/cost/netcalc.html
Rabbi Jacob Joseph School,NJ,2,Private Non-Profit,22600.0,22600.0,22600.0,,12700.0,12700.0,https://rabbijacobjoseph.com/links/
The Salon Professional Academy-Melbourne,FL,3,Private For-Profit,17610.0,17610.0,,17610.0,,,www.tspamelbourne.com/financial-aid/welcome/
Fortis Institute-Scranton,PA,3,Private For-Profit,29552.0,29552.0,29552.0,,15348.0,15348.0,https://www.fortis.edu/portals/0/compliancefiles/netprice-calc/npcalc-fortis_scranton.htm
Everglades University,FL,2,Private Non-Profit,38913.0,38913.0,38913.0,,21680.0,21680.0,https://enroll.evergladesuniversity.edu/npc
Seminar L'moros Bais Yaakov,NY,2,Private Non-Profit,31285.0,31285.0,31285.0,,12500.0,12500.0,https://seminarlmorosbaisyaakov.com/links/
Herzing University-Orlando,FL,2,Private Non-Profit,26664.0,26664.0,26664.0,,13450.0,13450.0,https://www.herzing.edu/tuition-financial-aid/net-price-calculator
Cortiva Institute,FL,3,Private For-Profit,31749.0,31749.0,,31749.0,,,https://www.cortiva.edu/maitland-net-price-calculator/
College of Biblical Studies-Houston,TX,2,Private Non-Profit,11523.0,11523.0,11523.0,,9350.0,9350.0,https://prospect.studentaidprocess.com/saintprospect/(S(acurek5qf4nwiw2nfbr4xvem))/netpricecalculator?corpid=93
Polaris Career Center,OH,1,Public,17171.0,17171.0,,17171.0,,,https://www.polaris.edu/o/pcc/page/consumer-information
P&A Scholars Beauty School,MI,3,Private For-Profit,17445.0,17445.0,,17445.0,,,www.pandascholars.com/npcalc.htm
The College of Health Care Professions-Northwest,TX,3,Private For-Profit,33383.0,33383.0,,33383.0,,,www.chcp.edu/npcalc/npcalc.htm
Fortis College,TX,3,Private For-Profit,34445.0,34445.0,,34445.0,,,https://www.fortis.edu/content/dam/fortis/compliance/netpricecalc/npcalc-fortis_houston_south.htm
UEI College-Gardena,CA,3,Private For-Profit,34105.0,34105.0,,34105.0,,,https://enroll.uei.edu/Npc
Copper Mountain Community College,CA,1,Public,18216.0,30396.0,18216.0,,1390.0,13570.0,https://npc.cccco.edu/971/npcalc.htm
Diversified Vocational College,CA,3,Private For-Profit,27222.0,27222.0,,27222.0,,,www.dvcla.edu/calculator2019/
UEI College-Fresno,CA,3,Private For-Profit,33551.0,33551.0,,33551.0,,,https://enroll.uei.edu/Npc
Santiago Canyon College,CA,1,Public,13818.0,22266.0,13818.0,,1164.0,9612.0,https://npc.cccco.edu/873/npcalc.htm
Southern California Institute of Technology,CA,3,Private For-Profit,37992.0,37992.0,37992.0,,20515.0,20515.0,https://www.scitech.edu/financial-aid/net-price-calculator
Soka University of America,CA,2,Private Non-Profit,55064.0,55064.0,55064.0,,38728.0,38728.0,npc.collegeboard.org/app/soka
Summit College,CA,3,Private For-Profit,33244.0,33244.0,,33244.0,,,https://calculator.studentaidprocess.com/calculator/(S(4fctomblps4mbmni0o0qgyg1))/netpricecalculator?corpid=104
Advance Beauty College,CA,3,Private For-Profit,14811.0,14811.0,,14811.0,,,https://www.advancebeautycollege.edu/net-price-calculator
World Mission University,CA,2,Private Non-Profit,22505.0,22505.0,22505.0,,6920.0,6920.0,www.wmu.edu/financialcalculator/
John Amico School of Hair Design,IL,3,Private For-Profit,23310.0,23310.0,,23310.0,,,https://www.johnamicoschoolofhairdesign.com/financial-aid/fafsa-net-price-calculator/
Delta College Inc,LA,3,Private For-Profit,28531.0,28531.0,,28531.0,,,deltacollege.com/consumer-info/
Tri-State Cosmetology Institute,TX,3,Private For-Profit,21586.0,21586.0,,21586.0,,,https://tristatecosmetology.com/wp-content/uploads/2025/12/index.html
Brookline College-Tempe,AZ,3,Private For-Profit,26076.0,26076.0,,26076.0,,,https://enroll-brookline.educationpartners.com/Npc?NULL=NULL#NULL
Coconino Community College,AZ,1,Public,19844.0,26924.0,19844.0,,2907.0,9987.0,https://www.coconino.edu/ccc-pages/netprice-calculator/
Emma's Beauty Academy-Juana Diaz,PR,3,Private For-Profit,9573.0,9573.0,,9573.0,,,https://netpricecalculator.ebajuanadiaz.com/
Brillare Beauty Institute,TN,2,Private Non-Profit,21460.0,21460.0,,21460.0,,,https://brillarebeautyinstitute.edu/prospective-students/enrollment/financial-aid/
Pima Medical Institute-Denver,CO,3,Private For-Profit,26476.0,26476.0,,26476.0,,,https://secure.pmi.edu/npcalc/
Ohio State School of Cosmetology-Heath,OH,3,Private For-Profit,21691.0,21691.0,,21691.0,,,https://salonschools.ohiostate.edu/npcalc.htm
Yeshivas Novominsk,NY,2,Private Non-Profit,17880.0,17880.0,17880.0,,8640.0,8640.0,https://yeshivasnovominsk.com/wp-content/links/
Southern Careers Institute-Corpus Christi,TX,3,Private For-Profit,33702.0,33702.0,,33702.0,,,https://prospect.studentaidprocess.com/saintprospect/(S(ocmfllhcnha2l4egndtg2dgp))/netpricecalculator?corpid=64
Rabbinical College of Ohr Shimon Yisroel,NY,2,Private Non-Profit,41283.0,41283.0,41283.0,,22300.0,22300.0,https://ohrcosy.org/
Carroll Community College,MD,1,Public,8628.0,14478.0,8628.0,,4308.0,10158.0,https://webapps1.carrollcc.edu/extassets/netpricecalculator/netprice/npcalc.htm
Galen College of Nursing-Tampa Bay,FL,3,Private For-Profit,34369.0,34369.0,34369.0,,17048.0,17048.0,https://galencollege.studentaidcalculator.com/welcome.aspx
Galen College of Nursing-San Antonio,TX,3,Private For-Profit,34565.0,34565.0,34565.0,,17048.0,17048.0,https://galencollege.studentaidcalculator.com/welcome.aspx
Sarasota School of Massage Therapy,FL,3,Private For-Profit,23471.0,23471.0,,23471.0,,,https://www.sarasotaschoolofmassagetherapy.edu/admissions/calculator.html
Schuyler Steuben Chemung Tioga Allegany BOCES,NY,1,Public,26025.0,26025.0,,26025.0,,,https://core-docs.s3.us-east-1.amazonaws.com/documents/asset/uploaded_file/2750/GST_BOCES/3526905/Net_Price_Calculator.html
Delaware Chenango Madison Otsego BOCES-Practical Nursing Program,NY,1,Public,32265.0,32265.0,,32265.0,,,https://files-backend.assets.thrillshare.com/documents/asset/uploaded_file/3383/dcmo_boces/3b17f5ab-aafa-434e-8b8a-e0c3baada7a1/index.html?disposition=inline
Central Susquehanna Intermediate Unit LPN Career,PA,1,Public,20475.0,20475.0,,20475.0,,,https://lpn.csiu.org/financial-aid/financial-aid/net-price-calculator2
G Skin & Beauty Institute,IL,3,Private For-Profit,28826.0,28826.0,,28826.0,,,www.gskinbeautyinstitute.edu/net-price-calculator
Cosmetology Training Center,LA,3,Private For-Profit,17251.0,17251.0,,17251.0,,,cosmetlafayettela.com/prospective-students/net-price-calculator.html
Stage One-The Hair School,LA,3,Private For-Profit,17273.0,17273.0,,17273.0,,,https://stageoneinc.com/financial-aid/
Empire Beauty School-Malden,MA,3,Private For-Profit,23763.0,23763.0,,23763.0,,,www.empire.edu/consumer-information/net-price-calculator
Xenon A Stephanie Moss Academy,NE,3,Private For-Profit,21709.0,21709.0,,21709.0,,,https://xenonacademy.net/npc/
Orlo School of Hair Design and Cosmetology,NY,3,Private For-Profit,20096.0,20096.0,,20096.0,,,www.theorloschool.com/npcalc.htm
Eastland-Fairfield Career and Technical Schools,OH,1,Public,18296.0,18296.0,,18296.0,,,https://files-backend.assets.thrillshare.com/documents/asset/uploaded_file/3608/aw/2b73806f-5e82-4c49-8daf-909b8df70bf5/index.html?disposition=inline
Empire Beauty School-Cincinnati,OH,3,Private For-Profit,22715.0,22715.0,,22715.0,,,www.empire.edu/consumer-information/net-price-calculator
Raphael's School of Beauty Culture Inc-Boardman,OH,3,Private For-Profit,23606.0,23606.0,,23606.0,,,solutions02.campusivy.com/Apps/NPC/NPCWizard?institutionId=67600
Scioto County Career Technical Center,OH,1,Public,23561.0,23561.0,,23561.0,,,sciototech.org/home/NetPrice/npcalc.htm
Pacific Bible College,OR,2,Private Non-Profit,28080.0,28080.0,28080.0,,7168.0,7168.0,pacificbible.edu/admission/financial-aid/
UCAS University of Cosmetology Arts & Sciences-Harlingen,TX,3,Private For-Profit,19130.0,19130.0,,19130.0,,,ucastx.com/NPcalc/McA-Har-LJ2017.html
Paul Mitchell the School-Federal Way,WA,3,Private For-Profit,22773.0,22773.0,,22773.0,,,https://paulmitchell.edu/federalway/tuition-calculator
Empire Beauty School-Green Bay,WI,3,Private For-Profit,21059.0,21059.0,,21059.0,,,www.empire.edu/consumer-information/net-price-calculator
Warren County Career Center,OH,1,Public,27799.0,27799.0,,27799.0,,,gainfullemployment.mywccc.org/NPCALC/
Paul Mitchell the School-Wichita,KS,3,Private For-Profit,22941.0,22941.0,,22941.0,,,paulmitchell.edu/wichita/tuition-calculator
Pinnacle Institute of Cosmetology,NC,3,Private For-Profit,20407.0,20407.0,,20407.0,,,https://pinnacleinstitute.edu/financial-aid-mooresville-cosmetology-school/
Southern Careers Institute-Pharr,TX,3,Private For-Profit,27432.0,27432.0,,27432.0,,,https://prospect.studentaidprocess.com/saintprospect/(S(ocmfllhcnha2l4egndtg2dgp))/netpricecalculator?corpid=64
Florida National University-Main Campus,FL,3,Private For-Profit,33447.0,33447.0,33447.0,,17368.0,17368.0,https://www.fnu.edu/net-price-calculator/
Georgia Institute of Cosmetology,GA,3,Private For-Profit,19039.0,19039.0,,19039.0,,,gic.edu/cosmetology-program-athens/
Nouvelle Institute,FL,3,Private For-Profit,17929.0,17929.0,,17929.0,,,nouvelleinstitute.com/net-price-calculator/
Franklin Technology Center Adult Education,MO,1,Public,38810.0,38810.0,,38810.0,,,https://ftcadulted.joplinschools.org/57508_2
Professional Technical Institution,PR,3,Private For-Profit,11052.0,11052.0,,11052.0,,,ptipr.edu/calculadora-de-precio-neto/
South Texas College,TX,1,Public,9561.0,12261.0,9561.0,,4920.0,7620.0,https://apps.highered.texas.gov/index.cfm?page=1a0b23b6b5960748dfcd38f788922d7646e17b1a9204b5063fdc2830e9d90dc4&fice=031034
Lorain County Joint Vocational School District,OH,1,Public,15196.0,15196.0,,15196.0,,,https://acc.loraincountyjvs.com/application-process
California State University-Monterey Bay,CA,1,Public,26987.0,39587.0,26987.0,,7779.0,20379.0,https://csumb.github.io/net-price-calculator.html
Ohio Media School-Valley View,OH,3,Private For-Profit,29184.0,29184.0,,29184.0,,,beonair.com/locations/cleveland/net-price-calculator/
EINE Inc,MA,3,Private For-Profit,31168.0,31168.0,,31168.0,,,https://www.electrologyinstitute.com/files/130005858.htm
Marian Health Careers Center-Los Angeles Campus,CA,3,Private For-Profit,35806.0,35806.0,,35806.0,,,www.mariancollege.edu/calculator-la.php
Academy for Nursing and Health Occupations,FL,2,Private Non-Profit,38164.0,38164.0,,38164.0,,,www.anho.edu/net price calculator/20240530/NetPriceTemplate/index.html
Shawsheen Valley School of Practical Nursing,MA,1,Public,38717.0,38717.0,,38717.0,,,https://www.shawsheenpracticalnursing.com/application-info
Shear Ego International School of Hair Design,NY,3,Private For-Profit,34853.0,34853.0,,34853.0,,,www.shearegoschool.com/about-us/net-price-calculator
Remington College-Memphis Campus,TN,2,Private Non-Profit,32443.0,32443.0,32443.0,,17083.0,17083.0,https://www.remingtoncollege.edu/net-price-calculator/
Fayette Institute of Technology,WV,1,Public,10382.0,10382.0,,10382.0,,,fit.faye.tec.wv.us/wp-content/uploads/2021/03/index.html
Capella University,MN,3,Private For-Profit,22820.0,22820.0,22820.0,,14400.0,14400.0,www.capella.edu/tuition-financial-aid/net-price-calculator/
College of Menominee Nation,WI,2,Private Non-Profit,16144.0,16144.0,16144.0,,6200.0,6200.0,https://www.menominee.edu/admission-aid/net-price-calculator
Leech Lake Tribal College,MN,1,Public,16717.0,16717.0,16717.0,,4850.0,4850.0,www.lltc.edu/financial-aid/net-price-calculator
Spartan College of Aeronautics & Technology,CA,3,Private For-Profit,39104.0,39104.0,,39104.0,,,www.spartan.edu/calculator/la/
Yukon Beauty College Inc,OK,3,Private For-Profit,13792.0,13792.0,,13792.0,,,https://www.yukonbeautycollege.com/npc/
United Education Institute-Morrow,GA,3,Private For-Profit,41199.0,41199.0,,41199.0,,,https://enroll.uei.edu/Npc
Artistic Academy of Hair Design,NJ,3,Private For-Profit,23892.0,23892.0,,23892.0,,,https://www.artisticacademy.com/net-price-calculator
Motoring Technical Training Institute,MA,3,Private For-Profit,23882.0,23882.0,,23882.0,,,www.mtti.edu/financial-aid/net-price-calculator
Mech-Tech College,PR,3,Private For-Profit,18206.0,18206.0,18206.0,,11394.0,11394.0,https://www.mechtech.edu/NetPriceCalculator/
Baldwin Beauty School-North Austin,TX,3,Private For-Profit,20922.0,20922.0,,20922.0,,,https://www.baldwinbeautyschools.com/net-price-calculator-2019.html
Jean Madeline Aveda Institute,PA,3,Private For-Profit,23886.0,23886.0,,23886.0,,,jeanmadeline.edu/NetPriceCalculator/npcalc.htm
Pacific College of Health and Science,NY,3,Private For-Profit,59356.0,59356.0,59356.0,,15804.0,15804.0,https://app.meadowfi.com/pacificcollege
Tricoci University of Beauty Culture-Indianapolis,IN,3,Private For-Profit,27938.0,27938.0,,27938.0,,,www.tricociuniversity.edu/admissions-financial-aid/beauty-school-calculator/
Trine University-Regional/Non-Traditional Campuses,IN,2,Private Non-Profit,26786.0,26786.0,26786.0,,7176.0,7176.0,www.trine.edu/admission-aid/tuition-aid/trine-net-price-calculator.aspx
Pennsylvania Highlands Community College,PA,1,Public,12306.0,18546.0,12306.0,,7110.0,13350.0,https://my.pennhighlands.edu/ics/net_price_calculator.jnz?portlet=external_content
Nevada Career Institute,NV,3,Private For-Profit,44982.0,44982.0,,44982.0,,,nw.edu/ecamp/npc-nwc/npcalc.htm
Empire Beauty School-Hanover,PA,3,Private For-Profit,21479.0,21479.0,,21479.0,,,www.empire.edu/consumer-information/net-price-calculator
Industrial Management Training Institute,CT,3,Private For-Profit,44902.0,44902.0,,44902.0,,,https://imti.edu/np-calc
Allen School-Jamaica,NY,3,Private For-Profit,35693.0,35693.0,,35693.0,,,www.allenschool.edu/tuition-calculators
Premiere Career College,CA,3,Private For-Profit,32314.0,32314.0,,32314.0,,,https://www.premierecollege.education/net-price-calculator
Estes Institute of Cosmetology Arts and Science,CA,3,Private For-Profit,21002.0,21002.0,,21002.0,,,estescosmetology.com/financial-aid/365850
Baldwin Park Adult & Community Education,CA,1,Public,11859.0,11859.0,,11859.0,,,https://sites.google.com/bpusd.net/bpace-netprice-calculator/home
Ventura Adult and Continuing Education,CA,1,Public,15637.0,15637.0,,15637.0,,,www.adultedventura.edu/netprice/index.html
Career Center of Southern Illinois,IL,1,Public,33855.0,33855.0,,33855.0,,,www.gotoccsi.org/adult-nursing-cna/student-services-1/net-price-calculator
Crave Beauty Academy,KS,3,Private For-Profit,21969.0,21969.0,,21969.0,,,https://cravebeautyacademy.com/NetPriceCalculator/2018/npcalc.htm
Hastings Beauty School,MN,3,Private For-Profit,19433.0,19433.0,,19433.0,,,www.hastingsbeautyschool.com/net-price-calculator/
Kirksville Area Technical Center,MO,1,Public,12762.0,12762.0,,12762.0,,,https://core-docs.s3.amazonaws.com/documents/asset/uploaded_file/2933/KATC/2391857/index_1_.html
Southern Missouri Technical Institute,MO,1,Public,28913.0,28913.0,,28913.0,,,https://www.somotech.edu/financial-aid/net-price-calculator
Saline County Career Center,MO,1,Public,27184.0,27184.0,,27184.0,,,https://core-docs.s3.amazonaws.com/documents/asset/uploaded_file/99303/npcalc.htm
Warrensburg Area Career Center,MO,1,Public,15101.0,15101.0,,15101.0,,,https://wacc.warrensburgr6.org/o/wacc/page/adult-programs
Cass Career Center,MO,1,Public,23586.0,23586.0,,23586.0,,,harrisonvilleschools.schoolwires.net/Page/207
Applied Tech,MO,1,Public,27523.0,27523.0,,27523.0,,,www.appliedtech.edu/np/index.html
Central College of Cosmetology,MO,3,Private For-Profit,12990.0,12990.0,,12990.0,,,centralandsalemcolleges.com/price calculator.htm
Southeast Missouri Hospital College of Nursing and Health Sciences,MO,2,Private Non-Profit,24592.0,24592.0,24592.0,,11064.0,11064.0,https://nces.ed.gov/collegenavigator/?q=southeast&s=MO&id=417734
Messenger College,TX,2,Private Non-Profit,29881.0,29881.0,29881.0,,11620.0,11620.0,www.messengercollege.edu/cost
Union County Vocational Technical School,NJ,1,Public,11426.0,11426.0,,11426.0,,,https://www.ucvts.org/
Prism Career Institute-Philadelphia,PA,3,Private For-Profit,35049.0,35049.0,,35049.0,,,www.prismcareerinstitute.edu/netprice/all-campus-npcalc.htm
Clinton Essex Warren Washington BOCES,NY,1,Public,19642.0,19642.0,,19642.0,,,https://www.cves.org/wp-content/uploads/2016/01/npcalc2.htm
Veeb Nassau County School of Practical Nursing,NY,1,Public,45829.0,45829.0,45829.0,,20230.0,20230.0,www.veebpnprogram.org/financial-aid-calc
Cattaraugus Allegany BOCES-Practical Nursing Program,NY,1,Public,20009.0,20009.0,,20009.0,,,https://caboces.org/education/wdcl/health/practical-nursing/
Orange Ulster BOCES,NY,1,Public,31597.0,31597.0,,31597.0,,,https://www.ouboces.org/students-of-all-ages/adult-education/practical-nurse-program-2025
Broome Delaware Tioga BOCES-Practical Nursing Program,NY,1,Public,24035.0,24035.0,,24035.0,,,www.btboces.org/calc/npcalc.htm
Washington Saratoga Warren Hamilton Essex BOCES-Practical Nursing Program,NY,1,Public,23918.0,23918.0,,23918.0,,,www.wswheboces.org/uploads/npcalc.htm
Albany BOCES-Adult Practical Nursing Program,NY,1,Public,31313.0,31313.0,,31313.0,,,https://www.capitalregionboces.org/wp-content/themes/twentyseventeen-child/cte/calc/npcalc.htm
Eastern Suffolk BOCES,NY,1,Public,28917.0,28917.0,,28917.0,,,https://www.esboces.org/fs/resource-manager/view/86cfc7d2-43f4-4197-bcd8-dd629d75ed4f
Rockland County BOCES-Practical Nursing Program,NY,1,Public,40784.0,40784.0,,40784.0,,,docs.google.com/document/d/1IqpnXwg5bT4MXwlUyv74Gb9D7OTAItFoUZNOyq6u4QU/edit?tab=t.0
Northern Career Institute,OH,1,Public,20379.0,20379.0,20379.0,,16250.0,16250.0,ncioh.edu/net-price-calculator
Ohio Media School-Cincinnati,OH,3,Private For-Profit,30293.0,30293.0,,30293.0,,,www.beonair.com/cincinnati/cincinnati-net-price-calculator/
Indian Capital Technology Center-Muskogee,OK,1,Public,14348.0,14348.0,,14348.0,,,www.ictech.edu/apps/pages/net-price-calculator
Western Technology Center,OK,1,Public,5114.0,5114.0,,5114.0,,,https://westtechedu.finalsite.com/uploaded/Net_Price_Calculator/22-23NetPriceCalc.html
Eastern Oklahoma County Technology Center,OK,1,Public,11912.0,11912.0,,11912.0,,,www.eoctech.edu/files/netpricecalculator/index.html
Wes Watkins Technology Center,OK,1,Public,7336.0,7336.0,,7336.0,,,www.wwtech.org/331959_2
York County School of Technology-Adult & Continuing Education,PA,1,Public,17765.0,17765.0,,17765.0,,,www.educationthatpays.com/financial-aid/net-price-calculator/
Chester County Intermediate Unit,PA,1,Public,20155.0,20155.0,,20155.0,,,https://www.cciu.org/uploaded/netprice/index.html
Jefferson County DuBois Area Vocational Technical School,PA,1,Public,20766.0,20766.0,,20766.0,,,https://docs.jefftech.us/netpricecalc(1-20).html
Greater Johnstown Career and Technology Center,PA,1,Public,19100.0,19100.0,,19100.0,,,www.gjctc.org/net-price-calculator
Mifflin County Academy of Science and Technology,PA,1,Public,28877.0,28877.0,,28877.0,,,https://www.theacademy.net/pn-financial-assistance/
Lenape Technical School Practical Nursing Program,PA,1,Public,27769.0,27769.0,,27769.0,,,https://www.lenape.k12.pa.us/uploaded/pnp_files/index.html
Venango County Area Vocational Technical School,PA,1,Public,21825.0,21825.0,,21825.0,,,https://www.vtc1.org/nursing/net-price-calculator
Lancaster County Career and Technology Center,PA,1,Public,22146.0,22146.0,,22146.0,,,lancasterctc.edu/admissions/higher-education-admissions/financial-aid/
Indiana County Technology Center,PA,1,Public,24599.0,24599.0,,24599.0,,,www.ictc.edu/adult-education/ictc-net-price-calculator
Northern Tier Career Center,PA,1,Public,20496.0,20496.0,,20496.0,,,https://www.ntccschool.org/page/practical-nursing
All-State Career School-Pittsburgh,PA,3,Private For-Profit,22397.0,22397.0,,22397.0,,,https://www.allstatecareer.edu/content/dam/all-state/compliance/netpricecalc/npcalc-all_state_career_pittsburgh.htm
D'Mart Institute,PR,3,Private For-Profit,16412.0,16412.0,,16412.0,,,https://www.dmartpr.net/tesorera
Automeca Technical College-Aguadilla,PR,3,Private For-Profit,14487.0,14487.0,14487.0,,9095.0,9095.0,https://www.automeca.com/asistencia-economica/net-price-calculator
North Central Institute,TN,3,Private For-Profit,22107.0,22107.0,,22107.0,,,https://netpricecalculator.nci.edu/
Tint School of Makeup and Cosmetology-Dallas,TX,3,Private For-Profit,29209.0,29209.0,,29209.0,,,tintcosmetologyschools.com/net-price-calculator/
United Technical Center,WV,1,Public,11600.0,11600.0,11600.0,,4700.0,4700.0,https://unitedtechnicalcenterwv.com/Practical Nursing/
Charles H McCann Technical School,MA,1,Public,17976.0,17976.0,,17976.0,,,https://www.mccanntech.org/educational-programs/postsecondary/postsecondary-admissions/financial-aid#fs-panel-30800
Central California School of Continuing Education,CA,3,Private For-Profit,19463.0,19463.0,19463.0,,9895.0,9895.0,www.ccsce.org/calculator.php
HCA Florida Mercy Hospital School of Practical Nursing,FL,3,Private For-Profit,13609.0,13609.0,,13609.0,,,www.hcafloridahealthcare.com/for-medical-professionals/physician-and-employee-information/mercy-hospital/mercy-hospital-school-of-practical-nursing
Marion Technical College,FL,1,Public,13021.0,13021.0,,13021.0,,,https://www.mariontc.edu/wp-content/uploads/2023/09/calculator-1.html
Rivertown School of Beauty Barber Skin Care and Nails,GA,3,Private For-Profit,23987.0,23987.0,,23987.0,,,rivertownschoolofbeauty.com/netprice/npcalc.htm
Atlanta Institute of Music and Media,GA,3,Private For-Profit,41032.0,41032.0,,41032.0,,,https://aimm.clearcostcalculator.com/student/default/netpricecalculator/survey
Illinois Media School,IL,3,Private For-Profit,31635.0,31635.0,,31635.0,,,beonair.com/locations/ohare-il-campus/net-price-calculator
New Dimensions School,MO,3,Private For-Profit,12871.0,12871.0,,12871.0,,,newdimensionsschoolofhairdesign.com/wp-content/uploads/2022/05/index.html.com/Annual/NPC/npcalc.htm
Jna Institute of Culinary Arts,PA,3,Private For-Profit,28228.0,28228.0,28228.0,,14575.0,14575.0,https://www.culinaryarts.edu/disclosures/npc.html
Putnam Career and Technical Center,WV,1,Public,7475.0,7475.0,,7475.0,,,https://core-docs.s3.amazonaws.com/documents/asset/uploaded_file/1087016/Net_Price_Calculator_18-19_published_in_20-21.html
Texas College of Cosmetology-San Angelo,TX,3,Private For-Profit,20653.0,20653.0,,20653.0,,,www.texascollegecosmetology.com/net-price-calculator
Automeca Technical College-Bayamon,PR,3,Private For-Profit,13703.0,13703.0,13703.0,,9095.0,9095.0,https://www.automeca.com/asistencia-economica/net-price-calculator
Automeca Technical College-Caguas,PR,3,Private For-Profit,14262.0,14262.0,14262.0,,9095.0,9095.0,https://www.automeca.com/asistencia-economica/net-price-calculator
Automeca Technical College-Ponce,PR,3,Private For-Profit,14278.0,14278.0,14278.0,,9095.0,9095.0,https://www.automeca.com/asistencia-economica/net-price-calculator
Prism Career Institute-Cherry Hill,NJ,3,Private For-Profit,34984.0,34984.0,,34984.0,,,www.prismcareerinstitute.edu/netprice/all-campus-npcalc.htm
Yeshiva D'monsey Rabbinical College,NY,2,Private Non-Profit,20600.0,20600.0,20600.0,,9200.0,9200.0,https://yeshivadmonsey.com/links/
Lincoln Technical Institute-Mahwah,NJ,3,Private For-Profit,33182.0,33182.0,,33182.0,,,www.lincolntech.edu/net-price-calculator
Northwest Vista College,TX,1,Public,11932.0,18472.0,11932.0,,3412.0,9952.0,https://apps.highered.texas.gov/apps/npc?fice=000307
Oconee Fall Line Technical College,GA,1,Public,24902.0,27470.0,24902.0,,3380.0,5948.0,https://oftc.edu/admissions/financial-aid/net-price-calculator/
York County Community College,ME,1,Public,15075.0,17955.0,15075.0,,4156.0,7036.0,https://www.yccc.edu/about-us/about-yccc/consumer-info/york-county-community-college-net-price-calculator/
Arkansas State University-Mountain Home,AR,1,Public,16071.0,17535.0,16071.0,,3312.0,4776.0,https://www.asumh.edu/financial-aid/net-price-calculator.html
Columbia Gorge Community College,OR,1,Public,18608.0,22928.0,18608.0,,5940.0,10260.0,cgcc.edu/npc
Tillamook Bay Community College,OR,1,Public,13267.0,13987.0,13267.0,,4896.0,5616.0,https://tbcportal.jenzabarcloud.com/ICS/Cost_Calculator/
Manhattan School of Computer Technology,NY,2,Private Non-Profit,15112.0,15112.0,,15112.0,,,www.manhattanschool.edu/financial-aid/net-price-calculator/
Ross College-Hopkinsville,KY,3,Private For-Profit,24563.0,24563.0,,24563.0,,,https://rosseducation.edu/consumer-info/#npc
Paul Mitchell the School-St. George,UT,3,Private For-Profit,19875.0,19875.0,,19875.0,,,paulmitchell.edu/stgeorge/tuition-calculator
Cadillac Institute of Cosmetology,MI,3,Private For-Profit,24789.0,24789.0,,24789.0,,,instituteofcos.net/netprice/netpricecalc19.html
Arizona College of Nursing-Tempe,AZ,3,Private For-Profit,38153.0,38153.0,38153.0,,26091.0,26091.0,https://www.arizonacollege.edu/admissions/financial-aid/net-price-calculator/
Academy of Beauty Professionals,MO,3,Private For-Profit,26515.0,26515.0,,26515.0,,,https://www.academyofbeautyprofessionals.com/net-price-calculator/
Eastern International College-Jersey City,NJ,3,Private For-Profit,26182.0,26182.0,26182.0,,18383.0,18383.0,www.eicollege.edu/financial-aid/net-price-calculator/
Academia Serrant Inc,PR,3,Private For-Profit,14395.0,14395.0,,14395.0,,,www.serrant.edu/serviciosalestudiante-netcalculator.htm
San Joaquin Valley College-Trades Education Center,CA,3,Private For-Profit,32406.0,32406.0,,32406.0,,,https://www.sjvc.edu/net-price-calculator
Pacific College,CA,3,Private For-Profit,30789.0,30789.0,,30789.0,,,https://www.pacific-college.edu/net-price-calculator
American College of Healthcare and Technology,CA,3,Private For-Profit,25460.0,25460.0,,25460.0,,,www.ach.edu/getting-started/financial-aid/net-price-calculator/
Compu-Med Vocational Careers Corp,FL,3,Private For-Profit,52996.0,52996.0,,52996.0,,,https://www.compumed.edu/programs/
Advantage Technical College,PR,3,Private For-Profit,11428.0,11428.0,,11428.0,,,https://adtecpr.com/asistencia-economica/#netcal
Mid Cities Barber College,TX,3,Private For-Profit,18393.0,18393.0,,18393.0,,,midcitiesbarbercollege.com/netprice/npcalc.htm
Oregon Coast Community College,OR,1,Public,14650.0,14650.0,14650.0,,5544.0,5544.0,www.pcc.edu/enroll/paying-for-college/financial-aid/net-price-calculator/
Gwinnett College,GA,3,Private For-Profit,37004.0,37004.0,,37004.0,,,www.gwinnettcollege.edu/title-ix-disclosures/
Embry-Riddle Aeronautical University-Worldwide,FL,2,Private Non-Profit,24878.0,24878.0,24878.0,,12097.0,12097.0,https://www.shoppingsheet.com/Shopping/Landing/erau-426314
Merkaz Bnos-Business School,NY,2,Private Non-Profit,41327.0,41327.0,,41327.0,,,https://mbs-career.org/wp-content/uploads/2025/08/index.html
Lia Schorr Institute of Cosmetic Skin Care Training,NY,3,Private For-Profit,11345.0,11345.0,,11345.0,,,www.liaschorrinstitute.com/netpricecalculator
Aviation Institute of Maintenance-Norfolk,VA,3,Private For-Profit,28427.0,28427.0,28427.0,,16757.0,16757.0,https://aviationmaintenance.edu/your-rights
Osceola Technical College,FL,1,Public,10001.0,10001.0,,10001.0,,,https://nces.ed.gov/ipeds/netpricecalculator/#/
Miami Ad School,FL,3,Private For-Profit,66800.0,66800.0,66800.0,,19400.0,19400.0,https://solutions.campusivy.com/apps/npc/npcwizard?institutionid=49200
Green Country Technology Center,OK,1,Public,4753.0,4753.0,,4753.0,,,https://www.gctcok.edu/page/financial-aid
Nova College de Puerto Rico,PR,3,Private For-Profit,11143.0,11143.0,,11143.0,,,https://www.novacollegepr.com/calculadora-de-costo-neto
John Wesley International Barber and Beauty College,CA,3,Private For-Profit,22053.0,22053.0,,22053.0,,,https://johnwesleybarberbeauty365.com/financial-aid-1
Southeastern College-Boynton Beach,FL,3,Private For-Profit,37884.0,37884.0,37884.0,,24480.0,24480.0,www.sec.edu/admissions/net-price-calculator/
Klamath Community College,OR,1,Public,15644.0,18704.0,15644.0,,4965.0,8025.0,https://www.klamathcc.edu/en-US/admissions/financial-aid/net-price-calculator.html
Urban College of Boston,MA,2,Private Non-Profit,19353.0,19353.0,19353.0,,7608.0,7608.0,https://calculator.studentaidprocess.com/calculator/(s(qpkkaquwexb105tecnzrqp5m))/netpricecalculator?corpid=161
Empire Beauty School-Monroeville,PA,3,Private For-Profit,22608.0,22608.0,,22608.0,,,www.empire.edu/consumer-information/net-price-calculator
Southern Careers Institute-San Antonio,TX,3,Private For-Profit,32055.0,32055.0,,32055.0,,,https://prospect.studentaidprocess.com/saintprospect/(S(ocmfllhcnha2l4egndtg2dgp))/netpricecalculator?corpid=64
Cayce/Reilly School of Massage,VA,2,Private Non-Profit,21602.0,21602.0,,21602.0,,,www.caycereilly.edu/admissions/cost-of-attendance/
Prism Career Institute-West Atlantic City,NJ,3,Private For-Profit,34627.0,34627.0,,34627.0,,,www.prismcareerinstitute.edu/netprice/all-campus-npcalc.htm
Studio Jewelers,NY,3,Private For-Profit,22271.0,22271.0,,22271.0,,,www.studiojewelersltd.com/apply/apply.html
Praxis Institute,FL,3,Private For-Profit,11424.0,11424.0,,11424.0,,,https://praxis.edu/consumer-information/
San Juan Bautista School of Medicine,PR,2,Private Non-Profit,12341.0,12341.0,12341.0,,6750.0,12747.0,https://www.sanjuanbautista.edu/admissions/financial-aid/federal-student-loans
Carver Career Center,WV,1,Public,9947.0,9947.0,,9947.0,,,https://apps.kana.k12.wv.us/misc/npcalc-carver.html
Cayuga Onondaga BOCES-Practical Nursing Program,NY,1,Public,38884.0,38884.0,38884.0,,14085.0,14085.0,www.cayboces.org/cms/lib/NY50000529/Centricity/Domain/16/index.html
Clearfield County Career and Technology Center,PA,1,Public,18878.0,18878.0,,18878.0,,,https://ccctc.edu/forms/net-price-calculator
Colegio de Cinematografia Artes y Television,PR,3,Private For-Profit,8846.0,8846.0,8846.0,,7796.0,7796.0,www.ccatpuertorico.com/docs/NetPriceTemplate/
Delaware County Technical School-Practical Nursing Program,PA,1,Public,26251.0,26251.0,,26251.0,,,https://www.dciu.org/lpn/admission-instructions#fs-panel-11815
Mid-Del Technology Center,OK,1,Public,14525.0,14525.0,,14525.0,,,https://5il.co/3nmdp
New York Institute of Massage Inc,NY,3,Private For-Profit,31806.0,31806.0,,31806.0,,,https://www.nyinstituteofmassage.com/npcalc.html
Dutchess BOCES-Practical Nursing Program,NY,1,Public,38296.0,38296.0,,38296.0,,,https://www.dcboces.org/sites/default/files/dcboces/hservices/npc/npcalc.htm
Escuela Tecnica de Electricidad,PR,3,Private For-Profit,12531.0,12531.0,,12531.0,,,https://www.etepr.edu/carculadora
Institute of Technology,CA,3,Private For-Profit,29228.0,29228.0,,29228.0,,,www.iot.edu/financial-aid/net-price-calculator/
Genesee Valley BOCES-Practical Nursing Program,NY,1,Public,29880.0,29880.0,,29880.0,,,www.gvboces.org/o/gvb/page/financial-aid-resources
Herkimer County BOCES-Practical Nursing Program,NY,1,Public,21648.0,21648.0,,21648.0,,,https://www.herkimer-boces.org/page/financial-aid
Graduate America College,TX,3,Private For-Profit,19482.0,19482.0,,19482.0,,,www.ibc3.edu/courses.html
Cape Coral Technical College,FL,1,Public,2297.0,2297.0,,2297.0,,,capecoraltech.edu/wp-content/uploads/2022/08/Net-Price-Calculator-2.html
UPMC Mercy School of Nursing,PA,2,Private Non-Profit,35713.0,35713.0,35713.0,,16190.0,16190.0,https://www.upmc.com/healthcare-professionals/education/schools-of-nursing/campuses/mercy/price-calculator
Ocean County Vocational-Technical School,NJ,1,Public,17400.0,17400.0,,17400.0,,,https://ocvtsaid2.github.io/netpricecalc/
Kenneth Shuler School of Cosmetology-Rock Hill,SC,3,Private For-Profit,17445.0,17445.0,,17445.0,,,https://kennethshuler.com/wp-content/uploads/2025/08/rhnpc2324.html
CET-El Paso,TX,2,Private Non-Profit,21000.0,21000.0,,21000.0,,,https://cetweb.edu/tuition
Platt College-Ontario,CA,3,Private For-Profit,27895.0,27895.0,27895.0,,14922.0,14922.0,https://plattcollege.edu/financial-aid/#calculator
Career Networks Institute,CA,3,Private For-Profit,52552.0,52552.0,,52552.0,,,cnicollege.edu/page/student-services/net-price-calculator
Monty Tech,MA,1,Public,46345.0,46345.0,,46345.0,,,nces.ed.gov/collegenavigator/?id=433040
Okaloosa Technical College,FL,1,Public,21680.0,21680.0,,21680.0,,,www.otcollege.net/financial-aid/
Lincoln Technical Institute-Lincoln,RI,3,Private For-Profit,32489.0,32489.0,,32489.0,,,www.lincolntech.edu/net-price-calculator
Wayne County Schools Career Center,OH,1,Public,33356.0,33356.0,,33356.0,,,https://www.wayne-jvs.k12.oh.us/sites/default/files/calculator/index.html
Western Governors University,UT,2,Private Non-Profit,16728.0,16728.0,16728.0,,8658.0,8658.0,https://www.wgu.edu/financial-aid-tuition/net-price-calculator.html
California Aeronautical University,CA,3,Private For-Profit,46233.0,46233.0,46233.0,,37667.0,37667.0,cloud.calaero.com/npc/npc_cau.htm
Herzing University-New Orleans,LA,2,Private Non-Profit,28414.0,28414.0,28414.0,,13450.0,13450.0,https://www.herzing.edu/tuition-financial-aid/net-price-calculator
Florida Gulf Coast University,FL,1,Public,20807.0,39851.0,20807.0,,6118.0,25162.0,https://www.fgcu.edu/admissionsandaid/financialaid/netpricecalculator/npcalc.htm
Little Priest Tribal College,NE,1,Public,12581.0,12581.0,12581.0,,5400.0,5400.0,https://www.littlepriest.edu/wp-content/uploads/2024/08/index-1.html
South Louisiana Community College,LA,1,Public,19044.0,19044.0,19044.0,,4210.0,4210.0,https://www.solacc.edu/financial-aid/files/calculator/net price calculator 2022-2023.html
Pima Medical Institute-Chula Vista,CA,3,Private For-Profit,33209.0,33209.0,,33209.0,,,https://secure.pmi.edu/npcalc/
Lincoln College of Technology-Marietta,GA,3,Private For-Profit,35543.0,35543.0,,35543.0,,,www.lincolntech.edu/net-price-calculator
Academy of Hair Design-Lufkin,TX,3,Private For-Profit,17871.0,17871.0,,17871.0,,,https://www.lufkinhairdesign.com/net-price-calculator.html
Cortiva Institute,MD,3,Private For-Profit,30085.0,30085.0,,30085.0,,,www.cortiva.edu/consumer-information
COLLECTIV Academy-Worcester,MA,3,Private For-Profit,29098.0,29098.0,,29098.0,,,https://collectivacademy.com/npc/worcester/index.html
Northwest HVAC/R Training Center,WA,2,Private Non-Profit,21800.0,21800.0,,21800.0,,,https://www.inwhvac.org/net-price-calculator/
Myotherapy Institute,NE,3,Private For-Profit,35500.0,35500.0,35500.0,,16750.0,16750.0,www.myotherapy.edu/renetpricecalculator/index.html
New Professions Technical Institute,FL,3,Private For-Profit,54786.0,54786.0,,54786.0,,,https://www.npti.edu/net-price-calculator
Strand College of Hair Design,SC,3,Private For-Profit,13811.0,13811.0,,13811.0,,,strandcollege.com/heoa-disclosures/#tab9
Ilisagvik College,AK,1,Public,14377.0,14377.0,14377.0,,5260.0,5260.0,www.ilisagvik.edu/fa-netcalc/npcalc.htm
Community College of Baltimore County,MD,1,Public,15781.0,22359.0,15781.0,,4432.0,11010.0,www.ccbcmd.edu/static/net-price-calculator/index.html
White Earth Tribal and Community College,MN,2,Private Non-Profit,20963.0,20963.0,20963.0,,5490.0,5490.0,www.wetcc.edu/financial-aid/tuition/net-price-calculator/
Blue Cliff College-Metairie,LA,3,Private For-Profit,28226.0,28226.0,,28226.0,,,www.bluecliffcollege.edu/net-price-calculator/
Creative Images Institute of Cosmetology-North Dayton,OH,3,Private For-Profit,16456.0,16456.0,,16456.0,,,https://www.creativeimages.edu/high-school-students/net-price-calculator/
Dewey University-Carolina,PR,2,Private Non-Profit,11572.0,11572.0,11572.0,,7630.0,7630.0,https://www.collegeraptor.com/Shopping/School/Dewey-University-Carolina-PR--434900
Yeshiva College of the Nations Capital,MD,2,Private Non-Profit,25800.0,25800.0,25800.0,,11500.0,11500.0,https://www.yeshiva.edu/our-programs/yeshiva-gedolah/yeshiva-college-of-the-nations-capital
Hair Academy II,MD,3,Private For-Profit,25516.0,25516.0,,25516.0,,,www.hairacademy2.co/misc/netprice/npcalc.htm
River Parishes Community College,LA,1,Public,16783.0,16783.0,16783.0,,4079.0,4079.0,www.rpcc.edu/financial-aid/net-price-calculator
Los Angeles Film School,CA,3,Private For-Profit,38291.0,38291.0,,38291.0,,,lafilm.studentaidcalculator.com/survey.aspx
Century College,PR,3,Private For-Profit,12575.0,12575.0,12575.0,,9100.0,9100.0,https://www.centurycollege.edu/NetPriceCalculator/
FINE Mortuary College,MA,3,Private For-Profit,27385.0,27385.0,27385.0,,19450.0,19450.0,https://calculator.studentaidprocess.com/calculator/(S(f0b5o1okp33anco1oord3nwa))/netpricecalculator?corpid=122
International Baptist College and Seminary,AZ,2,Private Non-Profit,29112.0,29112.0,29112.0,,13800.0,13800.0,https://www.ibcs.edu/cost/
Gwinnett College,NC,3,Private For-Profit,33678.0,33678.0,,33678.0,,,www.gwinnettcollege.edu/title-ix-disclosures/
Delta College South,LA,3,Private For-Profit,26993.0,26993.0,,26993.0,,,https://mtcbr.com/admissions/gainful-employment/
University of Connecticut-Waterbury Campus,CT,1,Public,22933.0,45601.0,22933.0,,18140.0,40808.0,https://financialaid.uconn.edu/pricecalc/
University of Connecticut-Avery Point,CT,1,Public,23337.0,46005.0,23337.0,,18140.0,40808.0,https://financialaid.uconn.edu/pricecalc/
University of Connecticut-Stamford,CT,1,Public,30122.0,52790.0,30122.0,,18150.0,40818.0,https://financialaid.uconn.edu/pricecalc/
Baton Rouge Community College,LA,1,Public,16522.0,16522.0,16522.0,,4321.0,4321.0,https://mybrcc.edu/financial-aid/npc/index.html
IYRS School of Technology & Trades,RI,2,Private Non-Profit,34109.0,34109.0,,34109.0,,,www.iyrs.edu/admissions/financial-aid/net-price-calculator
Midwest Technical Institute-Illinois,IL,3,Private For-Profit,33634.0,33634.0,,33634.0,,,www.midwesttech.edu/netcalculator/
Advanced Barber College and Hair Design,TX,3,Private For-Profit,44517.0,44517.0,,44517.0,,,advancedbarbercollegeandhairde.godaddysites.com/
The College of Health Care Professions-Austin,TX,3,Private For-Profit,32369.0,32369.0,,32369.0,,,www.chcp.edu/npcalc/npcalc.htm
New Community Career & Technical Institute,NJ,2,Private Non-Profit,13701.0,13701.0,,13701.0,,,https://newcommunitytech.edu/admissions/net-price-calculator/
Professional Golfers Career College,CA,3,Private For-Profit,38739.0,38739.0,38739.0,,18840.0,18840.0,www.golfcollege.edu/index.php/academics/consumer-info
Chester Career College,VA,3,Private For-Profit,29745.0,29745.0,,29745.0,,,https://chestercareercollege.edu/net-price-calculator
Milan Institute-San Antonio Ingram,TX,3,Private For-Profit,30921.0,30921.0,,30921.0,,,solutions.campusivy.com/Apps/NPC/NPCWizard/Wizard?institutionId=12600
Rudae's School of Beauty Culture-Ft Wayne,IN,3,Private For-Profit,29966.0,29966.0,,29966.0,,,https://www.rudaes.edu/financial-aid
Carrington College-San Jose,CA,3,Private For-Profit,41194.0,41194.0,,41194.0,,,https://carrington.edu/financial-aid/how-much-will-it-cost/
Brookline College-Tucson,AZ,3,Private For-Profit,28723.0,28723.0,,28723.0,,,https://enroll-brookline.educationpartners.com/Npc?NULL=NULL#NULL
Miller-Motte College-Berks Technical Institute-Lewisburg,PA,3,Private For-Profit,29165.0,29165.0,,29165.0,,,www.berks.edu/NetPrice/Lewisburg/
Carrington College-Pleasant Hill Campus,CA,3,Private For-Profit,44064.0,44064.0,,44064.0,,,https://carrington.edu/financial-aid/how-much-will-it-cost/
Cortiva Institute,FL,3,Private For-Profit,32315.0,32315.0,,32315.0,,,www.cortiva.edu/consumer-information
Modern Hairstyling Institute-Carolina,PR,3,Private For-Profit,13838.0,13838.0,,13838.0,,,www.modern.edu/pricenetcalculator
Universal Technical Institute of California Inc,CA,3,Private For-Profit,31689.0,31689.0,,31689.0,,,www.uti.edu/admissions/tuition
American InterContinental University-Atlanta,GA,3,Private For-Profit,23743.0,23743.0,23743.0,,13527.0,13527.0,https://www.aiuniv.edu/tuition-financial-aid/net-price-calculator
The Academy of Hair Design Six,MS,3,Private For-Profit,24533.0,24533.0,,24533.0,,,https://academyofhair.com/NetPriceCalculator/npcalc.htm
Eastern West Virginia Community and Technical College,WV,1,Public,17258.0,17258.0,17258.0,,4722.0,4722.0,easternwv.edu/financial-aid/net-price-calculator
Aviation Institute of Maintenance-Indianapolis,IN,3,Private For-Profit,33420.0,33420.0,33420.0,,16757.0,16757.0,https://aviationmaintenance.edu/your-rights
IVAEM College,PR,3,Private For-Profit,15897.0,15897.0,,15897.0,,,https://www.ivaempr.com/net-price-calculator
Carrington College-Spokane,WA,3,Private For-Profit,45781.0,45781.0,,45781.0,,,https://carrington.edu/financial-aid/how-much-will-it-cost/
Cascadia College,WA,1,Public,21077.0,27216.0,21077.0,,5157.0,11296.0,tuitioncalculator.cascadia.edu/
CBD College,CA,2,Private Non-Profit,28569.0,28569.0,,28569.0,,,https://www.cbd.edu/wp-content/uploads/2025/06/index.html
MDT College of Health Sciences,IL,3,Private For-Profit,37647.0,37647.0,37647.0,,21870.0,21870.0,atsinstitute.edu/chicago/financial-aid-calculator/pn-chicago/index.html
Bennett Career Institute,DC,3,Private For-Profit,15217.0,15217.0,,15217.0,,,https://www.bennettcareerinstitute.org/net-calculator-price
Blue Cliff College-Lafayette,LA,3,Private For-Profit,28970.0,28970.0,,28970.0,,,www.bluecliffcollege.edu/net-price-calculator/
Community Care College,OK,2,Private Non-Profit,31009.0,31009.0,,31009.0,,,collegesooner.com/ccc-calc/
Erie 1 BOCES,NY,1,Public,17365.0,17365.0,,17365.0,,,https://wfd.e1b.org/financialassistance
The King's University,TX,2,Private Non-Profit,18075.0,18075.0,18075.0,,12480.0,12480.0,https://www.tku.edu/admissions/financial-aid/financial-aid-calculator/
Fortis College-Baton Rouge,LA,3,Private For-Profit,33133.0,33133.0,33133.0,,16467.0,16467.0,compliance.fortis.edu/portals/0/compliancefiles/netprice-calc/npcalc-fortis_baton_rouge.htm
New Concept Massage and Beauty School,FL,3,Private For-Profit,17343.0,17343.0,,17343.0,,,https://nces.ed.gov/ipeds/netpricecalculator/#/
Fortis College-Orange Park,FL,3,Private For-Profit,30435.0,30435.0,30435.0,,14946.0,14946.0,https://www.fortis.edu/content/dam/fortis/compliance/netpricecalc/npcalc-fortis_orange_park.htm
Omega Institute of Cosmetology,LA,3,Private For-Profit,17234.0,17234.0,,17234.0,,,https://www.omegainstitutes.com/blank-page
Pacific Islands University,GU,2,Private Non-Profit,13032.0,13032.0,13032.0,,7203.0,7516.0,https://www.piu.edu/net-price-calculator/
PCI College,CA,3,Private For-Profit,33852.0,33852.0,,33852.0,,,www.pci-ed.com/netprice/npcalc.htm
Rosedale Bible College,OH,2,Private Non-Profit,17760.0,17760.0,17760.0,,10088.0,10088.0,www.rosedale.edu/financial-aid/net-price-calculator/
Shawnee Beauty College,OK,3,Private For-Profit,12429.0,12429.0,,12429.0,,,www.shawneebeautycollege.com/consumer-information
Aviation Institute of Maintenance-Atlanta,GA,3,Private For-Profit,32167.0,32167.0,32167.0,,16657.0,16657.0,https://aviationmaintenance.edu/admissions/college-navigator/
Empire Beauty School-Kennesaw,GA,3,Private For-Profit,20949.0,20949.0,,20949.0,,,www.empire.edu/consumer-information/net-price-calculator
New York Automotive and Diesel Institute,NY,3,Private For-Profit,33148.0,33148.0,,33148.0,,,www.nyadi.edu/wp-content/uploads/Files/NetPriceCalculator/index.html
Remington College-Baton Rouge Campus,LA,2,Private Non-Profit,29692.0,29692.0,29692.0,,15837.0,15837.0,https://www.remingtoncollege.edu/net-price-calculator/
Arkansas State University-Newport,AR,1,Public,15060.0,16500.0,15060.0,,3312.0,4752.0,https://www.asun.edu/getstarted/netprice.php#gsc.tab=0
Atenas University,PR,2,Private Non-Profit,15539.0,15539.0,15539.0,,8954.0,8954.0,https://www.atenasuniversity.edu/net-price-calculator
Onondaga Cortland Madison BOCES,NY,1,Public,27908.0,27908.0,,27908.0,,,ocmboces.org/tfiles/folder1698/index.html
Interactive College of Technology,TX,3,Private For-Profit,20170.0,20170.0,20170.0,,10970.0,10970.0,www.ict.edu/admissions/price-calculator/npc-tx/
Pillar College,NJ,2,Private Non-Profit,38047.0,38047.0,38047.0,,25900.0,25900.0,pillar.edu/net-price-calculator/
Oregon State University-Cascades Campus,OR,1,Public,29798.0,53588.0,29798.0,,13566.0,37356.0,https://financialaid.oregonstate.edu/net-price-calculator
Milan Institute-Amarillo,TX,3,Private For-Profit,32338.0,32338.0,,32338.0,,,solutions.campusivy.com/Apps/NPC/NPCWizard/Wizard?institutionId=12600
Career Schools of Texas,TX,3,Private For-Profit,34037.0,34037.0,,34037.0,,,txbarber.edu/Net_Price_Calculator/index.htm
American Career College-Anaheim,CA,3,Private For-Profit,35751.0,35751.0,,35751.0,,,https://americancareercollege.aidcalc.cloud/
Saginaw Chippewa Tribal College,MI,1,Public,19424.0,19424.0,19424.0,,2730.0,2730.0,www.sagchip.edu/net-price-calculator
Smith Chason College,CA,3,Private For-Profit,39461.0,39461.0,39461.0,,19040.0,19040.0,https://smithchason.edu/financial-aid/?tab=5
Design's School of Cosmetology,CA,3,Private For-Profit,21341.0,21341.0,,21341.0,,,designsschool.edu/net_price/npcalc.htm
Ultimate Medical Academy,FL,2,Private Non-Profit,27014.0,27014.0,,27014.0,,,https://www.ultimatemedical.edu/npcalc/npcalc.htm
Florida Education Institute,FL,3,Private For-Profit,40974.0,40974.0,,40974.0,,,fei.edu/net-price-calculator-system/
Texas County Technical College,MO,3,Private For-Profit,28916.0,28916.0,28916.0,,19025.0,19025.0,texascountytech.edu/netprice/tctc/
Aviation Institute of Maintenance-Kansas City,MO,3,Private For-Profit,31898.0,31898.0,31898.0,,16757.0,16757.0,https://aviationmaintenance.edu/your-rights
Blue Cliff College-Gulfport,MS,3,Private For-Profit,19883.0,19883.0,,19883.0,,,www.bluecliffcollege.edu/net-price-calculator/
Metropolitan Learning Institute,NY,2,Private Non-Profit,19399.0,19399.0,,19399.0,,,https://www.gettraining.org/about-us/net-price-calculator/
Orleans Niagara BOCES-Practical Nursing Program,NY,1,Public,22069.0,22069.0,,22069.0,,,https://www.onboces.org/o/orleans-niagara-boces/page/net-price-calculator
Yeshiva Shaarei Torah of Rockland,NY,2,Private Non-Profit,22780.0,22780.0,22780.0,,13000.0,13000.0,yst.edu/info-%26-policies
Leon Studio One School of Beauty Knowledge,NY,3,Private For-Profit,25492.0,25492.0,,25492.0,,,https://www.leonstudioone.com/school/net-price.html
American Institute of Alternative Medicine,OH,3,Private For-Profit,42272.0,42272.0,42272.0,,22947.0,22947.0,www.aiam.edu/calculator
Brown Aveda Institute-Mentor,OH,3,Private For-Profit,21311.0,21311.0,,21311.0,,,www.brownaveda.com/net-price-calculator-mentor
Institute of Technology,OR,3,Private For-Profit,41656.0,41656.0,,41656.0,,,www.iot.edu/financial-aid/net-price-calculator/
Susquehanna County Career and Technology Center,PA,1,Public,11847.0,11847.0,,11847.0,,,professionals.collegeboard.org/higher-ed/financial-aid/netprice
Universidad Pentecostal Mizpa,PR,2,Private Non-Profit,12652.0,12652.0,12652.0,,4560.0,4560.0,mizpa.edu/netprice/
Caribbean Forensic and Technical College,PR,3,Private For-Profit,11284.0,11284.0,11284.0,,8700.0,8700.0,https://www.caribbeanforensic.com/copy-of-asistencia-economica
Concorde Career College-Grand Prairie,TX,3,Private For-Profit,35571.0,35571.0,,35571.0,,,https://enroll.myconcorde.edu/npc
Lamar Institute of Technology,TX,1,Public,19245.0,29325.0,19245.0,,2844.0,12924.0,apps.highered.texas.gov/net-price-calculator/
Aviation Institute of Maintenance-Dallas,TX,3,Private For-Profit,31817.0,31817.0,31817.0,,16757.0,16757.0,https://aviationmaintenance.edu/your-rights/
Healing Mountain Massage School,UT,3,Private For-Profit,22515.0,22515.0,,22515.0,,,https://healingmountain.edu/pages/netpricecalculator.html
Rudy & Kelly Academy A Paul Mitchell Partner School,VA,3,Private For-Profit,22335.0,22335.0,,22335.0,,,https://paulmitchell.edu/virginiabeach/tuition-calculator
Nevada State University,NV,1,Public,23718.0,38786.0,23718.0,,6765.0,21833.0,https://app.meadowfi.com/nevadastate
California State University-Channel Islands,CA,1,Public,23561.0,36161.0,23561.0,,7159.0,19759.0,https://www2.calstate.edu/attend/paying-for-college/pages/csu-costs.aspx
Franklin W Olin College of Engineering,MA,2,Private Non-Profit,86474.0,86474.0,86474.0,,66398.0,66398.0,https://npc.collegeboard.org/student/app/olin
Lincoln Technical Institute-Paramus,NJ,3,Private For-Profit,45670.0,45670.0,,45670.0,,,www.lincolntech.edu/net-price-calculator
Pima Medical Institute-Colorado Springs,CO,3,Private For-Profit,31319.0,31319.0,,31319.0,,,https://secure.pmi.edu/npcalc/
Paul Mitchell the School-Costa Mesa,CA,3,Private For-Profit,25691.0,25691.0,,25691.0,,,paulmitchell.edu/costamesa/tuition-calculator
Tulsa Welding School-Jacksonville,FL,3,Private For-Profit,40707.0,40707.0,,40707.0,,,https://www.tws.edu/calculator/jax/
Saint Joseph's University - Lancaster,PA,2,Private Non-Profit,47879.0,47879.0,47879.0,,32933.0,32933.0,https://sju.studentaidcalculator.com/survey.aspx
West Virginia Junior College-Bridgeport,WV,3,Private For-Profit,25936.0,25936.0,25936.0,,14798.0,14798.0,https://bridgeport.catalog.wvjc.edu/consumer-information-wvjc-bridgeport
St Louis College of Health Careers-Fenton,MO,3,Private For-Profit,28916.0,28916.0,,28916.0,,,https://slchc.edu/financial-aid/net-price-calculator/
Interactive College of Technology-Gainesville,GA,3,Private For-Profit,23501.0,23501.0,23501.0,,11210.0,11210.0,www.ict.edu/admissions/price-calculator/npc-ga/
San Joaquin Valley College-Ontario,CA,3,Private For-Profit,31279.0,31279.0,,31279.0,,,https://www.sjvc.edu/net-price-calculator
Alaska Christian College,AK,2,Private Non-Profit,23944.0,23944.0,23944.0,,9660.0,9660.0,https://alaskacc.edu/about/consumer-information/net-price-calculator/
University of Arkansas Grantham,AR,1,Public,15318.0,15318.0,15318.0,,8520.0,8520.0,www.uagrantham.edu/online-college-tuition/net-price-calculator/
Carrington College-Albuquerque,NM,3,Private For-Profit,56412.0,56412.0,,56412.0,,,https://carrington.edu/financial-aid/how-much-will-it-cost/
Universal Technical Institute-Mooresville,NC,3,Private For-Profit,33485.0,33485.0,,33485.0,,,www.uti.edu/admissions/tuition
Milan Institute-Palm Desert,CA,3,Private For-Profit,28722.0,28722.0,,28722.0,,,solutions.campusivy.com/Apps/NPC/NPCWizard/Wizard?institutionId=12600
Tohono O'odham Community College,AZ,1,Public,8282.0,8282.0,8282.0,,932.0,932.0,https://npc.collegeboard.org/app/tocc
Southwest Institute of Healing Arts,AZ,3,Private For-Profit,45279.0,45279.0,,45279.0,,,swiha.edu/prospective-students/net-price-calculator/
InterCoast Colleges-Riverside,CA,3,Private For-Profit,28814.0,28814.0,,28814.0,,,https://www.intercoast.edu/financial-services/
Brighton Center's Center for Employment Training,KY,2,Private Non-Profit,19998.0,19998.0,,19998.0,,,00334bf.netsolhost.com/bcguest/CET/npcalc.htm
California Healing Arts College,CA,3,Private For-Profit,27218.0,27218.0,,27218.0,,,www.chac.edu/net-price-calculator/
Dallas Barber & Stylist College,TX,3,Private For-Profit,26776.0,26776.0,,26776.0,,,www.dallasbarberandstylistcollege.com/net_price_calculator.html
Faith International University,WA,2,Private Non-Profit,31368.0,31368.0,31368.0,,8850.0,8850.0,https://netprice.simpleapply.com/Faith/NPC/Summary/
Colegio Educativo Tecnologico Industrial Inc,PR,2,Private Non-Profit,16093.0,16093.0,,16093.0,,,https://nces.ed.gov/ipeds/report-your-data/resource-center-net-price
Irene's Myomassology Institute,MI,3,Private For-Profit,36282.0,36282.0,,36282.0,,,www.irenes.edu/wp-content/uploads/2022/08/net_price.html
Jay's Technical Institute,TX,3,Private For-Profit,22089.0,22089.0,,22089.0,,,www.jaystechnicalinstitute.edu/net-price-calculator
P C Age-Jersey City,NJ,3,Private For-Profit,27506.0,27506.0,,27506.0,,,https://www.pcage.edu/wp-content/uploads/2017/calculator/npcalc.htm
PC AGE-Metropark,NJ,3,Private For-Profit,24431.0,24431.0,,24431.0,,,https://www.pcage.edu/wp-content/uploads/2017/calculator/npcalc.htm
Hollywood Institute,FL,3,Private For-Profit,22209.0,22209.0,,22209.0,,,www.hi.edu/disclosures/
South Florida Institute of Technology,FL,3,Private For-Profit,38311.0,38311.0,,38311.0,,,www.sf-institute.com/netprice/npcalc.htm
Southeastern College-Charleston,SC,3,Private For-Profit,39014.0,39014.0,39014.0,,25080.0,25080.0,www.sec.edu/admissions/net-price-calculator/
TIGI Hairdressing Academy Legacy,CO,3,Private For-Profit,29045.0,29045.0,,29045.0,,,https://www.tigihairdressingacademy.com/net-price-calculator/
Trend Barber College,TX,3,Private For-Profit,24447.0,24447.0,,24447.0,,,www.trendbarbercollege.org/netprice_cal.php
Valley Grande Institute for Academic Studies,TX,2,Private Non-Profit,17905.0,17905.0,,17905.0,,,www.vgi.edu/wp-content/uploads/2019/10/index-3-1.html
West Coast University-Texas,TX,3,Private For-Profit,55938.0,55938.0,55938.0,,36854.0,36854.0,https://wcu.aidcalc.cloud/
DigiPen Institute of Technology,WA,3,Private For-Profit,55588.0,55588.0,55588.0,,38950.0,38950.0,https://www.digipen.edu/admissions/tuition-and-cost/net-price-calculator
Pierpont Community and Technical College,WV,1,Public,14707.0,22605.0,14707.0,,5762.0,13660.0,https://pierpont.studentaidcalculator.com/survey.aspx
Dewey University-Hato Rey,PR,2,Private Non-Profit,11993.0,11993.0,11993.0,,8180.0,8180.0,dewey.edu/jdc/matricula2012/NetPriceCalculator/npcalc.htm
InterCoast Colleges-West Covina,CA,3,Private For-Profit,35442.0,35442.0,,35442.0,,,https://www.intercoast.edu/financial-services/
American College of Healthcare Sciences,OR,3,Private For-Profit,29923.0,29923.0,29923.0,,13040.0,13040.0,https://www.achs.edu/financial-aid-achs
Colorado Media School,CO,3,Private For-Profit,34072.0,34072.0,,34072.0,,,beonair.com/locations/colorado/net-price-calculator/
Paul Mitchell the School-Rhode Island,RI,3,Private For-Profit,30624.0,30624.0,,30624.0,,,paulmitchell.edu/rhodeisland/tuition-calculator
Miller-Motte College-Chattanooga,TN,3,Private For-Profit,29203.0,29203.0,,29203.0,,,www.miller-motte.edu/NetPrice/Chattanooga/
Milan Institute-Sparks,NV,3,Private For-Profit,25731.0,25731.0,,25731.0,,,solutions.campusivy.com/Apps/NPC/NPCWizard/Wizard?institutionId=12600
Interactive College of Technology,TX,3,Private For-Profit,21968.0,21968.0,21968.0,,10970.0,10970.0,www.ict.edu/admissions/price-calculator/npc-tx/
Strayer University-Tennessee,TN,3,Private For-Profit,25158.0,25158.0,25158.0,,13920.0,13920.0,https://strayer.aidcalc.cloud/netprice.htm
Charlie's Guard-Detective Bureau and Academy Inc,PR,3,Private For-Profit,11935.0,11935.0,,11935.0,,,www.charliesacademy.edu/netprice_calculator/npcalc.htm
PCI Academy-Plymouth,MN,3,Private For-Profit,22935.0,22935.0,,22935.0,,,https://www.pci-academy.com/webres/file/calculators/plymouth-npc.html
Creative Images Institute of Cosmetology-South Dayton,OH,3,Private For-Profit,15878.0,15878.0,,15878.0,,,www.creativeimages.edu/high-school-students/net-price-calculator/
Brookline College-Albuquerque,NM,3,Private For-Profit,40105.0,40105.0,,40105.0,,,https://enroll-brookline.educationpartners.com/npc?null=null#null
Bayamon Community College,PR,3,Private For-Profit,12185.0,12185.0,12185.0,,8695.0,8695.0,https://bccpr.org/bcc-net-price-calculator/
Folsom Lake College,CA,1,Public,13901.0,25229.0,13901.0,,1288.0,12616.0,https://www.flc.losrios.edu/admissions/cost-of-attendance/net-price-calculator
LeGrand Institute of Cosmetology Inc,SC,3,Private For-Profit,18170.0,18170.0,,18170.0,,,www.legrandinstitute.com/net-price-calculator
Empire Beauty School-Midlothian,VA,3,Private For-Profit,28381.0,28381.0,,28381.0,,,www.empire.edu/consumer-information/net-price-calculator
Empire Beauty School-Owings Mills,MD,3,Private For-Profit,21165.0,21165.0,,21165.0,,,www.empire.edu/consumer-information/net-price-calculator
Empire Beauty School-West Mifflin,PA,3,Private For-Profit,22852.0,22852.0,,22852.0,,,www.empire.edu/consumer-information/net-price-calculator
ATI College-Whittier,CA,3,Private For-Profit,29726.0,29726.0,,29726.0,,,https://www.ati.edu/net-calculator
ATA College,CA,3,Private For-Profit,26134.0,26134.0,,26134.0,,,https://atacollege.edu/consumer-information/
American Advanced Technicians Institute,FL,3,Private For-Profit,49264.0,49264.0,,49264.0,,,https://aati.edu/?page=calculator
Baptist University of the Americas,TX,2,Private Non-Profit,13755.0,13755.0,13755.0,,9180.0,9180.0,www.bua.edu/en/admissions/financial/
The Beauty Institute,FL,3,Private For-Profit,26394.0,26394.0,,26394.0,,,thebeautyinstitute.edu/net-price-calculator
Beis Medrash Heichal Dovid,NY,2,Private Non-Profit,20540.0,20540.0,20540.0,,10480.0,10480.0,heichaldovid.org/calculator.html
Blue Cliff Career College,AL,3,Private For-Profit,20175.0,20175.0,,20175.0,,,www.bluecliffdisclosures.com/
Lawrenceburg Technical College,TN,3,Private For-Profit,15782.0,15782.0,,15782.0,,,ltc.edu/file:///C:/Users/CBC Admin Office/Downloads/NetPriceTemplate (1)/index.html
Paul Mitchell the School-Charlotte,NC,3,Private For-Profit,26938.0,26938.0,,26938.0,,,https://paulmitchell.edu/charlotte/tuition-calculator
CES College,CA,2,Private Non-Profit,38165.0,38165.0,,38165.0,,,www.cescollege.com/
Stellar Career College,CA,3,Private For-Profit,17397.0,17397.0,,17397.0,,,https://modesto.stellarcollege.edu/net-price-calculator/
Auguste Escoffier School of Culinary Arts-Austin,TX,3,Private For-Profit,25014.0,25014.0,,25014.0,,,www.escoffier.edu/tuition/austin/index.html
Culinary Institute Inc,TX,3,Private For-Profit,32893.0,32893.0,32893.0,,18827.0,18827.0,www.culinaryinstitute.edu/npcalc/npcalc.htm
Escuela Hotelera de San Juan,PR,3,Private For-Profit,23183.0,23183.0,23183.0,,15462.0,15462.0,https://hotelera.net/
Orion Institute,OH,3,Private For-Profit,32391.0,32391.0,,32391.0,,,https://oi.edu/wp-content/uploads/2025/07/netpricecalculator.html
Industrial Technical College,PR,3,Private For-Profit,10907.0,10907.0,10907.0,,8400.0,8400.0,https://industrialtechnicalcollege.com/wp-content/uploads/2025/12/itcnpalc.html
Gwinnett College-Marietta Campus,GA,3,Private For-Profit,37328.0,37328.0,,37328.0,,,www.gwinnettcollege.edu/title-ix-disclosures/
Leston College,PR,3,Private For-Profit,12393.0,12393.0,,12393.0,,,leston.homestead.com/
Nightingale College,UT,3,Private For-Profit,34893.0,34893.0,,34893.0,,,nightingale.edu/tuition-aid/net-price-calculator.html
PITC Institute,PA,3,Private For-Profit,35926.0,35926.0,,35926.0,,,https://pitc.edu/ulnetprice/npcalc.htm
Skinworks School of Advanced Skincare,UT,3,Private For-Profit,28252.0,28252.0,,28252.0,,,www.skinworks.edu/school/disclosures
Southeastern College-Columbia,SC,3,Private For-Profit,39250.0,39250.0,39250.0,,25080.0,25080.0,www.sec.edu/admissions/net-price-calculator/
Turning Point Beauty College,AZ,3,Private For-Profit,19765.0,19765.0,,19765.0,,,https://turningpointbeauty.com/net-price
Unitech Training Academy-Lafayette,LA,3,Private For-Profit,30267.0,30267.0,,30267.0,,,unitechta.edu/net-price-calculator/
Mountwest Community and Technical College,WV,1,Public,15667.0,23033.0,15667.0,,4938.0,12304.0,https://www.mctc.edu/net-price-calculator/
American InterContinental University System,AZ,3,Private For-Profit,22256.0,22256.0,22256.0,,12397.0,12397.0,https://www.aius.education/about-aius/institutions
American InterContinental University-Houston,TX,3,Private For-Profit,26087.0,26087.0,26087.0,,14829.0,14829.0,www.aiuniv.edu/tuition-financial-aid/net-price-calculator
University of California-Merced,CA,1,Public,39665.0,73865.0,39665.0,,15623.0,49823.0,finaidcalc.ucmerced.edu/
Paul Mitchell the School-Orlando,FL,3,Private For-Profit,30103.0,30103.0,,30103.0,,,paulmitchell.edu/orlando/tuition-calculator
Pima Medical Institute-Las Vegas,NV,3,Private For-Profit,27603.0,27603.0,,27603.0,,,https://secure.pmi.edu/npcalc/
Remington College-Nashville Campus,TN,2,Private Non-Profit,34630.0,34630.0,34630.0,,16258.0,16258.0,https://www.remingtoncollege.edu/net-price-calculator/
Central Methodist University-College of Graduate and Extended Studies,MO,2,Private Non-Profit,22310.0,22310.0,22310.0,,7440.0,7440.0,www.centralmethodist.edu/admissions/financial-aid/calculator/npcalc.htm
North-West College-Riverside,CA,3,Private For-Profit,36572.0,36572.0,,36572.0,,,https://www.nu.edu/npcalc/npcalc.htm
Colegio Tecnico de Electricidad Galloza,PR,3,Private For-Profit,14950.0,14950.0,,14950.0,,,https://www.collegeraptor.com/Shopping/School/Colegio-Tecnico-de-Electricidad-Galloza-PR--445498
Arthur's Beauty College,AR,3,Private For-Profit,22871.0,22871.0,,22871.0,,,https://www.arthursbeautycollege.com/conway.html
Spa Tech Institute-Westboro,MA,3,Private For-Profit,30722.0,30722.0,,30722.0,,,www.spatech.edu/consumer-information.html
Spa Tech Institute-Plymouth,MA,3,Private For-Profit,34243.0,34243.0,,34243.0,,,www.spatech.edu/consumer-information.html
Neumont College of Computer Science,UT,3,Private For-Profit,45890.0,45890.0,45890.0,,27360.0,27360.0,https://www.neumont.edu/net-price-calculator
Johnson & Wales University-Charlotte,NC,2,Private Non-Profit,58022.0,58022.0,58022.0,,42419.0,42419.0,https://enroll.jwu.edu/register/npcclt?&_ga=2.230592220.1144428041.1661956580-1253747645.1659483415
Fortis Institute-Port Saint Lucie,FL,3,Private For-Profit,31929.0,31929.0,31929.0,,14839.0,14839.0,https://www.fortis.edu/content/dam/fortis/compliance/netpricecalc/npcalc-fortis_port_st_lucie.htm
Aviation Institute of Maintenance-Manassas,VA,3,Private For-Profit,30992.0,30992.0,30992.0,,16757.0,16757.0,https://aviationmaintenance.edu/your-rights
Cosmetology School of Arts & Sciences,ID,3,Private For-Profit,28391.0,28391.0,,28391.0,,,cosmetologyschoolof-art.com/wp-content/uploads/2022/06/doc01328320220629132418-3.pdf
Universal Technical Institute of Pennsylvania Inc,PA,3,Private For-Profit,30648.0,30648.0,,30648.0,,,www.uti.edu/admissions/tuition
Kenneth Shuler School of Cosmetology-Spartanburg,SC,3,Private For-Profit,17812.0,17812.0,,17812.0,,,https://kennethshuler.com/wp-content/uploads/2025/08/sptnpc2324.html
Lincoln Technical Institute-Shelton,CT,3,Private For-Profit,42541.0,42541.0,,42541.0,,,www.lincolntech.edu/net-price-calculator
Northwest Career College,NV,3,Private For-Profit,24702.0,24702.0,,24702.0,,,www.northwestcareercollege.edu/net-price-calculator/
Ave Maria University,FL,2,Private Non-Profit,46129.0,46129.0,46129.0,,30198.0,30198.0,https://netprice.avemaria.edu/
Sutter County Career Training Center,CA,1,Public,21480.0,21480.0,,21480.0,,,https://www.suttercountyctc.edu/npc/npcalc.htm
Cambridge College of Healthcare & Technology,FL,3,Private For-Profit,28779.0,28779.0,28779.0,,18168.0,18168.0,www.cambridgehealth.edu/net-price-calculators/
Career Care Institute,CA,3,Private For-Profit,55157.0,55157.0,,55157.0,,,ccicolleges.edu/wp-content/uploads/2020/04/index.html
ATA Career Education,FL,3,Private For-Profit,32225.0,32225.0,32225.0,,14895.0,14895.0,www.atafl.edu/npcalc.htm
Community Christian College,AZ,2,Private Non-Profit,27218.0,27218.0,27218.0,,9675.0,9675.0,https://www.cccollege.edu/financial-aid-net-price-calculator
Culpeper Cosmetology Training Center,VA,1,Public,19550.0,19550.0,,19550.0,,,www.culpepercosmetology.com/financial-aid/
Ecclesia College,AR,2,Private Non-Profit,31571.0,31571.0,31571.0,,16850.0,16850.0,ecollege.edu/financial-aid/cost-of-education/
Employment Solutions-College for Technical Education,KY,2,Private Non-Profit,26784.0,26784.0,,26784.0,,,https://cte.edu/netpricecal.html
Estelle Medical Academy,IL,3,Private For-Profit,12400.0,12400.0,12400.0,,9180.0,9180.0,www.school-for-massage.com/calculator/
Evergreen Beauty and Barber College-Everett,WA,3,Private For-Profit,21194.0,21194.0,,21194.0,,,www.evergreenbeauty.edu/disclosures
Paul Mitchell the School-Great Lakes,MI,3,Private For-Profit,20725.0,20725.0,,20725.0,,,paulmitchell.edu/porthuron/tuition-calculator
Healthcare Training Institute,NJ,3,Private For-Profit,17989.0,17989.0,,17989.0,,,www.htinj.edu/net-price-calculator
John D Rockefeller IV Career Center,WV,1,Public,25581.0,25581.0,25581.0,,10140.0,10140.0,https://jdrcc.studentaidcalculator.com/survey.aspx
Los Angeles College of Music,CA,3,Private For-Profit,49705.0,49705.0,49705.0,,30540.0,30540.0,www.lacm.edu/wp-content/uploads/2020/08/index.html
Rosslyn Training Academy of Cosmetology,PR,3,Private For-Profit,8467.0,8467.0,8467.0,,7277.0,7277.0,rosslyntraining.edu/wp-content/uploads/2017/03/npcalc.htm
SAE Institute of Technology-Nashville,TN,3,Private For-Profit,29991.0,29991.0,29991.0,,17514.0,17514.0,usa.sae.edu/financial-aid/
Southern Technical College,FL,3,Private For-Profit,24757.0,24757.0,,24757.0,,,www.southerntech.edu/admissions/net-price-calculator/
Stanbridge University,CA,3,Private For-Profit,49714.0,49714.0,,49714.0,,,www.stanbridge.edu/static/npcalc/vn/index.html
Universal College of Healing Arts,NE,3,Private For-Profit,24110.0,24110.0,24110.0,,11822.0,11822.0,https://www.ucha.edu/massagetherapydiplomaprogram
Uta Mesivta of Kiryas Joel,NY,2,Private Non-Profit,21682.0,21682.0,21682.0,,16000.0,16000.0,utam.edu/NetPriceCalculator/npcalc.htm
Harrisburg University of Science and Technology,PA,2,Private Non-Profit,35893.0,35893.0,35893.0,,24400.0,24400.0,www.harrisburgu.edu/netprice/
Blue Ridge Community and Technical College,WV,1,Public,11522.0,15578.0,11522.0,,4752.0,8808.0,https://www.blueridgectc.edu/financial-aid/student-aid-calculator/
Daytona College,FL,3,Private For-Profit,28706.0,28706.0,,28706.0,,,daytonacollege.edu/NetPriceCalculator/index.html
Delta Technical College-Mississippi,MS,3,Private For-Profit,21871.0,21871.0,,21871.0,,,www.deltatechnicalcollege.com/netcalculator/
Empire Beauty School-Avondale,AZ,3,Private For-Profit,20905.0,20905.0,,20905.0,,,www.empire.edu/consumer-information/net-price-calculator
Empire Beauty School-Littleton,CO,3,Private For-Profit,21743.0,21743.0,,21743.0,,,www.empire.edu/consumer-information/net-price-calculator
Empire Beauty School-Aurora,CO,3,Private For-Profit,22990.0,22990.0,,22990.0,,,www.empire.edu/consumer-information/net-price-calculator
Joyce University of Nursing and Health Sciences,UT,3,Private For-Profit,30016.0,30016.0,30016.0,,21680.0,21680.0,https://www.joyce.edu/wp-content/uploads/2017/03/npcalc.htm
San Joaquin Valley College-Modesto,CA,3,Private For-Profit,31003.0,31003.0,,31003.0,,,https://www.sjvc.edu/net-price-calculator
Eagle Gate College-Layton,UT,3,Private For-Profit,29491.0,29491.0,,29491.0,,,www.eaglegatecollege.edu/financial-aid-admissions/net-price-calculator/
Academy Of Hair Design,TX,3,Private For-Profit,17204.0,17204.0,,17204.0,,,academyofhairdesignlufkin.com/
Unitech Training Academy-West Monroe,LA,3,Private For-Profit,30674.0,30674.0,,30674.0,,,unitechta.edu/net-price-calculator/
New River Community and Technical College,WV,1,Public,12132.0,16622.0,12132.0,,5156.0,9646.0,https://www.newriver.edu/wp-content/uploads/2025/07/index.html
The College of Health Care Professions-Southwest Houston,TX,3,Private For-Profit,33792.0,33792.0,,33792.0,,,www.chcp.edu/npcalc/npcalc.htm
UEI College-Chula Vista,CA,3,Private For-Profit,34257.0,34257.0,,34257.0,,,https://enroll.uei.edu/Npc
UEI College-West Covina,CA,3,Private For-Profit,32425.0,32425.0,,32425.0,,,https://enroll.uei.edu/Npc
Georgia Gwinnett College,GA,1,Public,22547.0,31859.0,22547.0,,4532.0,13844.0,https://www.ggc.edu/admissions/tuition-and-financial-aid-calculators/npcalc
Tucson College of Beauty,AZ,3,Private For-Profit,21529.0,21529.0,,21529.0,,,www.tucsoncollegeofbeauty.com/financial-aid/consumer-information/
California Career College,CA,3,Private For-Profit,46880.0,46880.0,,46880.0,,,nces.ed.gov/collegenavigator/?q=California+Career+College&s=CA&zc=91303&zd=0&of=3&id=447713
Palladium Technical Academy Inc,CA,3,Private For-Profit,25562.0,25562.0,,25562.0,,,www.palladium.edu/
Los Angeles College of Aesthetics,CA,3,Private For-Profit,26394.0,26394.0,,26394.0,,,laca.edu/wp-content/uploads/2023/08/netprice.html
National Polytechnic College,CA,3,Private For-Profit,34762.0,34762.0,,34762.0,,,https://npcollege.edu/wp-content/uploads/net-price-calc/
American Career College-Ontario,CA,3,Private For-Profit,37857.0,37857.0,,37857.0,,,https://americancareercollege.aidcalc.cloud/
Asher College,CA,3,Private For-Profit,35499.0,35499.0,,35499.0,,,www.asher.edu/Career-College/calculator.html
American Institute of Massage Therapy,CA,3,Private For-Profit,11928.0,11928.0,,11928.0,,,https://static1.squarespace.com/static/631cc857a663a60bf6e3d250/t/6362ed40d166276ed5df51bd/1667427649146/net+price+calculator.pdf
Blake Austin College,CA,3,Private For-Profit,34706.0,34706.0,,34706.0,,,www.blakeaustincollege.edu/net-price-calculator/
Aviator College of Aeronautical Science and Technology,FL,3,Private For-Profit,48190.0,48190.0,48190.0,,44975.0,44975.0,npc.aviator.edu/
American Institute of Beauty,FL,3,Private For-Profit,14713.0,14713.0,,14713.0,,,www.aibschool.edu/netpricecalculator/netpricecalculator.html
North Florida Cosmetology Institute,FL,3,Private For-Profit,19231.0,19231.0,,19231.0,,,cosmetologyinst.com/financial-aid/
Florida Academy of Health & Beauty,FL,3,Private For-Profit,13898.0,13898.0,,13898.0,,,https://flacademyofbeauty.edu/financialaid
Augusta School of Massage,GA,3,Private For-Profit,18188.0,18188.0,,18188.0,,,npcalc.augustamassage.com/npcalc.htm
ATA College,KY,3,Private For-Profit,31920.0,31920.0,31920.0,,14200.0,14200.0,www.ata.edu/npcalc.htm
SUM Bible College and Theological Seminary,CA,2,Private Non-Profit,24956.0,24956.0,24956.0,,10460.0,10460.0,www.sum.edu/net-price-calculator/
Compass Career College,LA,3,Private For-Profit,20165.0,20165.0,,20165.0,,,compasscareercollege.net/admission/Net-Price-Calculator
Nuvo College of Cosmetology,MI,3,Private For-Profit,23615.0,23615.0,,23615.0,,,www.tcbeautycollege.com/net-price-calculator
WellSpring School of Allied Health-Kansas City,MO,3,Private For-Profit,20993.0,20993.0,,20993.0,,,www.wellspring.edu/npc/npcalc.htm
The Salon Professional Academy-Fargo,ND,3,Private For-Profit,21092.0,21092.0,,21092.0,,,www.tspafargo.com/wp-content/uploads/sites/11/npc/
Aveda Arts & Sciences Institute-New York,NY,3,Private For-Profit,25321.0,25321.0,,25321.0,,,https://avedaarts.edu/program-information/2019/net-price-calculator/npcalc-newyork.htm
MyrAngel Beauty Institute,PR,3,Private For-Profit,13200.0,13200.0,,13200.0,,,myrangelbeautyinstitute.com/
Texas Health School,TX,3,Private For-Profit,37485.0,37485.0,,37485.0,,,www.ths.edu/calc/npcalc.htm
Paul Mitchell the School-Logan,UT,3,Private For-Profit,27498.0,27498.0,,27498.0,,,paulmitchell.edu/logan/tuition-calculator
Avi Career Training,VA,3,Private For-Profit,20685.0,20685.0,,20685.0,,,www.avicareertraining.com/financial-aid-2/
Mountain State School of Massage,WV,3,Private For-Profit,25969.0,25969.0,,25969.0,,,https://www.mtnstmassage.com/net-price-calculator
San Joaquin Valley College-Rancho Cordova,CA,3,Private For-Profit,33088.0,33088.0,,33088.0,,,https://www.sjvc.edu/net-price-calculator
Broken Arrow Beauty College,OK,3,Private For-Profit,15059.0,15059.0,,15059.0,,,https://www.babeautycollege.com/net-price-calculator/
Universal Technical Institute of Northern California Inc,CA,3,Private For-Profit,34337.0,34337.0,,34337.0,,,www.uti.edu/admissions/tuition
Lemoore College,CA,1,Public,21457.0,31027.0,21457.0,,1384.0,10954.0,https://lemoorecollege.edu/admissions/cost-of-attendance/net-price-calculator.php
Stautzenberger College-Brecksville,OH,3,Private For-Profit,29518.0,29518.0,29518.0,,16699.0,16699.0,https://stautzenberger.studentaidcalculator.com/survey.aspx
Unitech Training Academy-Houma,LA,3,Private For-Profit,25644.0,25644.0,,25644.0,,,unitechta.edu/net-price-calculator/
Rasmussen University-Illinois,IL,3,Private For-Profit,27601.0,27601.0,27601.0,,14078.0,14078.0,https://npc.collegeboard.org/app/rasmussen
Automotive Training Center-Warminster,PA,3,Private For-Profit,20262.0,20262.0,,20262.0,,,www.autotraining.edu/consumerinformation/net-price-calculator.html
Empire Beauty School-Milwaukee,WI,3,Private For-Profit,21954.0,21954.0,,21954.0,,,www.empire.edu/consumer-information/net-price-calculator
Milan Institute-Clovis,CA,3,Private For-Profit,26169.0,26169.0,,26169.0,,,solutions.campusivy.com/Apps/NPC/NPCWizard/Wizard?institutionId=12600
Strayer University-Florida,FL,3,Private For-Profit,25158.0,25158.0,25158.0,,13920.0,13920.0,https://strayer.aidcalc.cloud/netprice.htm
Pima Medical Institute-Renton,WA,3,Private For-Profit,35558.0,35558.0,,35558.0,,,https://secure.pmi.edu/npcalc/
College of Business and Technology,FL,3,Private For-Profit,24550.0,24550.0,24550.0,,14030.0,14030.0,https://www.cbt.edu/net-price-calculator/netpricecalculator-en.html
College of Business and Technology,FL,3,Private For-Profit,17988.0,17988.0,17988.0,,14030.0,14030.0,www.cbt.edu/financial-aid/financial-aid-calculator
Dewey University-Juana Diaz,PR,2,Private Non-Profit,11572.0,11572.0,11572.0,,7630.0,7630.0,dewey.edu/jdc/matricula2012/NetPriceCalculator/npcalc.htm
The College of Health Care Professions-San Antonio,TX,3,Private For-Profit,33271.0,33271.0,,33271.0,,,www.chcp.edu/npcalc/npcalc.htm
Brittany Beauty Academy,NY,3,Private For-Profit,27725.0,27725.0,,27725.0,,,brittanyacademy.edu/net-price-calculator/
Lincoln Technical Institute-Whitestone,NY,3,Private For-Profit,39063.0,39063.0,,39063.0,,,www.lincolntech.edu/net-price-calculator
American Public University System,WV,3,Private For-Profit,18768.0,18768.0,18768.0,,8400.0,8400.0,www.apu.apus.edu/calc/apu.html
Beaumont Adult School,CA,1,Public,36385.0,36385.0,,36385.0,,,https://bas.beaumontusd.us/ourpages/auto/2024/9/20/14205053434440635702/index.html
Gnomon,CA,3,Private For-Profit,54947.0,54947.0,54947.0,,37635.0,37635.0,https://www.gnomon.edu/admissions/net-price-calculator
MJ Barber & Beauty Academy,CA,3,Private For-Profit,29757.0,29757.0,,29757.0,,,https://www.mjbarberandbeautyacademy.com/net-price-calculator.html
Academy Di Capelli-School of Cosmetology,CT,3,Private For-Profit,17370.0,17370.0,,17370.0,,,www.academydicapelli.com/netPrice/npcalc.htm
The Salon Professional Academy,DE,3,Private For-Profit,21760.0,21760.0,,21760.0,,,https://www.tspadelaware.com/financial-aid/
SABER College,FL,2,Private Non-Profit,16478.0,16478.0,,16478.0,,,https://sabercollege.edu/Net-Price-Calculator.html
Taylor College,FL,3,Private For-Profit,27241.0,27241.0,27241.0,,14580.0,14580.0,https://taylorcollege.edu/net-price-calculator/
Denmark College,IN,3,Private For-Profit,20166.0,20166.0,,20166.0,,,https://www.denmarkcollege.edu/financial-aid/
Louisiana Culinary Institute,LA,3,Private For-Profit,30162.0,30162.0,30162.0,,15575.0,15575.0,https://www.lci.edu/net-price-calculator/npcalc.htm
Bais Medrash Toras Chesed,NJ,2,Private Non-Profit,14000.0,14000.0,14000.0,,8100.0,8100.0,www.bmtc.edu/netprice-calculator-22-23.html
Ace Institute of Technology,NY,3,Private For-Profit,47068.0,47068.0,,47068.0,,,www.acecareer.edu/NetPriceCalculator/npcalc.htm
Dayton School of Medical Massage,OH,3,Private For-Profit,33911.0,33911.0,33911.0,,18122.0,18122.0,www.massageschools.com/netcalc/npcalc.htm
ATA College,OK,3,Private For-Profit,30905.0,30905.0,30905.0,,18850.0,18850.0,www.ata.edu/npcalc.htm
Visible Music College,TN,2,Private Non-Profit,31820.0,31820.0,31820.0,,22000.0,22000.0,https://www.visible.edu/admissions/scholarship-options
CCI Training Center-Arlington,TX,3,Private For-Profit,13758.0,13758.0,,13758.0,,,www.ccitraining.edu/netprice/npcalc.htm
Southeast Texas Career Institute,TX,3,Private For-Profit,21799.0,21799.0,,21799.0,,,https://setxci.com/netprice-calculator/
Milwaukee Career College,WI,3,Private For-Profit,30148.0,30148.0,,30148.0,,,https://solutions02.campusivy.com/Apps/NPC/NPCWizard?institutionId=68800
University of the West,CA,2,Private Non-Profit,21278.0,21278.0,21278.0,,15446.0,15446.0,https://www.uwest.edu/net-price-calculator/
South University-Tampa,FL,3,Private For-Profit,30414.0,30414.0,30414.0,,18145.0,18145.0,www.southuniversity.edu/tampa/net-price-calculator
Milan Institute of Cosmetology-San Antonio Military,TX,3,Private For-Profit,22400.0,22400.0,,22400.0,,,solutions.campusivy.com/Apps/NPC/NPCWizard/Wizard?institutionId=12600
Paul Mitchell the School-Tampa,FL,3,Private For-Profit,30160.0,30160.0,,30160.0,,,paulmitchell.edu/tampa/tuition-calculator
Paul Mitchell the School-San Diego,CA,3,Private For-Profit,37754.0,37754.0,,37754.0,,,paulmitchell.edu/sandiego/tuition-calculator
Paul Mitchell the School-Michigan,MI,3,Private For-Profit,20712.0,20712.0,,20712.0,,,paulmitchell.edu/sterlingheights/tuition-calculator
Paul Mitchell the School-Sherman Oaks,CA,3,Private For-Profit,33027.0,33027.0,,33027.0,,,paulmitchell.edu/shermanoaks/tuition-calculator
Fortis College-Columbus,OH,3,Private For-Profit,34877.0,34877.0,34877.0,,14935.0,14935.0,https://www.fortis.edu/content/dam/fortis/compliance/netpricecalc/npcalc-fortis_columbus.htm
Fortis College-Cincinnati,OH,3,Private For-Profit,36925.0,36925.0,36925.0,,14763.0,14763.0,https://www.fortis.edu/content/dam/fortis/compliance/netpricecalc/npcalc-fortis_cincinnati.htm
Blue Cliff College-Alexandria,LA,3,Private For-Profit,26449.0,26449.0,,26449.0,,,www.bluecliffcollege.edu/net-price-calculator/
Strayer University-Delaware,DE,3,Private For-Profit,25158.0,25158.0,25158.0,,13920.0,13920.0,https://strayer.aidcalc.cloud/netprice.htm
Brown Aveda Institute-Strongsville,OH,3,Private For-Profit,21985.0,21985.0,,21985.0,,,www.brownaveda.com/net-price-calculator-strongsville
Clary Sage College,OK,2,Private Non-Profit,26123.0,26123.0,,26123.0,,,collegesooner.com/csc-calc/
Empire Beauty School-Richmond,VA,3,Private For-Profit,28179.0,28179.0,,28179.0,,,www.empire.edu/consumer-information/net-price-calculator
Empire Beauty School-North Hills,PA,3,Private For-Profit,23433.0,23433.0,,23433.0,,,www.empire.edu/consumer-information/net-price-calculator
Empire Beauty School-Concord,NC,3,Private For-Profit,20725.0,20725.0,,20725.0,,,www.empire.edu/consumer-information/net-price-calculator
Empire Beauty School-Hooksett,NH,3,Private For-Profit,15684.0,15684.0,,15684.0,,,www.empirebeautyschools.com/financial-aid/net-price-calculator
The Institute of Beauty and Wellness,WI,3,Private For-Profit,16190.0,16190.0,,16190.0,,,ibw.edu/admissions/financial-aid/
Carrington College-Stockton,CA,3,Private For-Profit,42476.0,42476.0,,42476.0,,,https://carrington.edu/financial-aid/how-much-will-it-cost
Trend Barber College,TX,3,Private For-Profit,23787.0,23787.0,,23787.0,,,www.trendbarbercollege.org/netprice_cal.php
Columbia Southern University,AL,3,Private For-Profit,18226.0,18226.0,18226.0,,6760.0,6760.0,www.columbiasouthern.edu/tuition-financing
Arizona Culinary Institute,AZ,3,Private For-Profit,43363.0,43363.0,,43363.0,,,azculinary.edu/flash/calc/index.htm
Healthcare Career College,CA,3,Private For-Profit,18873.0,18873.0,,18873.0,,,https://healthcarecareercollege.edu/net-price-calculator/npcalc.htm
Coastline Beauty College,CA,3,Private For-Profit,29484.0,29484.0,,29484.0,,,www.coastlinebeauty.edu/npcalc.html
Branford Academy of Hair & Cosmetology,CT,3,Private For-Profit,10721.0,10721.0,,10721.0,,,branfordacademy.com/
Miami Regional University,FL,3,Private For-Profit,26473.0,26473.0,,26473.0,,,mru.edu/NetPriceCalculator/
Aveda Institute-South Florida,FL,3,Private For-Profit,27962.0,27962.0,,27962.0,,,https://www.beaveda.com/consumer-disclosures/
Aveda Institute-Tampa Bay,FL,3,Private For-Profit,25144.0,25144.0,,25144.0,,,www.beaveda.com/consumer-disclosures/
Shear Excellence Hair Academy,FL,3,Private For-Profit,43034.0,43034.0,,43034.0,,,shearexcell.edu/try
Carlson College of Massage Therapy,IA,3,Private For-Profit,18817.0,18817.0,,18817.0,,,www.carlsoncollege.com/cost-and-financial-aid.html
MyComputerCareer at Indianapolis,IN,3,Private For-Profit,31835.0,31835.0,,31835.0,,,www.mycomputercareer.edu/net-price-calculator-indianapolis/
Z Hair Academy,KS,3,Private For-Profit,23954.0,23954.0,,23954.0,,,zhairacademy.com/net-price-calculator/
DiGrigoli School of Cosmetology,MA,3,Private For-Profit,22521.0,22521.0,,22521.0,,,www.digrigoli.com/NetPriceCalculator/npcalc.htm
Elevate Salon Institute,MI,3,Private For-Profit,22646.0,22646.0,,22646.0,,,www.esimichigan.com/docs/esiutica-net-price-calculator/
The Salon Professional Academy-Battle Creek,MI,3,Private For-Profit,22922.0,22922.0,,22922.0,,,www.tspabattlecreek.com/financial-aid/welcome/
Trend Setters School,MO,3,Private For-Profit,22024.0,22024.0,,22024.0,,,https://trendsettersschool.com/tuition-and-financial-aid/#calculator
Academy of Hair Design-Springfield,MO,3,Private For-Profit,20739.0,20739.0,,20739.0,,,aohd.edu/net-price-calculator/
Corinth Academy of Cosmetology,MS,3,Private For-Profit,30370.0,30370.0,,30370.0,,,https://www.cac.edu/wp-content/uploads/2020/11/index.html
Southeastern College-Charlotte,NC,3,Private For-Profit,38136.0,38136.0,38136.0,,25080.0,25080.0,www.sec.edu/admissions/net-price-calculator
Yeshivas Be'er Yitzchok,NJ,2,Private Non-Profit,36850.0,36850.0,36850.0,,11450.0,11450.0,https://yeshivasbeeryitzchok.org/information-and-disclosures/
Yeshiva Toras Chaim,NJ,2,Private Non-Profit,23250.0,23250.0,23250.0,,12750.0,12750.0,https://sites.google.com/site/yeshivatoraschaimlakewood/
Talmudical Seminary of Bobov,NY,2,Private Non-Profit,19000.0,19000.0,19000.0,,13200.0,13200.0,https://sites.google.com/site/talmudicalseminaryofbobov/
Center for Allied Health Education,NY,3,Private For-Profit,51083.0,51083.0,,51083.0,,,https://www.cahe.edu/npc
Aveda Fredric's Institute-Cincinnati,OH,3,Private For-Profit,27852.0,27852.0,,27852.0,,,https://static.avedafi.edu/net-price-calculator/AFW/npcalc.html
MyComputerCareer at Columbus,OH,3,Private For-Profit,31962.0,31962.0,,31962.0,,,www.mycomputercareer.edu/net-price-calculator-columbus/
CDE Career Institute,PA,3,Private For-Profit,29080.0,29080.0,,29080.0,,,www.cde.edu/financial-aid/
Instituto Educativo Premier,PR,3,Private For-Profit,16136.0,16136.0,,16136.0,,,premierponce.net/NetPriceCalculator/index.html
Elite College of Cosmetology,TN,3,Private For-Profit,15735.0,15735.0,,15735.0,,,realpages.com/sites/elitecollegeofcosmetology/npcalc.htm
Manuel and Theresa's School of Hair Design-Bryan,TX,3,Private For-Profit,17161.0,17161.0,,17161.0,,,www.manuelandtheresasschoolofhair.com/net-price-calculator/
Southwest University at El Paso,TX,3,Private For-Profit,23987.0,23987.0,23987.0,,16000.0,16000.0,southwestuniversity.edu/npcalc.htm
Paul Mitchell the School-Austin,TX,3,Private For-Profit,24947.0,24947.0,,24947.0,,,https://paulmitchell.edu/austin/tuition-calculator
Aveda Institute-Provo,UT,3,Private For-Profit,21192.0,21192.0,,21192.0,,,www.avedainstituteprovo.com/gainful-employment-disclosures/
Victoria's Academy of Cosmetology,WA,3,Private For-Profit,27113.0,27113.0,,27113.0,,,https://www.victoriasacademy.edu/npcalc.htm
Paul Mitchell the School-San Antonio,TX,3,Private For-Profit,34319.0,34319.0,,34319.0,,,paulmitchell.edu/sanantonio/tuition-calculator
Bryant & Stratton College-Wauwatosa,WI,2,Private Non-Profit,26292.0,26292.0,26292.0,,20288.0,20288.0,https://www.bryantstratton.edu/financial-aid/net-price-calculator
Remington College-Houston Southeast Campus,TX,2,Private Non-Profit,26339.0,26339.0,26339.0,,16926.0,16926.0,https://www.remingtoncollege.edu/net-price-calculator/
Remington College-Shreveport Campus,LA,2,Private Non-Profit,37279.0,37279.0,37279.0,,16245.0,16245.0,https://www.remingtoncollege.edu/net-price/
TC Beauty,TN,3,Private For-Profit,22104.0,22104.0,,22104.0,,,jennyleaacademy.com/net-price-calculator/
The Hair Academy,ND,3,Private For-Profit,20224.0,20224.0,,20224.0,,,thehairacademynd.com/npcalc.html
Ross Medical Education Center-New Baltimore,MI,3,Private For-Profit,24410.0,24410.0,,24410.0,,,https://rosseducation.edu/consumer-info/#npc
Ross College-Sylvania,OH,3,Private For-Profit,27830.0,27830.0,,27830.0,,,https://rosseducation.edu/consumer-info/#npc
Escuela De Troqueleria Y Herramentaje,PR,1,Public,7750.0,7750.0,7750.0,,3850.0,3850.0,https://netprice.simpleapply.com/troqueleria_69/NPCHomeFrame
Fortis Institute-Nashville,TN,3,Private For-Profit,35598.0,35598.0,35598.0,,15627.0,15627.0,www.fortis.edu/content/dam/fortis/compliance/netpricecalc/npcalc-fortis_nashville.htm
ATA College-Cincinnati,OH,3,Private For-Profit,29920.0,29920.0,29920.0,,14250.0,14250.0,https://www.ata.edu/npcalc.htm
Elite Welding Academy LLC,OH,3,Private For-Profit,35345.0,35345.0,,35345.0,,,www.eliteweldingacademy.com/calculator/
Galen College of Nursing-Cincinnati,OH,3,Private For-Profit,34842.0,34842.0,34842.0,,18048.0,18048.0,https://galencollege.studentaidcalculator.com/welcome.aspx
Ohio Media School-Columbus,OH,3,Private For-Profit,30533.0,30533.0,,30533.0,,,beonair.com/locations/columbus/net-price-calculator/
Ohio Medical Career College,OH,3,Private For-Profit,20552.0,20552.0,,20552.0,,,www.omcc.edu/finaid/netcalc/netcalc.htm
Chamberlain University-Illinois,IL,3,Private For-Profit,40826.0,40826.0,40826.0,,21536.0,21536.0,https://www.chamberlain.edu/admissions/financial-aid-scholarships/calculator
Chamberlain University-Ohio,OH,3,Private For-Profit,42634.0,42634.0,42634.0,,19975.0,19975.0,https://www.chamberlain.edu/admissions/financial-aid-scholarships/calculator
Chamberlain University-Arizona,AZ,3,Private For-Profit,45594.0,45594.0,45594.0,,20785.0,20785.0,https://www.chamberlain.edu/admissions/financial-aid-scholarships/calculator
The Salon Professional Academy-Appleton,WI,3,Private For-Profit,23344.0,23344.0,,23344.0,,,https://www.tspaappleton.com/financial-aid/welcome/
Milan Institute of Cosmetology-Vacaville,CA,3,Private For-Profit,28312.0,28312.0,,28312.0,,,solutions.campusivy.com/Apps/NPC/NPCWizard/Wizard?institutionId=12600
Milan Institute of Cosmetology-Reno,NV,3,Private For-Profit,24796.0,24796.0,,24796.0,,,solutions.campusivy.com/Apps/NPC/NPCWizard/Wizard?institutionId=12600
Paul Mitchell the School-Esani,GA,3,Private For-Profit,22701.0,22701.0,,22701.0,,,https://paulmitchell.edu/atlanta-esani/programs/cosmetology
Paul Mitchell the School-Birmingham,AL,3,Private For-Profit,22896.0,22896.0,,22896.0,,,https://birmingham.paulmitchell.edu/programs/tuition-calculator
Mayfield College,CA,3,Private For-Profit,30596.0,30596.0,,30596.0,,,https://mayfieldcollege.edu/netprice/index.html
Academy of Esthetics and Cosmetology,CA,3,Private For-Profit,31985.0,31985.0,,31985.0,,,www.aecosmetology.com/net-calculator
Borner's Barber College,CA,3,Private For-Profit,28133.0,28133.0,,28133.0,,,bornersbarbercollege.com/net-price-calculator/
Paul Mitchell the School-Pasadena,CA,3,Private For-Profit,31818.0,31818.0,,31818.0,,,paulmitchell.edu/pasadena/tuition-calculator
San Francisco Institute of Esthetics & Cosmetology Inc,CA,3,Private For-Profit,22016.0,22016.0,,22016.0,,,https://paulmitchell.edu/sanfrancisco/tuition-calculator
Laurus College,CA,3,Private For-Profit,27256.0,27256.0,,27256.0,,,lauruscollege.edu/about-us/student-consumer-information/
Healing Hands School of Holistic Health,CA,3,Private For-Profit,54888.0,54888.0,,54888.0,,,https://hhs.edu/wp-content/uploads/
Career Development Institute Inc,CA,3,Private For-Profit,32350.0,32350.0,,32350.0,,,cdi.edu/net-price-calculator/
Auguste Escoffier School of Culinary Arts-Boulder,CO,3,Private For-Profit,16885.0,16885.0,,16885.0,,,www.escoffier.edu/tuition/boulder/index.html
Cambridge College of Healthcare & Technology,FL,3,Private For-Profit,28227.0,28227.0,28227.0,,18168.0,18168.0,www.cambridgehealth.edu/net-price-calculators/
Cozmo Beauty School,FL,3,Private For-Profit,29986.0,29986.0,,29986.0,,,www.cozmo.edu/financial-aid/
Celebrity School of Beauty,FL,3,Private For-Profit,37033.0,37033.0,,37033.0,,,celebrity.edu/NetPriceCalculator/npcalc.html
Paul Mitchell the School-Atlanta,GA,3,Private For-Profit,24623.0,24623.0,,24623.0,,,paulmitchell.edu/atlanta/tuition-calculator
Evans Hairstyling College-Rexburg,ID,3,Private For-Profit,12191.0,12191.0,,12191.0,,,www.evanshairstylingcollege.com/netpricecalculator/
Paul Mitchell the School-Rexburg,ID,3,Private For-Profit,27628.0,27628.0,,27628.0,,,paulmitchell.edu/rexburg/programs/cosmetology
University of Aesthetics & Cosmetology,IL,3,Private For-Profit,21475.0,21475.0,,21475.0,,,https://uofac.edu/calculators/wicker-park/index.html
The University of Aesthetics & Cosmetology,IL,3,Private For-Profit,20700.0,20700.0,,20700.0,,,https://uofac.edu/wp-content/uploads/2022/08/index.html
Tricoci University of Beauty Culture-Chicago NW,IL,3,Private For-Profit,26042.0,26042.0,,26042.0,,,www.tricociuniversity.edu/admissions-financial-aid/beauty-school-calculator/
Tricoci University of Beauty Culture-Glendale Heights,IL,3,Private For-Profit,28376.0,28376.0,,28376.0,,,www.tricociuniversity.edu/admissions-financial-aid/beauty-school-calculator/
Tricoci University of Beauty Culture-Peoria,IL,3,Private For-Profit,27642.0,27642.0,,27642.0,,,www.tricociuniversity.edu/admissions-financial-aid/beauty-school-calculator/
Tricoci University of Beauty Culture-Rockford,IL,3,Private For-Profit,25208.0,25208.0,,25208.0,,,www.tricociuniversity.edu/admissions-financial-aid/beauty-school-calculator/
The Omega Studios' School of Applied Arts & Sciences,MD,3,Private For-Profit,59777.0,59777.0,,59777.0,,,omegastudios.com/wp-content/uploads/2018/NetPrice/npcalc[1].htm
French Academy of Cosmetology,MI,3,Private For-Profit,15806.0,15806.0,,15806.0,,,https://www.frenchacademyofcosmetology.com/tuition-calculator
Paul Mitchell the School-Springfield,MO,3,Private For-Profit,23884.0,23884.0,,23884.0,,,paulmitchell.edu/springfield/tuition-calculator
Mississippi Institute of Aesthetics Nails & Cosmetology,MS,3,Private For-Profit,12255.0,12255.0,,12255.0,,,msinstitute.com/beauty-school-financial-aid/beauty-college-net-price-calculator/
College of Western Idaho,ID,1,Public,13121.0,17129.0,13121.0,,3446.0,7454.0,https://cwi.edu/cost-aid/net-price-calculator
Aveda Institute-Chapel Hill,NC,3,Private For-Profit,25246.0,25246.0,,25246.0,,,https://static.avedafi.edu/net-price-calculator/AICH/npcalc.html
Total Image Beauty Academy,NJ,3,Private For-Profit,19515.0,19515.0,,19515.0,,,www.tiba.edu/net-price-calculator/
Jersey College,NJ,3,Private For-Profit,56461.0,56461.0,,56461.0,,,https://www.jerseycollege.edu/financial-aid/net-price-calculator
Casal Institute of Nevada,NV,3,Private For-Profit,15395.0,15395.0,,15395.0,,,www.avedalasvegas.com/net-price-calculator/
Career School of NY,NY,2,Private Non-Profit,9753.0,9753.0,,9753.0,,,www.careerschoolny.com/
Yeshiva of Machzikai Hadas,NY,2,Private Non-Profit,35348.0,35348.0,35348.0,,10800.0,10800.0,https://yeshivaofmachzikaihadas.com/links/
Aveda Institute-Columbus,OH,3,Private For-Profit,26656.0,26656.0,,26656.0,,,https://static.avedafi.edu/net-price-calculator/AIC/npcalc.html
Paul Mitchell the School-Cincinnati,OH,3,Private For-Profit,30859.0,30859.0,,30859.0,,,paulmitchell.edu/cincinnati/tuition-calculator
Hands on Therapy,TX,3,Private For-Profit,23252.0,23252.0,,23252.0,,,www.handsontherapyschools.com/npcalc.htm
MediaTech Institute-Dallas,TX,3,Private For-Profit,24891.0,24891.0,,24891.0,,,https://mediatech.edu/Calculator/
Aveda Arts & Sciences Institute-San Antonio,TX,3,Private For-Profit,26845.0,26845.0,,26845.0,,,https://avedaarts.edu/program-information/2019/net-price-calculator/npcalc-sanantonio.htm
Skin Science Institute,UT,3,Private For-Profit,22984.0,22984.0,,22984.0,,,skinscienceinstitute.com/net-price-calculator/
Fortis College-Dothan,AL,3,Private For-Profit,25168.0,25168.0,,25168.0,,,https://www.fortis.edu/content/dam/fortis/compliance/netpricecalc/npcalc-fortis_dothan.htm
Fortis Institute-Pensacola,FL,3,Private For-Profit,35294.0,35294.0,35294.0,,15069.0,15069.0,https://www.fortis.edu/content/dam/fortis/compliance/netpricecalc/npcalc-fortis_pensacola.htm
Fortis College-Montgomery,AL,3,Private For-Profit,27286.0,27286.0,,27286.0,,,https://www.fortis.edu/content/dam/fortis/compliance/netpricecalc/npcalc-fortis_montgomery.htm
Woodland Community College,CA,1,Public,13975.0,20507.0,13975.0,,1124.0,7656.0,https://wcc.yccd.edu/student/financialaid/calculator/
Fortis Institute-Birmingham,AL,3,Private For-Profit,32927.0,32927.0,32927.0,,15335.0,15335.0,www.fortis.edu/content/dam/fortis/compliance/netpricecalc/npcalc-fortis_birmingham.htm
Alturas Cosmetology of Arizona LLC,AZ,3,Private For-Profit,17132.0,17132.0,,17132.0,,,www.tsaob.com/FACalc/coscalc.htm
California Nurses Educational Institute,CA,3,Private For-Profit,28452.0,28452.0,,28452.0,,,https://cnei.edu/calc/npcalc.htm
Paul Mitchell the School-Sacramento,CA,3,Private For-Profit,19402.0,19402.0,,19402.0,,,paulmitchell.edu/sacramento/programs/cosmetology
Providence Christian College,CA,2,Private Non-Profit,53447.0,53447.0,53447.0,,36963.0,36963.0,https://www.providencecc.edu/netpricecalculator/index.html
Oxford Academy of Hair Design Inc,CT,3,Private For-Profit,15488.0,15488.0,,15488.0,,,www.oxfordhairacademy.com/net-price-calculator
Medical Institute of Palm Beach,FL,3,Private For-Profit,46622.0,46622.0,,46622.0,,,https://www.medicalinstitutepb.edu/Calculator.html
Oliver Finley Academy of Cosmetology,ID,3,Private For-Profit,23559.0,23559.0,,23559.0,,,oliverfinley.com/net-price-calculator/
National Career College,CA,3,Private For-Profit,34495.0,34495.0,,34495.0,,,https://nccusa.edu/financial-aid/
The Aveda Institute of Beauty and Wellness Chicago,IL,3,Private For-Profit,35942.0,35942.0,,35942.0,,,www.ibw.edu/admissions/financial-aid/
Tricoci University of Beauty Culture-Libertyville,IL,3,Private For-Profit,26542.0,26542.0,,26542.0,,,www.tricociuniversity.edu/admissions-financial-aid/beauty-school-calculator/
Tricoci University of Beauty Culture-Bridgeview,IL,3,Private For-Profit,24121.0,24121.0,,24121.0,,,www.tricociuniversity.edu/admissions-financial-aid/beauty-school-calculator/
The Temple-A Paul Mitchell Partner School,MD,3,Private For-Profit,33491.0,33491.0,,33491.0,,,paulmitchell.edu/frederick/tuition-calculator
Center for Massage,NC,3,Private For-Profit,23089.0,23089.0,,23089.0,,,www.centerformassage.com/wp-content/uploads/2019/07/Massage-Therapy_Therapeutic-Massage-Gainful-Employment-Disclosure.htm
The Academy of Hair Design LLC,OK,3,Private For-Profit,22968.0,22968.0,,22968.0,,,https://www.academyofhairdesignok.com/s/npc-2024.html
COLLECTIV Academy-Cranston,RI,3,Private For-Profit,24940.0,24940.0,,24940.0,,,collectivacademy.com/npc/cranston/index.html
South Texas Training Center,TX,3,Private For-Profit,14970.0,14970.0,14970.0,,13566.0,13566.0,southtexastraining.com/net-price-calculator/
Columbia College,VA,3,Private For-Profit,13440.0,13440.0,,13440.0,,,www.ccdc.edu/netpricecal/npcalc.htm
Advanced Welding Institute,VT,3,Private For-Profit,36551.0,36551.0,,36551.0,,,www.awi.edu/net-price-calculator
Paul Mitchell the School-Memphis,TN,3,Private For-Profit,24047.0,24047.0,,24047.0,,,paulmitchell.edu/memphis/tuition-calculator
Pima Medical Institute-East Valley,AZ,3,Private For-Profit,25654.0,25654.0,,25654.0,,,https://secure.pmi.edu/npcalc/
Paul Mitchell the School-Cleveland,OH,3,Private For-Profit,31576.0,31576.0,,31576.0,,,paulmitchell.edu/cleveland/tuition-calculator
Paul Mitchell the School-Columbus,OH,3,Private For-Profit,30941.0,30941.0,,30941.0,,,paulmitchell.edu/columbus/tuition-calculator
Empire Beauty School-Spring Lake Park,MN,3,Private For-Profit,22841.0,22841.0,,22841.0,,,www.empire.edu/consumer-information/net-price-calculator
Miller-Motte College-Raleigh,NC,3,Private For-Profit,28171.0,28171.0,,28171.0,,,www.miller-motte.edu/NetPrice/Raleigh/
Lamson Institute,TX,3,Private For-Profit,31737.0,31737.0,,31737.0,,,https://lamson.edu/net-price-calculator/
Fortis College-Salt Lake City,UT,3,Private For-Profit,33657.0,33657.0,33657.0,,13474.0,13474.0,https://www.fortis.edu/content/dam/fortis/compliance/netpricecalc/npcalc-fortis_salt_lake_city.html
Polytechnic University of Puerto Rico-Orlando,FL,2,Private Non-Profit,23011.0,23011.0,23011.0,,14547.0,14547.0,https://www.pupr.edu/orlando/admissions/net-price-calculator/
Ross Medical Education Center-Fort Wayne,IN,3,Private For-Profit,24203.0,24203.0,,24203.0,,,https://rosseducation.edu/consumer-info/#npc
Ross Medical Education Center-Battle Creek,MI,3,Private For-Profit,24788.0,24788.0,,24788.0,,,https://rosseducation.edu/consumer-info/#npc
Geisinger Commonwealth School of Medicine,PA,2,Private Non-Profit,25845.0,25845.0,25845.0,,15886.0,15886.0,https://www.geisinger.edu/gchs/education/departments/division-enrollment-management/financial-aid/loans-debt-management-financial-planning
Josef's School of Hair Skin & Body-Fargo,ND,3,Private For-Profit,16854.0,16854.0,,16854.0,,,https://josefsschoolofhairdesign.com/wp-content/uploads/2025/10/netpricecalculator.html
Miller-Motte College-Berks Technical Institute-Allentown,PA,3,Private For-Profit,27372.0,27372.0,,27372.0,,,www.berks.edu/NetPrice/Allentown/
Salon Success Academy-Fontana,CA,3,Private For-Profit,22094.0,22094.0,,22094.0,,,https://www.salonsuccessacademy.com/wp-content/uploads/2024/11/npc-fontana.html
Salon Success Academy-Redlands,CA,3,Private For-Profit,22818.0,22818.0,,22818.0,,,https://www.salonsuccessacademy.com/wp-content/uploads/2024/11/npc-redlands.html
Paul Mitchell the School-Baton Rouge,LA,3,Private For-Profit,29153.0,29153.0,,29153.0,,,paulmitchell.edu/batonrouge/tuition-calculator
San Joaquin Valley College-Hesperia,CA,3,Private For-Profit,30880.0,30880.0,,30880.0,,,https://www.sjvc.edu/net-price-calculator
South Texas Vocational Technical Institute-Brownsville,TX,3,Private For-Profit,23782.0,23782.0,,23782.0,,,https://www.stvt.edu/NetPrice/Brownsville/
Miller-Motte College-STVT-Corpus Christi,TX,3,Private For-Profit,26460.0,26460.0,,26460.0,,,https://www.stvt.edu/NetPrice/CorpusChristi/
University of Minnesota-Rochester,MN,1,Public,28904.0,28904.0,28904.0,,15016.0,15016.0,https://www.shoppingsheet.com/shopping/landing/umn-rochester
College of Business and Technology,FL,3,Private For-Profit,24770.0,24770.0,24770.0,,14030.0,14030.0,www.cbt.edu/Net-Price-Calculator/npcalc.htm
Capri Beauty College,IL,3,Private For-Profit,19335.0,19335.0,,19335.0,,,https://capri.edu/net-price-calculator/new-lenox-cosmetology/
Milan Institute-Bakersfield,CA,3,Private For-Profit,28832.0,28832.0,,28832.0,,,solutions.campusivy.com/Apps/NPC/NPCWizard/Wizard?institutionId=12600
Homestead Schools,CA,2,Private Non-Profit,20937.0,20937.0,,20937.0,,,homesteadschools.net/wp-content/uploads/2022/10/hsi.html
Carrington College-Las Vegas,NV,3,Private For-Profit,47617.0,47617.0,,47617.0,,,https://carrington.edu/financial-aid/how-much-will-it-cost/
Carrington College-Reno,NV,3,Private For-Profit,55567.0,55567.0,,55567.0,,,https://carrington.edu/financial-aid/how-much-will-it-cost/
Chamberlain University-Florida,FL,3,Private For-Profit,37182.0,37182.0,37182.0,,19975.0,19975.0,https://www.chamberlain.edu/admissions/financial-aid-scholarships/calculator
Washington Barber College Inc,AR,3,Private For-Profit,19913.0,19913.0,,19913.0,,,https://washingtonbarbercollege.edu/NetPriceTemplate/
InterCoast Colleges-Rancho Cordova,CA,3,Private For-Profit,30682.0,30682.0,,30682.0,,,https://www.intercoast.edu/financial-services/
Horizon University,IN,2,Private Non-Profit,29680.0,29680.0,29680.0,,9840.0,9840.0,www.horizonuniversity.edu/netprice_calculator/npcalc.html
Beyond 21st Century Beauty Academy,CA,3,Private For-Profit,31744.0,31744.0,,31744.0,,,www.beyondcosmo.com/net-price-calculator-2
Angeles College,CA,3,Private For-Profit,33854.0,33854.0,,33854.0,,,https://angelescollege.edu/npcalc.html
Angeles Institute,CA,3,Private For-Profit,31664.0,31664.0,,31664.0,,,angelesinstitutenetpricecalc.com/index.html
Paul Mitchell the School-Temecula,CA,3,Private For-Profit,32530.0,32530.0,,32530.0,,,https://paulmitchell.edu/temecula/tuition-calculator
TIGI Hairdressing Academy Guilford,CT,3,Private For-Profit,20281.0,20281.0,,20281.0,,,tigiguilford.edu/net-price-calculator
International Institute of Cosmetology,CT,3,Private For-Profit,21492.0,21492.0,,21492.0,,,https://www.studyhair.com/wp-content/uploads/index.html
Emerald Coast Technical College,FL,1,Public,22891.0,22891.0,,22891.0,,,https://www.ectc.edu/o/ectc/page/cost-calculator
Immokalee Technical College,FL,1,Public,18551.0,18551.0,,18551.0,,,https://itc.collierschools.com/admissions/financial-aid/net-price-calculator
American Academy of Cosmetology,FL,3,Private For-Profit,25624.0,25624.0,,25624.0,,,www.aacschool.com/netpricecalc.html
University of Fort Lauderdale,FL,2,Private Non-Profit,24410.0,24410.0,24410.0,,9810.0,9810.0,uftl.edu/UFTLFinancialAid.php
Aviation Institute of Maintenance-Orlando,FL,3,Private For-Profit,30401.0,30401.0,30401.0,,16757.0,16757.0,https://aviationmaintenance.edu/your-rights
Summit Salon Academy,FL,3,Private For-Profit,37417.0,37417.0,,37417.0,,,summitsalonacademytampa.com/financial-assistance/net-price-calculator
Summit Salon Academy-Gainesville,FL,3,Private For-Profit,23503.0,23503.0,,23503.0,,,www.ssag.edu/consumer-information/
Tenaj Salon Institute,FL,3,Private For-Profit,31199.0,31199.0,,31199.0,,,tenajsaloninstitute.edu/net-price-calculator/
Profile Institute of Barber-Styling,GA,3,Private For-Profit,22817.0,22817.0,,22817.0,,,https://www.profileinstituteatl.com/npcalc.htm
Keune Academy by 124,GA,3,Private For-Profit,19843.0,19843.0,,19843.0,,,www.keuneacademyby124.edu/our-campus/net-price-calculator
Pacific Rim Christian University,HI,2,Private Non-Profit,24042.0,24042.0,24042.0,,13580.0,13580.0,https://www.pacrim.edu/tuition-and-aid/net-price-calculator
Paul Mitchell the School-Twin Falls,ID,3,Private For-Profit,29089.0,29089.0,,29089.0,,,paulmitchell.edu/twinfalls/tuition-calculator
Midwestern Career College,IL,3,Private For-Profit,24216.0,24216.0,,24216.0,,,https://mccollege.edu/net-price-calculator/
Aveda Fredric's Institute-Indianapolis,IN,3,Private For-Profit,28184.0,28184.0,,28184.0,,,https://static.avedafi.edu/net-price-calculator/AFI/npcalc.html
Summit Salon Academy,IN,3,Private For-Profit,21552.0,21552.0,,21552.0,,,www.andersonsalonacademy.com/netpricecalculator
Eric Fisher Academy,KS,3,Private For-Profit,19167.0,19167.0,,19167.0,,,https://www.ericfisheracademy.com/netprice/npcalc.htm
My Le's Beauty College,LA,3,Private For-Profit,18081.0,18081.0,,18081.0,,,https://www.mylebeautycollegellc.com/resources/
L'esprit Academy,MI,3,Private For-Profit,26150.0,26150.0,,26150.0,,,https://www.lespritacademy.com/cos-net-price-calculator/
Avalon School of Cosmetology,MN,3,Private For-Profit,13577.0,13577.0,,13577.0,,,www.avaloncosmetologyschool.com/financial3.html
City Vision University,MO,2,Private Non-Profit,15536.0,15536.0,15536.0,,6600.0,6600.0,https://www.cityvision.edu/coa/
Montana Academy of Salons,MT,3,Private For-Profit,20851.0,20851.0,,20851.0,,,https://montanaacademy.edu/financial-aid/net-price-calculator/
National Career Institute,NJ,3,Private For-Profit,28707.0,28707.0,,28707.0,,,nciedu.com/financial-aid
Paul Mitchell the School-Albuquerque,NM,3,Private For-Profit,19201.0,19201.0,,19201.0,,,paulmitchell.edu/albuquerque/tuition-calculator
International Academy of Style,NV,3,Private For-Profit,25725.0,25725.0,,25725.0,,,internationalacademyofstyle.com/consumer-information
EDP School,NY,2,Private Non-Profit,20747.0,20747.0,,20747.0,,,https://www.edpschool.edu/net-price-calculator/
New York Medical Career Training Center,NY,3,Private For-Profit,29997.0,29997.0,,29997.0,,,www.nymedtraining.com/net-price-calculator/
The Salon Professional Academy-Tonawanda,NY,3,Private For-Profit,20816.0,20816.0,,20816.0,,,www.tspabuffalo.com/financial-aid/
Paul Mitchell the School-NYC,NY,3,Private For-Profit,28772.0,28772.0,,28772.0,,,https://paulmitchell.edu/nyc/tuition-calculator
Summit Salon Academy-Perrysburg,OH,3,Private For-Profit,19163.0,19163.0,,19163.0,,,summitsalonacademyperrysburg.edu/wp-content/uploads/NPC/index.html
Somerset County Technology Center,PA,1,Public,20610.0,20610.0,,20610.0,,,https://sctc.net/NetPriceCalculator/index.html
Metro Beauty Academy,PA,3,Private For-Profit,24416.0,24416.0,,24416.0,,,https://www.metrobeautyacademy.edu/net-price-calculator/
Academy for Careers and Technology,SC,1,Public,12327.0,12327.0,,12327.0,,,https://www.marion.k12.sc.us/
Love Beauty School Inc,TN,3,Private For-Profit,12301.0,12301.0,,12301.0,,,lovebeautyschool.net/
DuVall's School of Cosmetology,TX,3,Private For-Profit,22255.0,22255.0,,22255.0,,,https://duvallschool.com/cost-calculator/
Texas Beauty College,TX,3,Private For-Profit,11150.0,11150.0,,11150.0,,,texasbeautyinfo.com/index.html
Avenue Five Institute,TX,3,Private For-Profit,32147.0,32147.0,,32147.0,,,https://www.avenuefive.edu/net-price-calculator/
The Salon Professional Academy-Lewisville,TX,3,Private For-Profit,23126.0,23126.0,,23126.0,,,www.tspadallas.com/financial-aid/welcome/
Renaissance Academie,UT,3,Private For-Profit,26778.0,26778.0,,26778.0,,,www.race.edu/net-price-calculator/
Institute of Advanced Medical Esthetics,VA,3,Private For-Profit,17912.0,17912.0,,17912.0,,,onlineestheticianclasses.com/npcalc.htm
Aveda Arts & Sciences Institute Seattle,WA,3,Private For-Profit,28401.0,28401.0,,28401.0,,,avedaarts.edu/student/consumer-disclosures/
Northwest School of Wooden Boat Building,WA,2,Private Non-Profit,42317.0,42317.0,42317.0,,20025.0,20025.0,https://www.nwswb.edu/financial-aid/
The Salon Professional Academy-Onalaska,WI,3,Private For-Profit,21829.0,21829.0,,21829.0,,,https://salonproacademy.com/wp-content/uploads/2025/10/index.html
West Coast University-Anaheim-Orange County,CA,3,Private For-Profit,34887.0,34887.0,34887.0,,22506.0,22506.0,https://wcu.aidcalc.cloud/
West Coast University-Ontario,CA,3,Private For-Profit,53706.0,53706.0,53706.0,,36854.0,36854.0,https://wcu.aidcalc.cloud/
Paul Mitchell the School-Chicago,IL,3,Private For-Profit,29477.0,29477.0,,29477.0,,,paulmitchell.edu/chicago/tuition-calculator
Miller-Motte College-Fayetteville,NC,3,Private For-Profit,31202.0,31202.0,,31202.0,,,www.miller-motte.edu/NetPrice/Fayetteville/
Miller-Motte College-Columbus,GA,3,Private For-Profit,27114.0,27114.0,,27114.0,,,www.miller-motte.edu/NetPrice/Columbus/
Fortis College-Indianapolis,IN,3,Private For-Profit,35300.0,35300.0,35300.0,,15072.0,15072.0,https://www.fortis.edu/content/dam/fortis/compliance/netpricecalc/npcalc-fortis_indianapolis.htm
Empire Beauty School-E Memphis,TN,3,Private For-Profit,21404.0,21404.0,,21404.0,,,www.empire.edu/consumer-information/net-price-calculator
Empire Beauty School-Nashville,TN,3,Private For-Profit,19703.0,19703.0,,19703.0,,,www.empire.edu/consumer-information/net-price-calculator
Empire Beauty School-Jackson,TN,3,Private For-Profit,20709.0,20709.0,,20709.0,,,www.empire.edu/consumer-information/net-price-calculator
Empire Beauty School-Springfield,PA,3,Private For-Profit,23312.0,23312.0,,23312.0,,,www.empire.edu/consumer-information/net-price-calculator
Empire Beauty School-Speedway,IN,3,Private For-Profit,23584.0,23584.0,,23584.0,,,www.empire.edu/consumer-information/net-price-calculator
Empire Beauty School-Morrow,GA,3,Private For-Profit,21907.0,21907.0,,21907.0,,,www.empire.edu/consumer-information/net-price-calculator
Strayer University-Georgia,GA,3,Private For-Profit,25158.0,25158.0,25158.0,,13920.0,13920.0,https://strayer.aidcalc.cloud/netprice.htm
Strayer University-South Carolina,SC,3,Private For-Profit,25158.0,25158.0,25158.0,,13920.0,13920.0,strayer.aidcalc.cloud/netprice.htm
Empire Beauty School-Charlotte,NC,3,Private For-Profit,21775.0,21775.0,,21775.0,,,www.empire.edu/consumer-information/net-price-calculator
Empire Beauty School-Winston-Salem,NC,3,Private For-Profit,21857.0,21857.0,,21857.0,,,www.empire.edu/consumer-information/net-price-calculator
Empire Beauty School-West Palm,FL,3,Private For-Profit,22326.0,22326.0,,22326.0,,,www.empire.edu/consumer-information/net-price-calculator
Empire Beauty School-Pineville,NC,3,Private For-Profit,21302.0,21302.0,,21302.0,,,www.empire.edu/consumer-information/net-price-calculator
Paul Mitchell the School-Phoenix,AZ,3,Private For-Profit,25438.0,25438.0,,25438.0,,,paulmitchell.edu/phoenix/tuition-calculator
Paul Mitchell the School-Modesto,CA,3,Private For-Profit,20936.0,20936.0,,20936.0,,,paulmitchell.edu/modesto/tuition-calculator
Paul Mitchell the School-Fresno,CA,3,Private For-Profit,28484.0,28484.0,,28484.0,,,https://paulmitchell.edu/fresno/tuition-calculator
Unitek College,CA,3,Private For-Profit,27775.0,27775.0,,27775.0,,,www.unitekcollege.edu/financial-aid/net-price-calculator
Gurnick Academy of Medical Arts,CA,3,Private For-Profit,36834.0,36834.0,,36834.0,,,www.gurnick.edu/npc/index.html
Paul Mitchell the School-East Bay,CA,3,Private For-Profit,34474.0,34474.0,,34474.0,,,https://paulmitchell.edu/eastbay/tuition-calculator
South University-Richmond,VA,3,Private For-Profit,36577.0,36577.0,36577.0,,18145.0,18145.0,www.southuniversity.edu/richmond/net-price-calculator
South University-Virginia Beach,VA,3,Private For-Profit,36577.0,36577.0,36577.0,,18145.0,18145.0,www.southuniversity.edu/virginia-beach/net-price-calculator
Aveda Institute-Denver,CO,3,Private For-Profit,23384.0,23384.0,,23384.0,,,https://avedainspiregreatness.com/calcs/denver/npcalc.htm
Paul Mitchell the School-Colorado Springs,CO,3,Private For-Profit,27557.0,27557.0,,27557.0,,,https://paulmitchell.edu/coloradosprings/tuition-calculator
The Salon Professional Academy-Colorado Springs,CO,3,Private For-Profit,16917.0,16917.0,,16917.0,,,https://www.tspacoloradosprings.com/financial-aid/welcome/
Paul Mitchell the School-Delaware,DE,3,Private For-Profit,22151.0,22151.0,,22151.0,,,https://paulmitchell.edu/delaware/tuition-calculator
Fred K Marchman Technical College,FL,1,Public,11021.0,11021.0,,11021.0,,,mtec.pasco.k12.fl.us/wp-content/uploads/2021/09/Net-Price-Calculator.html
The Salon Professional Academy-Ft Myers,FL,3,Private For-Profit,28555.0,28555.0,,28555.0,,,www.tspaftmyers.com/financial-aid/welcome/
Universal Spa Training Academy,IL,3,Private For-Profit,24756.0,24756.0,,24756.0,,,www.spatrainingacademy.edu/npcalc/npcalc.htm
The Salon Professional Academy-Evansville,IN,3,Private For-Profit,17458.0,17458.0,,17458.0,,,www.tspaevansville.com/financial-aid/welcome/net-price-calculator/
Tri County Regional Vocational Technical High School,MA,1,Public,13896.0,13896.0,,13896.0,,,www.tri-county.us/o/tri-county-vocational-tech/page/postsecondary-programs
Nova Academy of Cosmetology,MN,3,Private For-Profit,25227.0,25227.0,,25227.0,,,https://novaacademy.edu/wp-content/uploads/2023/08/nova-rochester-mankato-net-price-calculator.html
Maestro College,TX,3,Private For-Profit,22485.0,22485.0,,22485.0,,,https://maestrocollege.edu/netpricecalculator.html
ABC Beauty Academy,TX,3,Private For-Profit,14083.0,14083.0,,14083.0,,,www.abcbeauty.org/NetPrice/npcalc.htm
Summit Salon Academy,WA,3,Private For-Profit,29873.0,29873.0,,29873.0,,,summitsalonacademy.edu/net-price-calculator/
Paul Mitchell the School-Milwaukee,WI,3,Private For-Profit,24097.0,24097.0,,24097.0,,,https://paulmitchell.edu/milwaukee/tuition-calculator
Touro University Worldwide,CA,2,Private Non-Profit,29016.0,29016.0,29016.0,,14600.0,14600.0,https://www.tuw.edu/admissions/tuition/financial-aid-information/
Herzing University-Kenosha,WI,2,Private Non-Profit,28414.0,28414.0,28414.0,,13450.0,13450.0,https://www.herzing.edu/tuition-financial-aid/net-price-calculator
Herzing University-Brookfield,WI,2,Private Non-Profit,27844.0,27844.0,27844.0,,13450.0,13450.0,https://www.herzing.edu/tuition-financial-aid/net-price-calculator
Texas A&M University-San Antonio,TX,1,Public,21655.0,35256.0,21655.0,,9654.0,23255.0,https://apps.highered.texas.gov/apps/npc/?fice=042485
Fortis Institute,TX,3,Private For-Profit,24474.0,24474.0,,24474.0,,,https://www.fortis.edu/content/dam/fortis/compliance/netpricecalc/npcalc-fortis_houston_north.htm
Southern Careers Institute-Brownsville,TX,3,Private For-Profit,22159.0,22159.0,,22159.0,,,prospect.studentaidprocess.com/saintprospect/(S(ocmfllhcnha2l4egndtg2dgp))/netpricecalculator?corpid=64
Southern Careers Institute-Harlingen,TX,3,Private For-Profit,28757.0,28757.0,,28757.0,,,https://prospect.studentaidprocess.com/saintprospect/(S(ocmfllhcnha2l4egndtg2dgp))/netpricecalculator?corpid=64
Strayer University-Global Region,DC,3,Private For-Profit,25158.0,25158.0,25158.0,,13920.0,13920.0,https://strayer.aidcalc.cloud/netprice.htm
Kenneth Shuler School of Cosmetology-Florence,SC,3,Private For-Profit,28021.0,28021.0,,28021.0,,,https://kennethshuler.com/wp-content/uploads/2025/08/flonpc2324.html
Fortis College-Columbia,SC,3,Private For-Profit,27793.0,27793.0,27793.0,,14777.0,14777.0,www.fortis.edu/content/dam/fortis/compliance/netpricecalc/npcalc-fortis_columbia.htm
Ross Medical Education Center-Davison,MI,3,Private For-Profit,23494.0,23494.0,,23494.0,,,https://rosseducation.edu/consumer-info/#npc
Ross Medical Education Center-Granger,IN,3,Private For-Profit,24356.0,24356.0,,24356.0,,,https://rosseducation.edu/consumer-info/#npc
Ross Medical Education Center-Niles,OH,3,Private For-Profit,23146.0,23146.0,,23146.0,,,https://rosseducation.edu/consumer-info/#npc
Ross Medical Education Center-Canton,MI,3,Private For-Profit,22783.0,22783.0,,22783.0,,,https://rosseducation.edu/consumer-info/#npc
Pima Medical Institute-Houston,TX,3,Private For-Profit,26251.0,26251.0,,26251.0,,,https://secure.pmi.edu/npcalc/
Illinois Media School-Chicago Campus,IL,3,Private For-Profit,31734.0,31734.0,,31734.0,,,beonair.com/locations/chicago/net-price-calculator/
Miller-Motte College-STVT-San Antonio,TX,3,Private For-Profit,25318.0,25318.0,,25318.0,,,https://www.stvt.edu/NetPrice/SanAntonio/
Concorde Career College-Dallas,TX,3,Private For-Profit,30222.0,30222.0,,30222.0,,,https://enroll.myconcorde.edu/npc
Concorde Career Institute-Orlando,FL,3,Private For-Profit,41001.0,41001.0,,41001.0,,,https://enroll.myconcorde.edu/npc
Concorde Career College-San Antonio,TX,3,Private For-Profit,31846.0,31846.0,,31846.0,,,https://enroll.myconcorde.edu/npc
Johnson & Wales University-Online,RI,2,Private Non-Profit,26864.0,26864.0,26864.0,,13365.0,13365.0,https://online.jwu.edu/net-price-calculator
Moreno Valley College,CA,1,Public,15934.0,27004.0,15934.0,,1428.0,12498.0,https://misweb.cccco.edu/npc/962/npcalc.htm
Norco College,CA,1,Public,14075.0,25145.0,14075.0,,1428.0,12498.0,https://misweb.cccco.edu/npc/963/npcalc.htm
Dorsey College-Saginaw,MI,3,Private For-Profit,36916.0,36916.0,36916.0,,16990.0,16990.0,solutions.campusivy.com/Apps/NPC/NPCWizard?institutionId=11800
Milan Institute of Cosmetology-El Paso,TX,3,Private For-Profit,30412.0,30412.0,,30412.0,,,solutions.campusivy.com/Apps/NPC/NPCWizard/Wizard?institutionId=12600
Universal Technical Institute-Dallas Fort Worth,TX,3,Private For-Profit,31414.0,31414.0,,31414.0,,,www.uti.edu/admissions/tuition
ICPR Junior College,PR,3,Private For-Profit,15900.0,15900.0,15900.0,,8664.0,8664.0,www.icprjc.edu/netPriceCalculator/npcalc.htm
Artistic Nails and Beauty Academy-Lakeland,FL,3,Private For-Profit,15229.0,15229.0,,15229.0,,,https://www.artistic.edu/npc/npcalc.htm
Hawaii Medical College,HI,3,Private For-Profit,36252.0,36252.0,36252.0,,25927.0,25927.0,www.hmi.edu/fha/npcalc.htm
Carolina College of Hair Design Inc,NC,3,Private For-Profit,18046.0,18046.0,,18046.0,,,carolinacollege.com/documents/npcalc.html
Integrated Massage Therapy Services,ID,3,Private For-Profit,25498.0,25498.0,,25498.0,,,collegemassagetherapy.com/wp-content/uploads/2018/02/NPCalc201817-18.htm
Miller-Motte College-Jacksonville,NC,3,Private For-Profit,28436.0,28436.0,,28436.0,,,www.miller-motte.edu/NetPrice/Jacksonville/
Miller-Motte College-Augusta,GA,3,Private For-Profit,29003.0,29003.0,,29003.0,,,www.miller-motte.edu/NetPrice/Augusta/
Chamberlain University-Virginia,VA,3,Private For-Profit,45594.0,45594.0,45594.0,,20785.0,20785.0,https://www.chamberlain.edu/admissions/financial-aid-scholarships/calculator
Penrose Academy,AZ,3,Private For-Profit,25912.0,25912.0,,25912.0,,,https://penrose.edu/wp-content/uploads/2024/01/index.html
Skin Institute,MO,3,Private For-Profit,19195.0,19195.0,,19195.0,,,www.skininstitute.edu/consumer-information.html
Beauty Academy of South Florida,FL,3,Private For-Profit,59338.0,59338.0,,59338.0,,,https://www.basf.edu/consumer-information
Ogle School Hair Skin Nails-North Dallas,TX,3,Private For-Profit,26579.0,26579.0,,26579.0,,,www.ogleschool.edu/financial-aid/net-price-calculator
The Salon Professional Academy,AR,3,Private For-Profit,15262.0,15262.0,,15262.0,,,https://www.littlerockbeautyschool.com/financial-aid
The Salon Professional Academy-St Charles,MO,3,Private For-Profit,16893.0,16893.0,,16893.0,,,https://tspastlouis.com/net-price-calculator
Mildred Elley-New York Campus,NY,3,Private For-Profit,33249.0,33249.0,33249.0,,17926.0,17926.0,www.mildred-elley.edu/net-price-calculator/
Crestpoint University,AZ,3,Private For-Profit,19927.0,19927.0,19927.0,,7995.0,7995.0,https://www.crestpoint.edu/npcalc/npcalc.html
Carolina College of Biblical Studies,NC,2,Private Non-Profit,24267.0,24267.0,24267.0,,6906.0,6906.0,https://ccbs.edu/admissions/tuition-fees/net-price-calculator/
Northeast Technology Center,OK,1,Public,15385.0,15385.0,,15385.0,,,https://4.files.edl.io/bc77/01/31/20/204625-3f2ed852-3c71-4f98-bf8f-63ab6d7fe864.html
Allstate Hairstyling & Barber College,OH,3,Private For-Profit,16473.0,16473.0,,16473.0,,,allstatecollege.com/consumer-information/
New York Film Academy,CA,3,Private For-Profit,62210.0,62210.0,62210.0,,36920.0,36920.0,https://www.nyfa.edu/npc.html
Bella Capelli Academy,PA,3,Private For-Profit,24531.0,24531.0,,24531.0,,,paulmitchell.edu/monroeville/tuition-calculator
Institute of Medical Careers,PA,3,Private For-Profit,26575.0,26575.0,,26575.0,,,https://imbc.edu/docs/netpricecalc/npcalc.htm
Galaxy Medical College,CA,3,Private For-Profit,19082.0,19082.0,,19082.0,,,galaxymedicalcollege.edu/net-price-calculator/npcalc.htm
American Medical Sciences Center,CA,3,Private For-Profit,27293.0,27293.0,,27293.0,,,amsc.edu/financial-aid/net-price-calculator/
Mandalyn Academy,UT,3,Private For-Profit,18052.0,18052.0,,18052.0,,,https://mandalynacademy.com/net-price-calculator/
D A Dorsey Technical College,FL,1,Public,6815.0,6815.0,,6815.0,,,www.dadorseytech.edu/admissions/tuition-and-fee/
Keweenaw Bay Ojibwa Community College,MI,1,Public,14424.0,14424.0,14424.0,,5000.0,5000.0,https://www.kbocc.edu/wp-content/uploads/2024/12/index.html
Mauna Loa Helicopters,HI,3,Private For-Profit,115636.0,115636.0,,115636.0,,,maunaloahelicopters.edu/students/consumer-information
Acaydia School of Aesthetics,UT,3,Private For-Profit,24039.0,24039.0,,24039.0,,,https://acaydia.edu/html/npcalc.htm
Diamonds College,TX,3,Private For-Profit,24461.0,24461.0,,24461.0,,,www.diamondscollege.com/net-price-calculator
Paul Mitchell the School-St Louis,MO,3,Private For-Profit,29535.0,29535.0,,29535.0,,,paulmitchell.edu/stlouis/tuition-calculator
Taylor Andrews Academy of Hair Design-West Jordan,UT,3,Private For-Profit,21674.0,21674.0,,21674.0,,,https://taylorandrew.com/wp-content/uploads/2025/04/npc.html
Santa Ana Beauty Academy,CA,3,Private For-Profit,16220.0,16220.0,,16220.0,,,nces.ed.gov/ipeds/netpricecalculator/#/
Manna University,NC,2,Private Non-Profit,17783.0,17783.0,17783.0,,9105.0,9105.0,https://manna.edu/net-price-calculator/
Evolve Beauty Academy,MO,3,Private For-Profit,26863.0,26863.0,,26863.0,,,https://www.cosmetologycollegefranklincounty.com/tuition-calculator
Aveda Institute-New Mexico,NM,3,Private For-Profit,19754.0,19754.0,,19754.0,,,https://www.avedanm.com/npc/npcalc.htm
American Trade School,MO,3,Private For-Profit,21380.0,21380.0,,21380.0,,,https://www.americantradeschool.edu/Financial_Aid/NetPriceCalc.html
Estelle Skin Care and Spa Institute,IL,3,Private For-Profit,19153.0,19153.0,,19153.0,,,www.estelle.edu/NetPriceCalculator/npcalc.htm
Elite Cosmetology School,CA,3,Private For-Profit,26471.0,26471.0,,26471.0,,,eliteschools.edu/net-price-calculator/
American Technical Institute,PR,3,Private For-Profit,11281.0,11281.0,,11281.0,,,www.amtec.edu/net-price-calculator/
Aveda Institute-Boise,ID,3,Private For-Profit,18847.0,18847.0,,18847.0,,,www.avedaboise.com/#!net-price-calculator/czuc
Pima Medical Institute-Aurora,CO,3,Private For-Profit,27677.0,27677.0,,27677.0,,,https://secure.pmi.edu/npcalc/
Capilo School of Hair Design,ME,3,Private For-Profit,24155.0,24155.0,,24155.0,,,www.capilo.com/net-price-calculator
Pure Aesthetics Natural Skincare School,AZ,3,Private For-Profit,23414.0,23414.0,,23414.0,,,https://pureaesthetics.edu/net-price
Lindsey Institute of Cosmetology,KY,3,Private For-Profit,19169.0,19169.0,,19169.0,,,www.lindseyinstitute.com/net-price-calculator2173bfff
Invictus Career College,TX,3,Private For-Profit,31135.0,31135.0,,31135.0,,,https://nces.ed.gov/ipeds/netpricecalculator/#/
Simmons College of Kentucky,KY,2,Private Non-Profit,26596.0,26596.0,26596.0,,16398.0,16398.0,https://simmonscollegeky.edu/apply/tuition-and-fees/
Atelier Esthetique Institute of Esthetics,NY,3,Private For-Profit,19260.0,19260.0,,19260.0,,,www.aeinstitute.net/about/financial-aid/
Advanced College of Cosmetology,WI,3,Private For-Profit,16840.0,16840.0,,16840.0,,,https://www.accsuccess.com/wp-content/uploads/NetPriceCalculator/npcalc.htm
North American University,TX,2,Private Non-Profit,27981.0,27981.0,27981.0,,15436.0,15436.0,www.na.edu/financial-aid/cost-of-attendance/
Cinta Aveda Institute,CA,3,Private For-Profit,20168.0,20168.0,,20168.0,,,www.cintaaveda.edu/cosmetology-calculator
Long Island Nail Skin & Hair Institute,NY,3,Private For-Profit,21705.0,21705.0,,21705.0,,,nailskinhairinstitute.edu/financial-aid
Keser Torah-Mayan Hatalmud,NJ,2,Private Non-Profit,18900.0,18900.0,18900.0,,12460.0,12460.0,sites.google.com/view/kesertorah-mayanhatalmud/home
Southern California Health Institute,CA,3,Private For-Profit,32655.0,32655.0,,32655.0,,,www.sochi.edu/student-finance/net-price-calculator/
First Class Cosmetology School,WI,3,Private For-Profit,23048.0,23048.0,,23048.0,,,finaid.org/calculators/loanpayments/
Millennia Atlantic University,FL,3,Private For-Profit,30138.0,30138.0,30138.0,,13778.0,13778.0,www.maufl.edu/en/admissions/financial-calculator
Abcott Institute,MI,3,Private For-Profit,33361.0,33361.0,,33361.0,,,https://abcott.edu/wp-content/npcalc/index.html
The Salon Professional Academy-Kenosha,WI,3,Private For-Profit,35671.0,35671.0,,35671.0,,,https://kenoshatspa.com/NetPriceTemplate/
Paul Mitchell the School-Indianapolis,IN,3,Private For-Profit,22164.0,22164.0,,22164.0,,,https://paulmitchell.edu/indianapolis/tuition-calculator
Taylor Andrews Academy-St George,UT,3,Private For-Profit,20222.0,20222.0,,20222.0,,,www.taylorandrewstgeorge.com/consumer-disclosures
Protege Academy,MI,3,Private For-Profit,16164.0,16164.0,,16164.0,,,www.protegeacademy.com/themes/protege/calculator/npcalc.htm
Northeast Technical Institute,ME,3,Private For-Profit,33492.0,33492.0,,33492.0,,,ntinow.edu/financial-aid-resources/
Elite School of Cosmetology,OH,3,Private For-Profit,35636.0,35636.0,,35636.0,,,https://es.edu/NetPriceCalculator/npcalc.htm
Paul Mitchell the School-Las Vegas,NV,3,Private For-Profit,31332.0,31332.0,,31332.0,,,paulmitchell.edu/lasvegas/tuition-calculator
Summit Salon Academy-Kokomo,IN,3,Private For-Profit,23995.0,23995.0,,23995.0,,,kokomobeautyschool.com/enrollment-application
Florida Academy,FL,3,Private For-Profit,19059.0,19059.0,,19059.0,,,https://florida-academy.edu/financial-aid/net-price-calculator/
State Career College,IL,3,Private For-Profit,33771.0,33771.0,,33771.0,,,https://statecareercollege.edu/net-price-calculator/
Academy for Salon Professionals,CA,3,Private For-Profit,20803.0,20803.0,,20803.0,,,www.academyla.com/our-programs/financial-aid/
Paul Mitchell the School-Spokane,WA,3,Private For-Profit,26900.0,26900.0,,26900.0,,,https://paulmitchell.edu/spokane/tuition-calculator
International College of Beauty Arts & Sciences,CA,3,Private For-Profit,25200.0,25200.0,,25200.0,,,www.icbas.edu/financial-assistance/
John Paul the Great Catholic University,CA,2,Private Non-Profit,52367.0,52367.0,52367.0,,30265.0,30265.0,https://jpcatholic.edu/admission/cost/npcalc.html
University of Connecticut-Hartford Campus,CT,1,Public,26946.0,49614.0,26946.0,,18130.0,40798.0,https://financialaid.uconn.edu/pricecalc/
Ottawa University-Surprise,AZ,2,Private Non-Profit,52170.0,52170.0,52170.0,,35880.0,35880.0,https://www.ottawa.edu/ouaz/admissions/financial-aid
Chamberlain University-Missouri,MO,3,Private For-Profit,38999.0,38999.0,38999.0,,19975.0,19975.0,https://www.chamberlain.edu/admissions/financial-aid-scholarships/calculator
Chamberlain University-Texas,TX,3,Private For-Profit,38480.0,38480.0,38480.0,,20380.0,20380.0,https://www.chamberlain.edu/admissions/financial-aid-scholarships/calculator
Continental School of Beauty Culture-Mattydale,NY,3,Private For-Profit,24833.0,24833.0,,24833.0,,,continentalschoolofbeauty.edu/net-price-calculators/syracuse.html
Paul Mitchell the School-Columbia,SC,3,Private For-Profit,23181.0,23181.0,,23181.0,,,https://paulmitchell.edu/columbia/tuition-calculator
Paul Mitchell the School-Charleston,SC,3,Private For-Profit,22289.0,22289.0,,22289.0,,,https://paulmitchell.edu/charleston/tuition-calculator
Kenneth Shuler School of Cosmetology-Greenville,SC,3,Private For-Profit,24774.0,24774.0,,24774.0,,,https://kennethshuler.com/wp-content/uploads/2025/08/gvnpc2324.html
Northwest College-Eugene,OR,3,Private For-Profit,28506.0,28506.0,,28506.0,,,nwcollege.edu/files/npcalc.html
Northwest College-Tualatin,OR,3,Private For-Profit,24225.0,24225.0,,24225.0,,,nwcollege.edu/files/npcalc.html
CET-Soledad,CA,2,Private Non-Profit,26110.0,26110.0,,26110.0,,,https://cetweb.edu/tuition
UEI College-Oceanside,CA,3,Private For-Profit,34243.0,34243.0,,34243.0,,,https://enroll.uei.edu/Npc
Paul Mitchell the School-New Orleans,LA,3,Private For-Profit,30886.0,30886.0,,30886.0,,,paulmitchell.edu/neworleans/tuition-calculator
UEI College-Garden Grove,CA,3,Private For-Profit,33738.0,33738.0,,33738.0,,,https://enroll.uei.edu/Npc
New England Tractor Trailer Training School of Massachusetts,MA,3,Private For-Profit,20146.0,20146.0,,20146.0,,,nettts.com/price-calculator/
Dewey University-Manati,PR,2,Private Non-Profit,12277.0,12277.0,12277.0,,7630.0,7630.0,dewey.edu/jdc/matricula2012/NetPriceCalculator/npcalc.htm
Allen School-Phoenix,AZ,3,Private For-Profit,28182.0,28182.0,,28182.0,,,www.allenschool.edu/tuition-calculators
Oklahoma Technical College,OK,2,Private Non-Profit,32433.0,32433.0,,32433.0,,,collegesooner.com/otc-calc/
Unitech Training Academy-Alexandria,LA,3,Private For-Profit,25513.0,25513.0,,25513.0,,,unitechta.edu/net-price-calculator/
UEI College-Riverside,CA,3,Private For-Profit,33956.0,33956.0,,33956.0,,,https://enroll.uei.edu/Npc
WellSpring School of Allied Health-Lawrence,KS,3,Private For-Profit,21848.0,21848.0,,21848.0,,,www.wellspring.edu/npc/npcalc.htm
Manuel and Theresa's School of Hair Design-Victoria,TX,3,Private For-Profit,17414.0,17414.0,,17414.0,,,www.manuelandtheresasschoolofhair.com/net-price-calculator/
Tricoci University of Beauty Culture-Chicago NE,IL,3,Private For-Profit,25167.0,25167.0,,25167.0,,,www.tricociuniversity.edu/admissions-financial-aid/beauty-school-calculator/
Los Angeles Pacific University,CA,2,Private Non-Profit,29884.0,29884.0,29884.0,,12360.0,12360.0,https://npc.collegeboard.org/app/lapacificu
Avalon Institute-Phoenix,AZ,3,Private For-Profit,22413.0,22413.0,,22413.0,,,avalon.edu/admissions-financial-aid/net-price-calculator/
Avalon Institute-Layton,UT,3,Private For-Profit,20559.0,20559.0,,20559.0,,,avalon.edu/admissions-financial-aid/net-price-calculator/
Aveda Institute-Des Moines,IA,3,Private For-Profit,23501.0,23501.0,,23501.0,,,https://static.avedafi.edu/net-price-calculator/aidm/npcalc.html
Fortis Institute-Lawrenceville,NJ,3,Private For-Profit,28702.0,28702.0,,28702.0,,,https://www.fortis.edu/content/dam/fortis/compliance/netpricecalc/npcalc-fortis_lawrenceville.htm
Miller-Motte College-Macon,GA,3,Private For-Profit,27246.0,27246.0,,27246.0,,,www.miller-motte.edu/NetPrice/Macon/
South University-Savannah Online,GA,3,Private For-Profit,34298.0,34298.0,34298.0,,18145.0,18145.0,www.southuniversity.edu/online/net-price-calculator
San Joaquin Valley College-Temecula,CA,3,Private For-Profit,30114.0,30114.0,,30114.0,,,https://www.sjvc.edu/net-price-calculator
Marian Health Careers Center-Van Nuys Campus,CA,3,Private For-Profit,34736.0,34736.0,,34736.0,,,www.mariancollege.edu/calculator-la.php
Milan Institute-Las Vegas,NV,3,Private For-Profit,26375.0,26375.0,,26375.0,,,solutions.campusivy.com/Apps/NPC/NPCWizard/Wizard?institutionId=12600
Catholic International University,WV,2,Private Non-Profit,21546.0,21546.0,21546.0,,10080.0,10080.0,https://catholiciu.edu/financial-aid-policies/
New York School of Esthetics & Day Spa,NY,3,Private For-Profit,18495.0,18495.0,,18495.0,,,https://www.newyorkschoolofesthetics.com/enrollment-and-tuition1
ASI Career Institute,NJ,3,Private For-Profit,15238.0,15238.0,,15238.0,,,asi.edu/financial_calculator
Paul Mitchell the School-Arlington,TX,3,Private For-Profit,27610.0,27610.0,,27610.0,,,paulmitchell.edu/arlington/tuition-calculator
Paul Mitchell the School-Fort Myers,FL,3,Private For-Profit,24785.0,24785.0,,24785.0,,,https://paulmitchell.edu/fortmyers/tuition-calculator
Paul Mitchell the School-Raleigh,NC,3,Private For-Profit,23406.0,23406.0,,23406.0,,,https://paulmitchell.edu/raleigh/tuition-calculator
CUNY Stella and Charles Guttman Community College,NY,1,Public,13179.0,16059.0,13179.0,,5194.0,8074.0,https://npc.cuny.edu/npc/public/fin_aid/financial_aid_estimator/FinAidEstimator.jsp
Lil Lou's Beauty and Barber College,IN,3,Private For-Profit,22482.0,22482.0,,22482.0,,,https://0201.nccdn.net/1_2/000/000/15e/2e5/net-price-calculator.html
Criswell College,TX,2,Private Non-Profit,27748.0,27748.0,27748.0,,15750.0,15750.0,www.criswell.edu/p/net_price_calculator/npcalc.htm
Reflections Academy of Beauty,IL,3,Private For-Profit,26713.0,26713.0,,26713.0,,,https://www.reflectionsacademyofbeauty.com/copy-of-net-price-calculator-1
UCAS University of Cosmetology Arts & Sciences-La Joya,TX,3,Private For-Profit,19644.0,19644.0,,19644.0,,,ucastx.com/NPcalc/McA-Har-LJ2017.html
Annenberg School of Nursing,CA,2,Private Non-Profit,21546.0,21546.0,,21546.0,,,https://www.asn.edu/vn-program/financial-aid/
Chamberlain University-Georgia,GA,3,Private For-Profit,38272.0,38272.0,38272.0,,20515.0,20515.0,https://www.chamberlain.edu/admissions/financial-aid-scholarships/calculator
Chamberlain University-Indiana,IN,3,Private For-Profit,28094.0,28094.0,28094.0,,19975.0,19975.0,https://www.chamberlain.edu/admissions/financial-aid-scholarships/calculator
Sessions College,AZ,3,Private For-Profit,20483.0,20483.0,20483.0,,7400.0,7400.0,https://www.sessions.edu/financial-aid/consumer-information/npc/npcalc.htm
Tulsa Welding School-Jacksonville,FL,3,Private For-Profit,36779.0,36779.0,,36779.0,,,https://www.tws.edu/calculator/jax/
Empire Beauty School-Virginia Beach,VA,3,Private For-Profit,28563.0,28563.0,,28563.0,,,www.empire.edu/consumer-information/net-price-calculator
Ross College-Morgantown,WV,3,Private For-Profit,25061.0,25061.0,,25061.0,,,https://rosseducation.edu/consumer-info/#npc
Larry's Barber College,IL,3,Private For-Profit,18595.0,18595.0,,18595.0,,,https://larrysbarbercollege.com/financial-aid/
Futura Career Institute,FL,3,Private For-Profit,30765.0,30765.0,,30765.0,,,www.futuracareerinstitute.net/calculator.html
Vogue College of Cosmetology,TX,3,Private For-Profit,31279.0,31279.0,,31279.0,,,https://vogue.edu/NetPriceCalculatorIngramRoad/npcalc.htm
Tomorrow's Image Barber And Beauty Academy of Virginia,VA,3,Private For-Profit,18331.0,18331.0,,18331.0,,,www.tomorrowsimage.com/net_price_calculator
Medical Allied Career Center,CA,3,Private For-Profit,39799.0,39799.0,,39799.0,,,www.medicalallied.edu/financial-aid/#netcalc
Bais HaMedrash and Mesivta of Baltimore,MD,2,Private Non-Profit,24300.0,24300.0,24300.0,,13100.0,13100.0,bhmb.edu/NetPrice/NetPrice 2017/npcalc.htm
Barber & Beauty Institute of New York,NY,3,Private For-Profit,19079.0,19079.0,,19079.0,,,www.bbiny.edu/#!tuition-financial-aid/cft0
Salon Institute-Toledo Campus,OH,3,Private For-Profit,22219.0,22219.0,,22219.0,,,www.saloninstitute.edu/net-price-calculator
Athena Career Academy,OH,3,Private For-Profit,29072.0,29072.0,,29072.0,,,https://www.athenacareers.edu/financial-aid/net-price-calculator/
Yeshiva Gedolah Zichron Leyma,NJ,2,Private Non-Profit,19850.0,19850.0,19850.0,,11350.0,11350.0,https://www.yzl.edu/net-calculator
The Barber School,UT,3,Private For-Profit,22756.0,22756.0,,22756.0,,,thebarberschool.com/net-price-calculator/
Be'er Yaakov Talmudic Seminary,NY,2,Private Non-Profit,19858.0,19858.0,19858.0,,12300.0,12300.0,www.byts.edu/price-calculator
Rio Grande Valley College,TX,3,Private For-Profit,27246.0,27246.0,,27246.0,,,www.rgvcollege.edu/net-price-calculator.asp
Alexander Academy,MA,3,Private For-Profit,36724.0,36724.0,,36724.0,,,www.alexanderacademy.com/npcalc.htm
Aveda Institute-Tucson,AZ,3,Private For-Profit,23601.0,23601.0,,23601.0,,,avedainspiregreatness.com/calcs/tucson/npcalc.htm
Diamond Beauty College,CA,3,Private For-Profit,17324.0,17324.0,,17324.0,,,www.diamondbeauty.edu/net-price-calculator/
Unitek College,CA,3,Private For-Profit,27497.0,27497.0,,27497.0,,,https://www.unitekcollege.edu/financial-aid/net-price-calculator
University Academy of Hair Design,AL,3,Private For-Profit,15855.0,15855.0,,15855.0,,,https://uahairdesign.com/finances/net-price-calculator/
Paul Mitchell the School-Reno,NV,3,Private For-Profit,31952.0,31952.0,,31952.0,,,paulmitchell.edu/reno/tuition-calculator
Boise Barber College,ID,3,Private For-Profit,18122.0,18122.0,,18122.0,,,www.boisebarbercollege.com/Net-Price-Calculator
Austin Kade Academy,ID,3,Private For-Profit,17481.0,17481.0,,17481.0,,,https://austinkade.com/net-price-calculator/
Aesthetic Science Institute,NY,3,Private For-Profit,13325.0,13325.0,,13325.0,,,www.aestheticscienceinstitute.edu/net-price-calculator/
Elaine Sterling Institute,GA,3,Private For-Profit,34770.0,34770.0,,34770.0,,,www.elainesterling.com/net-price-calculator/
Wade Gordon Hairdressing Academy,TX,3,Private For-Profit,32528.0,32528.0,,32528.0,,,www.wadegordonacademy.com/financial-aid/
Mitsu Sato Hair Academy,KS,3,Private For-Profit,20883.0,20883.0,,20883.0,,,www.mitsusatohairacademy.com/wp-content/uploads/2023/09/index.html
FVI School of Nursing and Technology,FL,3,Private For-Profit,40170.0,40170.0,,40170.0,,,https://www.fvi.edu/net-price-calculator/
Colorado State University Global,CO,1,Public,21201.0,21201.0,21201.0,,9000.0,9000.0,https://csuglobal.edu/cost/tuition/net-price-calculator
Paul Mitchell the School-Overland Park,KS,3,Private For-Profit,22521.0,22521.0,,22521.0,,,https://paulmitchell.edu/overlandpark/tuition-calculator
Medspa Academies,UT,3,Private For-Profit,22537.0,22537.0,,22537.0,,,www.nima.edu/disclosures/
Brighton Institute of Cosmetology,MI,3,Private For-Profit,22153.0,22153.0,,22153.0,,,www.brightoninstitute.net/cosmetology
Evangel University-James River Assembly of God Church,MO,2,Private Non-Profit,31042.0,31042.0,31042.0,,18080.0,18080.0,https://www.evangel.edu/financial-aid-and-scholarships/net-price-calculator/
Empire Beauty School-Savannah,GA,3,Private For-Profit,22352.0,22352.0,,22352.0,,,www.empire.edu/consumer-information/net-price-calculator
Ogle School Hair Skin Nails-Denton,TX,3,Private For-Profit,26066.0,26066.0,,26066.0,,,www.ogleschool.edu/financial-aid/net-price-calculator
Empire Beauty School-West Greensboro,NC,3,Private For-Profit,22583.0,22583.0,,22583.0,,,www.empire.edu/consumer-information/net-price-calculator
Hays Academy of Hair Design,KS,3,Private For-Profit,19260.0,19260.0,,19260.0,,,haysacademy.edu/calc/npcalcsalina.htm
Bellus Academy,KS,3,Private For-Profit,31554.0,31554.0,,31554.0,,,https://bellusacademy.edu/wp-content/uploads/2024/02/KS-NPC.html
MotoRing Technical Training Institute,RI,3,Private For-Profit,33143.0,33143.0,,33143.0,,,www.mtti.edu/financial-aid/net-price-calculator
Unitek College,CA,3,Private For-Profit,22524.0,22524.0,,22524.0,,,https://www.unitekcollege.edu/financial-aid/net-price-calculator
Pennsylvania State University-World Campus,PA,1,Public,27678.0,27678.0,27678.0,,15356.0,15356.0,https://tuition.psu.edu/student-tuition-calculators
Advance Beauty Techs Academy,CA,3,Private For-Profit,34131.0,34131.0,,34131.0,,,https://abt.edu/net-calculator
Hinton Barber and Beauty College,CA,3,Private For-Profit,23566.0,23566.0,,23566.0,,,nces.ed.gov/ipeds/netpricecalculator/
MyComputerCareer at Raleigh,NC,3,Private For-Profit,31935.0,31935.0,,31935.0,,,www.mycomputercareer.edu/net-price-calculator-raleigh/
South University-Austin,TX,3,Private For-Profit,33349.0,33349.0,33349.0,,18145.0,18145.0,www.southuniversity.edu/austin/net-price-calculator
Bryant & Stratton College-Online,NY,2,Private Non-Profit,21430.0,21430.0,21430.0,,16299.0,16299.0,https://www.bryantstratton.edu/financial-aid/net-price-calculator
Ogle School Hair Skin Nails-San Antonio,TX,3,Private For-Profit,25958.0,25958.0,,25958.0,,,www.ogleschool.edu/financial-aid/net-price-calculator
Platt College-Riverside,CA,3,Private For-Profit,28676.0,28676.0,28676.0,,14922.0,14922.0,https://plattcollege.edu/financial-aid/#calculator
Empire Beauty School-Glen Burnie,MD,3,Private For-Profit,21828.0,21828.0,,21828.0,,,www.empire.edu/consumer-information/net-price-calculator
UEI College-Stockton,CA,3,Private For-Profit,33047.0,33047.0,,33047.0,,,https://enroll.uei.edu/Npc
Ross Medical Education Center-Dayton,OH,3,Private For-Profit,24658.0,24658.0,,24658.0,,,https://rosseducation.edu/consumer-info/#npc
Ross Medical Education Center-Ontario,OH,3,Private For-Profit,23369.0,23369.0,,23369.0,,,https://rosseducation.edu/consumer-info/#npc
Ross Medical Education Center-Bowling Green,KY,3,Private For-Profit,24658.0,24658.0,,24658.0,,,https://rosseducation.edu/consumer-info/#npc
Rasmussen University-Kansas,KS,3,Private For-Profit,31095.0,31095.0,31095.0,,17160.0,17160.0,https://npc.collegeboard.org/app/rasmussen
School of Missionary Aviation Technology,MI,2,Private Non-Profit,19695.0,19695.0,,19695.0,,,www.smat.edu/tuition-calculator
California Miramar University,CA,3,Private For-Profit,19067.0,19067.0,19067.0,,12442.0,12442.0,https://www.calmu.edu/net-price-calculator/
The College of Health Care Professions-Dallas,TX,3,Private For-Profit,32636.0,32636.0,,32636.0,,,www.chcp.edu/npcalc/npcalc.htm
The College of Health Care Professions-Fort Worth,TX,3,Private For-Profit,32819.0,32819.0,,32819.0,,,www.chcp.edu/npcalc/npcalc.htm
Shear Finesse Beauty Academy,FL,3,Private For-Profit,28463.0,28463.0,,28463.0,,,www.shearfinessehairacademy.com/uploads/1/2/9/7/12979406/index.html
Miami Media School,FL,3,Private For-Profit,34583.0,34583.0,,34583.0,,,beonair.com/locations/miami/net-price-calculator/
Academy of Salon Professionals,MO,3,Private For-Profit,19141.0,19141.0,,19141.0,,,academyofsalonprofessionals.com/net-price-calculator
CyberTex Institute of Technology,TX,3,Private For-Profit,38211.0,38211.0,,38211.0,,,cybertex.edu/financial-aid/
New England Tractor Trailer Training School of CT-Bridgeport,CT,3,Private For-Profit,20762.0,20762.0,,20762.0,,,https://nettts.com/price-calculator/
Designer Barber & Stylist School,AR,3,Private For-Profit,25078.0,25078.0,,25078.0,,,https://www.designercollege.net/calculator
College of the Muscogee Nation,OK,1,Public,23881.0,23881.0,23881.0,,6600.0,6600.0,https://cmn.edu/net-price-calculator/
The Salon Professional Academy-Huntsville,AL,3,Private For-Profit,19936.0,19936.0,,19936.0,,,https://www.huntsvilletspa.com/netcalculatortspa/
Midwives College of Utah,UT,2,Private Non-Profit,45179.0,45179.0,45179.0,,8583.0,8583.0,https://www.midwifery.edu/financial-aid-information/
Aspen Beauty Academy of Laurel,MD,3,Private For-Profit,22797.0,22797.0,,22797.0,,,https://www.aspenlaurel.edu/net-price-calculator-2019/
M T Training Center,TX,3,Private For-Profit,21792.0,21792.0,,21792.0,,,mttrainingcenter.org/financial-assistance/net-price-calculator/
Berks Career & Technology Center,PA,1,Public,23912.0,23912.0,,23912.0,,,https://berkscareer.com/wp-content/uploads/2022/11/index.html
Carthage R9 School District-Carthage Technical Center,MO,1,Public,24216.0,24216.0,,24216.0,,,s3.amazonaws.com/aws-website-netpricecalculator-d46xk/index.html
World A Cuts Barber Institute,PA,3,Private For-Profit,33109.0,33109.0,,33109.0,,,www.worldacuts.com
Santa Ana Beauty College,CA,3,Private For-Profit,14075.0,14075.0,,14075.0,,,https://savcusa.com/p/net-price-calculator
Helms College,GA,2,Private Non-Profit,30291.0,30291.0,30291.0,,17924.0,17924.0,https://helms.edu/wp-content/netPrice/npcalc.htm
Ukiah Adult School,CA,1,Public,18040.0,18040.0,,18040.0,,,https://adultschool.uusd.net/apps/pages/index.jsp?uREC_ID=581170&type=d&pREC_ID=1072995
Riverside County Office of Education-School of Career Education,CA,1,Public,26764.0,26764.0,,26764.0,,,https://riversidesce.org/netprice/npcalc.htm
Institute of Health Sciences,MD,3,Private For-Profit,27500.0,27500.0,27500.0,,16200.0,16200.0,www.instituteofhealthscience.org/fin_calc.htm
Mid-South Christian College,TN,2,Private Non-Profit,19201.0,19201.0,19201.0,,10500.0,10500.0,https://www.midsouthchristian.edu/net-price-calculator
New York Institute of Beauty,NY,3,Private For-Profit,30066.0,30066.0,,30066.0,,,https://www.nyib.edu/NetPriceCalculator2019/index.html
Ultrasound Medical Institute,FL,3,Private For-Profit,37508.0,37508.0,,37508.0,,,nriinstitute.edu/
Xavier College School of Nursing,CA,3,Private For-Profit,20526.0,20526.0,,20526.0,,,xavier-college.com/information
Lawrence & Company College of Cosmetology,CA,3,Private For-Profit,22680.0,22680.0,,22680.0,,,www.lawrenceandco.net/net_price_calculator.html
Sharp Edgez Barber Institute,NY,3,Private For-Profit,17644.0,17644.0,,17644.0,,,www.sharpedgez.com/net-price-calculator.html
The Salon Professional Academy-Nashville,TN,3,Private For-Profit,16194.0,16194.0,,16194.0,,,www.nashvillebeautyschool.com/enrollment/?select_box=1&CourseSelectionProcess=
Prestige Health & Beauty Sciences Academy,FL,3,Private For-Profit,27060.0,27060.0,,27060.0,,,phabsa.com/
Grace School of Theology,TX,2,Private Non-Profit,11881.0,11881.0,11881.0,,7720.0,7720.0,gsot.edu/netpricecalculator/npcalc.htm
Yeshiva Gedolah Kesser Torah,NY,2,Private Non-Profit,18900.0,18900.0,18900.0,,9600.0,9600.0,yeshivagedolahkessertorah.com/links/
Universal Training Institute,NJ,3,Private For-Profit,49145.0,49145.0,,49145.0,,,www.universaluti.com/wp-content/uploads/2019/06/2018npcalc.html
Yeshiva Yesodei Hatorah,NJ,2,Private Non-Profit,24600.0,24600.0,24600.0,,12500.0,12500.0,yeshivayesodeihatorahlakewood.com/links/
Center for the Healing Arts,NJ,3,Private For-Profit,16218.0,16218.0,,16218.0,,,https://centerforthehealingartsnj.com/financial-aid/net-price-calculator/
Healthcare Training Institute,LA,3,Private For-Profit,28436.0,28436.0,,28436.0,,,healthcaretraininginstitutenola.net/NetPriceCalculator/index.html
J D Academy of Salon and Spa,CA,3,Private For-Profit,38350.0,38350.0,,38350.0,,,https://jdacademy.com/wp-content/net-price-calculator/npcalc.htm
Boca Beauty Academy,FL,3,Private For-Profit,26109.0,26109.0,,26109.0,,,bocabeautyacademy.edu/documents/npc/index.html
SPBK Enterprises Inc,MO,3,Private For-Profit,19588.0,19588.0,,19588.0,,,wp.citypointebeauty.com/wp-content/uploads/2023/01/net-price-calculator.htm
The Chrysm Institute of Esthetics,VA,3,Private For-Profit,25017.0,25017.0,,25017.0,,,nces.ed.gov/collegenavigator/?q=the+chrysm+institute&s=all&id=481526#netprc
Belle Academy of Cosmetology LLC,CT,3,Private For-Profit,14033.0,14033.0,,14033.0,,,https://www.belleacademy.com/calculator/
Empire Beauty School-Augusta,GA,3,Private For-Profit,22611.0,22611.0,,22611.0,,,www.empire.edu/consumer-information/net-price-calculator
Empire Beauty School-Vernon Hills,IL,3,Private For-Profit,20180.0,20180.0,,20180.0,,,www.empire.edu/consumer-information/net-price-calculator
Empire Beauty School-Stone Park,IL,3,Private For-Profit,22537.0,22537.0,,22537.0,,,www.empire.edu/consumer-information/net-price-calculator
San Joaquin Valley College-Lancaster,CA,3,Private For-Profit,32032.0,32032.0,,32032.0,,,https://www.sjvc.edu/net-price-calculator
Empire Beauty School-Rochester,NY,3,Private For-Profit,22977.0,22977.0,,22977.0,,,www.empire.edu/consumer-information/net-price-calculator
Ross Medical Education Center-Kokomo,IN,3,Private For-Profit,24457.0,24457.0,,24457.0,,,https://rosseducation.edu/consumer-info/#npc
Ross Medical Education Center-Erlanger,KY,3,Private For-Profit,24532.0,24532.0,,24532.0,,,https://rosseducation.edu/consumer-info/#npc
Ross Medical Education Center-Charleston,WV,3,Private For-Profit,23138.0,23138.0,,23138.0,,,https://rosseducation.edu/consumer-info/#npc
InterCoast Colleges-Fairfield,CA,3,Private For-Profit,26136.0,26136.0,,26136.0,,,https://www.intercoast.edu/financial-services/
Southern Careers Institute-San Antonio,TX,3,Private For-Profit,34771.0,34771.0,,34771.0,,,https://prospect.studentaidprocess.com/saintprospect/(S(ocmfllhcnha2l4egndtg2dgp))/netpricecalculator?corpid=64
Milan Institute-Merced,CA,3,Private For-Profit,27338.0,27338.0,,27338.0,,,solutions.campusivy.com/Apps/NPC/NPCWizard/Wizard?institutionId=12600
Midwest Technical Institute-Missouri,MO,3,Private For-Profit,32631.0,32631.0,,32631.0,,,https://www.midwesttech.edu/netcalculator/
Augusta University,GA,1,Public,23524.0,39844.0,23524.0,,8414.0,24734.0,www.augusta.edu/finaid/costcalc.php
Middle Georgia State University,GA,1,Public,19617.0,30969.0,19617.0,,5038.0,16390.0,https://www.mga.edu/admissions/net-cost-calculator/npcalc.htm
Trenz Beauty Academy,IL,3,Private For-Profit,3318.0,3318.0,,3318.0,,,www.trenzbeautyacademy.com/students-net-price-calculator/
Paul Mitchell the School-Denver,CO,3,Private For-Profit,29544.0,29544.0,,29544.0,,,https://paulmitchell.edu/denver/tuition-calculator
Academy of Interactive Entertainment,WA,2,Private Non-Profit,38046.0,38046.0,38046.0,,25800.0,25800.0,https://seattle.aie.edu/student-information/net-price-calculator/
ARROJO Academy,NY,3,Private For-Profit,25579.0,25579.0,,25579.0,,,www.arrojocosmetology2.com/NetPriceCalculator/npcalc.htm
Cosmetology Academy of Texarkana,TX,3,Private For-Profit,19478.0,19478.0,,19478.0,,,cosmetologyacademyoftexarkana.com/tuition-calculator/
Veritas Baptist College,IN,2,Private Non-Profit,24494.0,24494.0,24494.0,,10522.0,10522.0,https://vbc.edu/financial-info/net-price-calculator/
Lynnes Welding Training,ND,3,Private For-Profit,24460.0,24460.0,,24460.0,,,learntoweld.com/financial/financial-aid/net-price-calculator/
Aviation Institute of Maintenance-Las Vegas,NV,3,Private For-Profit,30078.0,30078.0,30078.0,,16757.0,16757.0,https://aviationmaintenance.edu/your-rights
UEI College-Bakersfield,CA,3,Private For-Profit,32499.0,32499.0,,32499.0,,,https://enroll.uei.edu/Npc
DeVry College of New York,NY,3,Private For-Profit,25596.0,25596.0,25596.0,,17408.0,17408.0,https://my.devry.edu/npc
DeVry University-California,CA,3,Private For-Profit,40687.0,40687.0,40687.0,,17408.0,17408.0,https://my.devry.edu/npc
DeVry University-Florida,FL,3,Private For-Profit,40132.0,40132.0,40132.0,,17408.0,17408.0,https://my.devry.edu/npc
DeVry University-Georgia,GA,3,Private For-Profit,38315.0,38315.0,38315.0,,17408.0,17408.0,https://my.devry.edu/npc
DeVry University-Illinois,IL,3,Private For-Profit,38660.0,38660.0,38660.0,,17408.0,17408.0,https://my.devry.edu/npc
DeVry University-New Jersey,NJ,3,Private For-Profit,42312.0,42312.0,42312.0,,17408.0,17408.0,https://my.devry.edu/npc
DeVry University-Ohio,OH,3,Private For-Profit,34318.0,34318.0,34318.0,,17408.0,17408.0,https://my.devry.edu/npc
DeVry University-Virginia,VA,3,Private For-Profit,42312.0,42312.0,42312.0,,17408.0,17408.0,https://my.devry.edu/npc
University of North Georgia,GA,1,Public,18177.0,29395.0,18177.0,,5285.0,16503.0,ung.edu/financial-aid/net-calculator.php
South Georgia State College,GA,1,Public,16177.0,23137.0,16177.0,,3314.0,10274.0,www.sgsc.edu/afford/net-price-calculator
Florida Polytechnic University,FL,1,Public,21817.0,37882.0,21817.0,,4940.0,21005.0,floridapoly.studentaidcalculator.com/survey.aspx
American Institute-Toms River,NJ,3,Private For-Profit,24796.0,24796.0,,24796.0,,,www.americaninstitute.edu/npc/toms-river.htm
Alamo City Barber College,TX,3,Private For-Profit,19899.0,19899.0,,19899.0,,,https://www.alamocitybarbercollege.com/npc/npcalc.html
Arizona College-Mesa,AZ,3,Private For-Profit,34818.0,34818.0,,34818.0,,,https://www.arizonacollege.edu/admissions/financial-aid/net-price-calculator/
American College of Healthcare and Technology,CA,3,Private For-Profit,23967.0,23967.0,,23967.0,,,www.ach.edu/getting-started/financial-aid/net-price-calculator/
Antioch College,OH,2,Private Non-Profit,49856.0,49856.0,49856.0,,37143.0,37143.0,https://antiochcollege.edu/admission/financial-aid/net-price-calculator
Texas A&M University-Central Texas,TX,1,Public,14187.0,23978.0,14187.0,,7363.0,17154.0,www.collegeforalltexans.com/apps/CollegeMoney/
Central Georgia Technical College,GA,1,Public,14577.0,17145.0,14577.0,,3448.0,6016.0,www.centralgatech.edu/financialaid/net-price-calculator/
Barber School of Pittsburgh,PA,3,Private For-Profit,22320.0,22320.0,,22320.0,,,https://www.bsp.edu/net-calculator
Innovate Salon Academy,NJ,3,Private For-Profit,45712.0,45712.0,,45712.0,,,https://www.innovatesalonacademy.com/net-price-calc.html
Louisiana Delta Community College,LA,1,Public,14215.0,14215.0,14215.0,,4159.0,4159.0,https://www.ladelta.edu/admissions/financial-aid/net-price-calculator
The Fab School,CA,3,Private For-Profit,41696.0,41696.0,,41696.0,,,https://www.thefabschool.com/net-price-calculator-2/
Networks Barber College,IL,3,Private For-Profit,21092.0,21092.0,,21092.0,,,www.networksbarbercollege.com/consumer-information/
JB's Hair Design and Barber College,OK,3,Private For-Profit,22007.0,22007.0,,22007.0,,,https://concordia.simpleapply.com/financial-aid/jbs-hair-design-and-barber-college
Paul Mitchell the School-Greenville,SC,3,Private For-Profit,22924.0,22924.0,,22924.0,,,paulmitchell.edu/greenville/tuition-calculator
Barber and Beauty Academy of Pennsylvania,PA,3,Private For-Profit,11710.0,11710.0,,11710.0,,,https://www.barberandbeautyacademyofpa.com/general-6
Delta College of Arts & Technology-Lafayette Campus,LA,3,Private For-Profit,27743.0,27743.0,,27743.0,,,deltacollege.com/consumer-info/
Delta College-Slidell Campus,LA,3,Private For-Profit,27672.0,27672.0,,27672.0,,,deltacollege.com/consumer-info/
Integrity College of Health,CA,3,Private For-Profit,20178.0,20178.0,,20178.0,,,https://ich.edu/Integrity-College-of-Health-NetPrice/
Electrical and HVAC/R Training Center,NY,3,Private For-Profit,28004.0,28004.0,,28004.0,,,s510471079.onlinehome.us/netpricecalculator/23-24.html
Alexander Paul Institute of Hair Design,NC,3,Private For-Profit,18057.0,18057.0,,18057.0,,,https://www.alexanderpaul.edu/net-price-calculator/
More Tech Institute,FL,3,Private For-Profit,37448.0,37448.0,,37448.0,,,https://nces.ed.gov/ipeds/netpricecalculator/#/
Dorsey College-Dearborn,MI,3,Private For-Profit,30532.0,30532.0,30532.0,,15154.0,15154.0,solutions.campusivy.com/Apps/NPC/NPCWizard?institutionId=11800
Neecee's Barber College,TX,3,Private For-Profit,25817.0,25817.0,,25817.0,,,www.neeceescollege.com/npcalc.htm
Bella Cosmetology and Barber College,TX,3,Private For-Profit,27157.0,27157.0,,27157.0,,,https://bellacollege.com/new-net-price-calculator/
Franklin Hair Academy School of Cosmetology,TN,3,Private For-Profit,24045.0,24045.0,,24045.0,,,franklinhairacademy.com/wp-content/uploads/2016/09/npcalc.htm
Ana G. Mendez University,FL,2,Private Non-Profit,27187.0,27187.0,27187.0,,13575.0,13575.0,www.agmu.edu/en/net-price-calculator
Ohio Institute of Allied Health,OH,2,Private Non-Profit,49166.0,49166.0,49166.0,,27408.0,27408.0,https://www.oiah.edu/net-price-calculator/
Total Transformation Institute of Cosmetology,TX,3,Private For-Profit,22309.0,22309.0,,22309.0,,,ttioc.edu/wp-content/uploads/2021/08/index.html
Vibe Barber College,TN,3,Private For-Profit,23739.0,23739.0,,23739.0,,,vibebarbercollege.edu/calculator/
Champ's Barber School,PA,3,Private For-Profit,24323.0,24323.0,,24323.0,,,www.champsbarberschool.com/our-program/
East-West Healing Arts Institute,WI,3,Private For-Profit,58400.0,58400.0,,58400.0,,,acupressureschool.com/NET/
Standard Healthcare Services-College of Nursing,VA,3,Private For-Profit,41939.0,41939.0,,41939.0,,,https://www.standardcollege.edu/net-price-calculator/
Philadelphia Technician Training,PA,2,Private Non-Profit,28663.0,28663.0,,28663.0,,,https://ptt.edu/costs-net-price/
Alliance Computing Solutions,NY,3,Private For-Profit,17424.0,17424.0,,17424.0,,,www.acs.edu/net-price-calculator/
InterAmerican Technical Institute,FL,3,Private For-Profit,31822.0,31822.0,,31822.0,,,iti.edu/financial-aid
Bay Area Medical Academy,CA,3,Private For-Profit,39369.0,39369.0,,39369.0,,,www.bamasf.edu/npc/npcalc.htm
Mind Body Institute,TN,3,Private For-Profit,25679.0,25679.0,,25679.0,,,https://mindbody.edu/netprice/npcalc2022.html
Parisian Spa Institute,FL,3,Private For-Profit,5538.0,5538.0,,5538.0,,,psijax.edu/wp-content/uploads/2022/10/index.html
Creative Touch Cosmetology School,IL,3,Private For-Profit,15032.0,15032.0,,15032.0,,,https://www.creativetouch.edu/financial-aid-net-price-calculator/
LaBarberia Institute of Hair,OH,3,Private For-Profit,15893.0,15893.0,,15893.0,,,https://labarberiainstitute.com/wp-content/uploads/2015/05/labarberia-institute-gedt.html
Bos-Man's Barber College,LA,3,Private For-Profit,19267.0,19267.0,,19267.0,,,bosmansbarbercollege.com/index.php?pr=Calculator
Lawrence & Company College of Cosmetology,CA,3,Private For-Profit,25133.0,25133.0,,25133.0,,,www.lawrencecosmetology.com/calculator.html
High Desert Medical College,CA,3,Private For-Profit,34844.0,34844.0,,34844.0,,,https://www.hdmc.edu/High-Desert-Medical-College-Net-Price/
Paul Mitchell the School-Schenectady,NY,3,Private For-Profit,27283.0,27283.0,,27283.0,,,paulmitchell.edu/schenectady/tuition-calculator
MedQuest College,KY,3,Private For-Profit,26014.0,26014.0,,26014.0,,,medquestcollege.edu/NetPriceCalculator/npcalc.htm
First Coast Barber Academy,FL,3,Private For-Profit,18945.0,18945.0,,18945.0,,,nces.ed.gov/ipeds/netpricecalculator/
Debutantes School of Cosmetology and Nail Technology,IL,3,Private For-Profit,16026.0,16026.0,,16026.0,,,debschool.com/
Paul Mitchell the School-Farmington Hills,MI,3,Private For-Profit,25315.0,25315.0,,25315.0,,,paulmitchell.edu/farmingtonhills/tuition-calculator
Paul Mitchell the School-Merrillville,IN,3,Private For-Profit,29420.0,29420.0,,29420.0,,,paulmitchell.edu/merrillville/tuition-calculator
TIGI Hairdressing Academy Newtown,CT,3,Private For-Profit,18226.0,18226.0,,18226.0,,,tiginewtown.com/net-price-calculator/
Yahweh Beauty Academy,TX,3,Private For-Profit,16644.0,16644.0,,16644.0,,,https://yahwehbeautyacademy.com/npcalc.htm
Arizona School of Integrative Studies,AZ,3,Private For-Profit,19304.0,19304.0,,19304.0,,,https://www.asismassage.edu/admissions-massage-therapy-school/financial-aid/
Lee Professional Institute,FL,3,Private For-Profit,20695.0,20695.0,,20695.0,,,https://www.leeproinstitute.edu/net-price-calculator
Park Place Premier Barber School,LA,3,Private For-Profit,21927.0,21927.0,,21927.0,,,www.parkplacebarberschool.edu/NetPrice/
The Salon Professional Academy-San Jose,CA,3,Private For-Profit,22092.0,22092.0,,22092.0,,,www.tspasanjose.com/financial-aid/welcome/
Ross Medical Education Center-Owensboro,KY,3,Private For-Profit,24616.0,24616.0,,24616.0,,,https://rosseducation.edu/consumer-info/#npc
Ross Medical Education Center-Evansville,IN,3,Private For-Profit,23976.0,23976.0,,23976.0,,,https://rosseducation.edu/consumer-info/#npc
Ross Medical Education Center-Johnson City,TN,3,Private For-Profit,23696.0,23696.0,,23696.0,,,https://rosseducation.edu/consumer-info/#npc
North-West College-Anaheim,CA,3,Private For-Profit,31922.0,31922.0,,31922.0,,,https://www.nu.edu/npcalc/npcalc.htm
North-West College-Long Beach,CA,3,Private For-Profit,36942.0,36942.0,,36942.0,,,www.nu.edu/npcalc/npcalc.htm
Taylor Andrews Academy of Hair Design-Provo,UT,3,Private For-Profit,28043.0,28043.0,,28043.0,,,https://taylorandrew.com/wp-content/uploads/2025/04/npc.html
University of Florida-Online,FL,1,Public,17843.0,30546.0,17843.0,,3876.0,16579.0,https://npc.collegeboard.org/app/ufl
Ogle School Hair Skin Nails-Stafford,TX,3,Private For-Profit,27068.0,27068.0,,27068.0,,,www.ogleschool.edu/financial-aid/net-price-calculator
University of Phoenix-Arizona,AZ,3,Private For-Profit,19909.0,19909.0,19909.0,,9552.0,9552.0,https://www.phoenix.edu/tuition_and_financial_options/net-price-calculator.html
Rabbinical College Ohr Yisroel,NY,2,Private Non-Profit,15850.0,15850.0,15850.0,,9000.0,9000.0,www.rabbinicalcollegeohryisroel.com/net-price-calculator.html
Aveda Institute-Phoenix,AZ,3,Private For-Profit,24107.0,24107.0,,24107.0,,,www.avedainstitutephoenix.com/calcs/phoenix/npcalc.htm
University of North Texas at Dallas,TX,1,Public,20064.0,32363.0,20064.0,,9595.0,21894.0,apps.highered.texas.gov/net-price-calculator/
Dermal Science International Aesthetics and Nail Academy,VA,3,Private For-Profit,13557.0,13557.0,,13557.0,,,https://dsiacademy.edu/net-price-calculator-2/
BridgeValley Community & Technical College,WV,1,Public,12299.0,18927.0,12299.0,,5800.0,12428.0,https://bridgevalley.studentaidcalculator.com/survey.aspx
Northwest College-Medford,OR,3,Private For-Profit,29788.0,29788.0,,29788.0,,,www.nwcollege.edu/files/npcalc.html
Houston Training Schools-Gessner,TX,3,Private For-Profit,12459.0,12459.0,,12459.0,,,houstontrainingschools.net/
Empire Beauty School-Buffalo,NY,3,Private For-Profit,22293.0,22293.0,,22293.0,,,www.empire.edu/consumer-information/net-price-calculator
Paul Mitchell the School-Toledo,OH,3,Private For-Profit,29848.0,29848.0,,29848.0,,,https://paulmitchell.edu/toledo/tuition-calculator
Georgia Military College,GA,1,Public,20987.0,20987.0,20987.0,,8112.0,8112.0,https://gmc.studentaidcalculator.com/survey.aspx
Beau Monde Academy of Barbering and Cosmetology,OR,3,Private For-Profit,33559.0,33559.0,,33559.0,,,www.beaumondecollege.com/
Fountain of Youth Academy of Cosmetology,PA,3,Private For-Profit,30225.0,30225.0,,30225.0,,,https://fountainofyouthacademy.edu/about
West Coast University-Miami,FL,3,Private For-Profit,36468.0,36468.0,36468.0,,23317.0,23317.0,https://wcu.aidcalc.cloud/
Hollywood Institute of Beauty Careers-West Palm Beach,FL,3,Private For-Profit,42313.0,42313.0,,42313.0,,,https://www.hi.edu/disclosures/
Hollywood Institute of Beauty Careers-Casselberry,FL,3,Private For-Profit,21424.0,21424.0,,21424.0,,,https://www.hi.edu/disclosures/
Empire Beauty School-Cheltenham,PA,3,Private For-Profit,23983.0,23983.0,,23983.0,,,www.empire.edu/consumer-information/net-price-calculator
MJ Barber & Beauty Academy,CA,3,Private For-Profit,24210.0,24210.0,,24210.0,,,www.mjbarberandbeautyacademy.com/net-price-calculator.html
Coastal Pines Technical College,GA,1,Public,10649.0,13217.0,10649.0,,3268.0,5836.0,https://ies-pub.coastalpines.edu/net_price/npcalc.html
Studio Beauty School,WA,3,Private For-Profit,24076.0,24076.0,,24076.0,,,https://www.studiobeautyschool.com/admissions-catalog
Latin Beauty Academy,FL,3,Private For-Profit,21270.0,21270.0,,21270.0,,,avlforms.com/latin-beauty-academy/index.html
Associated Barber College of San Diego,CA,3,Private For-Profit,30229.0,30229.0,,30229.0,,,associatedbarbercollege.edu/calculator/
ABCO Technology,CA,3,Private For-Profit,22592.0,22592.0,22592.0,,9354.0,9354.0,www.abcotechnology.edu/disclosures/NPC
Lionel University,CA,3,Private For-Profit,31812.0,31812.0,31812.0,,15265.0,15265.0,lionel.edu/hubfs/net-price-caluculator.html?hsLang=en
Infinity College,LA,3,Private For-Profit,1085.0,1085.0,,1085.0,,,https://infinitycollege.edu/consumer-information/
Universal Healthcare Careers College,CA,3,Private For-Profit,32794.0,32794.0,,32794.0,,,www.uhcc.edu/disclosures/
Dolce The Academy,CT,3,Private For-Profit,18975.0,18975.0,,18975.0,,,www.dolceacademy.edu/netpricecalculator
American College of the Building Arts,SC,2,Private Non-Profit,38073.0,38073.0,38073.0,,21500.0,21500.0,acba.edu/net-price-calculator
Atlantis University,FL,3,Private For-Profit,24524.0,24524.0,24524.0,,12820.0,12820.0,https://atlantisuniversity.edu/net-price-calculator.html
Westchester School for Medical & Dental Assistants,NY,3,Private For-Profit,20438.0,20438.0,,20438.0,,,www.wsmda.edu/
Salon Boutique Academy,TX,3,Private For-Profit,22404.0,22404.0,,22404.0,,,https://www.salonboutiqueacademy.com/finance
GA Beauty & Barber School,TX,3,Private For-Profit,15218.0,15218.0,,15218.0,,,www.gabeautybarber.com/student-consumer-information.html
The Recording Conservatory of Austin,TX,3,Private For-Profit,31507.0,31507.0,,31507.0,,,www.trcoa.edu/
VH Barber & Styling Academy,LA,3,Private For-Profit,42010.0,42010.0,,42010.0,,,vhacademy.edu/admissions/
Bet Medrash Gadol Ateret Torah,NY,2,Private Non-Profit,22488.0,22488.0,22488.0,,10700.0,10700.0,betmedrashgadolaterettorah.com/?page_id=15
Yeshiva Sholom Shachna,NY,2,Private Non-Profit,21750.0,21750.0,21750.0,,10750.0,10750.0,https://yeshivasholomshachna.com/links/
Treasure Coast Technical College,FL,1,Public,15176.0,15176.0,,15176.0,,,https://tctc.indianriverschools.org/cms/One.aspx?portalId=2198208&pageId=4215592
American College of Barbering,KY,3,Private For-Profit,25618.0,25618.0,,25618.0,,,https://nces.ed.gov/ipeds/netpricecalculator/#/
Beth Medrash Meor Yitzchok,NY,2,Private Non-Profit,25700.0,25700.0,25700.0,,12600.0,12600.0,https://bethmedrashmeoryitzchok.com/links/
Mingo Extended Learning Center,WV,1,Public,10685.0,10685.0,,10685.0,,,collegecost.ed.gov/netpricecenter.aspx
San Ignacio University,FL,3,Private For-Profit,16184.0,16184.0,16184.0,,10405.0,10405.0,landit2021.github.io/siu-calc/
ZMS The Academy,CA,3,Private For-Profit,13346.0,13346.0,,13346.0,,,zmsacademy.com/Netpricecalculator/
Valor Christian College,OH,2,Private Non-Profit,39005.0,39005.0,39005.0,,10012.0,10012.0,https://www.valorcollege.edu/net-price-calculator
Bethany Global University,MN,2,Private Non-Profit,43216.0,43216.0,43216.0,,11000.0,11000.0,https://bethanygu.edu/cost/#cost
HVAC Technical Institute,IL,3,Private For-Profit,24268.0,24268.0,,24268.0,,,hvac-tech.com/financial-aid-calculator/
United International College,FL,3,Private For-Profit,36420.0,36420.0,36420.0,,10320.0,10320.0,www.uinternational.edu/index.php/publications-2/net-price-calculator
San Francisco Film School,CA,3,Private For-Profit,37597.0,37597.0,,37597.0,,,www.sanfranciscofilmschool.edu/NetPriceCalculator/npcalc.htm
Center for Ultrasound Research & Education,NY,3,Private For-Profit,46952.0,46952.0,,46952.0,,,www.cure.edu/calculator
Randolph Technical Center,WV,1,Public,13274.0,13274.0,,13274.0,,,https://randolphcsdwv.sites.thrillshare.com/o/rtc/page/lpn-price-calculator
AMG School of Nursing,NY,3,Private For-Profit,40533.0,40533.0,,40533.0,,,amg.edu/about us-student handbook/
Saint Michael College of Allied Health,DC,3,Private For-Profit,45405.0,45405.0,45405.0,,19405.0,19405.0,https://www.smcah.edu/netpricecalculator
Sandra Academy of Salon Services,TN,3,Private For-Profit,19276.0,19276.0,,19276.0,,,www.sandraacademy.edu/net-price-calculator
California Barber and Beauty College,CA,3,Private For-Profit,17884.0,17884.0,,17884.0,,,https://californiabarberbeautycollege.com/calculator/npcalc-5.htm
Laredo CHI Academy Beauty School,TX,3,Private For-Profit,16728.0,16728.0,,16728.0,,,www.laredochi.com/about-our-school/financial-aid/
Florida International Training Institute,FL,3,Private For-Profit,31842.0,31842.0,,31842.0,,,collegecost.ed.gov/net-price
Gould's Academy,TN,3,Private For-Profit,15756.0,15756.0,,15756.0,,,gouldsacademy.com/net-price-calculator/
Aviation Institute of Maintenance-Fremont,CA,3,Private For-Profit,33205.0,33205.0,33205.0,,16757.0,16757.0,https://aviationmaintenance.edu/your-rights/
Paul Mitchell the School-Tulsa,OK,3,Private For-Profit,26370.0,26370.0,,26370.0,,,paulmitchell.edu/tulsa/tuition-calculator
PPG Technical College,PR,3,Private For-Profit,12197.0,12197.0,12197.0,,8620.0,8620.0,https://estudiappg.com/wp-content/uploads/2023/09/index.html
Academy of Professional Cosmetology,AR,3,Private For-Profit,21996.0,21996.0,,21996.0,,,apcschools.com/price-calculator/
Empire Beauty School-Northlake,GA,3,Private For-Profit,22678.0,22678.0,,22678.0,,,www.empire.edu/consumer-information/net-price-calculator
Ross Medical Education Center-Huntsville,AL,3,Private For-Profit,23774.0,23774.0,,23774.0,,,https://rosseducation.edu/consumer-info/#npc
Ross Medical Education Center-Knoxville,TN,3,Private For-Profit,24748.0,24748.0,,24748.0,,,https://rosseducation.edu/consumer-info/#npc
Ross Medical Education Center-Muncie,IN,3,Private For-Profit,23590.0,23590.0,,23590.0,,,https://rosseducation.edu/consumer-info/#npc
Cortiva Institute-Arlington,TX,3,Private For-Profit,37333.0,37333.0,,37333.0,,,www.cortiva.edu/consumer-information
Tulsa Welding School-Houston,TX,3,Private For-Profit,41431.0,41431.0,,41431.0,,,https://www.tws.edu/calculator/houston/
Pima Medical Institute-El Paso,TX,3,Private For-Profit,28444.0,28444.0,,28444.0,,,https://secure.pmi.edu/npcalc/
Pima Medical Institute-Phoenix,AZ,3,Private For-Profit,27348.0,27348.0,,27348.0,,,https://secure.pmi.edu/npcalc/
Kennesaw State University,GA,1,Public,24008.0,35936.0,24008.0,,5808.0,17736.0,financialaid.kennesaw.edu/npcalc/npcalc.htm
Entourage Institute of Beauty and Esthetics,NE,3,Private For-Profit,23615.0,23615.0,,23615.0,,,https://cdn.hibuwebsites.com/8fab805ef9604aa0abce6413bab38625/files/uploaded/index.html
Eastern Suffolk BOCES,NY,1,Public,17758.0,17758.0,,17758.0,,,https://www.esboces.org/fs/resource-manager/view/86cfc7d2-43f4-4197-bcd8-dd629d75ed4f
Eastern Suffolk BOCES,NY,1,Public,15960.0,15960.0,,15960.0,,,https://www.esboces.org/fs/resource-manager/view/86cfc7d2-43f4-4197-bcd8-dd629d75ed4f
Milligan University,TN,2,Private Non-Profit,52511.0,52511.0,52511.0,,40450.0,40450.0,https://www.milligan.edu/admissions/tuition/cost-of-attendance/net-price-calculator/
Chamberlain University-Nevada,NV,3,Private For-Profit,33051.0,33051.0,33051.0,,19975.0,19975.0,https://www.chamberlain.edu/admissions/financial-aid-scholarships/calculator
Chamberlain University-Michigan,MI,3,Private For-Profit,33910.0,33910.0,33910.0,,20785.0,20785.0,https://www.chamberlain.edu/admissions/financial-aid-scholarships/calculator
Chamberlain University-New Jersey,NJ,3,Private For-Profit,38904.0,38904.0,38904.0,,20785.0,20785.0,https://www.chamberlain.edu/admissions/financial-aid-scholarships/calculator
Unitech Training Academy-New Orleans,LA,3,Private For-Profit,29373.0,29373.0,,29373.0,,,unitechta.edu/net-price-calculator/
Wade Gordon Hairdressing Academy-Lubbock,TX,3,Private For-Profit,33840.0,33840.0,,33840.0,,,www.wadegordonacademy.com/financial-aid/
Protege Academy,MI,3,Private For-Profit,15988.0,15988.0,,15988.0,,,protegeacademy.com/
Emory University-Oxford College,GA,2,Private Non-Profit,83622.0,83622.0,83622.0,,64280.0,64280.0,https://npc.collegeboard.org/app/emory
Southern Regional Technical College,GA,1,Public,11896.0,14464.0,11896.0,,3007.0,5575.0,southernregional.edu/uploads/groups/3/NetPriceCalculator/npcalc.htm
Texas College of Cosmetology-Lubbock,TX,3,Private For-Profit,20638.0,20638.0,,20638.0,,,www.texascollegecosmetology.com/net-price-calculator
Fortis College-Cuyahoga Falls,OH,3,Private For-Profit,30500.0,30500.0,30500.0,,14596.0,14596.0,https://www.fortis.edu/content/dam/fortis/compliance/netpricecalc/npcalc-fortis_cuyahoga_falls.html
Jones Technical Institute,FL,2,Private Non-Profit,30987.0,30987.0,30987.0,,16920.0,16920.0,nces.ed.gov/collegenavigator/?q=sunstate+academy&s=all&id=487311#retgrad
Texas State Technical College,TX,1,Public,20752.0,25352.0,20752.0,,7212.0,11812.0,www.collegeforalltexans.com/apps/Institutionsshow.cfm?Type=1&Level=7
Arizona College of Nursing-Las Vegas,NV,3,Private For-Profit,35587.0,35587.0,35587.0,,23531.0,23531.0,https://www.arizonacollege.edu/admissions/financial-aid/net-price-calculator/
UEI College-Phoenix,AZ,3,Private For-Profit,38243.0,38243.0,,38243.0,,,https://enroll.uei.edu/Npc
The Institute of Beauty and Wellness Madison,WI,3,Private For-Profit,14592.0,14592.0,,14592.0,,,www.ibw.edu/admissions/financial-aid/
Husson University,ME,2,Private Non-Profit,35852.0,35852.0,35852.0,,23304.0,23304.0,https://www.husson.edu/financial-aid/netprice/
Tricoci University of Beauty Culture-Elgin,IL,3,Private For-Profit,24708.0,24708.0,,24708.0,,,www.tricociuniversity.edu/admissions-financial-aid/beauty-school-calculator/
Concorde Career College-Southaven,MS,3,Private For-Profit,28953.0,28953.0,,28953.0,,,https://enroll.myconcorde.edu/npc
Universal Technical Institute-Southern California,CA,3,Private For-Profit,33041.0,33041.0,,33041.0,,,https://www.uti.edu/admissions/tuition
Northwest University-Center for Online and Extended Education,WA,2,Private Non-Profit,40568.0,40568.0,40568.0,,14652.0,14652.0,www.northwestu.edu/financial-aid/net-price-calculator
Celebrity Barber School,LA,3,Private For-Profit,25898.0,25898.0,,25898.0,,,www.server1-jbmultimedia.net/celebritystylist/npcalc.htm
Academy of Interactive Entertainment,LA,2,Private Non-Profit,38727.0,38727.0,38727.0,,24600.0,24600.0,lafayette.aie.edu/student-information/finaid/
The Temple Annapolis-A Paul Mitchell Partner School,MD,3,Private For-Profit,35882.0,35882.0,,35882.0,,,paulmitchell.edu/annapolis/tuition-calculator
Butte County Regional Occupational Program,CA,1,Public,23313.0,23313.0,,23313.0,,,cte.bcoe.org/net-price-calculator.html
Arclabs,SC,3,Private For-Profit,31480.0,31480.0,,31480.0,,,https://www.arclabs.edu/financial-aid/net-price-calculator/
Top of the Line Barber College,SC,3,Private For-Profit,24674.0,24674.0,,24674.0,,,www.topofthelinebarbercollege.edu/tuition-fees
Felbry College,OH,3,Private For-Profit,60136.0,60136.0,60136.0,,29731.0,29731.0,felbrycollege.edu/financial-aid/
Kentucky Horseshoeing School,KY,3,Private For-Profit,32898.0,32898.0,,32898.0,,,khs.edu/about/consumer-info/
Image Maker Beauty Institute,TN,3,Private For-Profit,22546.0,22546.0,,22546.0,,,https://www.imagemakerbeauty.com/FINANCIAL-AID---FAFSA.html
Dalton Institute of Esthetics and Cosmetology,GA,3,Private For-Profit,17546.0,17546.0,,17546.0,,,https://www.finaid.org/calculators/
Martinsburg College,WY,3,Private For-Profit,17784.0,17784.0,,17784.0,,,https://martinsburgcollege.edu/consumer-information/net-price-calculator/
Garden State Science and Technology Institute,NJ,3,Private For-Profit,30440.0,30440.0,,30440.0,,,https://gssti.edu/financial-aid/
Barber Tech Academy,SC,3,Private For-Profit,37517.0,37517.0,,37517.0,,,www.npcbarbertechacademy.com/Netprice/npcalc.htm
Abraham Lincoln University,CA,3,Private For-Profit,34154.0,34154.0,34154.0,,10440.0,10440.0,https://www.alu.edu/net-price-calculator/
Med College,FL,3,Private For-Profit,48503.0,48503.0,48503.0,,22725.0,22725.0,www.medcollege.education/npcalc.htm
Sonoran Desert Institute,AZ,3,Private For-Profit,25566.0,25566.0,25566.0,,12200.0,12200.0,https://www.sdi.edu/npcalc/
Natural Images Beauty College,TX,3,Private For-Profit,28166.0,28166.0,,28166.0,,,downloads.stylenet.com/jkimages/naturalimages/NetPriceCalculator/npcalc.htm
Textures Institute of Cosmetology,IN,3,Private For-Profit,20734.0,20734.0,,20734.0,,,texturesinstitute.org/
Ea La Mar's Cosmetology & Barber College,MO,3,Private For-Profit,23181.0,23181.0,,23181.0,,,https://www.ealamarscollege.com/net-price-calculator
Regina Webb Academy,KY,3,Private For-Profit,20600.0,20600.0,,20600.0,,,https://www.reginawebbacademy.com/net-price-calculator
DeHart Technical School,CA,3,Private For-Profit,31015.0,31015.0,,31015.0,,,https://deharttech.edu/costs-payments/
Medical Career & Technical College,KY,3,Private For-Profit,34280.0,34280.0,,34280.0,,,https://www.medicalcareerandtechnicalcollege.edu/net-price-calculator/
Center for Neurosomatic Studies,FL,3,Private For-Profit,53046.0,53046.0,,53046.0,,,https://cns.edu/net-price-calculator/
Focus Personal Training Institute,NY,3,Private For-Profit,27504.0,27504.0,,27504.0,,,https://fpti.edu/consumerinfo
Hair Academy School of Barbering & Beauty,DE,3,Private For-Profit,15435.0,15435.0,,15435.0,,,hairacademysbb.edu/net-price-calculator/
National Personal Training Institute,FL,3,Private For-Profit,19006.0,19006.0,,19006.0,,,https://nptiflorida.edu/wp-content/uploads/2024/07/net-price-calculator.html
Mission Beauty Institute,TX,3,Private For-Profit,9729.0,9729.0,,9729.0,,,missionbeautyinstitute.wordpress.com/courses/
Elim Bible College,NY,2,Private Non-Profit,19630.0,19630.0,19630.0,,10480.0,10480.0,https://www.elim.edu/net-price-calculator
Beth Medrash of Asbury Park,NJ,2,Private Non-Profit,21110.0,21110.0,21110.0,,12010.0,12010.0,https://www.baismedrashzichronmeir.com/links/
Hope College of Arts and Sciences,FL,3,Private For-Profit,19789.0,19789.0,,19789.0,,,hcas.edu/nursing-school-finance/financial-aid
Yeshiva Gedolah Shaarei Shmuel,NJ,2,Private Non-Profit,22595.0,22595.0,22595.0,,10600.0,10600.0,https://yeshivagedolahshaareishmuel.com/?page_id=13
Premier Barber Institute,PA,3,Private For-Profit,33033.0,33033.0,,33033.0,,,www.premierbarberinstitute.com/courses.html
International Beauty Education Center,WA,3,Private For-Profit,22881.0,22881.0,,22881.0,,,spokanebeautyschool.com/net-price-calculator/
Phipps Academy of Barbering,IL,3,Private For-Profit,21207.0,21207.0,,21207.0,,,www.phippsacademy.com/net-price-calculator
Hoss Lee Academy,CA,3,Private For-Profit,30622.0,30622.0,,30622.0,,,www.hossleeacademy.com/net-price-calculator/
Kenny's Academy of Barbering,IN,3,Private For-Profit,16114.0,16114.0,,16114.0,,,kennysacademy.edu/Net-price-calculator/
Seattle Film Institute,WA,3,Private For-Profit,55496.0,55496.0,55496.0,,33000.0,33000.0,https://www.sfi.edu/consumer-disclosures#Fin-Aid
California College of Music,CA,3,Private For-Profit,29374.0,29374.0,29374.0,,21985.0,21985.0,https://ccmla.edu/student-consumer-information/
Glitz School of Cosmetology,NM,3,Private For-Profit,20123.0,20123.0,,20123.0,,,sites.google.com/view/glitz-school-of-cosmetology/home
Indiana Wesleyan University-National & Global,IN,2,Private Non-Profit,22228.0,22228.0,22228.0,,8208.0,8208.0,https://indwesng.aidcalc.cloud/
Northeast Lakeview College,TX,1,Public,12043.0,18583.0,12043.0,,3412.0,9952.0,https://apps.highered.texas.gov/apps/npc/?fice=000309
Paul Mitchell the School-Jessup,MD,3,Private For-Profit,22961.0,22961.0,,22961.0,,,https://paulmitchell.edu/jessup/programs/cosmetology
John Patrick University of Health and Applied Sciences,IN,3,Private For-Profit,44115.0,44115.0,44115.0,,20605.0,20605.0,https://jpu.edu/net-price-calculator/
South Dade Technical College-South Dade Skills Center Campus,FL,1,Public,9613.0,9613.0,,9613.0,,,www.southdadetech.edu/net-price-calculator/
Alabama School of Nail Technology & Cosmetology,AL,3,Private For-Profit,26107.0,26107.0,,26107.0,,,www.asntc.edu/net-price-calculator
Tulsa Technology Center,OK,1,Public,11412.0,11412.0,,11412.0,,,https://tulsatech.edu/admissions-and-financial-aid/financial-aid/net-price-calculator/
Ross Medical Education Center-Elyria,OH,3,Private For-Profit,23817.0,23817.0,,23817.0,,,https://rosseducation.edu/consumer-info/#npc
Ross Medical Education Center-Lafayette,IN,3,Private For-Profit,24623.0,24623.0,,24623.0,,,https://rosseducation.edu/consumer-info/#npc
Ross Medical Education Center-Midland,MI,3,Private For-Profit,23852.0,23852.0,,23852.0,,,https://rosseducation.edu/consumer-info/#npc
Paul Mitchell the School-Clear Lake,TX,3,Private For-Profit,24265.0,24265.0,,24265.0,,,paulmitchell.edu/clearlake/tuition-calculator
Paul Mitchell the School-Nampa,ID,3,Private For-Profit,25863.0,25863.0,,25863.0,,,paulmitchell.edu/nampa/tuition-calculator
Academy of Beauty Professionals,WI,3,Private For-Profit,23360.0,23360.0,,23360.0,,,https://www.academyofbeautyprofessionals.com/net-price-calculator/
Kenneth Shuler School of Cosmetology-Goose Creek,SC,3,Private For-Profit,20331.0,20331.0,,20331.0,,,https://kennethshuler.com/wp-content/uploads/2025/08/gcnpc2324.html
Clovis Community College,CA,1,Public,14897.0,22157.0,14897.0,,1378.0,8638.0,https://npc.cccco.edu/576/npcalc.htm
Boca Beauty Academy-Parkland,FL,3,Private For-Profit,25482.0,25482.0,,25482.0,,,bocabeautyacademy.edu/documents/npc/index.html
Caribbean Aviation Training Institute Inc,PR,3,Private For-Profit,18210.0,18210.0,18210.0,,15480.0,15480.0,https://www.caribav.com/uploads/1/5/3/9/15391478/index.html
The College of Health Care Professions-McAllen Campus,TX,3,Private For-Profit,31264.0,31264.0,,31264.0,,,www.chcp.edu/npcalc/npcalc.htm
Chamberlain University-North Carolina,NC,3,Private For-Profit,42634.0,42634.0,42634.0,,20785.0,20785.0,https://www.chamberlain.edu/admissions/financial-aid-scholarships/calculator
Chamberlain University-California,CA,3,Private For-Profit,37232.0,37232.0,37232.0,,21271.0,21271.0,https://www.chamberlain.edu/admissions/financial-aid-scholarships/calculator
Spartan College of Aeronautics and Technology,CA,3,Private For-Profit,39393.0,39393.0,,39393.0,,,www.spartan.edu/calculator/ie/
Purdue University Global,IN,1,Public,15660.0,19971.0,15660.0,,10101.0,14412.0,https://purdueglobal.clearcostcalculator.com/student/default/netpricecalculator/survey
Arthur's Beauty College,AR,3,Private For-Profit,27133.0,27133.0,,27133.0,,,https://www.arthursbeautycollege.com/jonesboro.html
Carolina University,NC,2,Private Non-Profit,32680.0,32680.0,32680.0,,17575.0,17575.0,https://carolinau.edu/npc
National Personal Training Institute-Tampa,FL,3,Private For-Profit,18594.0,18594.0,,18594.0,,,https://nptiflorida.edu/wp-content/uploads/2024/07/net-price-calculator.html
HCI College,FL,3,Private For-Profit,40563.0,40563.0,40563.0,,20838.0,20838.0,www.hci.edu/npcalc.htm
America Evangelical University,CA,2,Private Non-Profit,23764.0,23764.0,23764.0,,6200.0,6200.0,it21inc.net/demos/netprice-calculator/Theology/npcalc.htm
Gadsden Technical College,FL,1,Public,10761.0,10761.0,,10761.0,,,www.gadsdentech.org/common/news2/homepage
Nashville Film Institute,TN,3,Private For-Profit,29855.0,29855.0,,29855.0,,,my.nfi.edu/temp/net-price-calculator/npcalc.htm
Westcliff University,CA,3,Private For-Profit,44210.0,44210.0,44210.0,,17670.0,17670.0,www.westcliff.edu/financial-aid/net-price-calculator/
Sacramento Ultrasound Institute,CA,3,Private For-Profit,41256.0,41256.0,,41256.0,,,www.sui.edu/price/
MAK Beauty Institute,GA,3,Private For-Profit,18012.0,18012.0,,18012.0,,,makbeautyinstitute.com/consumer-information-admissions/
Mobile Technical Training,NJ,3,Private For-Profit,18531.0,18531.0,,18531.0,,,nces.ed.gov/ipeds/netpricecalculator/
Yeshiva Shaar Ephraim,NY,2,Private Non-Profit,22510.0,22510.0,22510.0,,14175.0,14175.0,shaarephraim.org/npc.html
California Institute of Arts & Technology,CA,3,Private For-Profit,39831.0,39831.0,39831.0,,22270.0,22270.0,www.ciat.edu/net-price-calculator/
Elite Cosmetology Barber & Spa Academy,WA,3,Private For-Profit,21679.0,21679.0,,21679.0,,,elitecbsacademy.com/pages/npcalc.htm
Cutting Edge Academy,NJ,3,Private For-Profit,37264.0,37264.0,,37264.0,,,www.cuttingedge-nj.com/net-price-calculator/
Yeshiva Bais Aharon,NJ,2,Private Non-Profit,19522.0,19522.0,19522.0,,10350.0,10350.0,yeshivabaisaharon.com/links/
Elyon College,NY,2,Private Non-Profit,25960.0,25960.0,25960.0,,14620.0,14620.0,elyon.edu/price-calculator/
Harmony Health Care Institute,NH,3,Private For-Profit,47197.0,47197.0,,47197.0,,,https://www.harmony-health.org/net-price-calculator.html
American Beauty and Trade School,FL,3,Private For-Profit,17836.0,17836.0,,17836.0,,,https://absmiami.edu/tuition-financial-aid/
Hogan Institute of Cosmetology and Esthetics,GA,3,Private For-Profit,35978.0,35978.0,,35978.0,,,www.hoganice.edu/tuition-costs
J's Barber College,LA,3,Private For-Profit,23476.0,23476.0,,23476.0,,,calculator.jsbarbercollege.com/
Ann Webb Skin Institute,TX,3,Private For-Profit,23536.0,23536.0,,23536.0,,,www.awskininstitute.com/net-price-calculator
Apex Academy Hair Skin Nails School of Cosmetology,OH,3,Private For-Profit,17085.0,17085.0,,17085.0,,,https://www.apexacademy2013.com/expenses--helpful-links.html
The Esthetic Institute,VA,3,Private For-Profit,25235.0,25235.0,,25235.0,,,esthetic-institute.com/netprice/index.html
Massage Institute of Memphis,TN,3,Private For-Profit,16290.0,16290.0,,16290.0,,,www.themassageinstitute.com/calculator/
Metro Detroit Barber College,MI,2,Private Non-Profit,24506.0,24506.0,,24506.0,,,nces.ed.gov/ipeds/netpricecalculator/#/
Digital Media Institute,LA,2,Private Non-Profit,35464.0,35464.0,,35464.0,,,https://dmi.edu/net-price-calculator.html
Yeshiva Ohr Naftoli,NY,2,Private Non-Profit,21700.0,21700.0,21700.0,,10870.0,10870.0,https://yeshivaohrnaftoli.com/links/
Bais Medrash Mayan Hatorah,NJ,2,Private Non-Profit,20700.0,20700.0,20700.0,,12000.0,12000.0,https://www.baismedrashmayanhatorah.com/links/
Allgood Beauty Institute,TX,3,Private For-Profit,29655.0,29655.0,,29655.0,,,allgoodbeauty.com/resources
Ray J's College of Hair,LA,3,Private For-Profit,13720.0,13720.0,,13720.0,,,https://www.rayjscollegeofhair.info/net-price-calculator.html
Manuel and Theresa's School of Hair Design,TX,3,Private For-Profit,17072.0,17072.0,,17072.0,,,www.manuelandtheresasschoolofhair.com/net-price-calculator/
Cincinnati School of Barbering & Hair Design,OH,3,Private For-Profit,16144.0,16144.0,,16144.0,,,cincinnatischoolofbarbering.com/services/consumer-disclosure-information-page/
L Makeup Institute,NV,3,Private For-Profit,33986.0,33986.0,,33986.0,,,https://lmi.edu/net-price-calculator/
Maestro College,TX,3,Private For-Profit,23991.0,23991.0,,23991.0,,,https://maestrocollege.edu/netpricecalculator.html
Northern Technical College,AR,3,Private For-Profit,16177.0,16177.0,,16177.0,,,https://www.northerntechnicalcolleges.com/financial-aid
Purdue University Northwest,IN,1,Public,15571.0,22990.0,15571.0,,8675.0,16094.0,https://www.pnw.edu/financial-aid/cost/net-price-calculator/
Ross Medical Education Center-Portage,MI,3,Private For-Profit,24397.0,24397.0,,24397.0,,,https://rosseducation.edu/consumer-info/#npc
Ross College-Canton,OH,3,Private For-Profit,32427.0,32427.0,,32427.0,,,https://rosseducation.edu/consumer-info/#npc
Ross College-Grand Rapids North,MI,3,Private For-Profit,24414.0,24414.0,,24414.0,,,https://rosseducation.edu/consumer-info/#npc
American Institute-Somerset,NJ,3,Private For-Profit,25193.0,25193.0,,25193.0,,,www.americaninstitute.edu/npc/somerset.htm
Platt College-Anaheim,CA,3,Private For-Profit,28170.0,28170.0,28170.0,,14922.0,14922.0,https://plattcollege.edu/financial-aid/#calculator
Advantage Career Institute,NJ,3,Private For-Profit,17693.0,17693.0,,17693.0,,,www.aci.edu/financial-aid-options/net-price-calculator/
Bull City Durham Beauty and Barber College,NC,3,Private For-Profit,16298.0,16298.0,,16298.0,,,www.tomorrowsimage.com/
Fortis College-Cutler Bay,FL,3,Private For-Profit,30421.0,30421.0,30421.0,,13806.0,13806.0,https://www.fortis.edu/content/dam/fortis/compliance/netpricecalc/npcalc-fortis_cutler_bay.htm
Strand Institute of Beauty & Esthetics,TX,3,Private For-Profit,30973.0,30973.0,,30973.0,,,www.thestrandinstitute.edu/wp-content/uploads/calc/npcalc.htm
Arkansas Welding Academy,AR,3,Private For-Profit,40458.0,40458.0,,40458.0,,,https://arkansasweldingacademy.edu/wp-content/calculator.html
Unitech Training Academy-Baton Rouge,LA,3,Private For-Profit,28466.0,28466.0,,28466.0,,,unitechta.edu/net-price-calculator/
Empire Beauty School-Tampa,FL,3,Private For-Profit,22700.0,22700.0,,22700.0,,,www.empire.edu/consumer-information/net-price-calculator
Empire Beauty School-Lakeland,FL,3,Private For-Profit,22399.0,22399.0,,22399.0,,,www.empire.edu/consumer-information/net-price-calculator
Galen College of Nursing-ARH,KY,3,Private For-Profit,34801.0,34801.0,34801.0,,16364.0,16364.0,galencollege.studentaidcalculator.com/welcome.aspx
Commercial Divers International,AZ,3,Private For-Profit,39396.0,39396.0,,39396.0,,,https://commercialdiversinternational.edu/financial-aid
Tricoci University of Beauty Culture-Janesville,WI,3,Private For-Profit,18821.0,18821.0,,18821.0,,,www.tricociuniversity.edu/admissions-financial-aid/beauty-school-calculator/
Unlimited Cosmetology School,MS,3,Private For-Profit,26160.0,26160.0,,26160.0,,,www.unlmtdcosmetologyschoolms.com/apply-now
Johnny Matthew's Hairdressing Training School,OR,3,Private For-Profit,28855.0,28855.0,,28855.0,,,johnnymatthews.com/net-price-calculator/
The Culinary School of Fort Worth,TX,3,Private For-Profit,29753.0,29753.0,,29753.0,,,https://www.csftw.edu/wp-content/uploads/index-6.html
Centralia Beauty College,WA,3,Private For-Profit,14913.0,14913.0,,14913.0,,,www.centraliabeautycollege.com/net-price-calculator/
Miller-Motte College-STVT-Arlington,TX,3,Private For-Profit,27427.0,27427.0,,27427.0,,,www.stvt.edu/NetPrice/Arlington/
Bnos Zion Of Bobov Seminary,NY,2,Private Non-Profit,23097.0,23097.0,23097.0,,10250.0,10250.0,https://bnoszionbobov.com/links/
ABC Adult School,CA,1,Public,17675.0,17675.0,,17675.0,,,https://www.abcadultschool.edu/financial-aid/
Union Bible College,IN,2,Private Non-Profit,15700.0,15700.0,15700.0,,6700.0,6700.0,https://www.ubca.org/expenses
San Bernardino Beauty College,CA,3,Private For-Profit,34898.0,34898.0,,34898.0,,,https://www.sbbcbeautycollege.com/npcal
Christina and Company Education Center,IN,3,Private For-Profit,14984.0,14984.0,,14984.0,,,www.ccedcenter.com/enroll
Institute of Medical Ultrasound,GA,3,Private For-Profit,56036.0,56036.0,56036.0,,31052.0,31052.0,imu.edu/about us
Mystros Barber Academy,TX,2,Private Non-Profit,23254.0,23254.0,,23254.0,,,https://mystrosbarberacademynpc.com/
European Medical School of Massage,PA,3,Private For-Profit,19520.0,19520.0,,19520.0,,,emsom.edu/net-price-calculator/
Yeshiva Gedolah Tiferes Boruch,NJ,2,Private Non-Profit,17600.0,17600.0,17600.0,,10480.0,10480.0,https://yeshivagedolahtiferesboruch.com/links/
Yeshiva Chemdas Hatorah,NJ,2,Private Non-Profit,22180.0,22180.0,22180.0,,12150.0,12150.0,yeshivachemdashatorah.com/?page_id=12
Women's Institute of Torah Seminary and College,MD,2,Private Non-Profit,32300.0,32300.0,32300.0,,9780.0,9780.0,www.wits.edu/net-price-calculator
Yeshiva Gedolah Keren Hatorah,NJ,2,Private Non-Profit,23591.0,23591.0,23591.0,,9150.0,9150.0,https://yeshivagedolahkerenhatorah.com/links/
ICOHS College,CA,2,Private Non-Profit,108002.0,108002.0,,108002.0,,,https://icohs.edu/financial-aid/net-pricing-calculator/
Neo-Esthetique European Institute,PR,3,Private For-Profit,16150.0,16150.0,,16150.0,,,www.institutoneo.edu/documentos/NetPriceTemplate/
Lehigh Valley Barber School,PA,3,Private For-Profit,19130.0,19130.0,,19130.0,,,www.lehighvalleybarberschool.com/financial-options/
International Barber College,AZ,3,Private For-Profit,27195.0,27195.0,,27195.0,,,internationalbarber.net/contact.php
Brown Beauty Barber School,AL,3,Private For-Profit,32112.0,32112.0,,32112.0,,,brownbeautybarberschool.edu/netpricecalculator/
Yeshiva Gedolah of Cliffwood,NJ,2,Private Non-Profit,17850.0,17850.0,17850.0,,8550.0,8550.0,https://yeshivagedolahcliffwood.com/links/
UR Beauty & Barber Academy,FL,3,Private For-Profit,20263.0,20263.0,,20263.0,,,www.urbeautybarberacademy.com/net-price-calculator
Urban Barber College,CA,3,Private For-Profit,28003.0,28003.0,,28003.0,,,https://urbanbarbercollege.com/netprice/
Yeshivas Emek Hatorah,NJ,2,Private Non-Profit,22250.0,22250.0,22250.0,,9750.0,9750.0,yeshivasemekhatorah.com/links/
Transitions Career Institute School of Nursing,NY,3,Private For-Profit,42776.0,42776.0,,42776.0,,,www.tcilpn.com/net-price-calculator/
Wilton Simpson Technical College,FL,1,Public,16344.0,16344.0,,16344.0,,,sunteched.edu/npcalc.htm
Stacey James Institute,CO,3,Private For-Profit,19155.0,19155.0,,19155.0,,,www.staceyjamesinstitute.com/net-price-calculator/
Seminary Bnos Chaim,NJ,2,Private Non-Profit,28911.0,28911.0,28911.0,,13150.0,13150.0,seminarybnoschaim.com/links/
Avenue Academy A Cosmetology Institute,NM,3,Private For-Profit,17425.0,17425.0,,17425.0,,,www.theavenueacademy.com/wp-content/uploads/2023/03/index1.html
Salon Professional Academy of San Antonio,TX,3,Private For-Profit,19997.0,19997.0,,19997.0,,,https://tspasanantonio.campusloginusa.com/wp-content/uploads/sites/16/npc/
Red Lake Nation College,MN,1,Public,13164.0,13164.0,13164.0,,6640.0,6640.0,https://www.rlnc.edu/net-price-calculator
Princess Institute of Beauty,CA,3,Private For-Profit,18133.0,18133.0,,18133.0,,,nebula.wsimg.com/8cf4fceacce45679df518044700351e2?AccessKeyId=70FC6AF8F3EDDF823065&disposition=0&alloworigin=1
Vogue International Academy,TX,3,Private For-Profit,18210.0,18210.0,,18210.0,,,https://surveys.nces.ed.gov/ipeds/institutions
Independent Training & Apprenticeship Program,CA,3,Private For-Profit,27699.0,27699.0,,27699.0,,,itap.edu/net-price-calculator/
Winonah's International School of Cosmetology,AL,3,Private For-Profit,17030.0,17030.0,,17030.0,,,www.winonah.net/NetPrice/npcalc.htm
Yeshiva Gedola Tiferes Yerachmiel,NJ,2,Private Non-Profit,17050.0,17050.0,17050.0,,9600.0,9600.0,https://yeshivagedolatiferesyerachmiel.com/links/
Southeastern Esthetics Institute,SC,3,Private For-Profit,20482.0,20482.0,,20482.0,,,https://www.seestheticsinstitute.com/net-price-calculator/
Caris College,IN,3,Private For-Profit,22642.0,22642.0,,22642.0,,,www.cariscollege.edu/consumer-disclosures/
Another Level Barbering and Cosmetology School,VA,3,Private For-Profit,13772.0,13772.0,,13772.0,,,nces.ed.gov/ipeds/netpricecalculator/#/step-1
The Salon Professional Academy-Georgetown,TX,3,Private For-Profit,20506.0,20506.0,,20506.0,,,www.tspageorgetown.com/wp-content/uploads/sites/20/ncp/
Elite Academy of Hair Design,OH,3,Private For-Profit,18517.0,18517.0,,18517.0,,,www.eliteacademyofhairdesign.com/net-price-calculator
Champion Christian College,AR,2,Private Non-Profit,20970.0,20970.0,20970.0,,11510.0,11510.0,champion.edu/netpricecalculator
Elite Beauty College,OK,3,Private For-Profit,17325.0,17325.0,,17325.0,,,https://ebcollege.net/netpricecalculator.html
GoodFellas Barber College,AR,3,Private For-Profit,18819.0,18819.0,,18819.0,,,www.gfbc.edu/net-price-calculator
No Grease Barber School,NC,3,Private For-Profit,24493.0,24493.0,,24493.0,,,www.tomorrowsimage.com/
Pima Medical Institute-San Marcos,CA,3,Private For-Profit,32210.0,32210.0,,32210.0,,,https://secure.pmi.edu/npcalc/
EDP University of Puerto Rico-Villalba,PR,2,Private Non-Profit,19138.0,19138.0,19138.0,,7050.0,14125.0,edpuniversity.edu/coa-net-calculator/
KCK Beauty & Barber Academy,FL,3,Private For-Profit,18484.0,18484.0,,18484.0,,,kckbbacademy.org/net-price-calculator/
California College of Barbering and Cosmetology,CA,3,Private For-Profit,20465.0,20465.0,,20465.0,,,https://calcbc.com/net-price-calculator/
The College of Health Care Professions-South San Antonio,TX,3,Private For-Profit,34322.0,34322.0,,34322.0,,,www.chcp.edu/npcalc/npcalc.htm
Innovate Salon Academy,NJ,3,Private For-Profit,27001.0,27001.0,,27001.0,,,https://www.innovatesalonacademy.com/net-price-calc.html
Chamberlain University-Louisiana,LA,3,Private For-Profit,38480.0,38480.0,38480.0,,19975.0,19975.0,https://www.chamberlain.edu/admissions/financial-aid-scholarships/calculator
Drury University-College of Continuing Professional Studies,MO,2,Private Non-Profit,19698.0,19698.0,19698.0,,8054.0,8054.0,tcc.ruffalonl.com/Drury University/Freshman-Students
Global Medical & Technical Training Institute,FL,3,Private For-Profit,42281.0,42281.0,,42281.0,,,www.gmtti.edu/financial-assistance/
Salon Success Academy-West Covina,CA,3,Private For-Profit,22274.0,22274.0,,22274.0,,,https://www.salonsuccessacademy.com/wp-content/uploads/2024/11/npc-west-covina.html
Indiana Institute of Technology-College of Professional Studies,IN,2,Private Non-Profit,26033.0,26033.0,26033.0,,9896.0,9896.0,cps.indianatech.edu/costs/
Advantage Technical College,PR,3,Private For-Profit,11698.0,11698.0,,11698.0,,,https://adtecpr.com/asistencia-economica/#netcal
Universal Technical Institute-Bloomfield,NJ,3,Private For-Profit,33070.0,33070.0,,33070.0,,,www.uti.edu/admissions/tuition
Gould's Academy,TN,3,Private For-Profit,23699.0,23699.0,,23699.0,,,gouldsacademy.com/net-price-calculator/
WellSpring School of Allied Health-Springfield,MO,3,Private For-Profit,20228.0,20228.0,,20228.0,,,www.wellspring.edu/consumer-info/gedt-massage-therapy/Gedt.html
Medical Career College of Northern California,CA,3,Private For-Profit,33993.0,33993.0,33993.0,,19576.0,19576.0,https://medicalcareercollege.edu/financial-aid/
Premiere International College,FL,3,Private For-Profit,34822.0,34822.0,34822.0,,22140.0,22140.0,picollege.edu/financial-assistance/
Global Tech College,OH,3,Private For-Profit,15497.0,15497.0,15497.0,,22184.0,22184.0,https://globaltech.edu/NetPriceCalculator/npcalc.htm
McAllen Careers Institute,TX,3,Private For-Profit,22311.0,22311.0,,22311.0,,,www.mcallencareersinstitute.edu/npc/index.html
Health and Technology Training Institute,PA,2,Private Non-Profit,46047.0,46047.0,,46047.0,,,https://www.httiphila.org/practical-nursing.html
Yeshiva of Ocean,NY,2,Private Non-Profit,17300.0,17300.0,17300.0,,9000.0,9000.0,yeshivaofocean.com/links/
Congregation Talmidei Mesivta Tiferes Shmiel Aleksander,NY,2,Private Non-Profit,25625.0,25625.0,25625.0,,14125.0,14125.0,yeshivaaleksander.org/npc.html
Pro Beauty Academy,NJ,3,Private For-Profit,40274.0,40274.0,,40274.0,,,www.probeautyacademy.com/finance.aspx
South Eastern Beauty Academy,KY,3,Private For-Profit,12266.0,12266.0,,12266.0,,,southeasternbeauty.com/tuitionandfees/
Ohel Margulia Seminary,NY,2,Private Non-Profit,22600.0,22600.0,22600.0,,9700.0,9700.0,ohelmarguliaseminary.com/links/
Yeshivat Hechal Shemuel,NY,2,Private Non-Profit,25480.0,25480.0,25480.0,,12380.0,12380.0,hechalshemuel.com/links/
American Institute of Healthcare & Technology,CT,3,Private For-Profit,39163.0,39163.0,,39163.0,,,https://www.aiht.edu/financial-aid/
Premier Academy of Cosmetology,OK,3,Private For-Profit,23105.0,23105.0,,23105.0,,,https://nces.ed.gov/ipeds/netpricecalculator/#/
Yeshiva Gedolah of Woodlake Village,NJ,2,Private Non-Profit,22130.0,22130.0,22130.0,,9030.0,9030.0,yeshivaohrzechariah.com/?page_id=15
Houston Barber School,TX,3,Private For-Profit,19650.0,19650.0,,19650.0,,,https://www.htxbarberschool.com/financial-calculator.html
MIXED Institute of Cosmetology & Barber,CA,3,Private For-Profit,25113.0,25113.0,,25113.0,,,mixed.institute/netprice/
Vski Cosmetology School,SC,2,Private Non-Profit,15170.0,15170.0,,15170.0,,,https://www.vskicosmetology.com/financial-aid/financial-aid-how-to-apply/
New York Seminary,NY,2,Private Non-Profit,22983.0,22983.0,22983.0,,12750.0,12750.0,thenyseminary.com/links/
Deluxe Barber College,TX,3,Private For-Profit,25020.0,25020.0,,25020.0,,,www.deluxebarbercollege.com/netcalculator.html
Falcon Institute of Health and Science,PA,3,Private For-Profit,36058.0,36058.0,,36058.0,,,www.falconihs.com/wp-content/themes/fihs/assets/static/netPrice.html
College Unbound,RI,2,Private Non-Profit,27138.0,27138.0,27138.0,,11016.0,11016.0,sites.google.com/a/collegeunbound.org/billing/net-price-calculator
A Better U Beauty Barber Academy,NM,3,Private For-Profit,23826.0,23826.0,,23826.0,,,https://abuacademy.com/financial-aid
Tuana European Beauty Academy,CO,3,Private For-Profit,22233.0,22233.0,,22233.0,,,https://www.tuanaacademy.com/wp-content/uploads/2025/08/index.html
Southern Careers Institute-Waco,TX,3,Private For-Profit,27247.0,27247.0,,27247.0,,,https://prospect.studentaidprocess.com/saintprospect/(S(ocmfllhcnha2l4egndtg2dgp))/netpricecalculator?corpid=64
Lil Lou's Beauty and Barber College-Hammond,IN,3,Private For-Profit,26049.0,26049.0,,26049.0,,,https://0201.nccdn.net/1_2/000/000/15e/2e5/net-price-calculator.html
Arizona College of Nursing-Dallas,TX,3,Private For-Profit,43045.0,43045.0,43045.0,,23987.0,23987.0,https://www.arizonacollege.edu/admissions/financial-aid/net-price-calculator/
The Salon Professional Academy-Washington DC,DC,3,Private For-Profit,20381.0,20381.0,,20381.0,,,www.tspadc.com/financial-aid/welcome/
Valley College-Cleveland,OH,2,Private Non-Profit,34684.0,34684.0,,34684.0,,,valley.edu/documents/net-price-calculator/cleveland/index.html
EDP University of Puerto Rico-Humacao,PR,2,Private Non-Profit,19625.0,19625.0,19625.0,,7050.0,14125.0,https://edpuniversity.edu/coa-net-calculator/
EDP University of Puerto Rico-Manati,PR,2,Private Non-Profit,17523.0,17523.0,17523.0,,7050.0,14125.0,https://edpuniversity.edu/coa-net-calculator/
UEI College-Sacramento,CA,3,Private For-Profit,33919.0,33919.0,,33919.0,,,https://enroll.uei.edu/Npc
Fortis Institute-Cookeville,TN,3,Private For-Profit,31248.0,31248.0,31248.0,,15120.0,15120.0,https://www.fortis.edu/content/dam/fortis/compliance/netpricecalc/npcalc-fortis_cookeville.html
Derech Hachaim Seminary,NY,2,Private Non-Profit,24100.0,24100.0,24100.0,,11000.0,11000.0,derechhachaimseminary.com/links
Evvaylois Academy School of Beauty,TX,2,Private Non-Profit,27315.0,27315.0,,27315.0,,,https://www.evvayloisschoolofbeauty.com/net-price-calculator.html
Avenue Five Institute-South Austin Campus,TX,3,Private For-Profit,32147.0,32147.0,,32147.0,,,https://www.avenuefive.edu/net-price-calculator/
Pima Medical Institute-San Antonio,TX,3,Private For-Profit,25980.0,25980.0,,25980.0,,,https://secure.pmi.edu/npcalc/
Christ Mission College,TX,2,Private Non-Profit,18421.0,18421.0,18421.0,,8806.0,8806.0,cmctx.edu/admissions/consumer-information/
Esteem Academy of Beauty,UT,3,Private For-Profit,15700.0,15700.0,,15700.0,,,esteem-academy.com/netpricecalculator
KC Beauty Academy,CA,3,Private For-Profit,20916.0,20916.0,,20916.0,,,www.kcbeautyacademy.com/netpricecalculator
Urshan University,MO,2,Private Non-Profit,17175.0,17175.0,17175.0,,8756.0,8756.0,urshan.edu/tuition-and-fees
Texas Healthtech Institute,TX,3,Private For-Profit,26270.0,26270.0,,26270.0,,,https://www.txinstitute.edu/wp-content/uploads/2022/09/index.html
Xtylo Beauty and Barber College,AZ,3,Private For-Profit,35942.0,35942.0,,35942.0,,,https://xtylobeautyandbarbercollege.education/
Tonsorial Arts Barber College,TX,3,Private For-Profit,26215.0,26215.0,,26215.0,,,www.tonsorialartsbarbercollege.com/wp-content/uploads/2020/01/Net-Price-Calculator-2.html
Michael's Barber & Hair Stylist Academy,TX,3,Private For-Profit,24371.0,24371.0,,24371.0,,,https://www.michaelsbarberacademy.com/net-price-calculator
Yeshiva Yesoda Hatorah Vetz Chaim,NY,2,Private Non-Profit,24473.0,24473.0,24473.0,,14000.0,14000.0,yeshivayh.org/netprice
North-West College-San Diego,CA,3,Private For-Profit,49552.0,49552.0,,49552.0,,,www.nu.edu/npcalc/npcalc.htm
West Virginia Junior College-United Career Institute,PA,3,Private For-Profit,25440.0,25440.0,25440.0,,14798.0,14798.0,https://uci.catalog.unitedcareer.edu/consumer-information-uci
Aviation Institute of Maintenance-Charlotte,NC,3,Private For-Profit,30005.0,30005.0,30005.0,,16657.0,16657.0,https://aviationmaintenance.edu/your-rights/
Fortis College-Landover,MD,3,Private For-Profit,33587.0,33587.0,33587.0,,16522.0,16522.0,www.fortis.edu/content/dam/fortis/compliance/netpricecalc/npcalc-fortis_landover.htm
Stautzenberger College-Rockford Career College,IL,3,Private For-Profit,28452.0,28452.0,28452.0,,16699.0,16699.0,https://rockfordcareercollege.studentaidcalculator.com/survey.aspx
WellSpring School of Allied Health-Wichita,KS,3,Private For-Profit,18179.0,18179.0,,18179.0,,,www.wellspring.edu/npc/npcalc.htm
Apex College of Veterinary Technology,CO,3,Private For-Profit,25950.0,25950.0,25950.0,,13850.0,13850.0,https://www.apexcvt.edu/net-price-calculator
Meryma'at Barber College,OH,3,Private For-Profit,14213.0,14213.0,,14213.0,,,https://merymaatbarbercollege.com/financial-aid
Bais Medrash of Dexter Park,NY,2,Private Non-Profit,36000.0,36000.0,36000.0,,11500.0,11500.0,https://bmdpark.com/links/
Makana Esthetics Wellness Academy,HI,3,Private For-Profit,14866.0,14866.0,,14866.0,,,https://makanaacademy.edu/calculator/
Oak Valley College,CA,2,Private Non-Profit,33587.0,33587.0,33587.0,,24180.0,24180.0,https://oakvalley.edu/s/netpricecalculator.html
Paul Mitchell the School-San Jose,CA,3,Private For-Profit,36485.0,36485.0,,36485.0,,,https://paulmitchell.edu/sanjose/tuition-calculator
Zion Massage College,UT,3,Private For-Profit,25811.0,25811.0,,25811.0,,,https://zmc.edu/net-price-calculator/
Marine Trades Institute,MI,2,Private Non-Profit,37249.0,37249.0,37249.0,,25470.0,25470.0,https://marinetrades.edu/financial-aid/estimating-costs/
Austin Career Institute LLC,TX,3,Private For-Profit,20372.0,20372.0,,20372.0,,,https://nces.ed.gov/ipeds/netpricecalculator/#/
Pacific Northwest Christian College,WA,2,Private Non-Profit,18371.0,18371.0,18371.0,,11350.0,11350.0,https://www.pnwcc.edu/admissions/financial-aid/#top
Mariano Moreno Culinary Institute,FL,3,Private For-Profit,18766.0,18766.0,,18766.0,,,https://www.mmci.edu/en/site/tuttion-fees
Webb's Barber School of Arts,GA,3,Private For-Profit,19301.0,19301.0,,19301.0,,,https://www.webbsbarberschoolofarts.com/
Adrian H. Wallace Barber Academy,FL,3,Private For-Profit,18150.0,18150.0,,18150.0,,,https://ahwbarberacademy.com/wp-content/uploads/2020/07/index.html
Total Beauty Institute,FL,2,Private Non-Profit,28538.0,28538.0,,28538.0,,,https://totalbeautyinstitute.com/wp-content/uploads/2020/10/index.html
Pearlands Innovative School of Beauty,TX,3,Private For-Profit,20084.0,20084.0,,20084.0,,,https://www.pearlandinnovative.com/consumer-info
Durant Institute of Hair Design,OK,3,Private For-Profit,21663.0,21663.0,,21663.0,,,https://nces.ed.gov/ipeds/netpricecalculator
Premiere Aesthetics Institute,OR,3,Private For-Profit,18332.0,18332.0,,18332.0,,,https://www.premiereaestheticsinstitute.com/net-price-calculator
Indian Bible College,AZ,2,Private Non-Profit,17684.0,17684.0,17684.0,,7980.0,7980.0,www.indianbible.org/consumer-information/
Florida Professional Institute,FL,3,Private For-Profit,32264.0,32264.0,,32264.0,,,https://www.fpi.edu/
The Professional Cosmetology Academy,TX,3,Private For-Profit,20848.0,20848.0,,20848.0,,,https://www.tpcalaredo.com/school-disclosures
Taylor Andrews Academy of Hair Design-Hair Lab Detroit Barber School,MI,3,Private For-Profit,23455.0,23455.0,,23455.0,,,https://www.hairlabdetroitbarberschool.com/consumer-discolsure
Paul Mitchell the School-Fort Lauderdale,FL,3,Private For-Profit,28357.0,28357.0,,28357.0,,,https://paulmitchell.edu/fortlauderdale/tuition-calculator
PCI Academy-Iowa City,IA,3,Private For-Profit,22589.0,22589.0,,22589.0,,,https://www.pci-academy.com/webres/file/calculators/iowa-city-npc.html
Larry's Barber College,IL,3,Private For-Profit,20866.0,20866.0,,20866.0,,,https://www.larrysbarbercollege.com/financial-aid
Paul Mitchell the School-Provo,UT,3,Private For-Profit,29666.0,29666.0,,29666.0,,,https://paulmitchell.edu/provo/tuition-calculator
Arizona College of Nursing-Tampa,FL,3,Private For-Profit,41613.0,41613.0,41613.0,,23093.0,23093.0,https://www.arizonacollege.edu/admissions/financial-aid/net-price-calculator/
Arizona College of Nursing-Tucson,AZ,3,Private For-Profit,41932.0,41932.0,41932.0,,24944.0,24944.0,https://www.arizonacollege.edu/admissions/financial-aid/net-price-calculator/
Arizona College of Nursing-Phoenix,AZ,3,Private For-Profit,42097.0,42097.0,42097.0,,26041.0,26041.0,https://www.arizonacollege.edu/admissions/financial-aid/net-price-calculator/
Empire Beauty School-Newport News,VA,3,Private For-Profit,27690.0,27690.0,,27690.0,,,https://www.empire.edu/consumer-information/net-price-calculator
Tricoci University of Beauty Culture-Normal,IL,3,Private For-Profit,22874.0,22874.0,,22874.0,,,https://www.tricociuniversity.edu/admissions-financial-aid/beauty-school-calculator/
Paul Mitchell the School-Murfreesboro-Nashville,TN,3,Private For-Profit,27546.0,27546.0,,27546.0,,,https://paulmitchell.edu/nashville/tuition-calculator
Dorsey College-Woodhaven,MI,3,Private For-Profit,35532.0,35532.0,35532.0,,16990.0,16990.0,https://solutions.campusivy.com/Apps/NPC/NPCWizard?institutionId=11800
San Joaquin Valley College-Delano,CA,3,Private For-Profit,27643.0,27643.0,,27643.0,,,https://www.sjvc.edu/net-price-calculator
San Joaquin Valley College-Rancho Mirage,CA,3,Private For-Profit,32789.0,32789.0,,32789.0,,,https://www.sjvc.edu/net-price-calculator
San Joaquin Valley College-Santa Maria,CA,3,Private For-Profit,29900.0,29900.0,,29900.0,,,https://www.sjvc.edu/net-price-calculator
Advantage Technical College-Aguadilla,PR,3,Private For-Profit,11275.0,11275.0,,11275.0,,,https://adtecpr.com/asistencia-economica/#netcal
San Joaquin Valley College-Porterville,CA,3,Private For-Profit,29788.0,29788.0,,29788.0,,,https://www.sjvc.edu/net-price-calculator
Ruben's Five Star Academy,FL,3,Private For-Profit,26718.0,26718.0,,26718.0,,,rubens5staracademy.com/wp-content/uploads/2020/10/index-1.html
Provo College-Idaho Falls Campus,ID,3,Private For-Profit,39585.0,39585.0,39585.0,,19068.0,19068.0,https://www.eaglegatecollege.edu/financial-aid-admissions/net-price-calculator/
Eagle Gate College-Boise Campus,ID,3,Private For-Profit,35847.0,35847.0,35847.0,,19068.0,19068.0,https://www.eaglegatecollege.edu/financial-aid-admissions/net-price-calculator/
Elite Welding Academy South Point,OH,3,Private For-Profit,33536.0,33536.0,,33536.0,,,https://eliteweldingacademy.com/calculator/
Agape College of Business and Science,CA,2,Private Non-Profit,23049.0,23049.0,23049.0,,25672.0,25672.0,https://www.acbscollege.org/net-price-calculator
Zorganics Institute of Beauty and Wellness,WA,3,Private For-Profit,30010.0,30010.0,,30010.0,,,https://www.student.zorganicsinstitute.edu/finances-2
The  Salon Professional Academy of Holland,MI,3,Private For-Profit,17938.0,17938.0,,17938.0,,,https://www.tspaholland.com/wp-content/uploads/sites/9/npc/
Dymond Designs Beauty School,MI,3,Private For-Profit,26299.0,26299.0,,26299.0,,,https://ddbs.edu/wp-content/uploads/2023/03/Net-Price-Calculator.html
National Institute for Medical Assistant Advancement (NIMAA),CO,2,Private Non-Profit,19826.0,19826.0,,19826.0,,,https://nimaa.edu/netprice/index.html
Antigua College International,FL,3,Private For-Profit,29450.0,29450.0,29450.0,,13400.0,13400.0,https://www.antigua.edu/
Riggins Urban Barber College,CA,3,Private For-Profit,27655.0,27655.0,,27655.0,,,https://www.rubc.edu/
Hair Arts Institute,OK,3,Private For-Profit,22622.0,22622.0,,22622.0,,,https://www.hairartsinstitute.com/
Florida Academy of Nursing,FL,3,Private For-Profit,14262.0,14262.0,,14262.0,,,https://www.fan.edu/
Body Wisdom Massage Therapy School,IA,3,Private For-Profit,47533.0,47533.0,,47533.0,,,https://www.bodywisdomschool.com/prospective-students/general-info/net-price-calculator/
CTK Healthcare & Career Institute,TX,3,Private For-Profit,13655.0,13655.0,,13655.0,,,https://www.ctkhealthcare.com/
Aesthetics Institute,MO,3,Private For-Profit,19052.0,19052.0,,19052.0,,,https://www.nces.ed.gov/ipeds/netpricecalculator
Sierra Academy of Style,NV,3,Private For-Profit,18589.0,18589.0,,18589.0,,,https://sascarsoncity.com/
Institute of Allied Healthcare,TX,3,Private For-Profit,7763.0,7763.0,,7763.0,,,https://www.alliedhealthedu.com/copy-of-scholarships-grants
Branford Academy of Hair & Cosmetology-Bridgeport,CT,3,Private For-Profit,34442.0,34442.0,,34442.0,,,https://branfordacademy.com/cosmetology-school-price-calculator-Choose.php
United Education Institute-Las Vegas,NV,3,Private For-Profit,36709.0,36709.0,,36709.0,,,https://enroll.uei.edu/Npc
UEI College-Mesa,AZ,3,Private For-Profit,40445.0,40445.0,,40445.0,,,https://enroll.uei.edu/Npc
Larry's Barber College-Joliet,IL,3,Private For-Profit,21239.0,21239.0,,21239.0,,,https://www.larrysbarbercollege.com/net-price-calculator/
Herzing University-Tampa,FL,2,Private Non-Profit,27494.0,27494.0,27494.0,,13450.0,13450.0,https://www.herzing.edu/tuition-financial-aid/net-price-calculator
Galen Health Institutes-Miami Campus,FL,3,Private For-Profit,34872.0,34872.0,34872.0,,17048.0,17048.0,https://galencollege.studentaidcalculator.com/welcome.aspx
Abilene Christian University-Undergraduate Online,TX,2,Private Non-Profit,30295.0,30295.0,30295.0,,14520.0,14520.0,https://www.highered.texas.gov/apps/NPC/?Fice=003537
Madera Community College,CA,1,Public,15639.0,22899.0,15639.0,,1378.0,8638.0,https://npc.cccco.edu/574/npcalc.htm
Ogle School Hair Skin Nails-Willowbrook,TX,3,Private For-Profit,26911.0,26911.0,,26911.0,,,https://ogleschool.edu/financial-aid/net-price-calculator
Galen Health Institutes-Austin Campus,TX,3,Private For-Profit,34872.0,34872.0,34872.0,,17048.0,17048.0,https://galencollege.studentaidcalculator.com/welcome.aspx
Galen Health Institutes-Nashville Campus,TN,3,Private For-Profit,35603.0,35603.0,35603.0,,17048.0,17048.0,https://galencollege.studentaidcalculator.com/welcome.aspx
Ohio Business College-Dayton-Driving Academy,OH,3,Private For-Profit,6900.0,6900.0,,6900.0,,,https://www.obc.edu/npc/npcalc.htm
The Rapha School,PA,3,Private For-Profit,20373.0,20373.0,,20373.0,,,https://www.theraphaschool.com/federal-student-aid.html
Academy of Allied Health Careers,TN,3,Private For-Profit,19323.0,19323.0,,19323.0,,,https://aahctn.edu/financial-aid/net-price-calculator
Mei Barber School,TX,3,Private For-Profit,11008.0,11008.0,,11008.0,,,https://nces.ed.gov/ipeds/report-your-data/resource-center-net-price
Great Northern University,WA,2,Private Non-Profit,28405.0,28405.0,28405.0,,18300.0,18300.0,https://www.greatnorthernu.org/assets/net-price-calculator.html
Salon Professional Academy-Elevate Salon Institute,FL,3,Private For-Profit,9405.0,9405.0,,9405.0,,,https://www.esimiamibeach.com/financial-aid
Arizona College of Nursing-Salt Lake City,UT,3,Private For-Profit,41871.0,41871.0,41871.0,,22587.0,22587.0,https://www.arizonacollege.edu/admissions/financial-aid/net-price-calculator/
Arizona College-Glendale,AZ,3,Private For-Profit,34393.0,34393.0,34393.0,,18835.0,18835.0,https://www.arizonacollege.edu/admissions/financial-aid/net-price-calculator/
Universal Technical Institute-West Texas,TX,3,Private For-Profit,31257.0,31257.0,,31257.0,,,https://www.uti.edu/admissions/tuition
Avalon Institute-Las Vegas,NV,3,Private For-Profit,21860.0,21860.0,,21860.0,,,https://avalon.edu/admissions-financial-aid/net-price-calculator/
Medspa Academies-National Institute of Modern Aesthetics,NV,3,Private For-Profit,26708.0,26708.0,,26708.0,,,https://www.nima.edu/disclosures/
American Institute-Cherry Hill,NJ,3,Private For-Profit,26431.0,26431.0,,26431.0,,,https://www.americaninstitute.edu/npc/cherry-hill.htm
Glendale Career College-North-West College-Bakersfield,CA,3,Private For-Profit,53874.0,53874.0,,53874.0,,,https://nw.edu/ecamp/npc-nwc/npcalc.htm
Barber Education Academy,TX,3,Private For-Profit,7647.0,7647.0,,7647.0,,,https://thebarbereducation.com/financial-aid
Legends Barber College,TX,3,Private For-Profit,16221.0,16221.0,,16221.0,,,https://legends-barber-college.com/net-price-calculator
Academia Medical Institute,OH,3,Private For-Profit,26460.0,26460.0,26460.0,,19150.0,19150.0,https://www.amiohio.edu/net_price_calculator
Barbers Trade School,TX,3,Private For-Profit,18300.0,18300.0,,18300.0,,,https://barbersinctx.com/net-price-calculator/
Top of the Line Barber School,TX,3,Private For-Profit,28198.0,28198.0,,28198.0,,,https://totlbarberschool.org/net-price-calculator/
Bridges Christian College,LA,2,Private Non-Profit,14180.0,14180.0,14180.0,,6600.0,6600.0,https://www.bcc.edu/fafsa-net-price-calculator/
Kino College,AZ,3,Private For-Profit,32608.0,32608.0,,32608.0,,,https://netpricecalculator.kinocollege.edu/
Salon Professional Academy,NJ,3,Private For-Profit,21487.0,21487.0,,21487.0,,,https://www.tspahowell.com/wp-content/uploads/sites/14/npc/
Southern California College of Barber and Beauty,CA,3,Private For-Profit,30888.0,30888.0,,30888.0,,,https://sccbb.edu/?page_id=1778
Hello Gorgeous Barbers Stillwater's School of Barbering,OK,3,Private For-Profit,20833.0,20833.0,,20833.0,,,https://hellogorgeousbarberschool.com/nelnet-calculator/
Personal Touch Beauty and Barber College,SC,3,Private For-Profit,16300.0,16300.0,,16300.0,,,https://www.ptbbcollege.com/tuition-calculator
Reach University,CA,2,Private Non-Profit,32536.0,32536.0,32536.0,,12374.0,12374.0,https://npc.collegeboard.org/app/reach
Hair Academy,OH,3,Private For-Profit,20378.0,20378.0,,20378.0,,,https://www.hairacademyllc.com/index.html
Sweetwater Institute of Cosmetology,TN,3,Private For-Profit,8226.0,8226.0,,8226.0,,,https://www.sweetwatercosmetology.com/
American College of Healthcare and Technology-Santa Ana,CA,3,Private For-Profit,26022.0,26022.0,,26022.0,,,https://www.ach.edu/getting-started/financial-aid/net-price-calculator/
Aviation Institute of Maintenance-Chicago,IL,3,Private For-Profit,32217.0,32217.0,32217.0,,16657.0,16657.0,https://aviationmaintenance.edu/your-rights/
Evangel University-College of Online Learning,MO,2,Private Non-Profit,26454.0,26454.0,26454.0,,8175.0,8175.0,https://www.evangel.edu/tuition-fees-and-billing/
Marian University-Ancilla,IN,2,Private Non-Profit,38305.0,38305.0,38305.0,,20100.0,20100.0,https://www.marian.edu/plymouth/about/tuition-and-fees
Spa Tech Institute-North Andover,MA,3,Private For-Profit,40806.0,40806.0,,40806.0,,,https://www.spatech.edu/consumer-information
Aveda Arts & Sciences Institute Lafayette-Arlington,VA,3,Private For-Profit,38623.0,38623.0,,38623.0,,,https://avedaarts.edu/student/consumer-disclosures/
Concorde Career College-Broadway,MO,3,Private For-Profit,31676.0,31676.0,,31676.0,,,https://enroll.myconcorde.edu/npc
United Education Institute-Stone Mountain,GA,3,Private For-Profit,38109.0,38109.0,,38109.0,,,https://enroll.uei.edu/Npc
UEI College-Tacoma,WA,3,Private For-Profit,41364.0,41364.0,,41364.0,,,https://enroll.uei.edu/NPC
Montgomery Beauty School-Baltimore Beauty & Barber School,MD,3,Private For-Profit,21395.0,21395.0,,21395.0,,,https://www.https//montgomerybeautyschool.com
Universal Technical Institute-South Florida Miramar,FL,3,Private For-Profit,34305.0,34305.0,,34305.0,,,https://www.uti.edu/admissions/tuition
Arizona College of Nursing-Southfield,MI,3,Private For-Profit,42280.0,42280.0,42280.0,,24944.0,24944.0,https://www.arizonacollege.edu/admissions/financial-aid/net-price-calculator
Galen Health Institutes-Sarasota,FL,3,Private For-Profit,35116.0,35116.0,35116.0,,17048.0,17048.0,https://galencollege.studentaidcalculator.com/welcome.aspx
Galen Health Institutes-Gainesville,FL,3,Private For-Profit,35576.0,35576.0,35576.0,,17048.0,17048.0,https://galencollege.studentaidcalculator.com/welcome.aspx
Galen Health Institutes-Richmond,VA,3,Private For-Profit,31963.0,31963.0,31963.0,,16364.0,16364.0,https://galencollege.studentaidcalculator.com/welcome.aspx
Galen Health Institutes-Myrtle Beach,SC,3,Private For-Profit,34232.0,34232.0,34232.0,,16364.0,16364.0,https://galencollege.studentaidcalculator.com/welcome.aspx
Galen Health Institutes-Asheville,NC,3,Private For-Profit,35990.0,35990.0,35990.0,,17048.0,17048.0,https://galencollege.studentaidcalculator.com/welcome.aspx
The Salon Professional Academy Maplewood,MN,3,Private For-Profit,24780.0,24780.0,,24780.0,,,https://www.tspamaplewood.com/wp-content/uploads/sites/15/npc/
Xtylo Beauty And Barber College,AZ,3,Private For-Profit,30673.0,30673.0,,30673.0,,,https://xtylocollege.com/netprice/index.html
San Francisco School of Massage & Bodywork,CA,3,Private For-Profit,38332.0,38332.0,,38332.0,,,https://www.sfsm.edu/net-price-calculator/
Chancellor Institute,FL,3,Private For-Profit,40760.0,40760.0,,40760.0,,,https://nces.ed.gov/ipeds/netpricecalculator/#/
The Salon Professional Academy,PA,3,Private For-Profit,19655.0,19655.0,,19655.0,,,https://www.tspacollegeville.com/financial-aid/
Edge Academy of Beauty,KY,3,Private For-Profit,20565.0,20565.0,,20565.0,,,https://nces.ed.gov/ipeds/netpricecalculator/#/
Premier Barber School,TX,3,Private For-Profit,23334.0,23334.0,,23334.0,,,https://www.premierbarberschool.com/copy-of-enroll
Arizona College of Nursing-Falls Church,VA,3,Private For-Profit,42280.0,42280.0,42280.0,,24413.0,24413.0,https://www.arizonacollege.edu/admissions/financial-aid/net-price-calculator/
Arizona College of Nursing-Ontario,CA,3,Private For-Profit,52480.0,52480.0,52480.0,,31637.0,31637.0,https://www.arizonacollege.edu/admissions/financial-aid/net-price-calculator/
Galen Health Institutes-Houston,TX,3,Private For-Profit,35856.0,35856.0,35856.0,,17048.0,17048.0,https://galencollege.studentaidcalculator.com/welcome.aspx
Galen Health Institutes-Pikeville,KY,3,Private For-Profit,34556.0,34556.0,34556.0,,16364.0,16364.0,https://galencollege.studentaidcalculator.com/welcome.aspx
Stellar Career College,IL,3,Private For-Profit,29499.0,29499.0,,29499.0,,,https://stellarcollege.edu/net-price-calculator/
Commonwealth University of Pennsylvania,PA,1,Public,25161.0,36985.0,25161.0,,11046.0,22870.0,https://app.calconic.com/public/calculator/68025d9e4bf049002b3ebd4c?layouts=true
Pennsylvania Western University,PA,1,Public,26916.0,31534.0,26916.0,,11436.0,16054.0,https://pennwest.clearcostcalculator.com/student/default/netpricecalculator/survey
I M Beauty School,IL,3,Private For-Profit,15294.0,15294.0,,15294.0,,,
Aveda Institute Montana,MT,3,Private For-Profit,19657.0,19657.0,,19657.0,,,https://www.avedainstitutemontana.com/net-price-calculator
Lehigh Career & Technical Institute,PA,1,Public,29810.0,29810.0,,29810.0,,,https://www.lcti.org/financial-aid/
CalCopa Massage School,CA,3,Private For-Profit,40463.0,40463.0,,40463.0,,,https://www.calcopamassageschool.edu/financial-aid
Medical Solutions Academy,VA,3,Private For-Profit,19426.0,19426.0,,19426.0,,,https://www.medicalsolutionsacademy.org/
Sami Halaseh Institute,KS,3,Private For-Profit,18084.0,18084.0,,18084.0,,,https://www.samihalasehinstitute.com/net-price-calculator
Beaver Beauty Academy,GA,3,Private For-Profit,16227.0,16227.0,,16227.0,,,https://bba.edu/net-price-calculator
Upper Kutz Barber & Style College,MS,3,Private For-Profit,32808.0,32808.0,,32808.0,,,https://www.upperkutzbarbercollege.com/net-price-calculator
All In The Wrist Barber Academy,DE,3,Private For-Profit,10056.0,10056.0,,10056.0,,,https://aitwnetprice.com/
Yeshiva of Kasho,NY,2,Private Non-Profit,21356.0,21356.0,21356.0,,14000.0,14000.0,https://yokny.org/npc.htm
Cutting Edge Barber Academy,PA,3,Private For-Profit,24930.0,24930.0,,24930.0,,,https://thecuttingedgebarberacademy.com/NetPrice/Calculator
JT's Cuts Academy,FL,3,Private For-Profit,19940.0,19940.0,,19940.0,,,https://jtcutsacademy.com/financial-aid-calculator/
Heartland Welding Academy,KS,3,Private For-Profit,22478.0,22478.0,,22478.0,,,https://www.heartlandweldingacademy.com/financial-aid
Jazz Barber and Hairstyling Academy,VA,3,Private For-Profit,21138.0,21138.0,,21138.0,,,https://jazzhairacademy.com/netpriceindicator
Renaissance Beauty Academy,MO,3,Private For-Profit,16998.0,16998.0,,16998.0,,,https://www.renaissancebeautyacademy.com/net-price-calculator
Central Valley Barber College,CA,3,Private For-Profit,19429.0,19429.0,,19429.0,,,https://centralvalleybarbercollege.com/consumer-disclosures/
One Stop Academy,NC,3,Private For-Profit,36723.0,36723.0,,36723.0,,,https://www.onestopacademync.com/net-price-calculator
East Texas Cosmetology College,TX,3,Private For-Profit,16985.0,16985.0,,16985.0,,,https://www.easttxcc.com/students/admissions/net-price-calculator/
Yeshivas Sanz Klauzenburg,NY,2,Private Non-Profit,22355.0,22355.0,22355.0,,14000.0,14000.0,https://yeshivasanzk.org/npc.htm
Art22 Academy,IN,3,Private For-Profit,22833.0,22833.0,,22833.0,,,https://downloads.stylenet.com/jkimages/art22/npc.html
Champ's Barber School-Lebanon,PA,3,Private For-Profit,30995.0,30995.0,,30995.0,,,https://www.champsbarberschool.com/our-program/
Collectiv Hair Dressing Academy-Collectiv Academy-Dallas,TX,3,Private For-Profit,23296.0,23296.0,,23296.0,,,https://collectivacademy.com/consumer-information/
Innovate Salon Academy,NJ,3,Private For-Profit,29199.0,29199.0,,29199.0,,,https://www.innovatesalonacademy.com/net-price-calc.html
Herzing University-Nashville,TN,2,Private Non-Profit,28414.0,28414.0,28414.0,,13450.0,13450.0,https://www.herzing.edu/tuition-financial-aid/net-price-calculator
Dorsey College-Grand Rapids,MI,3,Private For-Profit,32076.0,32076.0,32076.0,,9695.0,9695.0,https://solutions.campusivy.com/Apps/NPC/NPCWizard?institutionId=11800
Baltimore Beauty & Barber School II,MD,3,Private For-Profit,21621.0,21621.0,,21621.0,,,https://hairacademymd.co/misc/netprice/BBBS2/index.html
Galen Health Institutes-Dallas,TX,3,Private For-Profit,35565.0,35565.0,35565.0,,17048.0,17048.0,https://galencollege.studentaidcalculator.com/welcome.aspx
Galen Health Institutes-Roanoke,VA,3,Private For-Profit,33329.0,33329.0,33329.0,,16364.0,16364.0,https://galencollege.studentaidcalculator.com/welcome.aspx
Galen Health Institutes-Wichita,KS,3,Private For-Profit,36569.0,36569.0,36569.0,,16364.0,16364.0,https://galencollege.studentaidcalculator.com/welcome.aspx
Galen Health Institutes-Salt Lake City,UT,3,Private For-Profit,37969.0,37969.0,37969.0,,16364.0,16364.0,https://galencollege.studentaidcalculator.com/welcome.aspx
Aveda Institute Tucson-Avondale,AZ,3,Private For-Profit,22050.0,22050.0,,22050.0,,,https://avedainspiregreatness.com/programs/cosmetology-in-avondale/
Premiere Aesthetics Institute-Meridian,ID,3,Private For-Profit,21686.0,21686.0,,21686.0,,,https://www.premiereaestheticsinstitute.com/net-price-calculator
Arizona College of Nursing-Sarasota,FL,3,Private For-Profit,34305.0,34305.0,34305.0,,23093.0,23093.0,https://www.arizonacollege.edu/admissions/financial-aid/net-price-calculator/
Arizona College of Nursing-Aurora,CO,3,Private For-Profit,43920.0,43920.0,43920.0,,24653.0,24653.0,https://www.arizonacollege.edu/admissions/financial-aid/net-price-calculator/
Arizona College of Nursing-Cincinnati,OH,3,Private For-Profit,44576.0,44576.0,44576.0,,23760.0,23760.0,https://www.arizonacollege.edu/admissions/financial-aid/net-price-calculator/
Arizona College of Nursing-Cleveland,OH,3,Private For-Profit,46107.0,46107.0,46107.0,,23760.0,23760.0,https://www.arizonacollege.edu/admissions/financial-aid/net-price-calculator/
Glendale Career College-North-West College-MFSON,CA,3,Private For-Profit,49247.0,49247.0,,49247.0,,,https://www.nw.edu/net-price-calculator/
Gwinnett Institute,FL,3,Private For-Profit,38468.0,38468.0,,38468.0,,,https://www.gwinnettcollege.edu/title-ix-disclosures/
Townsend Barber Institute,MN,3,Private For-Profit,31494.0,31494.0,31494.0,,14497.0,14497.0,https://www.townsendbarberinstitute.com/blank-2
Puerto Rico Advance Institute,PR,2,Private Non-Profit,10200.0,10200.0,10200.0,,9395.0,9395.0,https://www.prai2010.com/
Austin Medical Assistant Training,NY,3,Private For-Profit,28791.0,28791.0,,28791.0,,,https://amat.edu/net-price-calculator/
Albany Beauty Academy,GA,3,Private For-Profit,15263.0,15263.0,,15263.0,,,https://albanybeautyacademy.com/wp-content/uploads/2023/08/index.html
Wade Gordon Hairdressing Academy-Oklahoma,OK,3,Private For-Profit,24615.0,24615.0,,24615.0,,,https://www.wadegordonacademy.com/financial-aid/
Galen Health Institutes-Las Vegas,NV,3,Private For-Profit,27172.0,27172.0,,27172.0,,,https://galencollege.studentaidcalculator.com/welcome.aspx
Stellar Career College-Crown Point,IN,3,Private For-Profit,21151.0,21151.0,,21151.0,,,https://stellarcollege.edu/net-price-calculator/
Tulsa Welding School-Dallas Campus,TX,3,Private For-Profit,40049.0,40049.0,,40049.0,,,https://www.tws.edu/tuition-planning/tuition-calculator/
Barber Tech Academy-Columbia,SC,3,Private For-Profit,34573.0,34573.0,,34573.0,,,https://barbertechacademy.com/consumer-information-and-disclosure/
Jama's Beauty & Barber College,CA,3,Private For-Profit,16950.0,16950.0,,16950.0,,,https://www.jamabeautycollege.org/program-costs
West Coast Barber College,CA,3,Private For-Profit,18198.0,18198.0,,18198.0,,,https://www.westcoastbarbercollege.com/financial-aid
C N K Barber College,MS,3,Private For-Profit,21975.0,21975.0,,21975.0,,,https://www.cnkbarbercollege.com/
Brighton Barber Institute,TX,3,Private For-Profit,34886.0,34886.0,,34886.0,,,https://brightonbarber.com/financing-your-education
Kentucky Welding Institute,KY,3,Private For-Profit,25227.0,25227.0,,25227.0,,,https://kwi.us/financing
Precision Welding Academy,TX,3,Private For-Profit,32997.0,32997.0,,32997.0,,,https://www.precisionweldingacademy.com/student-resources-regulatory-information
Southwest Michigan Beauty School,MI,3,Private For-Profit,24368.0,24368.0,24368.0,,18215.0,18215.0,https://swmbeautyschool.com/financial-aid-checklist/
Berea Beauty Academy,KY,3,Private For-Profit,10860.0,10860.0,,10860.0,,,https://bereabeautyacademy.net/net-price-calculator
Empire Beauty School-Indianapolis,IN,3,Private For-Profit,22019.0,22019.0,,22019.0,,,https://www.empire.edu/consumer-information/net-price-calculator
Lincoln College of Technology-East Point,GA,3,Private For-Profit,49297.0,49297.0,,49297.0,,,https://www.lincolntech.edu/net-price-calculator
Arizona College of Nursing - Chesapeake,VA,3,Private For-Profit,42703.0,42703.0,42703.0,,24653.0,24653.0,https://www.arizonacollege.edu/admissions/financial-aid/net-price-calculator/
Arizona College of Nursing - Hartford,CT,3,Private For-Profit,48113.0,48113.0,48113.0,,24653.0,24653.0,https://www.arizonacollege.edu/admissions/financial-aid/net-price-calculator/
Glitz School of Cosmetology -  Santa Fe Campus,NM,3,Private For-Profit,10384.0,10384.0,,10384.0,,,https://glitz.edu/financial-aid/
UR Beauty & Barber Academy-At True Family Barber Academy,FL,3,Private For-Profit,22985.0,22985.0,,22985.0,,,https://urbeautybarberacademy.com/net-price-calculator
