UNITID,INSTNM,CITY,STABBR,control_type,grad_tuition_in,grad_tuition_out,grad_fees_in,grad_fees_out,grad_tuition_fees_in,grad_tuition_fees_out,grad_hrchg_in,grad_hrchg_out,ipeds_year
100654,Alabama A & M University,Normal,AL,Public,10128.0,20160.0,1414.0,1414.0,11542.0,21574.0,422.0,840.0,2023
100663,University of Alabama at Birmingham,Birmingham,AL,Public,8424.0,20556.0,,,8424.0,20556.0,468.0,1142.0,2023
100690,Amridge University,Montgomery,AL,Private Non-Profit,11700.0,11700.0,1390.0,1390.0,13090.0,13090.0,750.0,750.0,2023
100706,University of Alabama in Huntsville,Huntsville,AL,Public,10632.0,24430.0,1054.0,1054.0,11686.0,25484.0,708.0,1628.0,2023
100724,Alabama State University,Montgomery,AL,Public,7416.0,14832.0,2920.0,2920.0,10336.0,17752.0,412.0,824.0,2023
100751,The University of Alabama,Tuscaloosa,AL,Public,11100.0,32400.0,640.0,640.0,11740.0,33040.0,635.0,1660.0,2023
100812,Athens State University,Athens,AL,Public,8688.0,15072.0,1848.0,1848.0,10536.0,16920.0,362.0,628.0,2023
100830,Auburn University at Montgomery,Montgomery,AL,Public,8118.0,18252.0,766.0,766.0,8884.0,19018.0,451.0,1014.0,2023
100858,Auburn University,Auburn,AL,Public,10692.0,32076.0,1832.0,1832.0,12524.0,33908.0,594.0,1782.0,2023
101116,South University-Montgomery,Montgomery,AL,Private For-Profit,16056.0,16056.0,480.0,480.0,16536.0,16536.0,669.0,669.0,2023
101189,Faulkner University,Montgomery,AL,Private Non-Profit,15125.0,15125.0,900.0,900.0,16025.0,16025.0,605.0,605.0,2023
101365,Herzing University-Birmingham,Birmingham,AL,Private Non-Profit,8100.0,8100.0,1060.0,1060.0,9160.0,9160.0,675.0,675.0,2023
101435,Huntingdon College,Montgomery,AL,Private Non-Profit,14000.0,14000.0,300.0,300.0,14300.0,14300.0,,,2023
101453,Heritage Christian University,Florence,AL,Private Non-Profit,4482.0,4482.0,1260.0,1260.0,5742.0,5742.0,249.0,249.0,2023
101480,Jacksonville State University,Jacksonville,AL,Public,10128.0,16464.0,1176.0,1176.0,11304.0,17640.0,422.0,686.0,2023
101587,University of West Alabama,Livingston,AL,Public,6678.0,13356.0,190.0,190.0,6868.0,13546.0,371.0,742.0,2023
101693,University of Mobile,Mobile,AL,Private Non-Profit,13500.0,13500.0,880.0,880.0,14380.0,14380.0,572.0,572.0,2023
101709,University of Montevallo,Montevallo,AL,Public,10512.0,25128.0,1404.0,1404.0,11916.0,26532.0,438.0,1047.0,2023
101879,University of North Alabama,Florence,AL,Public,8910.0,17820.0,1080.0,1080.0,9990.0,18900.0,495.0,990.0,2023
101912,Oakwood University,Huntsville,AL,Private Non-Profit,13680.0,13680.0,836.0,836.0,14516.0,14516.0,570.0,570.0,2023
102049,Samford University,Birmingham,AL,Private Non-Profit,21904.0,21904.0,700.0,700.0,22604.0,22604.0,942.0,942.0,2023
102058,Selma University,Selma,AL,Private Non-Profit,4800.0,4800.0,,,4800.0,4800.0,200.0,200.0,2023
102094,University of South Alabama,Mobile,AL,Public,8640.0,17280.0,400.0,400.0,9040.0,17680.0,480.0,960.0,2023
102234,Spring Hill College,Mobile,AL,Private Non-Profit,7839.0,7839.0,15.0,15.0,7854.0,7854.0,436.0,436.0,2023
102298,Talladega College,Talladega,AL,Private Non-Profit,16000.0,16000.0,1753.0,1753.0,17753.0,17753.0,650.0,650.0,2023
102368,Troy University,Troy,AL,Public,8550.0,17100.0,,,8550.0,17100.0,475.0,950.0,2023
102377,Tuskegee University,Tuskegee,AL,Private Non-Profit,20378.0,20378.0,3846.0,3846.0,24224.0,24224.0,1367.0,1367.0,2023
102395,United States Sports Academy,Daphne,AL,Private Non-Profit,19440.0,19440.0,,,19440.0,19440.0,720.0,720.0,2023
102553,University of Alaska Anchorage,Anchorage,AK,Public,9234.0,19422.0,1353.0,1760.0,10587.0,21182.0,513.0,1079.0,2023
102614,University of Alaska Fairbanks,Fairbanks,AK,Public,11459.0,23492.0,1722.0,2211.0,13181.0,25703.0,539.0,1105.0,2023
102632,University of Alaska Southeast,Juneau,AK,Public,11132.0,23414.0,1476.0,1953.0,12608.0,25367.0,513.0,1079.0,2023
102669,Alaska Pacific University,Anchorage,AK,Private Non-Profit,11700.0,11700.0,410.0,410.0,12110.0,12110.0,650.0,650.0,2023
104151,Arizona State University Campus Immersion,Tempe,AZ,Public,12376.0,25722.0,1013.0,1013.0,13389.0,26735.0,884.0,1429.0,2023
104179,University of Arizona,Tucson,AZ,Public,12718.0,32290.0,1671.0,1671.0,14389.0,33961.0,908.0,1794.0,2023
104586,Embry-Riddle Aeronautical University-Prescott,Prescott,AZ,Private Non-Profit,20340.0,20340.0,1524.0,1524.0,21864.0,21864.0,1695.0,1695.0,2023
104665,The School of Architecture,Scottsdale,AZ,Private Non-Profit,36000.0,36000.0,2500.0,2500.0,38500.0,38500.0,,,2023
104717,Grand Canyon University,Phoenix,AZ,Private For-Profit,10138.0,10138.0,986.0,986.0,11124.0,11124.0,606.0,606.0,2023
105297,Dine College,Tsaile,AZ,Public,4500.0,4500.0,250.0,250.0,4750.0,4750.0,250.0,250.0,2023
105330,Northern Arizona University,Flagstaff,AZ,Public,11674.0,21204.0,873.0,873.0,12547.0,22077.0,610.0,1630.0,2023
105589,Prescott College,Prescott,AZ,Private Non-Profit,17136.0,17136.0,330.0,330.0,17466.0,17466.0,714.0,714.0,2023
105899,Arizona Christian University,Glendale,AZ,Private Non-Profit,13230.0,13230.0,2200.0,2200.0,15430.0,15430.0,677.0,677.0,2023
106245,University of Arkansas at Little Rock,Little Rock,AR,Public,5850.0,13266.0,1834.0,1834.0,7684.0,15100.0,325.0,737.0,2023
106263,University of Arkansas for Medical Sciences,Little Rock,AR,Public,10694.0,19715.0,1692.0,1692.0,12386.0,21407.0,451.0,910.0,2023
106342,Lyon College,Batesville,AR,Private Non-Profit,9840.0,9840.0,,,9840.0,9840.0,410.0,410.0,2023
106397,University of Arkansas,Fayetteville,AR,Public,10500.0,28560.0,1660.0,1660.0,12160.0,30220.0,438.0,1190.0,2023
106412,University of Arkansas at Pine Bluff,Pine Bluff,AR,Public,6240.0,13944.0,2407.0,2407.0,8647.0,16351.0,260.0,581.0,2023
106458,Arkansas State University,Jonesboro,AR,Public,6534.0,11970.0,446.0,446.0,6980.0,12416.0,363.0,665.0,2023
106467,Arkansas Tech University,Russellville,AR,Public,5661.0,5661.0,1885.0,1885.0,7546.0,7546.0,315.0,315.0,2023
106485,University of Arkansas at Monticello,Monticello,AR,Public,6840.0,12720.0,2766.0,2766.0,9606.0,15486.0,285.0,530.0,2023
106704,University of Central Arkansas,Conway,AR,Public,5281.0,10562.0,1881.0,1881.0,7162.0,12443.0,293.0,587.0,2023
107044,Harding University,Searcy,AR,Private Non-Profit,13036.0,13036.0,648.0,648.0,13684.0,13684.0,724.0,724.0,2023
107071,Henderson State University,Arkadelphia,AR,Public,5670.0,7848.0,1233.0,1233.0,6903.0,9081.0,315.0,436.0,2023
107080,Hendrix College,Conway,AR,Private Non-Profit,36300.0,36300.0,350.0,350.0,36650.0,36650.0,1513.0,1513.0,2023
107141,John Brown University,Siloam Springs,AR,Private Non-Profit,14520.0,14520.0,,,14520.0,14520.0,605.0,605.0,2023
107512,Ouachita Baptist University,Arkadelphia,AR,Private Non-Profit,16813.0,16813.0,375.0,375.0,17188.0,17188.0,654.0,654.0,2023
107600,Philander Smith University,Little Rock,AR,Private Non-Profit,21600.0,21600.0,,,21600.0,21600.0,600.0,600.0,2023
107983,Southern Arkansas University Main Campus,Magnolia,AR,Public,5616.0,8820.0,1620.0,1620.0,7236.0,10440.0,312.0,490.0,2023
108092,University of Arkansas-Fort Smith,Fort Smith,AR,Public,7092.0,11394.0,516.0,516.0,7608.0,11910.0,394.0,633.0,2023
108232,Academy of Art University,San Francisco,CA,Private For-Profit,30696.0,30696.0,1000.0,1000.0,31696.0,31696.0,1279.0,1279.0,2023
108269,Academy of Chinese Culture and Health Sciences,Oakland,CA,Private Non-Profit,19879.0,19879.0,600.0,600.0,20479.0,20479.0,309.0,309.0,2023
108861,Berkeley School of Theology,Berkeley,CA,Private Non-Profit,19110.0,19110.0,530.0,530.0,19640.0,19640.0,735.0,735.0,2023
108870,American Film Institute Conservatory,Los Angeles,CA,Private Non-Profit,64221.0,64221.0,3882.0,3882.0,68103.0,68103.0,,,2023
109651,Art Center College of Design,Pasadena,CA,Private Non-Profit,53484.0,53484.0,1034.0,1034.0,54518.0,54518.0,2229.0,2229.0,2023
109785,Azusa Pacific University,Azusa,CA,Private Non-Profit,17180.0,17180.0,150.0,150.0,17330.0,17330.0,773.0,773.0,2023
110060,Bethesda University,Anaheim,CA,Private Non-Profit,6300.0,6300.0,280.0,280.0,6580.0,6580.0,350.0,350.0,2023
110097,Biola University,La Mirada,CA,Private Non-Profit,12420.0,12420.0,,,12420.0,12420.0,690.0,690.0,2023
110219,Bryan University,Tempe,AZ,Private For-Profit,13550.0,13550.0,100.0,100.0,13650.0,13650.0,,,2023
110316,California Institute of Integral Studies,San Francisco,CA,Private Non-Profit,23130.0,23130.0,480.0,480.0,23610.0,23610.0,1285.0,1285.0,2023
110361,California Baptist University,Riverside,CA,Private Non-Profit,14184.0,14184.0,730.0,730.0,14914.0,14914.0,788.0,788.0,2023
110370,California College of the Arts,San Francisco,CA,Private Non-Profit,60180.0,60180.0,850.0,850.0,61030.0,61030.0,2006.0,2006.0,2023
110398,University of California College of the Law-San Francisco,San Francisco,CA,Public,43917.0,43917.0,2836.0,2836.0,46753.0,46753.0,1755.0,1755.0,2023
110404,California Institute of Technology,Pasadena,CA,Private Non-Profit,60816.0,60816.0,2247.0,2247.0,63063.0,63063.0,563.0,563.0,2023
110413,California Lutheran University,Thousand Oaks,CA,Private Non-Profit,22198.0,22198.0,300.0,300.0,22498.0,22498.0,925.0,925.0,2023
110422,California Polytechnic State University-San Luis Obispo,San Luis Obispo,CA,Public,7176.0,16680.0,5333.0,5333.0,12509.0,22013.0,,264.0,2023
110468,Alliant International University-San Diego,San Diego,CA,Private For-Profit,18704.0,18704.0,425.0,425.0,19129.0,19129.0,1023.0,1023.0,2023
110486,California State University-Bakersfield,Bakersfield,CA,Public,7176.0,16680.0,1954.0,1954.0,9130.0,18634.0,,396.0,2023
110495,California State University-Stanislaus,Turlock,CA,Public,7176.0,16680.0,2084.0,2084.0,9260.0,18764.0,,396.0,2023
110510,California State University-San Bernardino,San Bernardino,CA,Public,7176.0,16680.0,1933.0,1933.0,9109.0,18613.0,,396.0,2023
110529,California State Polytechnic University-Pomona,Pomona,CA,Public,7176.0,16680.0,1697.0,1697.0,8873.0,18377.0,,396.0,2023
110538,California State University-Chico,Chico,CA,Public,7176.0,16680.0,2322.0,2322.0,9498.0,19002.0,,396.0,2023
110547,California State University-Dominguez Hills,Carson,CA,Public,7176.0,16680.0,1322.0,1322.0,8498.0,18002.0,,396.0,2023
110556,California State University-Fresno,Fresno,CA,Public,7176.0,16680.0,1238.0,1238.0,8414.0,17918.0,,396.0,2023
110565,California State University-Fullerton,Fullerton,CA,Public,7176.0,16680.0,1331.0,1331.0,8507.0,18011.0,,396.0,2023
110574,California State University-East Bay,Hayward,CA,Public,7176.0,16680.0,1313.0,1313.0,8489.0,17993.0,,396.0,2023
110583,California State University-Long Beach,Long Beach,CA,Public,7176.0,16680.0,1266.0,1266.0,8442.0,17946.0,,396.0,2023
110592,California State University-Los Angeles,Los Angeles,CA,Public,7176.0,16680.0,1076.0,1076.0,8252.0,17756.0,,396.0,2023
110608,California State University-Northridge,Northridge,CA,Public,7176.0,16680.0,1353.0,1353.0,8529.0,18033.0,,396.0,2023
110617,California State University-Sacramento,Sacramento,CA,Public,7176.0,16680.0,1860.0,1860.0,9036.0,18540.0,,396.0,2023
110635,University of California-Berkeley,Berkeley,CA,Public,12264.0,27366.0,2997.0,2997.0,15261.0,30363.0,,,2023
110644,University of California-Davis,Davis,CA,Public,12264.0,27366.0,2296.0,2296.0,14560.0,29662.0,,,2023
110653,University of California-Irvine,Irvine,CA,Public,12264.0,27366.0,2011.0,2011.0,14275.0,29377.0,,,2023
110662,University of California-Los Angeles,Los Angeles,CA,Public,12264.0,27366.0,1619.0,1619.0,13883.0,28985.0,,,2023
110671,University of California-Riverside,Riverside,CA,Public,12264.0,27366.0,2102.0,2102.0,14366.0,29468.0,,,2023
110680,University of California-San Diego,La Jolla,CA,Public,12264.0,27366.0,2271.0,2271.0,14535.0,29637.0,,,2023
110699,University of California-San Francisco,San Francisco,CA,Public,12264.0,27366.0,1928.0,1928.0,14192.0,29294.0,,,2023
110705,University of California-Santa Barbara,Santa Barbara,CA,Public,12264.0,27366.0,2189.0,2189.0,14453.0,29555.0,,,2023
110714,University of California-Santa Cruz,Santa Cruz,CA,Public,12264.0,27366.0,2591.0,2591.0,14855.0,29957.0,,,2023
110778,Sofia University,Palo Alto,CA,Private For-Profit,13620.0,13620.0,575.0,575.0,14195.0,14195.0,598.0,598.0,2023
111045,Haven University,Garden Grove,CA,Private Non-Profit,6804.0,6804.0,510.0,510.0,7314.0,7314.0,378.0,378.0,2023
111081,California Institute of the Arts,Valencia,CA,Private Non-Profit,41140.0,41140.0,650.0,650.0,41790.0,41790.0,1714.0,1714.0,2023
111948,Chapman University,Orange,CA,Private Non-Profit,38604.0,38604.0,,,38604.0,38604.0,1568.0,1568.0,2023
111966,Charles R Drew University of Medicine and Science,Los Angeles,CA,Private Non-Profit,25956.0,25956.0,,,25956.0,25956.0,1082.0,1082.0,2023
112075,Concordia University-Irvine,Irvine,CA,Private Non-Profit,8630.0,8630.0,100.0,100.0,8730.0,8730.0,671.0,671.0,2023
112084,San Diego Christian College,Santee,CA,Private Non-Profit,7440.0,7440.0,685.0,685.0,8125.0,8125.0,620.0,620.0,2023
112127,Church Divinity School of the Pacific,Berkeley,CA,Private Non-Profit,16800.0,16800.0,860.0,860.0,17660.0,17660.0,700.0,700.0,2023
112251,Claremont Graduate University,Claremont,CA,Private Non-Profit,36360.0,36360.0,790.0,790.0,37150.0,37150.0,2020.0,2020.0,2023
112260,Claremont McKenna College,Claremont,CA,Private Non-Profit,68525.0,68525.0,,,68525.0,68525.0,,,2023
112394,University of Silicon Valley,San Jose,CA,Private For-Profit,10479.0,10479.0,100.0,100.0,10579.0,10579.0,499.0,499.0,2023
112525,Western University of Health Sciences,Pomona,CA,Private Non-Profit,24437.0,24437.0,40.0,40.0,24477.0,24477.0,989.0,989.0,2023
113582,Design Institute of San Diego,San Diego,CA,Private For-Profit,27000.0,27000.0,100.0,100.0,27100.0,27100.0,,,2023
113698,Dominican University of California,San Rafael,CA,Private Non-Profit,19953.0,19953.0,600.0,600.0,20553.0,20553.0,1191.0,1191.0,2023
113704,Dominican School of Philosophy & Theology,Berkeley,CA,Private Non-Profit,21480.0,21480.0,150.0,150.0,21630.0,21630.0,895.0,895.0,2023
114114,Emperor's College of Traditional Oriental Medicine,Santa Monica,CA,Private For-Profit,19742.0,19742.0,699.0,699.0,20441.0,20441.0,246.0,246.0,2023
114123,Empire College,Santa Rosa,CA,Private For-Profit,17501.0,17501.0,365.0,365.0,17866.0,17866.0,814.0,814.0,2023
114354,FIDM-Fashion Institute of Design & Merchandising,Los Angeles,CA,Private For-Profit,42090.0,42090.0,1875.0,1875.0,43965.0,43965.0,690.0,690.0,2023
114549,Fielding Graduate University,Santa Barbara,CA,Private Non-Profit,22260.0,22260.0,,,22260.0,22260.0,741.0,741.0,2023
114585,Five Branches University,Santa Cruz,CA,Private For-Profit,19360.0,19360.0,315.0,315.0,19675.0,19675.0,310.0,310.0,2023
114734,Franciscan School of Theology,San Diego,CA,Private Non-Profit,14796.0,14796.0,250.0,250.0,15046.0,15046.0,832.0,832.0,2023
114813,Fresno Pacific University,Fresno,CA,Private Non-Profit,13140.0,13140.0,60.0,60.0,13200.0,13200.0,730.0,730.0,2023
114840,Fuller Theological Seminary,Pasadena,CA,Private Non-Profit,23664.0,23664.0,420.0,420.0,24084.0,24084.0,493.0,493.0,2023
115083,Golden Gate University,San Francisco,CA,Private Non-Profit,16815.0,16815.0,255.0,255.0,17070.0,17070.0,1090.0,1090.0,2023
115214,Graduate Theological Union,Berkeley,CA,Private Non-Profit,24143.0,24143.0,,,24143.0,24143.0,1006.0,1006.0,2023
115746,Pacifica Graduate Institute,Carpinteria,CA,Private For-Profit,28140.0,28140.0,,,28140.0,28140.0,1200.0,1200.0,2023
115755,California State Polytechnic University-Humboldt,Arcata,CA,Public,7176.0,16680.0,2171.0,2171.0,9347.0,18851.0,,396.0,2023
115773,Humphreys University-Stockton and Modesto Campuses,Stockton,CA,Private Non-Profit,11070.0,11070.0,,,11070.0,11070.0,410.0,410.0,2023
116226,Interior Designers Institute,Newport Beach,CA,Private For-Profit,19500.0,19500.0,900.0,900.0,20400.0,20400.0,443.0,443.0,2023
116846,American Jewish University,Los Angeles,CA,Private Non-Profit,27300.0,27300.0,862.0,862.0,28162.0,28162.0,1418.0,1418.0,2023
117104,Life Pacific University,San Dimas,CA,Private Non-Profit,13005.0,13005.0,275.0,275.0,13280.0,13280.0,607.0,607.0,2023
117140,University of La Verne,La Verne,CA,Private Non-Profit,15610.0,15610.0,180.0,180.0,15790.0,15790.0,820.0,820.0,2023
117168,Laguna College of Art and Design,Laguna Beach,CA,Private Non-Profit,41220.0,41220.0,,,41220.0,41220.0,1374.0,1374.0,2023
117557,Lincoln University,Oakland,CA,Private Non-Profit,9810.0,9810.0,500.0,500.0,10310.0,10310.0,545.0,545.0,2023
117575,Southern California Seminary,El Cajon,CA,Private Non-Profit,17280.0,17280.0,1440.0,1440.0,18720.0,18720.0,480.0,480.0,2023
117627,La Sierra University,Riverside,CA,Private Non-Profit,15067.0,15067.0,930.0,930.0,15997.0,15997.0,730.0,730.0,2023
117636,Loma Linda University,Loma Linda,CA,Private Non-Profit,29000.0,29000.0,3900.0,3900.0,32900.0,32900.0,899.0,899.0,2023
117672,Southern California University of Health Sciences,Whittier,CA,Private Non-Profit,38250.0,38250.0,875.0,875.0,39125.0,39125.0,900.0,900.0,2023
117751,The Master's University and Seminary,Santa Clarita,CA,Private Non-Profit,8400.0,8400.0,150.0,150.0,8550.0,8550.0,485.0,485.0,2023
117946,Loyola Marymount University,Los Angeles,CA,Private Non-Profit,21588.0,21588.0,314.0,314.0,21902.0,21902.0,1542.0,1542.0,2023
118693,Menlo College,Atherton,CA,Private Non-Profit,21000.0,21000.0,1000.0,1000.0,22000.0,22000.0,1167.0,1167.0,2023
118888,Northeastern University Oakland,Oakland,CA,Private Non-Profit,27728.0,27728.0,372.0,372.0,28100.0,28100.0,1815.0,1815.0,2023
119058,Middlebury Institute of International Studies at Monterey,Monterey,CA,Private Non-Profit,46556.0,46556.0,470.0,470.0,47026.0,47026.0,1664.0,1664.0,2023
119173,Mount Saint Mary's University,Los Angeles,CA,Private Non-Profit,13692.0,13692.0,202.0,202.0,13894.0,13894.0,1141.0,1141.0,2023
119270,Musicians Institute,Hollywood,CA,Private For-Profit,30915.0,30915.0,1555.0,1555.0,32470.0,32470.0,,,2023
119605,National University,San Diego,CA,Private Non-Profit,15912.0,15912.0,,,15912.0,15912.0,442.0,442.0,2023
119775,Newschool of Architecture and Design,San Diego,CA,Private For-Profit,31695.0,31695.0,600.0,600.0,32295.0,32295.0,918.0,918.0,2023
120166,San Francisco Bay University,Fremont,CA,Private Non-Profit,8100.0,8100.0,855.0,855.0,8955.0,8955.0,450.0,450.0,2023
120184,Notre Dame de Namur University,Belmont,CA,Private Non-Profit,15300.0,15300.0,,,15300.0,15300.0,850.0,850.0,2023
120254,Occidental College,Los Angeles,CA,Private Non-Profit,62850.0,62850.0,596.0,596.0,63446.0,63446.0,2620.0,2620.0,2023
120403,Otis College of Art and Design,Los Angeles,CA,Private Non-Profit,49100.0,49100.0,3380.0,3380.0,52480.0,52480.0,2730.0,2730.0,2023
120537,Hope International University,Fullerton,CA,Private Non-Profit,16800.0,16800.0,850.0,850.0,17650.0,17650.0,750.0,750.0,2023
120698,Palo Alto University,Palo Alto,CA,Private Non-Profit,45500.0,45500.0,3700.0,3700.0,49200.0,49200.0,779.0,779.0,2023
120768,Pacific Oaks College,Pasadena,CA,Private Non-Profit,21780.0,21780.0,220.0,220.0,22000.0,22000.0,1210.0,1210.0,2023
120795,Pacific School of Religion,Berkeley,CA,Private Non-Profit,18960.0,18960.0,570.0,570.0,19530.0,19530.0,790.0,790.0,2023
120838,Pacific States University,Los Angeles,CA,Private Non-Profit,7200.0,7200.0,690.0,690.0,7890.0,7890.0,,,2023
120865,Pacific Union College,Angwin,CA,Private Non-Profit,34191.0,34191.0,1023.0,1023.0,35214.0,35214.0,990.0,990.0,2023
120883,University of the Pacific,Stockton,CA,Private Non-Profit,52924.0,52924.0,620.0,620.0,53544.0,53544.0,1653.0,1653.0,2023
121150,Pepperdine University,Malibu,CA,Private Non-Profit,41400.0,41400.0,620.0,620.0,42020.0,42020.0,2070.0,2070.0,2023
121309,Point Loma Nazarene University,San Diego,CA,Private Non-Profit,11880.0,11880.0,,,11880.0,11880.0,660.0,660.0,2023
121628,Pardee RAND Graduate School,Santa Monica,CA,Private Non-Profit,17848.0,17848.0,,,17848.0,17848.0,,,2023
121691,University of Redlands,Redlands,CA,Private Non-Profit,24900.0,24900.0,172.0,172.0,25072.0,25072.0,1245.0,1245.0,2023
122117,Dongguk University Los Angeles,Los Angeles,CA,Private Non-Profit,9418.0,9418.0,481.0,481.0,9899.0,9899.0,167.0,167.0,2023
122296,Samuel Merritt University,Oakland,CA,Private Non-Profit,57326.0,57326.0,800.0,800.0,58126.0,58126.0,1647.0,1647.0,2023
122409,San Diego State University,San Diego,CA,Public,7176.0,16680.0,2548.0,2548.0,9724.0,19228.0,,396.0,2023
122436,University of San Diego,San Diego,CA,Private Non-Profit,28854.0,28854.0,474.0,474.0,29328.0,29328.0,1603.0,1603.0,2023
122506,San Francisco Conservatory of Music,San Francisco,CA,Private Non-Profit,52800.0,52800.0,1750.0,1750.0,54550.0,54550.0,2320.0,2320.0,2023
122597,San Francisco State University,San Francisco,CA,Public,7176.0,16680.0,1682.0,1682.0,8858.0,18362.0,,396.0,2023
122612,University of San Francisco,San Francisco,CA,Private Non-Profit,29070.0,29070.0,70.0,70.0,29140.0,29140.0,1615.0,1615.0,2023
122728,William Jessup University,Rocklin,CA,Private Non-Profit,12870.0,12870.0,570.0,570.0,13440.0,13440.0,606.0,606.0,2023
122755,San Jose State University,San Jose,CA,Public,7176.0,16680.0,2250.0,2250.0,9426.0,18930.0,,396.0,2023
122931,Santa Clara University,Santa Clara,CA,Private Non-Profit,25873.0,25873.0,,,25873.0,25873.0,1160.0,1160.0,2023
123095,Saybrook University,Pasadena,CA,Private Non-Profit,20856.0,20856.0,4350.0,4350.0,25206.0,25206.0,1315.0,1315.0,2023
123165,Scripps College,Claremont,CA,Private Non-Profit,48598.0,48598.0,,,48598.0,48598.0,1713.0,1713.0,2023
123280,Shasta Bible College and Graduate School,Redding,CA,Private Non-Profit,7650.0,7650.0,935.0,935.0,8585.0,8585.0,425.0,425.0,2023
123448,Trinity Law School,Santa Ana,CA,Private Non-Profit,13500.0,13500.0,150.0,150.0,13650.0,13650.0,750.0,750.0,2023
123457,Simpson University,Redding,CA,Private Non-Profit,19170.0,19170.0,920.0,920.0,20090.0,20090.0,710.0,710.0,2023
123554,Saint Mary's College of California,Moraga,CA,Private Non-Profit,33900.0,33900.0,,,33900.0,33900.0,1130.0,1130.0,2023
123572,Sonoma State University,Rohnert Park,CA,Public,7176.0,16680.0,2448.0,2448.0,9624.0,19128.0,,396.0,2023
123633,South Baylo University,Anaheim,CA,Private Non-Profit,11865.0,11865.0,475.0,475.0,12340.0,12340.0,,,2023
123651,Vanguard University of Southern California,Costa Mesa,CA,Private Non-Profit,12618.0,12618.0,100.0,100.0,12718.0,12718.0,701.0,701.0,2023
123916,Starr King School for the Ministry,Oakland,CA,Private Non-Profit,27750.0,27750.0,40.0,40.0,27790.0,27790.0,925.0,925.0,2023
123943,Marshall B Ketchum University,Fullerton,CA,Private Non-Profit,39820.0,39820.0,3450.0,3450.0,43270.0,43270.0,,,2023
123952,Southern California Institute of Architecture,Los Angeles,CA,Private Non-Profit,51964.0,51964.0,1600.0,1600.0,53564.0,53564.0,1700.0,1700.0,2023
123961,University of Southern California,Los Angeles,CA,Private Non-Profit,66640.0,66640.0,1488.0,1488.0,68128.0,68128.0,2244.0,2244.0,2023
123970,Southwestern Law School,Los Angeles,CA,Private Non-Profit,19460.0,19460.0,,,19460.0,19460.0,1946.0,1946.0,2023
124283,Claremont School of Theology,Claremont,CA,Private Non-Profit,26520.0,26520.0,,,26520.0,26520.0,1105.0,1105.0,2023
124487,Epic Bible College & Graduate School,Sacramento,CA,Private Non-Profit,17232.0,17232.0,720.0,720.0,17952.0,17952.0,359.0,359.0,2023
125231,Walden University,Minneapolis,MN,Private For-Profit,10160.0,10160.0,497.0,497.0,10657.0,10657.0,750.0,750.0,2023
125718,Westminster Theological Seminary in California,Escondido,CA,Private Non-Profit,16350.0,16350.0,200.0,200.0,16550.0,16550.0,545.0,545.0,2023
125763,Whittier College,Whittier,CA,Private Non-Profit,14742.0,14742.0,,,14742.0,14742.0,819.0,819.0,2023
125897,Woodbury University,Burbank,CA,Private Non-Profit,41665.0,41665.0,1577.0,1577.0,43242.0,43242.0,1389.0,1389.0,2023
126012,The Wright Institute,Berkeley,CA,Private Non-Profit,41400.0,41400.0,,,41400.0,41400.0,,,2023
126182,Adams State University,Alamosa,CO,Public,7704.0,10440.0,2721.0,2721.0,10425.0,13161.0,445.0,520.0,2023
126562,University of Colorado Denver/Anschutz Medical Campus,Denver,CO,Public,8100.0,25200.0,847.0,847.0,8947.0,26047.0,450.0,1400.0,2023
126580,University of Colorado Colorado Springs,Colorado Springs,CO,Public,14703.0,25644.0,428.0,428.0,15131.0,26072.0,817.0,1425.0,2023
126614,University of Colorado Boulder,Boulder,CO,Public,15849.0,36407.0,1613.0,1613.0,17462.0,38020.0,881.0,2023.0,2023
126669,Colorado Christian University,Lakewood,CO,Private Non-Profit,15509.0,15509.0,1224.0,1224.0,16733.0,16733.0,646.0,646.0,2023
126678,Colorado College,Colorado Springs,CO,Private Non-Profit,28900.0,28900.0,,,28900.0,28900.0,1100.0,1100.0,2023
126775,Colorado School of Mines,Golden,CO,Public,18558.0,41580.0,2796.0,2796.0,21354.0,44376.0,1031.0,2310.0,2023
126818,Colorado State University-Fort Collins,Fort Collins,CO,Public,11159.0,27361.0,2425.0,2425.0,13584.0,29786.0,620.0,1520.0,2023
126827,Colorado Technical University-Colorado Springs,Colorado Springs,CO,Private For-Profit,14104.0,14104.0,660.0,660.0,14764.0,14764.0,588.0,588.0,2023
126979,Denver Seminary,Littleton,CO,Private Non-Profit,12330.0,12330.0,510.0,510.0,12840.0,12840.0,685.0,685.0,2023
127060,University of Denver,Denver,CO,Private Non-Profit,58032.0,58032.0,315.0,315.0,58347.0,58347.0,1612.0,1612.0,2023
127185,Fort Lewis College,Durango,CO,Public,7092.0,7092.0,1266.0,1266.0,8358.0,8358.0,394.0,394.0,2023
127273,Iliff School of Theology,Denver,CO,Private Non-Profit,19824.0,19824.0,345.0,345.0,20169.0,20169.0,826.0,826.0,2023
127556,Colorado Mesa University,Grand Junction,CO,Public,9932.0,15110.0,720.0,720.0,10652.0,15830.0,552.0,839.0,2023
127565,Metropolitan State University of Denver,Denver,CO,Public,9209.0,11288.0,1426.0,1426.0,10635.0,12714.0,511.0,627.0,2023
127653,Naropa University,Boulder,CO,Private Non-Profit,22250.0,22250.0,200.0,200.0,22450.0,22450.0,1100.0,1100.0,2023
127741,University of Northern Colorado,Greeley,CO,Public,12204.0,22842.0,2584.0,2584.0,14788.0,25426.0,678.0,1269.0,2023
127909,Red Rocks Community College,Lakewood,CO,Public,10278.0,12852.0,701.0,701.0,10979.0,13553.0,,,2023
127918,Regis University,Denver,CO,Private Non-Profit,14573.0,14573.0,1620.0,1620.0,16193.0,16193.0,810.0,810.0,2023
127945,Rocky Mountain College of Art and Design,Lakewood,CO,Private For-Profit,15144.0,15144.0,,,15144.0,15144.0,631.0,631.0,2023
128106,Colorado State University Pueblo,Pueblo,CO,Public,7134.0,13500.0,2531.0,2531.0,9665.0,16031.0,396.0,750.0,2023
128391,Western Colorado University,Gunnison,CO,Public,14000.0,14000.0,1550.0,1550.0,15550.0,15550.0,890.0,890.0,2023
128498,Albertus Magnus College,New Haven,CT,Private Non-Profit,23472.0,23472.0,,,23472.0,23472.0,978.0,978.0,2023
128744,University of Bridgeport,Bridgeport,CT,Private Non-Profit,19096.0,19096.0,2690.0,2690.0,21786.0,21786.0,780.0,780.0,2023
128771,Central Connecticut State University,New Britain,CT,Public,8300.0,21380.0,5590.0,5590.0,13890.0,26970.0,771.0,786.0,2023
128780,Charter Oak State College,New Britain,CT,Public,9522.0,9522.0,830.0,830.0,10352.0,10352.0,529.0,529.0,2023
129020,University of Connecticut,Storrs,CT,Public,18834.0,40746.0,3360.0,3360.0,22194.0,44106.0,1047.0,2264.0,2023
129154,Goodwin University,East Hartford,CT,Private Non-Profit,13320.0,13320.0,1200.0,1200.0,14520.0,14520.0,740.0,740.0,2023
129215,Eastern Connecticut State University,Willimantic,CT,Public,8300.0,12450.0,6628.0,6628.0,14928.0,19078.0,714.0,714.0,2023
129242,Fairfield University,Fairfield,CT,Private Non-Profit,20625.0,20625.0,115.0,115.0,20740.0,20740.0,982.0,982.0,2023
129491,Hartford International University for Religion and Peace,Hartford,CT,Private Non-Profit,18000.0,18000.0,200.0,200.0,18200.0,18200.0,1000.0,1000.0,2023
129525,University of Hartford,West Hartford,CT,Private Non-Profit,15084.0,15084.0,581.0,581.0,15665.0,15665.0,838.0,838.0,2023
129534,Holy Apostles College and Seminary,Cromwell,CT,Private Non-Profit,7380.0,7380.0,100.0,100.0,7480.0,7480.0,410.0,410.0,2023
129941,University of New Haven,West Haven,CT,Private Non-Profit,18990.0,18990.0,250.0,250.0,19240.0,19240.0,1055.0,1055.0,2023
130110,Paier College,Bridgeport,CT,Private For-Profit,14040.0,14040.0,1800.0,1800.0,15840.0,15840.0,780.0,780.0,2023
130183,Post University,Waterbury,CT,Private For-Profit,6854.0,6854.0,200.0,200.0,7054.0,7054.0,574.0,574.0,2023
130226,Quinnipiac University,Hamden,CT,Private Non-Profit,17172.0,17172.0,1045.0,1045.0,18217.0,18217.0,954.0,954.0,2023
130253,Sacred Heart University,Fairfield,CT,Private Non-Profit,34060.0,34060.0,,,34060.0,34060.0,865.0,865.0,2023
130314,University of Saint Joseph,West Hartford,CT,Private Non-Profit,16971.0,16971.0,,,16971.0,16971.0,940.0,940.0,2023
130493,Southern Connecticut State University,New Haven,CT,Public,8573.0,18776.0,5968.0,5968.0,14541.0,24744.0,471.0,479.0,2023
130590,Trinity College,Hartford,CT,Private Non-Profit,18780.0,18780.0,100.0,100.0,18880.0,18880.0,783.0,783.0,2023
130697,Wesleyan University,Middletown,CT,Private Non-Profit,66716.0,66716.0,20.0,20.0,66736.0,66736.0,2085.0,2085.0,2023
130776,Western Connecticut State University,Danbury,CT,Public,8300.0,12450.0,6019.0,6019.0,14319.0,18469.0,753.0,753.0,2023
130794,Yale University,New Haven,CT,Private Non-Profit,48300.0,48300.0,,,48300.0,48300.0,,,2023
130934,Delaware State University,Dover,DE,Public,6060.0,12876.0,2100.0,2100.0,8160.0,14976.0,455.0,948.0,2023
130943,University of Delaware,Newark,DE,Public,18504.0,18504.0,1042.0,1042.0,19546.0,19546.0,1028.0,1028.0,2023
130989,Goldey-Beacom College,Wilmington,DE,Private Non-Profit,13050.0,13050.0,,,13050.0,13050.0,554.0,554.0,2023
131113,Wilmington University,New Castle,DE,Private Non-Profit,9432.0,9432.0,60.0,60.0,9492.0,9492.0,524.0,524.0,2023
131159,American University,Washington,DC,Private Non-Profit,32224.0,32224.0,1015.0,1015.0,33239.0,33239.0,2077.0,2077.0,2023
131283,The Catholic University of America,Washington,DC,Private Non-Profit,52190.0,52190.0,1030.0,1030.0,53220.0,53220.0,2075.0,2075.0,2023
131399,University of the District of Columbia,Washington,DC,Public,9234.0,17748.0,860.0,860.0,10094.0,18608.0,513.0,986.0,2023
131405,Pontifical Faculty of the Immaculate Conception at the Dominican House of Studies,Washington,DC,Private Non-Profit,17952.0,17952.0,280.0,280.0,18232.0,18232.0,748.0,748.0,2023
131450,Gallaudet University,Washington,DC,Private Non-Profit,20144.0,20144.0,1366.0,1366.0,21510.0,21510.0,1119.0,1119.0,2023
131469,George Washington University,Washington,DC,Private Non-Profit,35100.0,35100.0,54.0,54.0,35154.0,35154.0,1950.0,1950.0,2023
131496,Georgetown University,Washington,DC,Private Non-Profit,58848.0,58848.0,458.0,458.0,59306.0,59306.0,2452.0,2452.0,2023
131520,Howard University,Washington,DC,Private Non-Profit,37334.0,37334.0,716.0,716.0,38050.0,38050.0,2027.0,2027.0,2023
131803,Strayer University-District of Columbia,Washington,DC,Private For-Profit,14940.0,14940.0,195.0,195.0,15135.0,15135.0,533.0,533.0,2023
131876,Trinity Washington University,Washington,DC,Private Non-Profit,15390.0,15390.0,,,15390.0,15390.0,855.0,855.0,2023
131973,Wesley Theological Seminary,Washington,DC,Private Non-Profit,22250.0,22250.0,1400.0,1400.0,23650.0,23650.0,750.0,750.0,2023
132408,Baptist University of Florida,Graceville,FL,Private Non-Profit,5040.0,5040.0,480.0,480.0,5520.0,5520.0,420.0,420.0,2023
132471,Barry University,Miami,FL,Private Non-Profit,17820.0,17820.0,650.0,650.0,18470.0,18470.0,1020.0,1020.0,2023
132602,Bethune-Cookman University,Daytona Beach,FL,Private Non-Profit,13500.0,13500.0,600.0,600.0,14100.0,14100.0,750.0,750.0,2023
132657,Lynn University,Boca Raton,FL,Private Non-Profit,13500.0,13500.0,200.0,200.0,13700.0,13700.0,750.0,750.0,2023
132842,Albizu University-Miami,Miami,FL,Private Non-Profit,13112.0,13112.0,966.0,966.0,14078.0,14078.0,728.0,728.0,2023
132903,University of Central Florida,Orlando,FL,Public,6916.0,25759.0,1956.0,2898.0,8872.0,28657.0,370.0,1194.0,2023
133465,South University-West Palm Beach,Royal Palm Beach,FL,Private For-Profit,16056.0,16056.0,480.0,480.0,16536.0,16536.0,669.0,669.0,2023
133526,Edward Waters University,Jacksonville,FL,Private Non-Profit,22319.0,22319.0,,,22319.0,22319.0,617.0,617.0,2023
133553,Embry-Riddle Aeronautical University-Daytona Beach,Daytona Beach,FL,Private Non-Profit,20340.0,20340.0,1624.0,1624.0,21964.0,21964.0,1695.0,1695.0,2023
133650,Florida Agricultural and Mechanical University,Tallahassee,FL,Public,8019.0,22108.0,1857.0,2561.0,9876.0,24669.0,406.0,1022.0,2023
133669,Florida Atlantic University,Boca Raton,FL,Public,5467.0,16695.0,1226.0,1787.0,6693.0,18482.0,375.0,1027.0,2023
133711,Flagler College,Saint Augustine,FL,Private Non-Profit,7500.0,7500.0,,,7500.0,7500.0,625.0,625.0,2023
133872,AdventHealth University,Orlando,FL,Private Non-Profit,28585.0,28585.0,1695.0,1695.0,30280.0,30280.0,670.0,670.0,2023
133881,Florida Institute of Technology,Melbourne,FL,Private Non-Profit,22860.0,22860.0,420.0,420.0,23280.0,23280.0,1270.0,1270.0,2023
133951,Florida International University,Miami,FL,Public,9119.0,21600.0,2215.0,2839.0,11334.0,24439.0,456.0,1002.0,2023
133979,Florida Memorial University,Miami Gardens,FL,Private Non-Profit,14274.0,14274.0,4836.0,4836.0,19110.0,19110.0,788.0,788.0,2023
134079,Florida Southern College,Lakeland,FL,Private Non-Profit,18230.0,18230.0,250.0,250.0,18480.0,18480.0,703.0,703.0,2023
134097,Florida State University,Tallahassee,FL,Public,9684.0,24116.0,1869.0,2591.0,11553.0,26707.0,482.0,1114.0,2023
134130,University of Florida,Gainesville,FL,Public,10770.0,27335.0,1967.0,2795.0,12737.0,30130.0,449.0,1139.0,2023
134237,Full Sail University,Winter Park,FL,Private For-Profit,19401.0,19401.0,,,19401.0,19401.0,,,2023
134945,Jacksonville University,Jacksonville,FL,Private Non-Profit,18577.0,18577.0,380.0,380.0,18957.0,18957.0,947.0,947.0,2023
135081,Keiser University-Ft Lauderdale,Fort Lauderdale,FL,Private Non-Profit,33390.0,33390.0,1200.0,1200.0,34590.0,34590.0,1391.0,1391.0,2023
135364,Luther Rice College & Seminary,Lithonia,GA,Private Non-Profit,6282.0,6282.0,1050.0,1050.0,7332.0,7332.0,349.0,349.0,2023
135610,Trinity International University-Florida,Miami,FL,Private Non-Profit,13500.0,13500.0,620.0,620.0,14120.0,14120.0,750.0,750.0,2023
135726,University of Miami,Coral Gables,FL,Private Non-Profit,43578.0,43578.0,1280.0,1280.0,44858.0,44858.0,2421.0,2421.0,2023
136172,University of North Florida,Jacksonville,FL,Public,8570.0,19585.0,1794.0,2345.0,10364.0,21930.0,494.0,1044.0,2023
136215,Nova Southeastern University,Fort Lauderdale,FL,Private Non-Profit,22890.0,22890.0,1250.0,1250.0,24140.0,24140.0,1272.0,1272.0,2023
136330,Palm Beach Atlantic University,West Palm Beach,FL,Private Non-Profit,11007.0,11007.0,1970.0,1970.0,12977.0,12977.0,612.0,612.0,2023
136701,Saint Vincent de Paul Regional Seminary,Boynton Beach,FL,Private Non-Profit,20775.0,20775.0,40.0,40.0,20815.0,20815.0,450.0,450.0,2023
136950,Rollins College,Winter Park,FL,Private Non-Profit,25600.0,25600.0,,,25600.0,25600.0,1067.0,1067.0,2023
137032,Saint Leo University,Saint Leo,FL,Private Non-Profit,15840.0,15840.0,,,15840.0,15840.0,660.0,660.0,2023
137272,St. John Vianney College Seminary,Miami,FL,Private Non-Profit,23100.0,23100.0,,,23100.0,23100.0,,,2023
137351,University of South Florida,Tampa,FL,Public,8350.0,19048.0,2078.0,2078.0,10428.0,21126.0,435.0,880.0,2023
137476,St. Thomas University,Miami Gardens,FL,Private Non-Profit,14850.0,14850.0,1190.0,1190.0,16040.0,16040.0,800.0,800.0,2023
137546,Stetson University,DeLand,FL,Private Non-Profit,17586.0,17586.0,,,17586.0,17586.0,1050.0,1050.0,2023
137564,Southeastern University,Lakeland,FL,Private Non-Profit,12000.0,12000.0,350.0,350.0,12350.0,12350.0,495.0,495.0,2023
137777,Talmudic College of Florida,Miami Beach,FL,Private Non-Profit,16250.0,16250.0,500.0,500.0,16750.0,16750.0,,,2023
137847,The University of Tampa,Tampa,FL,Private Non-Profit,12762.0,12762.0,100.0,100.0,12862.0,12862.0,709.0,709.0,2023
137953,Trinity Baptist College,Jacksonville,FL,Private Non-Profit,6282.0,6282.0,310.0,310.0,6592.0,6592.0,349.0,349.0,2023
138275,Warner University,Lake Wales,FL,Private Non-Profit,6048.0,6048.0,400.0,400.0,6448.0,6448.0,560.0,560.0,2023
138354,University of West Florida,Pensacola,FL,Public,7088.0,22166.0,1974.0,2728.0,9062.0,24894.0,378.0,1037.0,2023
138600,Agnes Scott College,Decatur,GA,Private Non-Profit,18000.0,18000.0,200.0,200.0,18200.0,18200.0,1050.0,1050.0,2023
138716,Albany State University,Albany,GA,Public,3438.0,13716.0,1420.0,1420.0,4858.0,15136.0,191.0,762.0,2023
138868,Point University,West Point,GA,Private Non-Profit,13014.0,13014.0,750.0,750.0,13764.0,13764.0,482.0,482.0,2023
138947,Clark Atlanta University,Atlanta,GA,Private Non-Profit,19020.0,19020.0,2136.0,2136.0,21156.0,21156.0,951.0,951.0,2023
139144,Berry College,Mount Berry,GA,Private Non-Profit,12960.0,12960.0,,,12960.0,12960.0,720.0,720.0,2023
139153,Beulah Heights University,Atlanta,GA,Private Non-Profit,7650.0,7650.0,810.0,810.0,8460.0,8460.0,446.0,446.0,2023
139199,Brenau University,Gainesville,GA,Private Non-Profit,14130.0,14130.0,422.0,422.0,14552.0,14552.0,785.0,785.0,2023
139205,Brewton-Parker College,Mount Vernon,GA,Private Non-Profit,5400.0,5400.0,450.0,450.0,5850.0,5850.0,300.0,300.0,2023
139311,Clayton  State University,Morrow,GA,Public,5130.0,11621.0,1004.0,1004.0,6134.0,12625.0,385.0,1335.0,2023
139348,Columbia Theological Seminary,Decatur,GA,Private Non-Profit,19920.0,19920.0,1328.0,1328.0,21248.0,21248.0,664.0,664.0,2023
139366,Columbus State University,Columbus,GA,Public,6300.0,11394.0,1380.0,1380.0,7680.0,12774.0,350.0,633.0,2023
139393,Covenant College,Lookout Mountain,GA,Private Non-Profit,15000.0,15000.0,651.0,651.0,15651.0,15651.0,500.0,500.0,2023
139579,South University-Savannah,Savannah,GA,Private For-Profit,16056.0,16056.0,480.0,480.0,16536.0,16536.0,669.0,669.0,2023
139630,Emmanuel University,Franklin Springs,GA,Private Non-Profit,9600.0,9600.0,360.0,360.0,9960.0,9960.0,400.0,400.0,2023
139658,Emory University,Atlanta,GA,Private Non-Profit,46800.0,46800.0,922.0,922.0,47722.0,47722.0,2600.0,2600.0,2023
139719,Fort Valley State University,Fort Valley,GA,Public,4344.0,16128.0,1708.0,1708.0,6052.0,17836.0,181.0,672.0,2023
139755,Georgia Institute of Technology-Main Campus,Atlanta,GA,Public,14064.0,29140.0,1506.0,1506.0,15570.0,30646.0,586.0,1215.0,2023
139764,Georgia Southwestern State University,Americus,GA,Public,3492.0,13806.0,916.0,916.0,4408.0,14722.0,194.0,767.0,2023
139861,Georgia College & State University,Milledgeville,GA,Public,5292.0,18846.0,1490.0,1490.0,6782.0,20336.0,294.0,1047.0,2023
139931,Georgia Southern University,Statesboro,GA,Public,4986.0,19890.0,1534.0,1534.0,6520.0,21424.0,277.0,1105.0,2023
139940,Georgia State University,Atlanta,GA,Public,7164.0,22662.0,1320.0,1320.0,8484.0,23982.0,398.0,1259.0,2023
139959,University of Georgia,Athens,GA,Public,8878.0,25186.0,1390.0,1390.0,10268.0,26576.0,370.0,1050.0,2023
140146,Interdenominational Theological Center,Atlanta,GA,Private Non-Profit,14000.0,14000.0,2272.0,2272.0,16272.0,16272.0,847.0,847.0,2023
140234,LaGrange College,Lagrange,GA,Private Non-Profit,21699.0,21699.0,60.0,60.0,21759.0,21759.0,780.0,780.0,2023
140252,Life University,Marietta,GA,Private Non-Profit,9315.0,9315.0,1491.0,1491.0,10806.0,10806.0,345.0,345.0,2023
140340,Herzing University-Atlanta,Atlanta,GA,Private Non-Profit,8100.0,8100.0,1060.0,1060.0,9160.0,9160.0,675.0,675.0,2023
140447,Mercer University,Macon,GA,Private Non-Profit,17565.0,17565.0,300.0,300.0,17865.0,17865.0,892.0,892.0,2023
140562,Morehouse School of Medicine,Atlanta,GA,Private Non-Profit,23482.0,23482.0,6754.0,6754.0,30236.0,30236.0,944.0,944.0,2023
140696,Oglethorpe University,Atlanta,GA,Private Non-Profit,13850.0,13850.0,150.0,150.0,14000.0,14000.0,575.0,575.0,2023
140818,Piedmont University,Demorest,GA,Private Non-Profit,11700.0,11700.0,240.0,240.0,11940.0,11940.0,650.0,650.0,2023
140872,Reinhardt University,Waleska,GA,Private Non-Profit,14040.0,14040.0,530.0,530.0,14570.0,14570.0,585.0,585.0,2023
140951,Savannah College of Art and Design,Savannah,GA,Private Non-Profit,41085.0,41085.0,500.0,500.0,41585.0,41585.0,913.0,913.0,2023
140960,Savannah State University,Savannah,GA,Public,4686.0,17418.0,1434.0,1434.0,6120.0,18852.0,196.0,726.0,2023
140988,Shorter University,Rome,GA,Private Non-Profit,16800.0,16800.0,200.0,200.0,17000.0,17000.0,551.0,551.0,2023
141167,Thomas University,Thomasville,GA,Private Non-Profit,13050.0,13050.0,240.0,240.0,13290.0,13290.0,725.0,725.0,2023
141185,Toccoa Falls College,Toccoa Falls,GA,Private Non-Profit,12600.0,12600.0,,,12600.0,12600.0,525.0,525.0,2023
141237,Truett McConnell University,Cleveland,GA,Private Non-Profit,8856.0,8856.0,676.0,676.0,9532.0,9532.0,492.0,492.0,2023
141264,Valdosta State University,Valdosta,GA,Public,4572.0,16470.0,1636.0,1636.0,6208.0,18106.0,254.0,915.0,2023
141325,Wesleyan College,Macon,GA,Private Non-Profit,11573.0,11573.0,,,11573.0,11573.0,563.0,563.0,2023
141334,University of West Georgia,Carrollton,GA,Public,4338.0,16830.0,1600.0,1600.0,5938.0,18430.0,241.0,935.0,2023
141361,Young Harris College,Young Harris,GA,Private Non-Profit,12000.0,12000.0,,,12000.0,12000.0,267.0,267.0,2023
141486,Chaminade University of Honolulu,Honolulu,HI,Private Non-Profit,26040.0,26040.0,,,26040.0,26040.0,1085.0,1085.0,2023
141565,University of Hawaii at Hilo,Hilo,HI,Public,11736.0,26568.0,494.0,494.0,12230.0,27062.0,489.0,1107.0,2023
141574,University of Hawaii at Manoa,Honolulu,HI,Public,15600.0,33648.0,902.0,902.0,16502.0,34550.0,650.0,1402.0,2023
141644,Hawaii Pacific University,Honolulu,HI,Private Non-Profit,21183.0,21183.0,350.0,350.0,21533.0,21533.0,1071.0,1071.0,2023
142115,Boise State University,Boise,ID,Public,7645.0,25764.0,2841.0,2841.0,10486.0,28605.0,510.0,941.0,2023
142276,Idaho State University,Pocatello,ID,Public,8904.0,27788.0,2364.0,2364.0,11268.0,30152.0,564.0,942.0,2023
142285,University of Idaho,Moscow,ID,Public,8272.0,27508.0,2276.0,2276.0,10548.0,29784.0,534.0,1603.0,2023
142294,The College of Idaho,Caldwell,ID,Private Non-Profit,22950.0,22950.0,25.0,25.0,22975.0,22975.0,675.0,675.0,2023
142328,Lewis-Clark State College,Lewiston,ID,Public,9932.0,24560.0,,,9932.0,24560.0,496.0,496.0,2023
142461,Northwest Nazarene University,Nampa,ID,Private Non-Profit,11108.0,11108.0,300.0,300.0,11408.0,11408.0,668.0,668.0,2023
142832,Adler University,Chicago,IL,Private Non-Profit,44030.0,44030.0,1583.0,1583.0,45613.0,45613.0,1468.0,1468.0,2023
142957,American Islamic College,Chicago,IL,Private Non-Profit,4500.0,4500.0,150.0,150.0,4650.0,4650.0,250.0,250.0,2023
143048,School of the Art Institute of Chicago,Chicago,IL,Private Non-Profit,43654.0,43654.0,980.0,980.0,44634.0,44634.0,1860.0,1860.0,2023
143084,Augustana College,Rock Island,IL,Private Non-Profit,34500.0,34500.0,160.0,160.0,34660.0,34660.0,,,2023
143118,Aurora University,Aurora,IL,Private Non-Profit,15363.0,15363.0,,,15363.0,15363.0,618.0,618.0,2023
143233,Bethany Theological Seminary,Richmond,IN,Private Non-Profit,12000.0,12000.0,150.0,150.0,12150.0,12150.0,500.0,500.0,2023
143358,Bradley University,Peoria,IL,Private Non-Profit,18702.0,18702.0,312.0,312.0,19014.0,19014.0,1039.0,1039.0,2023
143659,Catholic Theological Union at Chicago,Chicago,IL,Private Non-Profit,23232.0,23232.0,,,23232.0,23232.0,968.0,968.0,2023
143853,Midwestern University-Downers Grove,Downers Grove,IL,Private Non-Profit,45946.0,45946.0,740.0,740.0,46686.0,46686.0,988.0,988.0,2023
143978,The Chicago School at Chicago,Chicago,IL,Private Non-Profit,24624.0,24624.0,1512.0,1512.0,26136.0,26136.0,1219.0,1219.0,2023
144005,Chicago State University,Chicago,IL,Public,6282.0,12150.0,4012.0,4012.0,10294.0,16162.0,349.0,675.0,2023
144014,Chicago Theological Seminary,Chicago,IL,Private Non-Profit,26448.0,26448.0,150.0,150.0,26598.0,26598.0,1102.0,1102.0,2023
144050,University of Chicago,Chicago,IL,Private Non-Profit,65145.0,65145.0,1398.0,1398.0,66543.0,66543.0,2172.0,2172.0,2023
144351,Concordia University-Chicago,River Forest,IL,Private Non-Profit,10458.0,10458.0,324.0,324.0,10782.0,10782.0,581.0,581.0,2023
144740,DePaul University,Chicago,IL,Private Non-Profit,22135.0,22135.0,390.0,390.0,22525.0,22525.0,852.0,852.0,2023
144892,Eastern Illinois University,Charleston,IL,Public,8060.0,19345.0,3350.0,3350.0,11410.0,22695.0,336.0,806.0,2023
144962,Elmhurst University,Elmhurst,IL,Private Non-Profit,33667.0,33667.0,370.0,370.0,34037.0,34037.0,842.0,842.0,2023
145275,Garrett-Evangelical Theological Seminary,Evanston,IL,Private Non-Profit,23625.0,23625.0,840.0,840.0,24465.0,24465.0,875.0,875.0,2023
145336,Governors State University,University Park,IL,Public,6624.0,6624.0,3448.0,3448.0,10072.0,10072.0,368.0,368.0,2023
145372,Greenville University,Greenville,IL,Private Non-Profit,8784.0,8784.0,,,8784.0,8784.0,488.0,488.0,2023
145558,Rosalind Franklin University of Medicine and Science,North Chicago,IL,Private Non-Profit,33207.0,33207.0,960.0,960.0,34167.0,34167.0,692.0,692.0,2023
145600,University of Illinois Chicago,Chicago,IL,Public,14108.0,25481.0,3160.0,3160.0,17268.0,28641.0,772.0,1121.0,2023
145619,Benedictine University,Lisle,IL,Private Non-Profit,19188.0,19188.0,1070.0,1070.0,20258.0,20258.0,796.0,796.0,2023
145637,University of Illinois Urbana-Champaign,Champaign,IL,Public,15545.0,30348.0,3292.0,3292.0,18837.0,33640.0,543.0,648.0,2023
145691,Illinois College,Jacksonville,IL,Private Non-Profit,9000.0,9000.0,200.0,200.0,9200.0,9200.0,375.0,375.0,2023
145725,Illinois Institute of Technology,Chicago,IL,Private Non-Profit,32500.0,32500.0,1310.0,1310.0,33810.0,33810.0,1712.0,1712.0,2023
145813,Illinois State University,Normal,IL,Public,7971.0,10608.0,2038.0,2038.0,10009.0,12646.0,423.0,878.0,2023
145886,Institute for Clinical Social Work,Chicago,IL,Private Non-Profit,26750.0,26750.0,,,26750.0,26750.0,1305.0,1305.0,2023
146339,Judson University,Elgin,IL,Private Non-Profit,18178.0,18178.0,530.0,530.0,18708.0,18708.0,692.0,692.0,2023
146481,Lake Forest College,Lake Forest,IL,Private Non-Profit,16212.0,16212.0,,,16212.0,16212.0,1013.0,1013.0,2023
146612,Lewis University,Romeoville,IL,Private Non-Profit,15210.0,15210.0,280.0,280.0,15490.0,15490.0,845.0,845.0,2023
146667,Lincoln Christian University,Lincoln,IL,Private Non-Profit,9810.0,9810.0,100.0,100.0,9910.0,9910.0,545.0,545.0,2023
146719,Loyola University Chicago,Chicago,IL,Private Non-Profit,21375.0,21375.0,930.0,930.0,22305.0,22305.0,1125.0,1125.0,2023
146728,Lutheran School of Theology at Chicago,Chicago,IL,Private Non-Profit,18360.0,18360.0,360.0,360.0,18720.0,18720.0,2000.0,2000.0,2023
146755,Trinity College of Nursing & Health Sciences,Rock Island,IL,Private Non-Profit,28833.0,28833.0,3565.0,3565.0,32398.0,32398.0,751.0,751.0,2023
146977,McCormick Theological Seminary,Chicago,IL,Private Non-Profit,8640.0,8640.0,770.0,770.0,9410.0,9410.0,320.0,320.0,2023
147013,McKendree University,Lebanon,IL,Private Non-Profit,9450.0,9450.0,,,9450.0,9450.0,525.0,525.0,2023
147031,Meadville Theological School of Lombard College,Chicago,IL,Private Non-Profit,26544.0,26544.0,870.0,870.0,27414.0,27414.0,948.0,948.0,2023
147129,Methodist College,Peoria,IL,Private Non-Profit,14022.0,14022.0,1740.0,1740.0,15762.0,15762.0,779.0,779.0,2023
147244,Millikin University,Decatur,IL,Private Non-Profit,21333.0,21333.0,,,21333.0,21333.0,800.0,800.0,2023
147369,Moody Bible Institute,Chicago,IL,Private Non-Profit,9342.0,9342.0,,,9342.0,9342.0,519.0,519.0,2023
147536,National Louis University,Chicago,IL,Private Non-Profit,11700.0,11700.0,525.0,525.0,12225.0,12225.0,650.0,650.0,2023
147590,National University of Health Sciences,Lombard,IL,Private Non-Profit,27801.0,27801.0,,,27801.0,27801.0,545.0,545.0,2023
147660,North Central College,Naperville,IL,Private Non-Profit,15822.0,15822.0,,,15822.0,15822.0,879.0,879.0,2023
147679,North Park University,Chicago,IL,Private Non-Profit,15966.0,15966.0,225.0,225.0,16191.0,16191.0,887.0,887.0,2023
147697,Northern Baptist Theological Seminary,Lisle,IL,Private Non-Profit,13635.0,13635.0,500.0,500.0,14135.0,14135.0,505.0,505.0,2023
147703,Northern Illinois University,Dekalb,IL,Public,9090.0,9090.0,,,9090.0,9090.0,505.0,505.0,2023
147776,Northeastern Illinois University,Chicago,IL,Public,8344.0,16687.0,1530.0,1530.0,9874.0,18217.0,464.0,927.0,2023
147828,Olivet Nazarene University,Bourbonnais,IL,Private Non-Profit,10957.0,10957.0,,,10957.0,10957.0,494.0,494.0,2023
148131,Quincy University,Quincy,IL,Private Non-Profit,11250.0,11250.0,225.0,225.0,11475.0,11475.0,500.0,500.0,2023
148405,Rockford University,Rockford,IL,Private Non-Profit,13860.0,13860.0,200.0,200.0,14060.0,14060.0,770.0,770.0,2023
148487,Roosevelt University,Chicago,IL,Private Non-Profit,22764.0,22764.0,330.0,330.0,23094.0,23094.0,1013.0,1013.0,2023
148496,Dominican University,River Forest,IL,Private Non-Profit,19000.0,19000.0,500.0,500.0,19500.0,19500.0,850.0,850.0,2023
148511,Rush University,Chicago,IL,Private Non-Profit,38013.0,38013.0,,,38013.0,38013.0,1312.0,1312.0,2023
148575,Saint Francis Medical Center College of Nursing,Peoria,IL,Private Non-Profit,8796.0,8796.0,290.0,290.0,9086.0,9086.0,733.0,733.0,2023
148584,University of St Francis,Joliet,IL,Private Non-Profit,14382.0,14382.0,375.0,375.0,14757.0,14757.0,799.0,799.0,2023
148593,St. John's College-Department of Nursing,Springfield,IL,Private Non-Profit,16488.0,16488.0,740.0,740.0,17228.0,17228.0,916.0,916.0,2023
148627,Saint Xavier University,Chicago,IL,Private Non-Profit,15000.0,15000.0,410.0,410.0,15410.0,15410.0,830.0,830.0,2023
148654,University of Illinois Springfield,Springfield,IL,Public,8910.0,16146.0,3100.0,3100.0,12010.0,19246.0,377.0,502.0,2023
148885,University of Saint Mary of the Lake,Mundelein,IL,Private Non-Profit,33940.0,33940.0,700.0,700.0,34640.0,34640.0,795.0,795.0,2023
148982,Spertus College,Chicago,IL,Private Non-Profit,19400.0,19400.0,2000.0,2000.0,21400.0,21400.0,419.0,419.0,2023
149028,Saint Anthony College of Nursing,Rockford,IL,Private Non-Profit,18252.0,18252.0,735.0,735.0,18987.0,18987.0,1014.0,1014.0,2023
149222,Southern Illinois University-Carbondale,Carbondale,IL,Public,11268.0,28170.0,2880.0,2880.0,14148.0,31050.0,470.0,1174.0,2023
149231,Southern Illinois University-Edwardsville,Edwardsville,IL,Public,7700.0,7700.0,2402.0,2402.0,10102.0,10102.0,357.0,357.0,2023
149329,Telshe Yeshiva-Chicago,Chicago,IL,Private Non-Profit,8000.0,8000.0,,,8000.0,8000.0,266.0,266.0,2023
149505,Trinity Christian College,Palos Heights,IL,Private Non-Profit,14823.0,14823.0,250.0,250.0,15073.0,15073.0,596.0,596.0,2023
149514,Trinity International University-Illinois,Deerfield,IL,Private Non-Profit,18000.0,18000.0,520.0,520.0,18520.0,18520.0,750.0,750.0,2023
149639,VanderCook College of Music,Chicago,IL,Private Non-Profit,7080.0,7080.0,915.0,915.0,7995.0,7995.0,590.0,590.0,2023
149763,Oak Point University,Oak Brook,IL,Private Non-Profit,8000.0,8000.0,,,8000.0,8000.0,667.0,667.0,2023
149772,Western Illinois University,Macomb,IL,Public,8867.0,8867.0,4423.0,4423.0,13290.0,13290.0,369.0,369.0,2023
149781,Wheaton College,Wheaton,IL,Private Non-Profit,19440.0,19440.0,,,19440.0,19440.0,810.0,810.0,2023
150066,Anderson University,Anderson,IN,Private Non-Profit,10008.0,10008.0,196.0,196.0,10204.0,10204.0,556.0,556.0,2023
150136,Ball State University,Muncie,IN,Public,9922.0,27126.0,2070.0,2070.0,11992.0,29196.0,451.0,1233.0,2023
150145,Bethel University,Mishawaka,IN,Private Non-Profit,8910.0,8910.0,400.0,400.0,9310.0,9310.0,495.0,495.0,2023
150163,Butler University,Indianapolis,IN,Private Non-Profit,14225.0,14225.0,,,14225.0,14225.0,803.0,803.0,2023
150172,Calumet College of Saint Joseph,Whiting,IN,Private Non-Profit,21240.0,21240.0,860.0,860.0,22100.0,22100.0,885.0,885.0,2023
150215,Christian Theological Seminary,Indianapolis,IN,Private Non-Profit,12780.0,12780.0,210.0,210.0,12990.0,12990.0,710.0,710.0,2023
150288,Concordia Theological Seminary,Fort Wayne,IN,Private Non-Profit,34650.0,34650.0,640.0,640.0,35290.0,35290.0,770.0,770.0,2023
150455,Earlham College,Richmond,IN,Private Non-Profit,19955.0,19955.0,696.0,696.0,20651.0,20651.0,620.0,620.0,2023
150534,University of Evansville,Evansville,IN,Private Non-Profit,27930.0,27930.0,1276.0,1276.0,29206.0,29206.0,580.0,580.0,2023
150604,Franklin College,Franklin,IN,Private Non-Profit,39114.0,39114.0,750.0,750.0,39864.0,39864.0,721.0,721.0,2023
150668,Goshen College,Goshen,IN,Private Non-Profit,17376.0,17376.0,350.0,350.0,17726.0,17726.0,721.0,721.0,2023
150677,Grace College and Theological Seminary,Winona Lake,IN,Private Non-Profit,7912.0,7912.0,200.0,200.0,8112.0,8112.0,466.0,466.0,2023
150941,Huntington University,Huntington,IN,Private Non-Profit,8950.0,8950.0,110.0,110.0,9060.0,9060.0,497.0,497.0,2023
151102,Purdue University Fort Wayne,Fort Wayne,IN,Public,6123.0,14774.0,723.0,723.0,6846.0,15497.0,380.0,861.0,2023
151111,Indiana University-Indianapolis,Indianapolis,IN,Public,9648.0,26784.0,1208.0,1208.0,10856.0,27992.0,402.0,1116.0,2023
151263,University of Indianapolis,Indianapolis,IN,Private Non-Profit,40994.0,40994.0,1484.0,1484.0,42478.0,42478.0,1026.0,1026.0,2023
151290,Indiana Institute of Technology,Fort Wayne,IN,Private Non-Profit,10026.0,10026.0,,,10026.0,10026.0,557.0,557.0,2023
151306,University of Southern Indiana,Evansville,IN,Public,10447.0,20404.0,500.0,500.0,10947.0,20904.0,433.0,848.0,2023
151324,Indiana State University,Terre Haute,IN,Public,8100.0,15930.0,280.0,280.0,8380.0,16210.0,450.0,885.0,2023
151333,Indiana University-Kokomo,Kokomo,IN,Public,7979.0,18888.0,687.0,687.0,8666.0,19575.0,332.0,787.0,2023
151342,Indiana University-South Bend,South Bend,IN,Public,7979.0,18888.0,687.0,687.0,8666.0,19575.0,332.0,787.0,2023
151351,Indiana University-Bloomington,Bloomington,IN,Public,10133.0,31932.0,1478.0,1478.0,11611.0,33410.0,422.0,1331.0,2023
151360,Indiana University-Northwest,Gary,IN,Public,7979.0,18888.0,687.0,687.0,8666.0,19575.0,332.0,787.0,2023
151379,Indiana University-Southeast,New Albany,IN,Public,7979.0,18888.0,687.0,687.0,8666.0,19575.0,332.0,787.0,2023
151388,Indiana University-East,Richmond,IN,Public,7979.0,18888.0,687.0,687.0,8666.0,19575.0,332.0,787.0,2023
151777,Manchester University,North Manchester,IN,Private Non-Profit,25517.0,25517.0,2017.0,2017.0,27534.0,27534.0,825.0,825.0,2023
151786,Marian University,Indianapolis,IN,Private Non-Profit,20569.0,20569.0,,,20569.0,20569.0,715.0,715.0,2023
151801,Indiana Wesleyan University-Marion,Marion,IN,Private Non-Profit,11970.0,11970.0,,,11970.0,11970.0,665.0,665.0,2023
151810,Martin University,Indianapolis,IN,Private Non-Profit,9360.0,9360.0,380.0,380.0,9740.0,9740.0,390.0,390.0,2023
151865,Anabaptist Mennonite Biblical Seminary,Elkhart,IN,Private Non-Profit,16092.0,16092.0,596.0,596.0,16688.0,16688.0,575.0,575.0,2023
152080,University of Notre Dame,Notre Dame,IN,Private Non-Profit,62030.0,62030.0,472.0,472.0,62502.0,62502.0,3446.0,3446.0,2023
152099,Oakland City University,Oakland City,IN,Private Non-Profit,9000.0,9000.0,,,9000.0,9000.0,450.0,450.0,2023
152318,Rose-Hulman Institute of Technology,Terre Haute,IN,Private Non-Profit,52998.0,52998.0,1041.0,1041.0,54039.0,54039.0,1546.0,1546.0,2023
152336,University of Saint Francis-Fort Wayne,Fort Wayne,IN,Private Non-Profit,20646.0,20646.0,,,20646.0,20646.0,564.0,564.0,2023
152381,Saint Mary-of-the-Woods College,Saint Mary of the Woods,IN,Private Non-Profit,13500.0,13500.0,600.0,600.0,14100.0,14100.0,750.0,750.0,2023
152390,Saint Mary's College,Notre Dame,IN,Private Non-Profit,29794.0,29794.0,,,29794.0,29794.0,972.0,972.0,2023
152451,Saint Meinrad School of Theology,St. Meinrad,IN,Private Non-Profit,33686.0,33686.0,4850.0,4850.0,38536.0,38536.0,637.0,637.0,2023
152530,Taylor University,Upland,IN,Private Non-Profit,10533.0,10533.0,300.0,300.0,10833.0,10833.0,568.0,568.0,2023
152567,Trine University,Angola,IN,Private Non-Profit,47850.0,47850.0,300.0,300.0,48150.0,48150.0,1000.0,1000.0,2023
152600,Valparaiso University,Valparaiso,IN,Private Non-Profit,12222.0,12222.0,542.0,542.0,12764.0,12764.0,679.0,679.0,2023
152798,Allen College,Waterloo,IA,Private Non-Profit,18680.0,18680.0,348.0,348.0,19028.0,19028.0,934.0,934.0,2023
152992,Briar Cliff University,Sioux City,IA,Private Non-Profit,8268.0,8268.0,1098.0,1098.0,9366.0,9366.0,459.0,459.0,2023
153001,Buena Vista University,Storm Lake,IA,Private Non-Profit,10170.0,10170.0,,,10170.0,10170.0,565.0,565.0,2023
153126,Clarke University,Dubuque,IA,Private Non-Profit,12024.0,12024.0,200.0,200.0,12224.0,12224.0,623.0,623.0,2023
153250,Dordt University,Sioux Center,IA,Private Non-Profit,9720.0,9720.0,100.0,100.0,9820.0,9820.0,540.0,540.0,2023
153269,Drake University,Des Moines,IA,Private Non-Profit,12009.0,12009.0,768.0,768.0,12777.0,12777.0,667.0,667.0,2023
153278,University of Dubuque,Dubuque,IA,Private Non-Profit,7740.0,7740.0,1280.0,1280.0,9020.0,9020.0,645.0,645.0,2023
153320,Faith Baptist Bible College and Theological Seminary,Ankeny,IA,Private Non-Profit,6840.0,6840.0,1100.0,1100.0,7940.0,7940.0,405.0,405.0,2023
153366,Graceland University-Lamoni,Lamoni,IA,Private Non-Profit,11796.0,11796.0,195.0,195.0,11991.0,11991.0,600.0,600.0,2023
153375,Grand View University,Des Moines,IA,Private Non-Profit,9108.0,9108.0,170.0,170.0,9278.0,9278.0,506.0,506.0,2023
153603,Iowa State University,Ames,IA,Public,10996.0,27848.0,1455.0,1455.0,12451.0,29303.0,611.0,1548.0,2023
153658,University of Iowa,Iowa City,IA,Public,11256.0,32927.0,1955.0,1955.0,13211.0,34882.0,625.0,1829.0,2023
153825,Loras College,Dubuque,IA,Private Non-Profit,13410.0,13410.0,30.0,30.0,13440.0,13440.0,745.0,745.0,2023
153861,Maharishi International University,Fairfield,IA,Private Non-Profit,29000.0,29000.0,530.0,530.0,29530.0,29530.0,500.0,500.0,2023
153977,Mercy College of Health Sciences,Des Moines,IA,Private Non-Profit,12736.0,12736.0,,,12736.0,12736.0,796.0,796.0,2023
154004,Morningside University,Sioux City,IA,Private Non-Profit,11111.0,11111.0,,,11111.0,11111.0,428.0,428.0,2023
154013,Mount Mercy University,Cedar Rapids,IA,Private Non-Profit,11340.0,11340.0,70.0,70.0,11410.0,11410.0,630.0,630.0,2023
154022,Ashford University,San Diego,CA,Private For-Profit,12645.0,12645.0,870.0,870.0,13515.0,13515.0,,,2023
154095,University of Northern Iowa,Cedar Falls,IA,Public,10030.0,21502.0,1332.0,1332.0,11362.0,22834.0,558.0,1195.0,2023
154101,Northwestern College,Orange City,IA,Private Non-Profit,6300.0,6300.0,300.0,300.0,6600.0,6600.0,350.0,350.0,2023
154156,Des Moines University-Osteopathic Medical Center,West Des Moines,IA,Private Non-Profit,19388.0,19388.0,40.0,40.0,19428.0,19428.0,803.0,803.0,2023
154235,Saint Ambrose University,Davenport,IA,Private Non-Profit,19125.0,19125.0,280.0,280.0,19405.0,19405.0,1080.0,1080.0,2023
154350,Simpson College,Indianola,IA,Private Non-Profit,7244.0,7244.0,,,7244.0,7244.0,565.0,565.0,2023
154493,Upper Iowa University,Fayette,IA,Private Non-Profit,18958.0,18958.0,,,18958.0,18958.0,527.0,527.0,2023
154518,Waldorf University,Forest City,IA,Private For-Profit,5220.0,5220.0,,,5220.0,5220.0,435.0,435.0,2023
154536,Wartburg Theological Seminary,Dubuque,IA,Private Non-Profit,20200.0,20200.0,852.0,852.0,21052.0,21052.0,1010.0,1010.0,2023
154590,William Penn University,Oskaloosa,IA,Private Non-Profit,10500.0,10500.0,,,10500.0,10500.0,500.0,500.0,2023
154688,Baker University,Baldwin City,KS,Private Non-Profit,11466.0,11466.0,780.0,780.0,12246.0,12246.0,637.0,637.0,2023
154855,Central Christian College of Kansas,McPherson,KS,Private Non-Profit,11880.0,11880.0,,,11880.0,11880.0,,,2023
155025,Emporia State University,Emporia,KS,Public,6875.0,17186.0,2324.0,2324.0,9199.0,19510.0,286.0,716.0,2023
155061,Fort Hays State University,Hays,KS,Public,3979.0,11334.0,717.0,717.0,4696.0,12051.0,221.0,629.0,2023
155070,Barclay College,Haviland,KS,Private Non-Profit,7980.0,7980.0,700.0,700.0,8680.0,8680.0,395.0,395.0,2023
155089,Friends University,Wichita,KS,Private Non-Profit,11448.0,11448.0,540.0,540.0,11988.0,11988.0,636.0,636.0,2023
155308,Kansas Christian College,Overland Park,KS,Private Non-Profit,9180.0,9180.0,400.0,400.0,9580.0,9580.0,510.0,510.0,2023
155317,University of Kansas,Lawrence,KS,Public,10488.0,25150.0,1086.0,1086.0,11574.0,26236.0,437.0,1048.0,2023
155335,Newman University,Wichita,KS,Private Non-Profit,9000.0,9000.0,730.0,730.0,9730.0,9730.0,500.0,500.0,2023
155399,Kansas State University,Manhattan,KS,Public,10808.0,24169.0,978.0,978.0,11786.0,25147.0,450.0,1007.0,2023
155414,Kansas Wesleyan University,Salina,KS,Private Non-Profit,14850.0,14850.0,500.0,500.0,15350.0,15350.0,495.0,495.0,2023
155511,McPherson College,McPherson,KS,Private Non-Profit,4500.0,4500.0,,,4500.0,4500.0,375.0,375.0,2023
155520,MidAmerica Nazarene University,Olathe,KS,Private Non-Profit,12764.0,12764.0,833.0,833.0,13597.0,13597.0,602.0,602.0,2023
155627,Ottawa University-Ottawa,Ottawa,KS,Private Non-Profit,11682.0,11682.0,880.0,880.0,12562.0,12562.0,649.0,649.0,2023
155636,Ottawa University-Kansas City,Overland Park,KS,Private Non-Profit,11682.0,11682.0,1320.0,1320.0,13002.0,13002.0,649.0,649.0,2023
155681,Pittsburg State University,Pittsburg,KS,Public,7162.0,17994.0,2028.0,2028.0,9190.0,20022.0,298.0,750.0,2023
155812,University of Saint Mary,Leavenworth,KS,Private Non-Profit,11340.0,11340.0,27.0,27.0,11367.0,11367.0,630.0,630.0,2023
155900,Southwestern College,Winfield,KS,Private Non-Profit,9000.0,9000.0,180.0,180.0,9180.0,9180.0,500.0,500.0,2023
155937,Sterling College,Sterling,KS,Private Non-Profit,14107.0,14107.0,1240.0,1240.0,15347.0,15347.0,495.0,495.0,2023
155973,Tabor College,Hillsboro,KS,Private Non-Profit,12000.0,12000.0,,,12000.0,12000.0,590.0,590.0,2023
156082,Washburn University,Topeka,KS,Public,10274.0,19954.0,114.0,114.0,10388.0,20068.0,467.0,907.0,2023
156125,Wichita State University,Wichita,KS,Public,5871.0,14418.0,1807.0,1807.0,7678.0,16225.0,326.0,801.0,2023
156213,Asbury University,Wilmore,KY,Private Non-Profit,8550.0,8550.0,229.0,229.0,8779.0,8779.0,475.0,475.0,2023
156222,Asbury Theological Seminary,Wilmore,KY,Private Non-Profit,17088.0,17088.0,770.0,770.0,17858.0,17858.0,712.0,712.0,2023
156286,Bellarmine University,Louisville,KY,Private Non-Profit,13785.0,13785.0,,,13785.0,13785.0,766.0,766.0,2023
156356,Brescia University,Owensboro,KY,Private Non-Profit,16320.0,16320.0,700.0,700.0,17020.0,17020.0,680.0,680.0,2023
156365,Campbellsville University,Campbellsville,KY,Private Non-Profit,9620.0,9620.0,300.0,300.0,9920.0,9920.0,481.0,481.0,2023
156417,Clear Creek Baptist Bible College,Pineville,KY,Private Non-Profit,4000.0,4000.0,300.0,300.0,4300.0,4300.0,200.0,200.0,2023
156541,University of the Cumberlands,Williamsburg,KY,Private Non-Profit,4260.0,4260.0,300.0,300.0,4560.0,4560.0,355.0,355.0,2023
156620,Eastern Kentucky University,Richmond,KY,Public,10296.0,14040.0,300.0,300.0,10596.0,14340.0,572.0,780.0,2023
156727,Frontier Nursing University,Versailles,KY,Private Non-Profit,16700.0,16700.0,1800.0,1800.0,18500.0,18500.0,689.0,689.0,2023
156745,Georgetown College,Georgetown,KY,Private Non-Profit,11070.0,11070.0,810.0,810.0,11880.0,11880.0,410.0,410.0,2023
157021,American National University-Pikeville,Pikeville,KY,Private For-Profit,13039.0,13039.0,,,13039.0,13039.0,362.0,362.0,2023
157058,Kentucky State University,Frankfort,KY,Public,10494.0,10494.0,540.0,540.0,11034.0,11034.0,583.0,583.0,2023
157085,University of Kentucky,Lexington,KY,Public,12967.0,34096.0,1363.0,1363.0,14330.0,35459.0,722.0,1895.0,2023
157100,Kentucky Christian University,Grayson,KY,Private Non-Profit,5100.0,5100.0,250.0,250.0,5350.0,5350.0,425.0,425.0,2023
157207,Lexington Theological Seminary,Lexington,KY,Private Non-Profit,9120.0,9120.0,300.0,300.0,9420.0,9420.0,480.0,480.0,2023
157216,Lindsey Wilson College,Columbia,KY,Private Non-Profit,9626.0,9626.0,183.0,183.0,9809.0,9809.0,577.0,577.0,2023
157289,University of Louisville,Louisville,KY,Public,14222.0,28906.0,196.0,196.0,14418.0,29102.0,791.0,1606.0,2023
157298,Louisville Presbyterian Theological Seminary,Louisville,KY,Private Non-Profit,11502.0,11502.0,586.0,586.0,12088.0,12088.0,426.0,426.0,2023
157377,Midway University,Midway,KY,Private Non-Profit,7200.0,7200.0,150.0,150.0,7350.0,7350.0,400.0,400.0,2023
157386,Morehead State University,Morehead,KY,Public,10260.0,10260.0,252.0,252.0,10512.0,10512.0,570.0,570.0,2023
157401,Murray State University,Murray,KY,Public,9414.0,9414.0,954.0,954.0,10368.0,10368.0,523.0,523.0,2023
157447,Northern Kentucky University,Highland Heights,KY,Public,10206.0,15660.0,384.0,384.0,10590.0,16044.0,567.0,870.0,2023
157535,University of Pikeville,Pikeville,KY,Private Non-Profit,8550.0,8550.0,,,8550.0,8550.0,475.0,475.0,2023
157748,The Southern Baptist Theological Seminary,Louisville,KY,Private Non-Profit,9252.0,9252.0,750.0,750.0,10002.0,10002.0,514.0,514.0,2023
157757,Spalding University,Louisville,KY,Private Non-Profit,12960.0,12960.0,150.0,150.0,13110.0,13110.0,720.0,720.0,2023
157793,Sullivan University,Louisville,KY,Private For-Profit,15840.0,15840.0,,,15840.0,15840.0,660.0,660.0,2023
157809,Thomas More University,Crestview Hills,KY,Private Non-Profit,15600.0,15600.0,,,15600.0,15600.0,650.0,650.0,2023
157863,Union College,Barbourville,KY,Private Non-Profit,8880.0,8880.0,50.0,50.0,8930.0,8930.0,370.0,370.0,2023
157951,Western Kentucky University,Bowling Green,KY,Public,12140.0,18340.0,,,12140.0,18340.0,607.0,917.0,2023
158477,Centenary College of Louisiana,Shreveport,LA,Private Non-Profit,9300.0,9300.0,,,9300.0,9300.0,517.0,517.0,2023
158802,Dillard University,New Orleans,LA,Private Non-Profit,5850.0,5850.0,3000.0,3000.0,8850.0,8850.0,650.0,650.0,2023
159009,Grambling State University,Grambling,LA,Public,5110.0,5110.0,2306.0,11329.0,7416.0,16439.0,284.0,284.0,2023
159373,Louisiana State University Health Sciences Center-New Orleans,New Orleans,LA,Public,11835.0,24108.0,1254.0,1254.0,13089.0,25362.0,573.0,1135.0,2023
159391,Louisiana State University and Agricultural & Mechanical College,Baton Rouge,LA,Public,9132.0,9132.0,3895.0,20830.0,13027.0,29962.0,546.0,1196.0,2023
159416,Louisiana State University-Shreveport,Shreveport,LA,Public,6196.0,6196.0,1153.0,13650.0,7349.0,19846.0,344.0,344.0,2023
159568,Louisiana Christian University,Pineville,LA,Private Non-Profit,8124.0,8124.0,400.0,400.0,8524.0,8524.0,451.0,451.0,2023
159647,Louisiana Tech University,Ruston,LA,Public,5416.0,10147.0,2579.0,2579.0,7995.0,12726.0,444.0,707.0,2023
159656,Loyola University New Orleans,New Orleans,LA,Private Non-Profit,20524.0,20524.0,1780.0,1780.0,22304.0,22304.0,818.0,818.0,2023
159717,McNeese State University,Lake Charles,LA,Public,5703.0,7203.0,2794.0,2794.0,8497.0,9997.0,504.0,561.0,2023
159939,University of New Orleans,New Orleans,LA,Public,6090.0,10660.0,3018.0,3018.0,9108.0,13678.0,338.0,592.0,2023
159948,New Orleans Baptist Theological Seminary,New Orleans,LA,Private Non-Profit,7695.0,7695.0,590.0,590.0,8285.0,8285.0,428.0,428.0,2023
159966,Nicholls State University,Thibodaux,LA,Public,5686.0,6779.0,2568.0,2568.0,8254.0,9347.0,553.0,669.0,2023
159993,University of Louisiana at Monroe,Monroe,LA,Public,6490.0,18590.0,2910.0,2910.0,9400.0,21500.0,479.0,809.0,2023
160038,Northwestern State University of Louisiana,Natchitoches,LA,Public,5738.0,16526.0,4020.0,4020.0,9758.0,20546.0,484.0,935.0,2023
160065,University of Holy Cross,New Orleans,LA,Private Non-Profit,13230.0,13230.0,2120.0,2120.0,15350.0,15350.0,735.0,735.0,2023
160074,Franciscan Missionaries of Our Lady University,Baton Rouge,LA,Private Non-Profit,22966.0,22966.0,2415.0,2415.0,25381.0,25381.0,718.0,718.0,2023
160612,Southeastern Louisiana University,Hammond,LA,Public,6684.0,19162.0,2146.0,2146.0,8830.0,21308.0,491.0,1184.0,2023
160621,Southern University and A & M College,Baton Rouge,LA,Public,5336.0,5336.0,5322.0,11768.0,10658.0,17104.0,228.0,228.0,2023
160658,University of Louisiana at Lafayette,Lafayette,LA,Public,5511.0,19239.0,4673.0,4673.0,10184.0,23912.0,566.0,1328.0,2023
160755,Tulane University of Louisiana,New Orleans,LA,Private Non-Profit,63814.0,63814.0,2232.0,2232.0,66046.0,66046.0,3546.0,3546.0,2023
160904,Xavier University of Louisiana,New Orleans,LA,Private Non-Profit,15347.0,15347.0,3995.0,3995.0,19342.0,19342.0,975.0,975.0,2023
160959,College of the Atlantic,Bar Harbor,ME,Private Non-Profit,30420.0,30420.0,549.0,549.0,30969.0,30969.0,1015.0,1015.0,2023
161217,University of Maine at Augusta,Augusta,ME,Public,8010.0,10566.0,634.0,634.0,8644.0,11200.0,445.0,587.0,2023
161226,University of Maine at Farmington,Farmington,ME,Public,10560.0,10560.0,980.0,980.0,11540.0,11540.0,440.0,440.0,2023
161235,University of Maine at Fort Kent,Fort Kent,ME,Public,6000.0,6000.0,,,6000.0,6000.0,500.0,500.0,2023
161253,University of Maine,Orono,ME,Public,10026.0,30528.0,420.0,420.0,10446.0,30948.0,557.0,1696.0,2023
161299,Maine Maritime Academy,Castine,ME,Public,14400.0,14400.0,364.0,364.0,14764.0,14764.0,900.0,900.0,2023
161341,University of Maine at Presque Isle,Presque Isle,ME,Public,12900.0,12900.0,,,12900.0,12900.0,358.0,358.0,2023
161457,University of New England,Biddeford,ME,Private Non-Profit,31415.0,31415.0,760.0,760.0,32175.0,32175.0,1026.0,1026.0,2023
161509,Maine College of Art & Design,Portland,ME,Private Non-Profit,40668.0,40668.0,400.0,400.0,41068.0,41068.0,1800.0,1800.0,2023
161518,Saint Joseph's College of Maine,Standish,ME,Private Non-Profit,9630.0,9630.0,,,9630.0,9630.0,535.0,535.0,2023
161554,University of Southern Maine,Portland,ME,Public,8010.0,24300.0,1584.0,1584.0,9594.0,25884.0,445.0,1350.0,2023
161563,Thomas College,Waterville,ME,Private Non-Profit,29824.0,29824.0,1072.0,1072.0,30896.0,30896.0,652.0,652.0,2023
161572,Unity Environmental University,New Gloucester,ME,Private Non-Profit,9750.0,9750.0,,,9750.0,9750.0,650.0,650.0,2023
161873,University of Baltimore,Baltimore,MD,Public,14472.0,21222.0,1760.0,1760.0,16232.0,22982.0,804.0,1179.0,2023
162007,Bowie State University,Bowie,MD,Public,8064.0,13140.0,2124.0,2124.0,10188.0,15264.0,448.0,730.0,2023
162061,Capitol Technology University,Laurel,MD,Private Non-Profit,11340.0,11340.0,702.0,702.0,12042.0,12042.0,630.0,630.0,2023
162210,Washington Adventist University,Takoma Park,MD,Private Non-Profit,11250.0,11250.0,275.0,275.0,11525.0,11525.0,625.0,625.0,2023
162283,Coppin State University,Baltimore,MD,Public,6786.0,12474.0,1584.0,1584.0,8370.0,14058.0,377.0,693.0,2023
162584,Frostburg State University,Frostburg,MD,Public,8370.0,10800.0,2888.0,2888.0,11258.0,13688.0,465.0,600.0,2023
162654,Goucher College,Baltimore,MD,Private Non-Profit,15550.0,15550.0,140.0,140.0,15690.0,15690.0,650.0,650.0,2023
162760,Hood College,Frederick,MD,Private Non-Profit,9000.0,9000.0,280.0,280.0,9280.0,9280.0,500.0,500.0,2023
162928,Johns Hopkins University,Baltimore,MD,Private Non-Profit,62840.0,62840.0,3116.0,3116.0,65956.0,65956.0,2095.0,2095.0,2023
163046,Loyola University Maryland,Baltimore,MD,Private Non-Profit,19440.0,19440.0,,,19440.0,19440.0,1080.0,1080.0,2023
163204,University of Maryland Global Campus,Adelphi,MD,Public,9432.0,11862.0,270.0,270.0,9702.0,12132.0,524.0,659.0,2023
163259,"University of Maryland, Baltimore",Baltimore,MD,Public,15750.0,34310.0,2010.0,2010.0,17760.0,36320.0,729.0,1307.0,2023
163268,University of Maryland-Baltimore County,Baltimore,MD,Public,12960.0,22266.0,2880.0,2880.0,15840.0,25146.0,720.0,1237.0,2023
163286,University of Maryland-College Park,College Park,MD,Public,16560.0,36100.0,1283.0,1283.0,17843.0,37383.0,828.0,1805.0,2023
163295,Maryland Institute College of Art,Baltimore,MD,Private Non-Profit,53160.0,53160.0,1990.0,1990.0,55150.0,55150.0,2215.0,2215.0,2023
163338,University of Maryland Eastern Shore,Princess Anne,MD,Public,6390.0,11880.0,1620.0,1620.0,8010.0,13500.0,355.0,660.0,2023
163453,Morgan State University,Baltimore,MD,Public,8352.0,16416.0,1467.0,1467.0,9819.0,17883.0,464.0,912.0,2023
163462,Mount St. Mary's University,Emmitsburg,MD,Private Non-Profit,14094.0,14094.0,,,14094.0,14094.0,705.0,705.0,2023
163532,Ner Israel Rabbinical College,Baltimore,MD,Private Non-Profit,14400.0,14400.0,,,14400.0,14400.0,400.0,400.0,2023
163578,Notre Dame of Maryland University,Baltimore,MD,Private Non-Profit,12315.0,12315.0,390.0,390.0,12705.0,12705.0,684.0,684.0,2023
163851,Salisbury University,Salisbury,MD,Public,8260.0,13525.0,2070.0,2070.0,10330.0,15595.0,459.0,751.0,2023
163912,St. Mary's College of Maryland,St. Mary's City,MD,Public,16530.0,16530.0,4886.0,4886.0,21416.0,21416.0,300.0,450.0,2023
163976,St. John's College,Annapolis,MD,Private Non-Profit,20676.0,20676.0,383.0,383.0,21059.0,21059.0,1149.0,1149.0,2023
164076,Towson University,Towson,MD,Public,9108.0,18846.0,2934.0,2934.0,12042.0,21780.0,506.0,1047.0,2023
164085,Maryland University of Integrative Health,Laurel,MD,Private Non-Profit,15269.0,15269.0,750.0,750.0,16019.0,16019.0,928.0,928.0,2023
164173,Stevenson University,Owings Mills,MD,Private Non-Profit,8460.0,8460.0,,,8460.0,8460.0,705.0,705.0,2023
164270,McDaniel College,Westminster,MD,Private Non-Profit,9864.0,9864.0,105.0,105.0,9969.0,9969.0,548.0,548.0,2023
164368,Hult International Business School,Cambridge,MA,Private Non-Profit,51367.0,51367.0,570.0,570.0,51937.0,51937.0,1000.0,1000.0,2023
164447,American International College,Springfield,MA,Private Non-Profit,10595.0,10595.0,388.0,388.0,10983.0,10983.0,650.0,650.0,2023
164492,Anna Maria College,Paxton,MA,Private Non-Profit,12203.0,12203.0,,,12203.0,12203.0,678.0,678.0,2023
164562,Assumption University,Worcester,MA,Private Non-Profit,14706.0,14706.0,160.0,160.0,14866.0,14866.0,817.0,817.0,2023
164580,Babson College,Wellesley,MA,Private Non-Profit,54600.0,54600.0,,,54600.0,54600.0,1990.0,1990.0,2023
164632,Bay Path University,Longmeadow,MA,Private Non-Profit,19235.0,19235.0,,,19235.0,19235.0,822.0,822.0,2023
164739,Bentley University,Waltham,MA,Private Non-Profit,44720.0,44720.0,,,44720.0,44720.0,1863.0,1863.0,2023
164748,Berklee College of Music,Boston,MA,Private Non-Profit,48277.0,48277.0,1657.0,1657.0,49934.0,49934.0,1768.0,1768.0,2023
164872,Boston Architectural College,Boston,MA,Private Non-Profit,26400.0,26400.0,,,26400.0,26400.0,1320.0,1320.0,2023
164915,Boston Graduate School of Psychoanalysis Inc,Brookline,MA,Private Non-Profit,21504.0,21504.0,1270.0,1270.0,22774.0,22774.0,896.0,896.0,2023
164924,Boston College,Chestnut Hill,MA,Private Non-Profit,35784.0,35784.0,116.0,116.0,35900.0,35900.0,1988.0,1988.0,2023
164988,Boston University,Boston,MA,Private Non-Profit,63798.0,63798.0,914.0,914.0,64712.0,64712.0,1994.0,1994.0,2023
165015,Brandeis University,Waltham,MA,Private Non-Profit,61458.0,61458.0,120.0,120.0,61578.0,61578.0,1920.0,1920.0,2023
165167,Cambridge College,Boston,MA,Private Non-Profit,19035.0,19035.0,,,19035.0,19035.0,705.0,705.0,2023
165334,Clark University,Worcester,MA,Private Non-Profit,48500.0,48500.0,90.0,90.0,48590.0,48590.0,1617.0,1617.0,2023
165495,Conway School of Landscape Design,Northampton,MA,Private Non-Profit,38998.0,38998.0,,,38998.0,38998.0,,,2023
165529,Curry College,Milton,MA,Private Non-Profit,17514.0,17514.0,,,17514.0,17514.0,750.0,750.0,2023
165644,Eastern Nazarene College,Quincy,MA,Private Non-Profit,10863.0,10863.0,510.0,510.0,11373.0,11373.0,604.0,604.0,2023
165662,Emerson College,Boston,MA,Private Non-Profit,33648.0,33648.0,704.0,704.0,34352.0,34352.0,1402.0,1402.0,2023
165671,Emmanuel College,Boston,MA,Private Non-Profit,14319.0,14319.0,,,14319.0,14319.0,796.0,796.0,2023
165699,Endicott College,Beverly,MA,Private Non-Profit,13370.0,13370.0,,,13370.0,13370.0,743.0,743.0,2023
165802,Fisher College,Boston,MA,Private Non-Profit,27342.0,27342.0,100.0,100.0,27442.0,27442.0,651.0,651.0,2023
165820,Fitchburg State University,Fitchburg,MA,Public,3510.0,3510.0,2736.0,2736.0,6246.0,6246.0,195.0,195.0,2023
165936,Gordon College,Wenham,MA,Private Non-Profit,7955.0,7955.0,158.0,158.0,8113.0,8113.0,442.0,442.0,2023
165945,Gordon-Conwell Theological Seminary,South Hamilton,MA,Private Non-Profit,24000.0,24000.0,640.0,640.0,24640.0,24640.0,800.0,800.0,2023
166027,Harvard University,Cambridge,MA,Private Non-Profit,54032.0,54032.0,1408.0,1408.0,55440.0,55440.0,1689.0,1689.0,2023
166045,Hebrew College,Newton,MA,Private Non-Profit,32820.0,32820.0,240.0,240.0,33060.0,33060.0,843.0,843.0,2023
166054,Hellenic College-Holy Cross Greek Orthodox School of Theology,Brookline,MA,Private Non-Profit,21940.0,21940.0,550.0,550.0,22490.0,22490.0,950.0,950.0,2023
166391,Lasell University,Newton,MA,Private Non-Profit,11682.0,11682.0,,,11682.0,11682.0,649.0,649.0,2023
166452,Lesley University,Cambridge,MA,Private Non-Profit,19350.0,19350.0,300.0,300.0,19650.0,19650.0,1075.0,1075.0,2023
166489,Longy School of Music of Bard College,Cambridge,MA,Private Non-Profit,51750.0,51750.0,1200.0,1200.0,52950.0,52950.0,2874.0,2874.0,2023
166513,University of Massachusetts-Lowell,Lowell,MA,Public,15330.0,27706.0,720.0,720.0,16050.0,28426.0,852.0,1539.0,2023
166629,University of Massachusetts-Amherst,Amherst,MA,Public,14723.0,32434.0,2286.0,2286.0,17009.0,34720.0,818.0,1802.0,2023
166638,University of Massachusetts-Boston,Boston,MA,Public,19366.0,37800.0,606.0,606.0,19972.0,38406.0,806.0,1575.0,2023
166656,MCPHS University,Boston,MA,Private Non-Profit,24840.0,24840.0,1230.0,1230.0,26070.0,26070.0,1380.0,1380.0,2023
166674,Massachusetts College of Art and Design,Boston,MA,Public,25500.0,25500.0,,,25500.0,25500.0,850.0,850.0,2023
166683,Massachusetts Institute of Technology,Cambridge,MA,Private Non-Profit,59750.0,59750.0,3643.0,3643.0,63393.0,63393.0,2775.0,2775.0,2023
166692,Massachusetts Maritime Academy,Buzzards Bay,MA,Public,2710.0,2710.0,17274.0,17274.0,19984.0,19984.0,,,2023
166708,University of Massachusetts Chan Medical School,Worcester,MA,Public,26387.0,39163.0,1313.0,1313.0,27700.0,40476.0,1466.0,2176.0,2023
166717,William James College,Newton,MA,Private Non-Profit,37350.0,37350.0,1050.0,1050.0,38400.0,38400.0,1245.0,1245.0,2023
166850,Merrimack College,North Andover,MA,Private Non-Profit,34208.0,34208.0,1292.0,1292.0,35500.0,35500.0,1069.0,1069.0,2023
166869,MGH Institute of Health Professions,Boston,MA,Private Non-Profit,59275.0,59275.0,7540.0,7540.0,66815.0,66815.0,1580.0,1580.0,2023
166939,Mount Holyoke College,South Hadley,MA,Private Non-Profit,32560.0,32560.0,150.0,150.0,32710.0,32710.0,880.0,880.0,2023
167057,The New England Conservatory of Music,Boston,MA,Private Non-Profit,56780.0,56780.0,1770.0,1770.0,58550.0,58550.0,3640.0,3640.0,2023
167093,New England College of Optometry,Boston,MA,Private Non-Profit,23158.0,23158.0,675.0,675.0,23833.0,23833.0,,,2023
167288,Massachusetts College of Liberal Arts,North Adams,MA,Public,3852.0,3852.0,4001.0,4001.0,7853.0,7853.0,214.0,214.0,2023
167358,Northeastern University,Boston,MA,Private Non-Profit,27728.0,27728.0,372.0,372.0,28100.0,28100.0,1733.0,1733.0,2023
167394,College of Our Lady of the Elms,Chicopee,MA,Private Non-Profit,17370.0,17370.0,300.0,300.0,17670.0,17670.0,965.0,965.0,2023
167464,Pope St John XXIII National Seminary,Weston,MA,Private Non-Profit,28000.0,28000.0,,,28000.0,28000.0,,,2023
167598,Regis College,Weston,MA,Private Non-Profit,23688.0,23688.0,,,23688.0,23688.0,987.0,987.0,2023
167677,Saint John's Seminary,Brighton,MA,Private Non-Profit,21031.0,21031.0,1700.0,1700.0,22731.0,22731.0,1175.0,1175.0,2023
167783,Simmons University,Boston,MA,Private Non-Profit,28500.0,28500.0,162.0,162.0,28662.0,28662.0,1230.0,1230.0,2023
167835,Smith College,Northampton,MA,Private Non-Profit,61260.0,61260.0,,,61260.0,61260.0,1910.0,1910.0,2023
167899,Springfield College,Springfield,MA,Private Non-Profit,35340.0,35340.0,971.0,971.0,36311.0,36311.0,1178.0,1178.0,2023
167987,University of Massachusetts-Dartmouth,North Dartmouth,MA,Public,16390.0,29578.0,675.0,675.0,17065.0,30253.0,683.0,1232.0,2023
167996,Stonehill College,Easton,MA,Private Non-Profit,32906.0,32906.0,210.0,210.0,33116.0,33116.0,1006.0,1006.0,2023
168005,Suffolk University,Boston,MA,Private Non-Profit,35860.0,35860.0,476.0,476.0,36336.0,36336.0,1569.0,1569.0,2023
168148,Tufts University,Medford,MA,Private Non-Profit,48324.0,48324.0,1152.0,1152.0,49476.0,49476.0,1611.0,1611.0,2023
168227,Wentworth Institute of Technology,Boston,MA,Private Non-Profit,42095.0,42095.0,,,42095.0,42095.0,1235.0,1235.0,2023
168254,Western New England University,Springfield,MA,Private Non-Profit,18000.0,18000.0,200.0,200.0,18200.0,18200.0,1000.0,1000.0,2023
168342,Williams College,Williamstown,MA,Private Non-Profit,64540.0,64540.0,,,64540.0,64540.0,2017.0,2017.0,2023
168421,Worcester Polytechnic Institute,Worcester,MA,Private Non-Profit,28980.0,28980.0,60.0,60.0,29040.0,29040.0,1610.0,1610.0,2023
168430,Worcester State University,Worcester,MA,Public,3042.0,3042.0,3051.0,3051.0,6093.0,6093.0,169.0,169.0,2023
168528,Adrian College,Adrian,MI,Private Non-Profit,20150.0,20150.0,976.0,976.0,21126.0,21126.0,650.0,650.0,2023
168591,Alma College,Alma,MI,Private Non-Profit,16943.0,16943.0,1838.0,1838.0,18781.0,18781.0,775.0,775.0,2023
168740,Andrews University,Berrien Springs,MI,Private Non-Profit,27380.0,27380.0,1060.0,1060.0,28440.0,28440.0,1369.0,1369.0,2023
168786,Aquinas College,Grand Rapids,MI,Private Non-Profit,11718.0,11718.0,190.0,190.0,11908.0,11908.0,651.0,651.0,2023
168847,Baker College,Owosso,MI,Private Non-Profit,12150.0,12150.0,400.0,400.0,12550.0,12550.0,675.0,675.0,2023
169080,Calvin University,Grand Rapids,MI,Private Non-Profit,10909.0,10909.0,,,10909.0,10909.0,689.0,689.0,2023
169099,Calvin Theological Seminary,Grand Rapids,MI,Private Non-Profit,17255.0,17255.0,,,17255.0,17255.0,595.0,595.0,2023
169220,Michigan School of Psychology,Farmington Hills,MI,Private Non-Profit,35760.0,35760.0,2265.0,2265.0,38025.0,38025.0,745.0,745.0,2023
169248,Central Michigan University,Mount Pleasant,MI,Public,15843.0,15843.0,450.0,450.0,16293.0,16293.0,763.0,763.0,2023
169327,Cleary University,Howell,MI,Private Non-Profit,17738.0,17738.0,1425.0,1425.0,19163.0,19163.0,1075.0,1075.0,2023
169363,Concordia University Ann Arbor,Ann Arbor,MI,Private Non-Profit,14700.0,14700.0,210.0,210.0,14910.0,14910.0,840.0,840.0,2023
169424,Cranbrook Academy of Art,Bloomfield Hills,MI,Private Non-Profit,42450.0,42450.0,1722.0,1722.0,44172.0,44172.0,,,2023
169442,College for Creative Studies,Detroit,MI,Private Non-Profit,52170.0,52170.0,1405.0,1405.0,53575.0,53575.0,1739.0,1739.0,2023
169479,Davenport University,Grand Rapids,MI,Private Non-Profit,18108.0,18108.0,1052.0,1052.0,19160.0,19160.0,1006.0,1006.0,2023
169716,University of Detroit Mercy,Detroit,MI,Private Non-Profit,22250.0,22250.0,,,22250.0,22250.0,1821.0,1821.0,2023
169798,Eastern Michigan University,Ypsilanti,MI,Public,17231.0,29862.0,210.0,210.0,17441.0,30072.0,957.0,1659.0,2023
169910,Ferris State University,Big Rapids,MI,Public,8880.0,8880.0,106.0,106.0,8986.0,8986.0,740.0,740.0,2023
169983,Kettering University,Flint,MI,Private Non-Profit,14384.0,14384.0,,,14384.0,14384.0,899.0,899.0,2023
170000,Grace Christian University,Wyoming,MI,Private Non-Profit,11520.0,11520.0,3600.0,3600.0,15120.0,15120.0,480.0,480.0,2023
170037,Cornerstone University,Grand Rapids,MI,Private Non-Profit,8522.0,8522.0,800.0,800.0,9322.0,9322.0,563.0,563.0,2023
170082,Grand Valley State University,Allendale,MI,Public,19364.0,19364.0,,,19364.0,19364.0,807.0,807.0,2023
170286,Hillsdale College,Hillsdale,MI,Private Non-Profit,26780.0,26780.0,560.0,560.0,27340.0,27340.0,1470.0,1470.0,2023
170675,Lawrence Technological University,Southfield,MI,Private Non-Profit,19900.0,19900.0,600.0,600.0,20500.0,20500.0,1421.0,1421.0,2023
170806,Madonna University,Livonia,MI,Private Non-Profit,17640.0,17640.0,,,17640.0,17640.0,980.0,980.0,2023
170967,Rochester University,Rochester Hills,MI,Private Non-Profit,12600.0,12600.0,,,12600.0,12600.0,700.0,700.0,2023
170976,University of Michigan-Ann Arbor,Ann Arbor,MI,Public,27192.0,54720.0,332.0,332.0,27524.0,55052.0,1467.0,2996.0,2023
171100,Michigan State University,East Lansing,MI,Public,20808.0,40884.0,340.0,340.0,21148.0,41224.0,867.0,1704.0,2023
171128,Michigan Technological University,Houghton,MI,Public,24669.0,24669.0,260.0,260.0,24929.0,24929.0,1371.0,1371.0,2023
171137,University of Michigan-Dearborn,Dearborn,MI,Public,15556.0,28160.0,400.0,400.0,15956.0,28560.0,909.0,1640.0,2023
171146,University of Michigan-Flint,Flint,MI,Public,13383.0,20034.0,524.0,524.0,13907.0,20558.0,744.0,1113.0,2023
171456,Northern Michigan University,Marquette,MI,Public,10704.0,14160.0,896.0,896.0,11600.0,15056.0,669.0,885.0,2023
171492,Northwood University,Midland,MI,Private Non-Profit,37980.0,37980.0,,,37980.0,37980.0,1055.0,1055.0,2023
171571,Oakland University,Rochester Hills,MI,Public,20979.0,24648.0,,,20979.0,24648.0,874.0,1027.0,2023
171599,The University of Olivet,Olivet,MI,Private Non-Profit,10848.0,10848.0,230.0,230.0,11078.0,11078.0,904.0,904.0,2023
171881,Kuyper College,Grand Rapids,MI,Private Non-Profit,5400.0,5400.0,,,5400.0,5400.0,450.0,450.0,2023
172033,Sacred Heart Major Seminary,Detroit,MI,Private Non-Profit,32992.0,32992.0,120.0,120.0,33112.0,33112.0,743.0,743.0,2023
172051,Saginaw Valley State University,University Center,MI,Public,17328.0,17328.0,,,17328.0,17328.0,722.0,722.0,2023
172264,Siena Heights University,Adrian,MI,Private Non-Profit,12744.0,12744.0,1278.0,1278.0,14022.0,14022.0,708.0,708.0,2023
172334,Spring Arbor University,Spring Arbor,MI,Private Non-Profit,7904.0,7904.0,290.0,290.0,8194.0,8194.0,669.0,669.0,2023
172477,Thomas M Cooley Law School,Lansing,MI,Private Non-Profit,14440.0,14440.0,640.0,640.0,15080.0,15080.0,1200.0,1200.0,2023
172608,Walsh College,Troy,MI,Private Non-Profit,16632.0,16632.0,525.0,525.0,17157.0,17157.0,924.0,924.0,2023
172644,Wayne State University,Detroit,MI,Public,18301.0,39639.0,2181.0,2181.0,20482.0,41820.0,763.0,1652.0,2023
172699,Western Michigan University,Kalamazoo,MI,Public,18354.0,27531.0,923.0,923.0,19277.0,28454.0,765.0,1147.0,2023
172705,Western Theological Seminary,Holland,MI,Private Non-Profit,16385.0,16385.0,200.0,200.0,16585.0,16585.0,565.0,565.0,2023
173045,Augsburg University,Minneapolis,MN,Private Non-Profit,13950.0,13950.0,,,13950.0,13950.0,775.0,775.0,2023
173124,Bemidji State University,Bemidji,MN,Public,9221.0,9221.0,827.0,827.0,10048.0,10048.0,512.0,512.0,2023
173142,Bethany Lutheran College,Mankato,MN,Private Non-Profit,10350.0,10350.0,465.0,465.0,10815.0,10815.0,575.0,575.0,2023
173160,Bethel University,Saint Paul,MN,Private Non-Profit,10566.0,10566.0,,,10566.0,10566.0,587.0,587.0,2023
173300,Concordia College at Moorhead,Moorhead,MN,Private Non-Profit,10659.0,10659.0,640.0,640.0,11299.0,11299.0,609.0,609.0,2023
173328,Concordia University-Saint Paul,Saint Paul,MN,Private Non-Profit,8550.0,8550.0,,,8550.0,8550.0,435.0,435.0,2023
173452,Martin Luther College,New Ulm,MN,Private Non-Profit,5940.0,5940.0,,,5940.0,5940.0,350.0,350.0,2023
173665,Hamline University,Saint Paul,MN,Private Non-Profit,10003.0,10003.0,278.0,278.0,10281.0,10281.0,676.0,676.0,2023
173683,Hazelden Betty Ford Graduate School,Center City,MN,Private Non-Profit,26208.0,26208.0,547.0,547.0,26755.0,26755.0,819.0,819.0,2023
173896,Luther Seminary,Saint Paul,MN,Private Non-Profit,19333.0,19333.0,10.0,10.0,19343.0,19343.0,1933.0,1933.0,2023
173920,Minnesota State University-Mankato,Mankato,MN,Public,9182.0,18364.0,848.0,848.0,10030.0,19212.0,510.0,765.0,2023
173957,Mayo Clinic College of Medicine and Science,Rochester,MN,Private Non-Profit,22804.0,22804.0,1044.0,1044.0,23848.0,23848.0,700.0,700.0,2023
174020,Metropolitan State University,Saint Paul,MN,Public,10171.0,10171.0,806.0,806.0,10977.0,10977.0,509.0,509.0,2023
174066,University of Minnesota-Twin Cities,Minneapolis,MN,Public,19116.0,29580.0,1975.0,1975.0,21091.0,31555.0,1593.0,2465.0,2023
174127,Minneapolis College of Art and Design,Minneapolis,MN,Private Non-Profit,43374.0,43374.0,450.0,450.0,43824.0,43824.0,1807.0,1807.0,2023
174154,Herzing University-Minneapolis,St. Louis Park,MN,Private Non-Profit,8100.0,8100.0,1060.0,1060.0,9160.0,9160.0,675.0,675.0,2023
174233,University of Minnesota-Duluth,Duluth,MN,Public,19116.0,29580.0,1552.0,1552.0,20668.0,31132.0,1593.0,2465.0,2023
174358,Minnesota State University Moorhead,Moorhead,MN,Public,10479.0,10479.0,1058.0,1058.0,11537.0,11537.0,582.0,582.0,2023
174437,North Central University,Minneapolis,MN,Private Non-Profit,10800.0,10800.0,700.0,700.0,11500.0,11500.0,600.0,600.0,2023
174491,University of Northwestern-St Paul,Saint Paul,MN,Private Non-Profit,9720.0,9720.0,,,9720.0,9720.0,540.0,540.0,2023
174507,Northwestern Health Sciences University,Bloomington,MN,Private Non-Profit,11570.0,11570.0,975.0,975.0,12545.0,12545.0,445.0,445.0,2023
174747,College of Saint Benedict,Saint Joseph,MN,Private Non-Profit,15498.0,15498.0,1575.0,1575.0,17073.0,17073.0,738.0,738.0,2023
174783,Saint Cloud State University,Saint Cloud,MN,Public,9300.0,14130.0,1184.0,1184.0,10484.0,15314.0,517.0,785.0,2023
174792,Saint Johns University,Collegeville,MN,Private Non-Profit,17730.0,17730.0,300.0,300.0,18030.0,18030.0,985.0,985.0,2023
174817,Saint Mary's University of Minnesota,Winona,MN,Private Non-Profit,12222.0,12222.0,,,12222.0,12222.0,674.0,674.0,2023
174862,Crown College,Saint Bonifacius,MN,Private Non-Profit,10980.0,10980.0,300.0,300.0,11280.0,11280.0,610.0,610.0,2023
174899,The College of Saint Scholastica,Duluth,MN,Private Non-Profit,15024.0,15024.0,372.0,372.0,15396.0,15396.0,670.0,670.0,2023
174914,University of St Thomas,Saint Paul,MN,Private Non-Profit,21611.0,21611.0,381.0,381.0,21992.0,21992.0,1274.0,1274.0,2023
175005,St Catherine University,Saint Paul,MN,Private Non-Profit,17910.0,17910.0,660.0,660.0,18570.0,18570.0,1042.0,1042.0,2023
175014,Rasmussen University-Minnesota,St. Cloud,MN,Private For-Profit,4554.0,4554.0,1073.0,1073.0,5627.0,5627.0,194.0,194.0,2023
175078,Southwest Minnesota State University,Marshall,MN,Public,9054.0,9054.0,998.0,998.0,10052.0,10052.0,503.0,503.0,2023
175139,United Theological Seminary of the Twin Cities,St. Paul,MN,Private Non-Profit,13050.0,13050.0,,,13050.0,13050.0,725.0,725.0,2023
175272,Winona State University,Winona,MN,Public,9612.0,14507.0,879.0,879.0,10491.0,15386.0,481.0,725.0,2023
175281,Mitchell Hamline School of Law,Saint Paul,MN,Private Non-Profit,37280.0,37280.0,500.0,500.0,37780.0,37780.0,2083.0,2083.0,2023
175342,Alcorn State University,Alcorn State,MS,Public,8583.0,8583.0,680.0,680.0,9263.0,9263.0,477.0,477.0,2023
175421,Belhaven University,Jackson,MS,Private Non-Profit,10890.0,10890.0,540.0,540.0,11430.0,11430.0,605.0,605.0,2023
175430,Blue Mountain Christian University,Blue Mountain,MS,Private Non-Profit,12386.0,12386.0,80.0,80.0,12466.0,12466.0,583.0,583.0,2023
175616,Delta State University,Cleveland,MS,Public,8435.0,8435.0,170.0,170.0,8605.0,8605.0,469.0,469.0,2023
175856,Jackson State University,Jackson,MS,Public,8520.0,8520.0,275.0,1275.0,8795.0,9795.0,474.0,1474.0,2023
175980,Millsaps College,Jackson,MS,Private Non-Profit,17520.0,17520.0,480.0,480.0,18000.0,18000.0,730.0,730.0,2023
176017,University of Mississippi,University,MS,Public,9252.0,26820.0,160.0,160.0,9412.0,26980.0,514.0,1490.0,2023
176035,Mississippi University for Women,Columbus,MS,Public,7992.0,7992.0,100.0,100.0,8092.0,8092.0,450.0,450.0,2023
176044,Mississippi Valley State University,Itta Bena,MS,Public,8265.0,8265.0,20.0,20.0,8285.0,8285.0,447.0,447.0,2023
176053,Mississippi College,Clinton,MS,Private Non-Profit,12834.0,12834.0,762.0,762.0,13596.0,13596.0,713.0,713.0,2023
176080,Mississippi State University,Mississippi State,MS,Public,9665.0,26430.0,150.0,150.0,9815.0,26580.0,537.0,1468.0,2023
176372,University of Southern Mississippi,Hattiesburg,MS,Public,9508.0,11508.0,110.0,110.0,9618.0,11618.0,529.0,641.0,2023
176406,Tougaloo College,Tougaloo,MS,Private Non-Profit,10134.0,10134.0,477.0,477.0,10611.0,10611.0,563.0,563.0,2023
176451,Wesley Biblical Seminary,Ridgeland,MS,Private Non-Profit,12000.0,12000.0,600.0,600.0,12600.0,12600.0,500.0,500.0,2023
176479,William Carey University,Hattiesburg,MS,Private Non-Profit,12312.0,12312.0,360.0,360.0,12672.0,12672.0,480.0,480.0,2023
176600,Aquinas Institute of Theology,Saint Louis,MO,Private Non-Profit,15300.0,15300.0,600.0,600.0,15900.0,15900.0,850.0,850.0,2023
176628,Avila University,Kansas City,MO,Private Non-Profit,10800.0,10800.0,,,10800.0,10800.0,600.0,600.0,2023
176664,Mission University,Springfield,MO,Private Non-Profit,7650.0,7650.0,500.0,500.0,8150.0,8150.0,425.0,425.0,2023
176770,Cox College,Springfield,MO,Private Non-Profit,22002.0,22002.0,4864.0,4864.0,26866.0,26866.0,625.0,625.0,2023
176789,Calvary University,Kansas City,MO,Private Non-Profit,7830.0,7830.0,1482.0,1482.0,9312.0,9312.0,435.0,435.0,2023
176910,Central Christian College of the Bible,Moberly,MO,Private Non-Profit,6300.0,6300.0,150.0,150.0,6450.0,6450.0,350.0,350.0,2023
176965,University of Central Missouri,Warrensburg,MO,Public,8544.0,17088.0,1410.0,1410.0,9954.0,18498.0,356.0,712.0,2023
177038,Cleveland University-Kansas City,Overland Park,KS,Private Non-Profit,12950.0,12950.0,,,12950.0,12950.0,650.0,650.0,2023
177065,Columbia College,Columbia,MO,Private Non-Profit,9200.0,9200.0,,,9200.0,9200.0,452.0,452.0,2023
177092,Concordia Seminary,Saint Louis,MO,Private Non-Profit,31605.0,31605.0,150.0,150.0,31755.0,31755.0,1290.0,1290.0,2023
177126,Covenant Theological Seminary,Saint Louis,MO,Private Non-Profit,15470.0,15470.0,310.0,310.0,15780.0,15780.0,595.0,595.0,2023
177144,Culver-Stockton College,Canton,MO,Private Non-Profit,6000.0,6000.0,200.0,200.0,6200.0,6200.0,456.0,456.0,2023
177214,Drury University,Springfield,MO,Private Non-Profit,7995.0,7995.0,120.0,120.0,8115.0,8115.0,533.0,533.0,2023
177278,Eden Theological Seminary,Webster Groves,MO,Private Non-Profit,16800.0,16800.0,150.0,150.0,16950.0,16950.0,740.0,740.0,2023
177339,Evangel University,Springfield,MO,Private Non-Profit,8304.0,8304.0,450.0,450.0,8754.0,8754.0,430.0,430.0,2023
177418,Fontbonne University,Saint Louis,MO,Private Non-Profit,13950.0,13950.0,630.0,630.0,14580.0,14580.0,775.0,775.0,2023
177542,Hannibal-LaGrange University,Hannibal,MO,Private Non-Profit,14040.0,14040.0,,,14040.0,14040.0,520.0,520.0,2023
177719,Barnes-Jewish College Goldfarb School of Nursing,Saint Louis,MO,Private Non-Profit,12510.0,12510.0,130.0,130.0,12640.0,12640.0,834.0,834.0,2023
177816,Kenrick Glennon Seminary,Saint Louis,MO,Private Non-Profit,31280.0,31280.0,220.0,220.0,31500.0,31500.0,,,2023
177834,A T Still University of Health Sciences,Kirksville,MO,Private Non-Profit,38325.0,38325.0,1350.0,1350.0,39675.0,39675.0,713.0,713.0,2023
177940,Lincoln University,Jefferson City,MO,Public,6124.0,11378.0,1458.0,1458.0,7582.0,12836.0,340.0,632.0,2023
177968,Lindenwood University,Saint Charles,MO,Private Non-Profit,8550.0,8550.0,,,8550.0,8550.0,570.0,570.0,2023
177986,Logan University,Chesterfield,MO,Private Non-Profit,12600.0,12600.0,,,12600.0,12600.0,700.0,700.0,2023
178059,Maryville University of Saint Louis,Saint Louis,MO,Private Non-Profit,14346.0,14346.0,1420.0,1420.0,15766.0,15766.0,797.0,797.0,2023
178208,Midwestern Baptist Theological Seminary,Kansas City,MO,Private Non-Profit,7020.0,7020.0,1000.0,1000.0,8020.0,8020.0,390.0,390.0,2023
178244,Missouri Baptist University,Saint Louis,MO,Private Non-Profit,11538.0,11538.0,,,11538.0,11538.0,641.0,641.0,2023
178341,Missouri Southern State University,Joplin,MO,Public,6732.0,12240.0,,,6732.0,12240.0,374.0,680.0,2023
178369,Missouri Valley College,Marshall,MO,Private Non-Profit,3870.0,3870.0,,,3870.0,3870.0,430.0,430.0,2023
178387,Missouri Western State University,Saint Joseph,MO,Public,7650.0,12780.0,738.0,738.0,8388.0,13518.0,425.0,710.0,2023
178396,University of Missouri-Columbia,Columbia,MO,Public,12000.0,30000.0,1029.0,1029.0,13029.0,31029.0,500.0,1250.0,2023
178402,University of Missouri-Kansas City,Kansas City,MO,Public,11712.0,29400.0,1360.0,1360.0,13072.0,30760.0,488.0,1225.0,2023
178411,Missouri University of Science and Technology,Rolla,MO,Public,13200.0,24000.0,1278.0,1278.0,14478.0,25278.0,550.0,1000.0,2023
178420,University of Missouri-St Louis,Saint Louis,MO,Public,14736.0,35040.0,,,14736.0,35040.0,614.0,1460.0,2023
178518,Nazarene Theological Seminary,Kansas City,MO,Private Non-Profit,10080.0,10080.0,400.0,400.0,10480.0,10480.0,560.0,560.0,2023
178615,Truman State University,Kirksville,MO,Public,11712.0,11712.0,,,11712.0,11712.0,488.0,488.0,2023
178624,Northwest Missouri State University,Maryville,MO,Public,6704.0,6704.0,1242.0,1242.0,7946.0,7946.0,372.0,372.0,2023
178721,Park University,Parkville,MO,Private Non-Profit,7942.0,7942.0,,,7942.0,7942.0,657.0,657.0,2023
178989,Research College of Nursing,Kansas City,MO,Private For-Profit,9900.0,9900.0,620.0,620.0,10520.0,10520.0,550.0,550.0,2023
179043,Rockhurst University,Kansas City,MO,Private Non-Profit,19480.0,19480.0,938.0,938.0,20418.0,20418.0,790.0,790.0,2023
179159,Saint Louis University,Saint Louis,MO,Private Non-Profit,23580.0,23580.0,914.0,914.0,24494.0,24494.0,1310.0,1310.0,2023
179265,University of Health Sciences and Pharmacy in St. Louis,Saint Louis,MO,Private Non-Profit,8550.0,8550.0,600.0,600.0,9150.0,9150.0,950.0,950.0,2023
179317,Saint Paul School of Theology,Leawood,KS,Private Non-Profit,11466.0,11466.0,1350.0,1350.0,12816.0,12816.0,637.0,637.0,2023
179326,Southwest Baptist University,Bolivar,MO,Private Non-Profit,5730.0,5730.0,403.0,403.0,6133.0,6133.0,409.0,409.0,2023
179548,Stephens College,Columbia,MO,Private Non-Profit,9360.0,9360.0,540.0,540.0,9900.0,9900.0,520.0,520.0,2023
179557,Southeast Missouri State University,Cape Girardeau,MO,Public,6565.0,6565.0,806.0,806.0,7371.0,7371.0,365.0,365.0,2023
179566,Missouri State University-Springfield,Springfield,MO,Public,6264.0,12492.0,1212.0,1212.0,7476.0,13704.0,348.0,694.0,2023
179812,Kansas City University,Kansas City,MO,Private Non-Profit,36836.0,36836.0,1284.0,1284.0,38120.0,38120.0,1228.0,1228.0,2023
179867,Washington University in St Louis,Saint Louis,MO,Private Non-Profit,61750.0,61750.0,616.0,616.0,62366.0,62366.0,2573.0,2573.0,2023
179894,Webster University,Saint Louis,MO,Private Non-Profit,13140.0,13140.0,200.0,200.0,13340.0,13340.0,730.0,730.0,2023
179955,William Jewell College,Liberty,MO,Private Non-Profit,5736.0,5736.0,,,5736.0,5736.0,478.0,478.0,2023
179964,William Woods University,Fulton,MO,Private Non-Profit,13800.0,13800.0,,,13800.0,13800.0,575.0,575.0,2023
180106,Carroll College,Helena,MT,Private Non-Profit,13698.0,13698.0,1120.0,1120.0,14818.0,14818.0,761.0,761.0,2023
180179,Montana State University Billings,Billings,MT,Public,6419.0,21741.0,1901.0,2040.0,8320.0,23781.0,267.0,906.0,2023
180258,University of Providence,Great Falls,MT,Private Non-Profit,24237.0,24237.0,,,24237.0,24237.0,974.0,974.0,2023
180416,Montana Technological University,Butte,MT,Public,5042.0,19690.0,1518.0,1580.0,6560.0,21270.0,280.0,1094.0,2023
180461,Montana State University,Bozeman,MT,Public,5451.0,22757.0,1862.0,2106.0,7313.0,24863.0,303.0,1264.0,2023
180489,The University of Montana,Missoula,MT,Public,7164.0,32492.0,2416.0,2822.0,9580.0,35314.0,299.0,1354.0,2023
180522,Montana State University-Northern,Havre,MT,Public,5742.0,18686.0,1459.0,1569.0,7201.0,20255.0,341.0,885.0,2023
180595,Rocky Mountain College,Billings,MT,Private Non-Profit,31903.0,31903.0,3732.0,3732.0,35635.0,35635.0,1345.0,1345.0,2023
180647,Salish Kootenai College,Pablo,MT,Public,4941.0,8883.0,435.0,435.0,5376.0,9318.0,183.0,329.0,2023
180814,Bellevue University,Bellevue,NE,Private Non-Profit,11682.0,11682.0,750.0,750.0,12432.0,12432.0,649.0,649.0,2023
180832,Clarkson College,Omaha,NE,Private Non-Profit,12546.0,12546.0,,,12546.0,12546.0,697.0,697.0,2023
180878,Bryan College of Health Sciences,Lincoln,NE,Private Non-Profit,22600.0,22600.0,1495.0,1495.0,24095.0,24095.0,565.0,565.0,2023
180948,Chadron State College,Chadron,NE,Public,4800.0,9600.0,1583.0,1583.0,6383.0,11183.0,240.0,480.0,2023
180984,Concordia University-Nebraska,Seward,NE,Private Non-Profit,7650.0,7650.0,,,7650.0,7650.0,425.0,425.0,2023
181002,Creighton University,Omaha,NE,Private Non-Profit,17676.0,17676.0,2000.0,2000.0,19676.0,19676.0,982.0,982.0,2023
181020,Doane University,Crete,NE,Private Non-Profit,9023.0,9023.0,200.0,200.0,9223.0,9223.0,363.0,363.0,2023
181127,Hastings College,Hastings,NE,Private Non-Profit,11400.0,11400.0,2180.0,2180.0,13580.0,13580.0,475.0,475.0,2023
181215,University of Nebraska at Kearney,Kearney,NE,Public,6432.0,14136.0,1434.0,1434.0,7866.0,15570.0,268.0,589.0,2023
181297,Nebraska Methodist College of Nursing & Allied Health,Omaha,NE,Private Non-Profit,12249.0,12249.0,1000.0,1000.0,13249.0,13249.0,745.0,745.0,2023
181330,Midland University,Fremont,NE,Private Non-Profit,13968.0,13968.0,628.0,628.0,14596.0,14596.0,488.0,488.0,2023
181394,University of Nebraska at Omaha,Omaha,NE,Public,6322.0,15204.0,1656.0,1656.0,7978.0,16860.0,353.0,849.0,2023
181428,University of Nebraska Medical Center,Omaha,NE,Public,9207.0,26379.0,582.0,582.0,9789.0,26961.0,341.0,977.0,2023
181446,Nebraska Wesleyan University,Lincoln,NE,Private Non-Profit,9243.0,9243.0,240.0,240.0,9483.0,9483.0,513.0,513.0,2023
181464,University of Nebraska-Lincoln,Lincoln,NE,Public,6318.0,18468.0,1850.0,1850.0,8168.0,20318.0,353.0,1031.0,2023
181534,Peru State College,Peru,NE,Public,9408.0,9408.0,,,9408.0,9408.0,392.0,392.0,2023
181604,College of Saint Mary,Omaha,NE,Private Non-Profit,21739.0,21739.0,,,21739.0,21739.0,613.0,613.0,2023
181738,Union Adventist University,Lincoln,NE,Private Non-Profit,28843.0,28843.0,3183.0,3183.0,32026.0,32026.0,1225.0,1225.0,2023
181783,Wayne State College,Wayne,NE,Public,4320.0,8640.0,1320.0,1320.0,5640.0,9960.0,240.0,480.0,2023
181853,York University,York,NE,Private Non-Profit,5100.0,5100.0,600.0,600.0,5700.0,5700.0,425.0,425.0,2023
182281,University of Nevada-Las Vegas,Las Vegas,NV,Public,6119.0,23075.0,858.0,858.0,6977.0,23933.0,322.0,676.0,2023
182290,University of Nevada-Reno,Reno,NV,Public,5792.0,22748.0,792.0,792.0,6584.0,23540.0,322.0,676.0,2023
182634,Colby-Sawyer College,New London,NH,Private Non-Profit,13830.0,13830.0,340.0,340.0,14170.0,14170.0,678.0,678.0,2023
182795,Franklin Pierce University,Rindge,NH,Private Non-Profit,39549.0,39549.0,500.0,500.0,40049.0,40049.0,665.0,665.0,2023
182829,University of New Hampshire-Franklin Pierce School of Law,Concord,NH,Public,36000.0,41000.0,320.0,320.0,36320.0,41320.0,1160.0,1310.0,2023
182980,New England College,Henniker,NH,Private Non-Profit,14376.0,14376.0,552.0,552.0,14928.0,14928.0,599.0,599.0,2023
183026,Southern New Hampshire University,Manchester,NH,Private Non-Profit,19467.0,19467.0,1002.0,1002.0,20469.0,20469.0,721.0,721.0,2023
183044,University of New Hampshire-Main Campus,Durham,NH,Public,14170.0,27810.0,2328.0,2328.0,16498.0,30138.0,785.0,1370.0,2023
183062,Keene State College,Keene,NH,Public,9990.0,11556.0,2159.0,2159.0,12149.0,13715.0,555.0,642.0,2023
183071,University of New Hampshire at Manchester,Manchester,NH,Public,14400.0,16380.0,464.0,464.0,14864.0,16844.0,800.0,910.0,2023
183080,Plymouth State University,Plymouth,NH,Public,17090.0,23690.0,1260.0,1260.0,18350.0,24950.0,570.0,789.0,2023
183211,Rivier University,Nashua,NH,Private Non-Profit,12546.0,12546.0,325.0,325.0,12871.0,12871.0,697.0,697.0,2023
183239,Saint Anselm College,Manchester,NH,Private Non-Profit,25000.0,25000.0,,,25000.0,25000.0,675.0,675.0,2023
183257,University of New Hampshire College of Professional Studies Online,Manchester,NH,Public,10044.0,10962.0,276.0,276.0,10320.0,11238.0,558.0,609.0,2023
183789,Berkeley College-Woodland Park,Woodland Park,NJ,Private For-Profit,19850.0,19850.0,,,19850.0,19850.0,1100.0,1100.0,2023
183804,Beth Medrash Govoha,Lakewood,NJ,Private Non-Profit,4693.0,4693.0,,,4693.0,4693.0,196.0,196.0,2023
183822,Bloomfield College,Bloomfield,NJ,Private Non-Profit,11760.0,11760.0,,,11760.0,11760.0,490.0,490.0,2023
183910,Caldwell University,Caldwell,NJ,Private Non-Profit,18990.0,18990.0,810.0,810.0,19800.0,19800.0,1055.0,1055.0,2023
183974,Centenary University,Hackettstown,NJ,Private Non-Profit,19098.0,19098.0,252.0,252.0,19350.0,19350.0,1061.0,1061.0,2023
184348,Drew University,Madison,NJ,Private Non-Profit,25056.0,25056.0,1000.0,1000.0,26056.0,26056.0,1392.0,1392.0,2023
184603,Fairleigh Dickinson University-Metropolitan Campus,Teaneck,NJ,Private Non-Profit,17418.0,17418.0,1020.0,1020.0,18438.0,18438.0,867.0,867.0,2023
184612,Felician University,Lodi,NJ,Private Non-Profit,20610.0,20610.0,1050.0,1050.0,21660.0,21660.0,1145.0,1145.0,2023
184694,Fairleigh Dickinson University-Florham Campus,Madison,NJ,Private Non-Profit,23322.0,23322.0,1020.0,1020.0,24342.0,24342.0,936.0,936.0,2023
184773,Georgian Court University,Lakewood,NJ,Private Non-Profit,14760.0,14760.0,1090.0,1090.0,15850.0,15850.0,820.0,820.0,2023
184782,Rowan University,Glassboro,NJ,Public,14380.0,14380.0,3265.0,3265.0,17645.0,17645.0,799.0,799.0,2023
185129,New Jersey City University,Jersey City,NJ,Public,14798.0,23579.0,56.0,56.0,14854.0,23635.0,822.0,1310.0,2023
185262,Kean University,Union,NJ,Public,16793.0,22082.0,1837.0,1837.0,18630.0,23919.0,815.0,980.0,2023
185572,Monmouth University,West Long Branch,NJ,Private Non-Profit,26280.0,26280.0,752.0,752.0,27032.0,27032.0,1095.0,1095.0,2023
185590,Montclair State University,Montclair,NJ,Public,14562.0,14562.0,575.0,575.0,15137.0,15137.0,809.0,809.0,2023
185758,New Brunswick Theological Seminary,New Brunswick,NJ,Private Non-Profit,16800.0,16800.0,700.0,700.0,17500.0,17500.0,700.0,700.0,2023
185828,New Jersey Institute of Technology,Newark,NJ,Public,22534.0,33318.0,3384.0,3384.0,25918.0,36702.0,1226.0,1760.0,2023
186122,Princeton Theological Seminary,Princeton,NJ,Private Non-Profit,20250.0,20250.0,,,20250.0,20250.0,780.0,780.0,2023
186131,Princeton University,Princeton,NJ,Private Non-Profit,59710.0,59710.0,3150.0,3150.0,62860.0,62860.0,,,2023
186186,Rabbinical College of America,Morristown,NJ,Private Non-Profit,13000.0,13000.0,,,13000.0,13000.0,542.0,542.0,2023
186201,Ramapo College of New Jersey,Mahwah,NJ,Public,20444.0,20444.0,,,20444.0,20444.0,852.0,852.0,2023
186283,Rider University,Lawrenceville,NJ,Private Non-Profit,18701.0,18701.0,360.0,360.0,19061.0,19061.0,1039.0,1039.0,2023
186371,Rutgers University-Camden,Camden,NJ,Public,19824.0,32664.0,2704.0,2704.0,22528.0,35368.0,826.0,1361.0,2023
186380,Rutgers University-New Brunswick,New Brunswick,NJ,Public,19824.0,33720.0,2524.0,2524.0,22348.0,36244.0,826.0,1405.0,2023
186399,Rutgers University-Newark,Newark,NJ,Public,19824.0,33720.0,2505.0,2505.0,22329.0,36225.0,826.0,1405.0,2023
186432,Saint Peter's University,Jersey City,NJ,Private Non-Profit,15210.0,15210.0,50.0,50.0,15260.0,15260.0,845.0,845.0,2023
186584,Seton Hall University,South Orange,NJ,Private Non-Profit,35160.0,35160.0,950.0,950.0,36110.0,36110.0,1465.0,1465.0,2023
186618,Saint Elizabeth University,Morristown,NJ,Private Non-Profit,19236.0,19236.0,690.0,690.0,19926.0,19926.0,1001.0,1001.0,2023
186867,Stevens Institute of Technology,Hoboken,NJ,Private Non-Profit,41380.0,41380.0,1608.0,1608.0,42988.0,42988.0,1864.0,1864.0,2023
186876,Stockton University,Galloway,NJ,Public,14634.0,21330.0,1872.0,1872.0,16506.0,23202.0,813.0,1185.0,2023
187046,Thomas Edison State University,Trenton,NJ,Public,12150.0,12150.0,,,12150.0,12150.0,675.0,675.0,2023
187134,The College of New Jersey,Ewing,NJ,Public,16167.0,16167.0,1476.0,1476.0,17643.0,17643.0,898.0,898.0,2023
187444,William Paterson University of New Jersey,Wayne,NJ,Public,15948.0,22950.0,460.0,460.0,16408.0,23410.0,886.0,1275.0,2023
187596,Navajo Technical University,Crownpoint,NM,Public,4968.0,4968.0,1300.0,1300.0,6268.0,6268.0,276.0,276.0,2023
187648,Eastern New Mexico University-Main Campus,Portales,NM,Public,5454.0,7226.0,,,5454.0,7226.0,303.0,401.0,2023
187745,Institute of American Indian and Alaska Native Culture and Arts Development,Santa Fe,NM,Public,12000.0,12000.0,745.0,745.0,12745.0,12745.0,500.0,500.0,2023
187897,New Mexico Highlands University,Las Vegas,NM,Public,5488.0,10264.0,2372.0,2372.0,7860.0,12636.0,229.0,428.0,2023
187967,New Mexico Institute of Mining and Technology,Socorro,NM,Public,8005.0,26479.0,1373.0,1373.0,9378.0,27852.0,445.0,1471.0,2023
187985,University of New Mexico-Main Campus,Albuquerque,NM,Public,6287.0,20442.0,1108.0,1108.0,7395.0,21550.0,349.0,1136.0,2023
188030,New Mexico State University-Main Campus,Las Cruces,NM,Public,5181.0,18023.0,1398.0,1398.0,6579.0,19421.0,288.0,1001.0,2023
188058,Northern New Mexico College,Espanola,NM,Public,3798.0,10746.0,,,3798.0,10746.0,211.0,597.0,2023
188182,University of the Southwest,Hobbs,NM,Private Non-Profit,23364.0,23364.0,,,23364.0,23364.0,649.0,649.0,2023
188207,Southwestern College,Santa Fe,NM,Private Non-Profit,20036.0,20036.0,1200.0,1200.0,21236.0,21236.0,731.0,731.0,2023
188304,Western New Mexico University,Silver City,NM,Public,3958.0,8730.0,2216.0,2216.0,6174.0,10946.0,220.0,314.0,2023
188340,Vaughn College of Aeronautics and Technology,Flushing,NY,Private Non-Profit,24840.0,24840.0,850.0,850.0,25690.0,25690.0,1035.0,1035.0,2023
188429,Adelphi University,Garden City,NY,Private Non-Profit,46575.0,46575.0,1500.0,1500.0,48075.0,48075.0,1490.0,1490.0,2023
188526,Albany College of Pharmacy and Health Sciences,Albany,NY,Private Non-Profit,45200.0,45200.0,925.0,925.0,46125.0,46125.0,1500.0,1500.0,2023
188535,Albany Law School,Albany,NY,Private Non-Profit,57481.0,57481.0,190.0,190.0,57671.0,57671.0,1715.0,1715.0,2023
188580,Albany Medical College,Albany,NY,Private Non-Profit,28992.0,28992.0,125.0,125.0,29117.0,29117.0,,,2023
188641,Alfred University,Alfred,NY,Private Non-Profit,24570.0,24570.0,1260.0,1260.0,25830.0,25830.0,880.0,880.0,2023
188854,American Musical and Dramatic Academy,New York,NY,Private Non-Profit,45260.0,45260.0,300.0,300.0,45560.0,45560.0,,,2023
189015,Bank Street College of Education,New York,NY,Private Non-Profit,45340.0,45340.0,300.0,300.0,45640.0,45640.0,1814.0,1814.0,2023
189088,Bard College,Annandale-On-Hudson,NY,Private Non-Profit,41770.0,41770.0,850.0,850.0,42620.0,42620.0,1605.0,1605.0,2023
189228,Berkeley College-New York,New York,NY,Private For-Profit,20804.0,20804.0,,,20804.0,20804.0,1100.0,1100.0,2023
189413,Boricua College,New York,NY,Private Non-Profit,18000.0,18000.0,100.0,100.0,18100.0,18100.0,,,2023
189501,Brooklyn Law School,Brooklyn,NY,Private Non-Profit,69800.0,69800.0,556.0,556.0,70356.0,70356.0,2464.0,2464.0,2023
189705,Canisius University,Buffalo,NY,Private Non-Profit,15930.0,15930.0,750.0,750.0,16680.0,16680.0,885.0,885.0,2023
189857,Central Yeshiva Tomchei Tmimim Lubavitz,Brooklyn,NY,Private Non-Profit,6200.0,6200.0,,,6200.0,6200.0,,,2023
190044,Clarkson University,Potsdam,NY,Private Non-Profit,36000.0,36000.0,856.0,856.0,36856.0,36856.0,1500.0,1500.0,2023
190099,Colgate University,Hamilton,NY,Private Non-Profit,66622.0,66622.0,402.0,402.0,67024.0,67024.0,1851.0,1851.0,2023
190114,Metropolitan College of New York,New York,NY,Private Non-Profit,21960.0,21960.0,790.0,790.0,22750.0,22750.0,915.0,915.0,2023
190150,Columbia University in the City of New York,New York,NY,Private Non-Profit,53576.0,53576.0,2703.0,2703.0,56279.0,56279.0,2276.0,2276.0,2023
190372,The Cooper Union for the Advancement of Science and Art,New York,NY,Private Non-Profit,23811.0,23811.0,2270.0,2270.0,26081.0,26081.0,1520.0,1520.0,2023
190415,Cornell University,Ithaca,NY,Private Non-Profit,29500.0,29500.0,585.0,585.0,30085.0,30085.0,1680.0,1680.0,2023
190424,Weill Medical College of Cornell University,New York,NY,Private Non-Profit,32762.0,32762.0,11184.0,11184.0,43946.0,43946.0,1816.0,1816.0,2023
190503,Culinary Institute of America,Hyde Park,NY,Private Non-Profit,21560.0,21560.0,,,21560.0,21560.0,1540.0,1540.0,2023
190512,CUNY Bernard M Baruch College,New York,NY,Public,11090.0,20520.0,362.0,362.0,11452.0,20882.0,470.0,855.0,2023
190549,CUNY Brooklyn College,Brooklyn,NY,Public,11090.0,20520.0,434.0,434.0,11524.0,20954.0,470.0,855.0,2023
190558,College of Staten Island CUNY,Staten Island,NY,Public,11090.0,20520.0,560.0,560.0,11650.0,21080.0,470.0,855.0,2023
190567,CUNY City College,New York,NY,Public,11090.0,20520.0,312.0,312.0,11402.0,20832.0,470.0,855.0,2023
190576,CUNY Graduate School and University Center,New York,NY,Public,9930.0,23160.0,480.0,480.0,10410.0,23640.0,560.0,965.0,2023
190594,CUNY Hunter College,New York,NY,Public,11090.0,20520.0,308.0,308.0,11398.0,20828.0,470.0,855.0,2023
190600,CUNY John Jay College of Criminal Justice,New York,NY,Public,11090.0,20520.0,442.0,442.0,11532.0,20962.0,470.0,855.0,2023
190637,CUNY Lehman College,Bronx,NY,Public,11090.0,20520.0,480.0,480.0,11570.0,21000.0,470.0,855.0,2023
190664,CUNY Queens College,Queens,NY,Public,11090.0,20520.0,522.0,522.0,11612.0,21042.0,470.0,855.0,2023
190691,CUNY York College,Jamaica,NY,Public,11090.0,20520.0,428.0,428.0,11518.0,20948.0,470.0,855.0,2023
190716,D'Youville  University,Buffalo,NY,Private Non-Profit,21240.0,21240.0,1160.0,1160.0,22400.0,22400.0,1180.0,1180.0,2023
190725,Daemen University,Amherst,NY,Private Non-Profit,25728.0,25728.0,135.0,135.0,25863.0,25863.0,1072.0,1072.0,2023
190761,Dominican University New York,Orangeburg,NY,Private Non-Profit,23826.0,23826.0,900.0,900.0,24726.0,24726.0,1008.0,1008.0,2023
190983,Elmira College,Elmira,NY,Private Non-Profit,15635.0,15635.0,420.0,420.0,16055.0,16055.0,650.0,650.0,2023
191126,Fashion Institute of Technology,New York,NY,Public,11542.0,23586.0,880.0,880.0,12422.0,24466.0,481.0,983.0,2023
191205,Five Towns College,Dix Hills,NY,Private For-Profit,28450.0,28450.0,4000.0,4000.0,32450.0,32450.0,1325.0,1325.0,2023
191241,Fordham University,Bronx,NY,Private Non-Profit,25080.0,25080.0,874.0,874.0,25954.0,25954.0,1045.0,1045.0,2023
191621,Hilbert College,Hamburg,NY,Private Non-Profit,17955.0,17955.0,900.0,900.0,18855.0,18855.0,665.0,665.0,2023
191630,Hobart William Smith Colleges,Geneva,NY,Private Non-Profit,25305.0,25305.0,990.0,990.0,26295.0,26295.0,791.0,791.0,2023
191649,Hofstra University,Hempstead,NY,Private Non-Profit,29340.0,29340.0,610.0,610.0,29950.0,29950.0,1630.0,1630.0,2023
191676,Houghton University,Houghton,NY,Private Non-Profit,15499.0,15499.0,,,15499.0,15499.0,662.0,662.0,2023
191931,Iona University,New Rochelle,NY,Private Non-Profit,24057.0,24057.0,490.0,490.0,24547.0,24547.0,1337.0,1337.0,2023
191968,Ithaca College,Ithaca,NY,Private Non-Profit,28601.0,28601.0,,,28601.0,28601.0,1589.0,1589.0,2023
192040,Jewish Theological Seminary of America,New York,NY,Private Non-Profit,37840.0,37840.0,1620.0,1620.0,39460.0,39460.0,1720.0,1720.0,2023
192110,The Juilliard School,New York,NY,Private Non-Profit,53300.0,53300.0,3250.0,3250.0,56550.0,56550.0,1918.0,1918.0,2023
192192,Keuka College,Keuka Park,NY,Private Non-Profit,25539.0,25539.0,728.0,728.0,26267.0,26267.0,833.0,833.0,2023
192271,LIM College,New York,NY,Private For-Profit,26952.0,26952.0,440.0,440.0,27392.0,27392.0,1123.0,1123.0,2023
192323,Le Moyne College,Syracuse,NY,Private Non-Profit,19207.0,19207.0,197.0,197.0,19404.0,19404.0,885.0,885.0,2023
192448,Long Island University,Brookville,NY,Private Non-Profit,24336.0,24336.0,1168.0,1168.0,25504.0,25504.0,1352.0,1352.0,2023
192703,Manhattan College,Riverdale,NY,Private Non-Profit,21600.0,21600.0,1000.0,1000.0,22600.0,22600.0,1200.0,1200.0,2023
192712,Manhattan School of Music,New York,NY,Private Non-Profit,53500.0,53500.0,1100.0,1100.0,54600.0,54600.0,3000.0,3000.0,2023
192749,Manhattanville College,Purchase,NY,Private Non-Profit,18900.0,18900.0,120.0,120.0,19020.0,19020.0,1050.0,1050.0,2023
192785,Maria College of Albany,Albany,NY,Private Non-Profit,22983.0,22983.0,1900.0,1900.0,24883.0,24883.0,985.0,985.0,2023
192819,Marist College,Poughkeepsie,NY,Private Non-Profit,16560.0,16560.0,100.0,100.0,16660.0,16660.0,920.0,920.0,2023
193016,Mercy University,Dobbs Ferry,NY,Private Non-Profit,18090.0,18090.0,870.0,870.0,18960.0,18960.0,1005.0,1005.0,2023
193052,Mesivta Torah Vodaath Rabbinical Seminary,Brooklyn,NY,Private Non-Profit,12500.0,12500.0,1450.0,1450.0,13950.0,13950.0,800.0,800.0,2023
193061,Mesivta of Eastern Parkway-Yeshiva Zichron Meilech,Brooklyn,NY,Private Non-Profit,10100.0,10100.0,,,10100.0,10100.0,,,2023
193070,Mesivtha Tifereth Jerusalem of America,New York,NY,Private Non-Profit,13560.0,13560.0,,,13560.0,13560.0,,,2023
193247,Mirrer Yeshiva Cent Institute,Brooklyn,NY,Private Non-Profit,12500.0,12500.0,,,12500.0,12500.0,,,2023
193292,Molloy College,Rockville Centre,NY,Private Non-Profit,24930.0,24930.0,1340.0,1340.0,26270.0,26270.0,1385.0,1385.0,2023
193308,Monroe College,Bronx,NY,Private For-Profit,16560.0,16560.0,1750.0,1750.0,18310.0,18310.0,920.0,920.0,2023
193353,Mount Saint Mary College,Newburgh,NY,Private Non-Profit,19170.0,19170.0,230.0,230.0,19400.0,19400.0,960.0,960.0,2023
193399,University of Mount Saint Vincent,Bronx,NY,Private Non-Profit,15300.0,15300.0,600.0,600.0,15900.0,15900.0,850.0,850.0,2023
193405,Icahn School of Medicine at Mount Sinai,New York,NY,Private Non-Profit,31811.0,31811.0,192.0,192.0,32003.0,32003.0,,,2023
193584,Nazareth University,Rochester,NY,Private Non-Profit,25800.0,25800.0,460.0,460.0,26260.0,26260.0,1075.0,1075.0,2023
193654,The New School,New York,NY,Private Non-Profit,51702.0,51702.0,1316.0,1316.0,53018.0,53018.0,2089.0,2089.0,2023
193751,Northeast College of Health Sciences,Seneca Falls,NY,Private Non-Profit,19440.0,19440.0,,,19440.0,19440.0,810.0,810.0,2023
193821,New York Law School,New York,NY,Private Non-Profit,34560.0,34560.0,,,34560.0,34560.0,2160.0,2160.0,2023
193830,New York Medical College,Valhalla,NY,Private Non-Profit,28424.0,28424.0,792.0,792.0,29216.0,29216.0,1273.0,1273.0,2023
193894,New York Theological Seminary,New York,NY,Private Non-Profit,16780.0,16780.0,800.0,800.0,17580.0,17580.0,695.0,695.0,2023
193900,New York University,New York,NY,Private Non-Profit,38826.0,38826.0,2298.0,2298.0,41124.0,41124.0,2157.0,2157.0,2023
193973,Niagara University,Niagara University,NY,Private Non-Profit,14850.0,14850.0,,,14850.0,14850.0,825.0,825.0,2023
194091,New York Institute of Technology,Old Westbury,NY,Private Non-Profit,27720.0,27720.0,650.0,650.0,28370.0,28370.0,1540.0,1540.0,2023
194116,New York School of Interior Design,New York,NY,Private Non-Profit,41400.0,41400.0,1530.0,1530.0,42930.0,42930.0,1380.0,1380.0,2023
194310,Pace University,New York,NY,Private Non-Profit,28091.0,28091.0,1272.0,1272.0,29363.0,29363.0,1353.0,1353.0,2023
194392,Paul Smiths College of Arts and Science,Paul Smiths,NY,Private Non-Profit,23744.0,23744.0,2700.0,2700.0,26444.0,26444.0,742.0,742.0,2023
194578,Pratt Institute-Main,Brooklyn,NY,Private Non-Profit,37044.0,37044.0,1942.0,1942.0,38986.0,38986.0,2058.0,2058.0,2023
194657,Rabbinical Academy Mesivta Rabbi Chaim Berlin,Brooklyn,NY,Private Non-Profit,13450.0,13450.0,,,13450.0,13450.0,,,2023
194666,Rabbinical College Bobover Yeshiva Bnei Zion,Brooklyn,NY,Private Non-Profit,3450.0,3450.0,,,3450.0,3450.0,,,2023
194763,Rabbinical Seminary of America,Flushing,NY,Private Non-Profit,10000.0,10000.0,,,10000.0,10000.0,,,2023
194824,Rensselaer Polytechnic Institute,Troy,NY,Private Non-Profit,60360.0,60360.0,1513.0,1513.0,61873.0,61873.0,2520.0,2520.0,2023
194958,Roberts Wesleyan University,Rochester,NY,Private Non-Profit,15120.0,15120.0,325.0,325.0,15445.0,15445.0,840.0,840.0,2023
195003,Rochester Institute of Technology,Rochester,NY,Private Non-Profit,56884.0,56884.0,880.0,880.0,57764.0,57764.0,2370.0,2370.0,2023
195030,University of Rochester,Rochester,NY,Private Non-Profit,38083.0,38083.0,780.0,780.0,38863.0,38863.0,1970.0,1970.0,2023
195128,Russell Sage College,Troy,NY,Private Non-Profit,13140.0,13140.0,100.0,100.0,13240.0,13240.0,730.0,730.0,2023
195155,St Bernard's School of Theology and Ministry,Rochester,NY,Private Non-Profit,13230.0,13230.0,360.0,360.0,13590.0,13590.0,735.0,735.0,2023
195164,St Bonaventure University,Saint Bonaventure,NY,Private Non-Profit,15030.0,15030.0,820.0,820.0,15850.0,15850.0,815.0,815.0,2023
195173,St. Francis College,Brooklyn,NY,Private Non-Profit,16000.0,16000.0,,,16000.0,16000.0,650.0,650.0,2023
195216,St Lawrence University,Canton,NY,Private Non-Profit,23760.0,23760.0,80.0,80.0,23840.0,23840.0,1320.0,1320.0,2023
195234,The College of Saint Rose,Albany,NY,Private Non-Profit,15534.0,15534.0,1008.0,1008.0,16542.0,16542.0,863.0,863.0,2023
195243,St. Thomas Aquinas College,Sparkill,NY,Private Non-Profit,20970.0,20970.0,80.0,80.0,21050.0,21050.0,1165.0,1165.0,2023
195304,Sarah Lawrence College,Bronxville,NY,Private Non-Profit,34418.0,34418.0,312.0,312.0,34730.0,34730.0,1800.0,1800.0,2023
195438,Sh'or Yoshuv Rabbinical College,Lawrence,NY,Private Non-Profit,11000.0,11000.0,700.0,700.0,11700.0,11700.0,,,2023
195474,Siena College,Loudonville,NY,Private Non-Profit,25894.0,25894.0,300.0,300.0,26194.0,26194.0,900.0,900.0,2023
195544,St. Joseph's University-New York,Brooklyn,NY,Private Non-Profit,22860.0,22860.0,418.0,418.0,23278.0,23278.0,1270.0,1270.0,2023
195580,Saint Vladimirs Orthodox Theological Seminary,Yonkers,NY,Private Non-Profit,13000.0,13000.0,860.0,860.0,13860.0,13860.0,542.0,542.0,2023
195720,St. John Fisher University,Rochester,NY,Private Non-Profit,19692.0,19692.0,220.0,220.0,19912.0,19912.0,1094.0,1094.0,2023
195809,St. John's University-New York,Queens,NY,Private Non-Profit,33386.0,33386.0,860.0,860.0,34246.0,34246.0,1495.0,1495.0,2023
196024,SUNY College of Technology at Delhi,Delhi,NY,Public,11310.0,13570.0,420.0,420.0,11730.0,13990.0,471.0,565.0,2023
196042,Farmingdale State College,Farmingdale,NY,Public,8478.0,17334.0,767.0,767.0,9245.0,18101.0,471.0,963.0,2023
196051,SUNY Morrisville,Morrisville,NY,Public,5655.0,11556.0,356.0,356.0,6011.0,11912.0,471.0,963.0,2023
196060,University at Albany,Albany,NY,Public,11310.0,23560.0,2315.0,2315.0,13625.0,25875.0,471.0,982.0,2023
196079,Binghamton University,Vestal,NY,Public,11310.0,23790.0,2470.0,2470.0,13780.0,26260.0,471.0,991.0,2023
196088,University at Buffalo,Buffalo,NY,Public,11310.0,24260.0,3078.0,3078.0,14388.0,27338.0,471.0,1011.0,2023
196097,Stony Brook University,Stony Brook,NY,Public,11310.0,24490.0,2633.0,2633.0,13943.0,27123.0,471.0,1020.0,2023
196103,SUNY College of Environmental Science and Forestry,Syracuse,NY,Public,11310.0,24480.0,1909.0,1909.0,13219.0,26389.0,471.0,1020.0,2023
196112,SUNY Polytechnic Institute,Utica,NY,Public,11310.0,23790.0,1508.0,1508.0,12818.0,25298.0,471.0,991.0,2023
196121,SUNY Brockport,Brockport,NY,Public,11310.0,13570.0,1098.0,1098.0,12408.0,14668.0,471.0,565.0,2023
196130,SUNY Buffalo State University,Buffalo,NY,Public,11310.0,23790.0,847.0,847.0,12157.0,24637.0,471.0,991.0,2023
196149,State University of New York at Cortland,Cortland,NY,Public,11310.0,23100.0,1745.0,1745.0,13055.0,24845.0,471.0,963.0,2023
196158,SUNY at Fredonia,Fredonia,NY,Public,11310.0,23790.0,1701.0,1701.0,13011.0,25491.0,471.0,991.0,2023
196167,SUNY College at Geneseo,Geneseo,NY,Public,11310.0,23530.0,960.0,960.0,12270.0,24490.0,471.0,980.0,2023
196176,State University of New York at New Paltz,New Paltz,NY,Public,11310.0,23100.0,1454.0,1454.0,12764.0,24554.0,471.0,963.0,2023
196185,SUNY Oneonta,Oneonta,NY,Public,11310.0,23790.0,1222.0,1222.0,12532.0,25012.0,471.0,991.0,2023
196194,State University of New York at Oswego,Oswego,NY,Public,11310.0,23790.0,1232.0,1232.0,12542.0,25022.0,471.0,991.0,2023
196200,SUNY College at Potsdam,Potsdam,NY,Public,11310.0,23100.0,1442.0,1442.0,12752.0,24542.0,471.0,963.0,2023
196219,SUNY at Purchase College,Purchase,NY,Public,11310.0,23100.0,1883.0,1883.0,13193.0,24983.0,471.0,963.0,2023
196228,SUNY College of Optometry,New York,NY,Public,11310.0,23100.0,463.0,463.0,11773.0,23563.0,471.0,963.0,2023
196237,SUNY Old Westbury,Old Westbury,NY,Public,11310.0,23100.0,961.0,961.0,12271.0,24061.0,471.0,963.0,2023
196246,SUNY College at Plattsburgh,Plattsburgh,NY,Public,11310.0,23100.0,1811.0,1811.0,13121.0,24911.0,471.0,963.0,2023
196255,SUNY Downstate Health Sciences University,Brooklyn,NY,Public,11310.0,23790.0,663.0,663.0,11973.0,24453.0,471.0,991.0,2023
196264,Empire State University,Saratoga Springs,NY,Public,11310.0,23790.0,560.0,560.0,11870.0,24350.0,471.0,991.0,2023
196291,SUNY Maritime College,Throggs Neck,NY,Public,11310.0,23100.0,512.0,512.0,11822.0,23612.0,471.0,963.0,2023
196307,Upstate Medical University,Syracuse,NY,Public,11310.0,23110.0,1013.0,1013.0,12323.0,24123.0,471.0,963.0,2023
196413,Syracuse University,Syracuse,NY,Private Non-Profit,44928.0,44928.0,1390.0,1390.0,46318.0,46318.0,1872.0,1872.0,2023
196440,Talmudical Institute of Upstate New York,Rochester,NY,Private Non-Profit,6150.0,6150.0,,,6150.0,6150.0,,,2023
196468,Teachers College at Columbia University,New York,NY,Private Non-Profit,34971.0,34971.0,1016.0,1016.0,35987.0,35987.0,1970.0,1970.0,2023
196592,Touro University,New York,NY,Private Non-Profit,13545.0,13545.0,615.0,615.0,14160.0,14160.0,753.0,753.0,2023
196884,Union Theological Seminary in the City of New York,New York,NY,Private Non-Profit,23670.0,23670.0,7211.0,7211.0,30881.0,30881.0,1320.0,1320.0,2023
197045,Utica University,Utica,NY,Private Non-Profit,24480.0,24480.0,1100.0,1100.0,25580.0,25580.0,1002.0,1002.0,2023
197133,Vassar College,Poughkeepsie,NY,Private Non-Profit,66870.0,66870.0,935.0,935.0,67805.0,67805.0,2133.0,2133.0,2023
197151,School of Visual Arts,New York,NY,Private For-Profit,55040.0,55040.0,,,55040.0,55040.0,1830.0,1830.0,2023
197197,Wagner College,Staten Island,NY,Private Non-Profit,23310.0,23310.0,750.0,750.0,24060.0,24060.0,1295.0,1295.0,2023
197601,Yeshiva Karlin Stolin,Brooklyn,NY,Private Non-Profit,1000.0,1000.0,,,1000.0,1000.0,,,2023
197647,Yeshiva Derech Chaim,Brooklyn,NY,Private Non-Profit,12700.0,12700.0,,,12700.0,12700.0,424.0,424.0,2023
197674,Yeshiva of Nitra Rabbinical College,Chester,NY,Private Non-Profit,300.0,300.0,,,300.0,300.0,13.0,13.0,2023
197692,Yeshivath Shaar Hatorah,Kew Gardens,NY,Private Non-Profit,18700.0,18700.0,500.0,500.0,19200.0,19200.0,,,2023
197708,Yeshiva University,New York,NY,Private Non-Profit,34800.0,34800.0,350.0,350.0,35150.0,35150.0,1250.0,1250.0,2023
197869,Appalachian State University,Boone,NC,Public,5081.0,20841.0,3299.0,3299.0,8380.0,24140.0,282.0,1158.0,2023
197911,Barton College,Wilson,NC,Private Non-Profit,10397.0,10397.0,,,10397.0,10397.0,578.0,578.0,2023
197984,Belmont Abbey College,Belmont,NC,Private Non-Profit,16824.0,16824.0,800.0,800.0,17624.0,17624.0,696.0,696.0,2023
198066,Brevard College,Brevard,NC,Private Non-Profit,10800.0,10800.0,,,10800.0,10800.0,600.0,600.0,2023
198109,Cabarrus College of Health Sciences,Concord,NC,Private Non-Profit,31050.0,31050.0,440.0,440.0,31490.0,31490.0,525.0,525.0,2023
198136,Campbell University,Buies Creek,NC,Private Non-Profit,14996.0,14996.0,1162.0,1162.0,16158.0,16158.0,833.0,833.0,2023
198303,Chowan University,Murfreesboro,NC,Private Non-Profit,8730.0,8730.0,,,8730.0,8730.0,485.0,485.0,2023
198419,Duke University,Durham,NC,Private Non-Profit,62620.0,62620.0,1365.0,1365.0,63985.0,63985.0,4325.0,4325.0,2023
198464,East Carolina University,Greenville,NC,Public,4749.0,17898.0,2909.0,2909.0,7658.0,20807.0,264.0,994.0,2023
198507,Elizabeth City State University,Elizabeth City,NC,Public,3375.0,16437.0,2412.0,2412.0,5787.0,18849.0,188.0,913.0,2023
198516,Elon University,Elon,NC,Private Non-Profit,20574.0,20574.0,,,20574.0,20574.0,1143.0,1143.0,2023
198543,Fayetteville State University,Fayetteville,NC,Public,3438.0,14503.0,2759.0,2759.0,6197.0,17262.0,191.0,806.0,2023
198561,Gardner-Webb University,Boiling Springs,NC,Private Non-Profit,11250.0,11250.0,50.0,50.0,11300.0,11300.0,640.0,640.0,2023
198598,Greensboro College,Greensboro,NC,Private Non-Profit,4416.0,4416.0,,,4416.0,4416.0,368.0,368.0,2023
198613,Guilford College,Greensboro,NC,Private Non-Profit,14880.0,14880.0,,,14880.0,14880.0,620.0,620.0,2023
198677,Heritage Bible College,Dunn,NC,Private Non-Profit,9480.0,9480.0,960.0,960.0,10440.0,10440.0,395.0,395.0,2023
198695,High Point University,High Point,NC,Private Non-Profit,31145.0,31145.0,3184.0,3184.0,34329.0,34329.0,1381.0,1381.0,2023
198756,Johnson C Smith University,Charlotte,NC,Private Non-Profit,19242.0,19242.0,370.0,370.0,19612.0,19612.0,,,2023
198808,Lees-McRae College,Banner Elk,NC,Private Non-Profit,9000.0,9000.0,750.0,750.0,9750.0,9750.0,500.0,500.0,2023
198835,Lenoir-Rhyne University,Hickory,NC,Private Non-Profit,12240.0,12240.0,,,12240.0,12240.0,690.0,690.0,2023
198862,Livingstone College,Salisbury,NC,Private Non-Profit,10800.0,10800.0,1639.0,1639.0,12439.0,12439.0,600.0,600.0,2023
198899,Mars Hill University,Mars Hill,NC,Private Non-Profit,14364.0,14364.0,,,14364.0,14364.0,496.0,496.0,2023
198950,Meredith College,Raleigh,NC,Private Non-Profit,13469.0,13469.0,150.0,150.0,13619.0,13619.0,748.0,748.0,2023
198969,Methodist University,Fayetteville,NC,Private Non-Profit,40365.0,40365.0,3000.0,3000.0,43365.0,43365.0,545.0,545.0,2023
199032,Montreat College,Montreat,NC,Private Non-Profit,10710.0,10710.0,600.0,600.0,11310.0,11310.0,567.0,567.0,2023
199069,University of Mount Olive,Mount Olive,NC,Private Non-Profit,18300.0,18300.0,400.0,400.0,18700.0,18700.0,610.0,610.0,2023
199102,North Carolina A & T State University,Greensboro,NC,Public,4895.0,17695.0,3208.0,3208.0,8103.0,20903.0,272.0,983.0,2023
199111,University of North Carolina Asheville,Asheville,NC,Public,4914.0,21236.0,3339.0,3339.0,8253.0,24575.0,273.0,1180.0,2023
199120,University of North Carolina at Chapel Hill,Chapel Hill,NC,Public,10552.0,28844.0,1975.0,1975.0,12527.0,30819.0,586.0,1602.0,2023
199139,University of North Carolina at Charlotte,Charlotte,NC,Public,4467.0,19036.0,3402.0,3402.0,7869.0,22438.0,248.0,1058.0,2023
199148,University of North Carolina at Greensboro,Greensboro,NC,Public,5375.0,19505.0,3171.0,3171.0,8546.0,22676.0,299.0,1084.0,2023
199157,North Carolina Central University,Durham,NC,Public,4740.0,18048.0,2740.0,2740.0,7480.0,20788.0,263.0,1003.0,2023
199184,University of North Carolina School of the Arts,Winston Salem,NC,Public,9696.0,24399.0,2980.0,2980.0,12676.0,27379.0,539.0,1356.0,2023
199193,North Carolina State University at Raleigh,Raleigh,NC,Public,9459.0,29433.0,2360.0,2360.0,11819.0,31793.0,526.0,1635.0,2023
199209,North Carolina Wesleyan University,Rocky Mount,NC,Private Non-Profit,12600.0,12600.0,100.0,100.0,12700.0,12700.0,525.0,525.0,2023
199218,University of North Carolina Wilmington,Wilmington,NC,Public,4979.0,20155.0,2874.0,2874.0,7853.0,23029.0,277.0,1120.0,2023
199281,University of North Carolina at Pembroke,Pembroke,NC,Public,4280.0,17339.0,2571.0,2571.0,6851.0,19910.0,238.0,963.0,2023
199306,Pfeiffer University,Misenheimer,NC,Private Non-Profit,12240.0,12240.0,,,12240.0,12240.0,680.0,680.0,2023
199412,Queens University of Charlotte,Charlotte,NC,Private Non-Profit,14520.0,14520.0,750.0,750.0,15270.0,15270.0,806.0,806.0,2023
199582,Saint Augustine's University,Raleigh,NC,Private Non-Profit,10800.0,10800.0,500.0,500.0,11300.0,11300.0,450.0,450.0,2023
199607,Salem College,Winston-Salem,NC,Private Non-Profit,6300.0,6300.0,300.0,300.0,6600.0,6600.0,487.0,487.0,2023
199643,Shaw University,Raleigh,NC,Private Non-Profit,10404.0,10404.0,2784.0,2784.0,13188.0,13188.0,578.0,578.0,2023
199698,St. Andrews University,Laurinburg,NC,Private Non-Profit,14000.0,14000.0,1000.0,1000.0,15000.0,15000.0,583.0,583.0,2023
199759,Southeastern Baptist Theological Seminary,Wake Forest,NC,Private Non-Profit,5688.0,5688.0,700.0,700.0,6388.0,6388.0,316.0,316.0,2023
199847,Wake Forest University,Winston-Salem,NC,Private Non-Profit,38650.0,38650.0,700.0,700.0,39350.0,39350.0,1610.0,1610.0,2023
199865,Warren Wilson College,Swannanoa,NC,Private Non-Profit,19350.0,19350.0,1200.0,1200.0,20550.0,20550.0,1750.0,1750.0,2023
199962,Wingate University,Wingate,NC,Private Non-Profit,12600.0,12600.0,,,12600.0,12600.0,700.0,700.0,2023
199971,Carolina Christian College,Winston Salem,NC,Private Non-Profit,10000.0,10000.0,1440.0,1440.0,11440.0,11440.0,,,2023
199999,Winston-Salem State University,Winston-Salem,NC,Public,3872.0,14407.0,3334.0,3334.0,7206.0,17741.0,215.0,800.0,2023
200004,Western Carolina University,Cullowhee,NC,Public,4568.0,15287.0,3210.0,3210.0,7778.0,18497.0,442.0,1260.0,2023
200059,Dickinson State University,Dickinson,ND,Public,6060.0,6060.0,516.0,516.0,6576.0,6576.0,337.0,337.0,2023
200156,University of Jamestown,Jamestown,ND,Private Non-Profit,11410.0,11410.0,90.0,90.0,11500.0,11500.0,485.0,485.0,2023
200217,University of Mary,Bismarck,ND,Private Non-Profit,10620.0,10620.0,1072.0,1072.0,11692.0,11692.0,590.0,590.0,2023
200226,Mayville State University,Mayville,ND,Public,8226.0,8226.0,720.0,720.0,8946.0,8946.0,457.0,457.0,2023
200253,Minot State University,Minot,ND,Public,9352.0,9352.0,1465.0,1465.0,10817.0,10817.0,390.0,390.0,2023
200280,University of North Dakota,Grand Forks,ND,Public,11963.0,17944.0,1714.0,1714.0,13677.0,19658.0,498.0,748.0,2023
200332,North Dakota State University-Main Campus,Fargo,ND,Public,7585.0,11377.0,1161.0,1161.0,8746.0,12538.0,421.0,632.0,2023
200466,Sitting Bull College,Fort Yates,ND,Public,6300.0,6300.0,410.0,410.0,6710.0,6710.0,350.0,350.0,2023
200484,Trinity Bible College and Graduate School,Ellendale,ND,Private Non-Profit,12600.0,12600.0,540.0,540.0,13140.0,13140.0,525.0,525.0,2023
200527,Turtle Mountain Community College,Belcourt,ND,Private Non-Profit,3600.0,3600.0,364.0,364.0,3964.0,3964.0,,,2023
200572,Valley City State University,Valley City,ND,Public,6605.0,6605.0,1421.0,1421.0,8026.0,8026.0,367.0,367.0,2023
200697,Air Force Institute of Technology-Graduate School of Engineering & Management,Wright-Patterson AFB,OH,Public,19488.0,19488.0,,,19488.0,19488.0,406.0,406.0,2023
200800,University of Akron Main Campus,Akron,OH,Public,8325.0,14085.0,1086.0,1086.0,9411.0,15171.0,463.0,783.0,2023
201061,Art Academy of Cincinnati,Cincinnati,OH,Private Non-Profit,11715.0,11715.0,,,11715.0,11715.0,1065.0,1065.0,2023
201104,Ashland University,Ashland,OH,Private Non-Profit,7776.0,7776.0,,,7776.0,7776.0,648.0,648.0,2023
201140,Athenaeum of Ohio,Cincinnati,OH,Private Non-Profit,22000.0,22000.0,,,22000.0,22000.0,600.0,600.0,2023
201195,Baldwin Wallace University,Berea,OH,Private Non-Profit,12168.0,12168.0,,,12168.0,12168.0,661.0,661.0,2023
201371,Bluffton University,Bluffton,OH,Private Non-Profit,9540.0,9540.0,250.0,250.0,9790.0,9790.0,530.0,530.0,2023
201441,Bowling Green State University-Main Campus,Bowling Green,OH,Public,8418.0,14410.0,1873.0,1873.0,10291.0,16283.0,467.0,800.0,2023
201548,Capital University,Columbus,OH,Private Non-Profit,12780.0,12780.0,490.0,490.0,13270.0,13270.0,710.0,710.0,2023
201645,Case Western Reserve University,Cleveland,OH,Private Non-Profit,52360.0,52360.0,42.0,42.0,52402.0,52402.0,2182.0,2182.0,2023
201654,Cedarville University,Cedarville,OH,Private Non-Profit,10602.0,10602.0,125.0,125.0,10727.0,10727.0,589.0,589.0,2023
201690,Central State University,Wilberforce,OH,Public,8100.0,9900.0,200.0,200.0,8300.0,10100.0,450.0,550.0,2023
201885,University of Cincinnati-Main Campus,Cincinnati,OH,Public,13224.0,24996.0,1678.0,1678.0,14902.0,26674.0,662.0,1408.0,2023
201964,Ohio Christian University,Circleville,OH,Private Non-Profit,11328.0,11328.0,500.0,500.0,11828.0,11828.0,472.0,472.0,2023
202073,Cleveland Institute of Music,Cleveland,OH,Private Non-Profit,40000.0,40000.0,2500.0,2500.0,42500.0,42500.0,1667.0,1667.0,2023
202134,Cleveland State University,Cleveland,OH,Public,10840.0,18543.0,278.0,278.0,11118.0,18821.0,602.0,1030.0,2023
202170,Columbus College of Art & Design,Columbus,OH,Private Non-Profit,33125.0,33125.0,500.0,500.0,33625.0,33625.0,1121.0,1121.0,2023
202480,University of Dayton,Dayton,OH,Private Non-Profit,18990.0,18990.0,50.0,50.0,19040.0,19040.0,1055.0,1055.0,2023
202514,Defiance College,Defiance,OH,Private Non-Profit,9036.0,9036.0,,,9036.0,9036.0,502.0,502.0,2023
202763,The University of Findlay,Findlay,OH,Private Non-Profit,17106.0,17106.0,1350.0,1350.0,18456.0,18456.0,645.0,645.0,2023
202806,Franklin University,Columbus,OH,Private Non-Profit,12060.0,12060.0,,,12060.0,12060.0,670.0,670.0,2023
202903,Gods Bible School and College,Cincinnati,OH,Private Non-Profit,7920.0,7920.0,500.0,500.0,8420.0,8420.0,440.0,440.0,2023
203067,Hebrew Union College-Jewish Institute of Religion,New York,NY,Private Non-Profit,28000.0,28000.0,35.0,35.0,28035.0,28035.0,1900.0,1900.0,2023
203085,Heidelberg University,Tiffin,OH,Private Non-Profit,12636.0,12636.0,25.0,25.0,12661.0,12661.0,702.0,702.0,2023
203128,Hiram College,Hiram,OH,Private Non-Profit,6612.0,6612.0,225.0,225.0,6837.0,6837.0,551.0,551.0,2023
203368,John Carroll University,University Heights,OH,Private Non-Profit,14725.0,14725.0,,,14725.0,14725.0,776.0,776.0,2023
203465,Kent State University at Stark,North Canton,OH,Public,12554.0,23423.0,,,12554.0,23423.0,572.0,1047.0,2023
203517,Kent State University at Kent,Kent,OH,Public,12483.0,23352.0,,,12483.0,23352.0,572.0,1066.0,2023
203526,Kent State University at Geauga,Burton,OH,Public,12554.0,23423.0,,,12554.0,23423.0,572.0,1047.0,2023
203544,Kettering College,Kettering,OH,Private Non-Profit,42847.0,42847.0,1575.0,1575.0,44422.0,44422.0,1190.0,1190.0,2023
203580,Lake Erie College,Painesville,OH,Private Non-Profit,12588.0,12588.0,947.0,947.0,13535.0,13535.0,709.0,709.0,2023
203757,Lourdes University,Sylvania,OH,Private Non-Profit,16576.0,16576.0,610.0,610.0,17186.0,17186.0,860.0,860.0,2023
203775,Malone University,Canton,OH,Private Non-Profit,13050.0,13050.0,780.0,780.0,13830.0,13830.0,725.0,725.0,2023
203845,Marietta College,Marietta,OH,Private Non-Profit,12963.0,12963.0,525.0,525.0,13488.0,13488.0,600.0,600.0,2023
203960,Mercy College of Ohio,Toledo,OH,Private Non-Profit,15888.0,15888.0,1350.0,1350.0,17238.0,17238.0,662.0,662.0,2023
203997,Methodist Theological School in Ohio,Delaware,OH,Private Non-Profit,30421.0,30421.0,,,30421.0,30421.0,1049.0,1049.0,2023
204006,Miami University-Hamilton,Hamilton,OH,Public,13932.0,34006.0,1952.0,1952.0,15884.0,35958.0,662.0,1498.0,2023
204015,Miami University-Middletown,Middletown,OH,Public,13932.0,34006.0,1952.0,1952.0,15884.0,35958.0,662.0,1498.0,2023
204024,Miami University-Oxford,Oxford,OH,Public,13932.0,34006.0,2332.0,2332.0,16264.0,36338.0,678.0,1514.0,2023
204176,Mount Carmel College of Nursing,Columbus,OH,Private Non-Profit,19550.0,19550.0,1711.0,1711.0,21261.0,21261.0,850.0,850.0,2023
204185,University of Mount Union,Alliance,OH,Private Non-Profit,40500.0,40500.0,1050.0,1050.0,41550.0,41550.0,750.0,750.0,2023
204194,Mount Vernon Nazarene University,Mount Vernon,OH,Private Non-Profit,10674.0,10674.0,,,10674.0,10674.0,498.0,498.0,2023
204200,Mount St. Joseph University,Cincinnati,OH,Private Non-Profit,13885.0,13885.0,610.0,610.0,14495.0,14495.0,680.0,680.0,2023
204264,Muskingum University,New Concord,OH,Private Non-Profit,10530.0,10530.0,,,10530.0,10530.0,585.0,585.0,2023
204477,Northeast Ohio Medical University,Rootstown,OH,Public,17580.0,17580.0,2735.0,2735.0,20315.0,20315.0,686.0,686.0,2023
204486,University of Northwestern Ohio,Lima,OH,Private Non-Profit,10800.0,10800.0,900.0,900.0,11700.0,11700.0,450.0,450.0,2023
204501,Oberlin College,Oberlin,OH,Private Non-Profit,29692.0,29692.0,303.0,303.0,29995.0,29995.0,,,2023
204617,Ohio Dominican University,Columbus,OH,Private Non-Profit,13248.0,13248.0,500.0,500.0,13748.0,13748.0,736.0,736.0,2023
204635,Ohio Northern University,Ada,OH,Private Non-Profit,32500.0,32500.0,1100.0,1100.0,33600.0,33600.0,975.0,975.0,2023
204671,Ohio State University-Lima Campus,Lima,OH,Public,12446.0,40176.0,259.0,259.0,12705.0,40435.0,778.0,2511.0,2023
204680,Ohio State University-Mansfield Campus,Mansfield,OH,Public,12446.0,40176.0,259.0,259.0,12705.0,40435.0,778.0,2511.0,2023
204699,Ohio State University-Marion Campus,Marion,OH,Public,12446.0,40176.0,259.0,259.0,12705.0,40435.0,778.0,2511.0,2023
204705,Ohio State University-Newark Campus,Newark,OH,Public,12446.0,40176.0,259.0,259.0,12705.0,40435.0,778.0,2511.0,2023
204796,Ohio State University-Main Campus,Columbus,OH,Public,12515.0,40245.0,982.0,982.0,13497.0,41227.0,782.0,2515.0,2023
204857,Ohio University-Main Campus,Athens,OH,Public,9444.0,17436.0,276.0,276.0,9720.0,17712.0,583.0,1079.0,2023
204936,Otterbein University,Westerville,OH,Private Non-Profit,14253.0,14253.0,375.0,375.0,14628.0,14628.0,639.0,639.0,2023
204990,Payne Theological Seminary,Wilberforce,OH,Private Non-Profit,21000.0,21000.0,400.0,400.0,21400.0,21400.0,700.0,700.0,2023
205027,Pontifical College Josephinum,Columbus,OH,Private Non-Profit,31934.0,31934.0,1482.0,1482.0,33416.0,33416.0,1045.0,1045.0,2023
205124,Rabbinical College Telshe,Wickliffe,OH,Private Non-Profit,17800.0,17800.0,100.0,100.0,17900.0,17900.0,1500.0,1500.0,2023
205203,University of Rio Grande,Rio Grande,OH,Private Non-Profit,21420.0,21420.0,,,21420.0,21420.0,714.0,714.0,2023
205443,Shawnee State University,Portsmouth,OH,Public,10152.0,18912.0,50.0,50.0,10202.0,18962.0,564.0,1051.0,2023
205957,Franciscan University of Steubenville,Steubenville,OH,Private Non-Profit,12960.0,12960.0,288.0,288.0,13248.0,13248.0,720.0,720.0,2023
206048,Tiffin University,Tiffin,OH,Private Non-Profit,14000.0,14000.0,1500.0,1500.0,15500.0,15500.0,700.0,700.0,2023
206084,University of Toledo,Toledo,OH,Public,15354.0,26943.0,1910.0,1910.0,17264.0,28853.0,640.0,1123.0,2023
206154,Tri-State Bible College,South Point,OH,Private Non-Profit,4800.0,4800.0,800.0,800.0,5600.0,5600.0,400.0,400.0,2023
206279,Union Institute & University,Cincinnati,OH,Private Non-Profit,16795.0,16795.0,475.0,475.0,17270.0,17270.0,727.0,727.0,2023
206288,United Theological Seminary,Dayton,OH,Private Non-Profit,14220.0,14220.0,2335.0,2335.0,16555.0,16555.0,790.0,790.0,2023
206349,Ursuline College,Pepper Pike,OH,Private Non-Profit,23981.0,23981.0,490.0,490.0,24471.0,24471.0,1274.0,1274.0,2023
206437,Walsh University,North Canton,OH,Private Non-Profit,13410.0,13410.0,100.0,100.0,13510.0,13510.0,745.0,745.0,2023
206491,Wilberforce University,Wilberforce,OH,Private Non-Profit,14130.0,14130.0,462.0,462.0,14592.0,14592.0,785.0,785.0,2023
206507,Wilmington College,Wilmington,OH,Private Non-Profit,27500.0,27500.0,1200.0,1200.0,28700.0,28700.0,875.0,875.0,2023
206516,Winebrenner Theological Seminary,Findlay,OH,Private Non-Profit,10800.0,10800.0,,,10800.0,10800.0,205.0,205.0,2023
206525,Wittenberg University,Springfield,OH,Private Non-Profit,8952.0,8952.0,,,8952.0,8952.0,746.0,746.0,2023
206604,Wright State University-Main Campus,Dayton,OH,Public,14726.0,24714.0,,,14726.0,24714.0,680.0,1145.0,2023
206613,Wright State University-Lake Campus,Celina,OH,Public,14726.0,24714.0,,,14726.0,24714.0,680.0,1145.0,2023
206622,Xavier University,Cincinnati,OH,Private Non-Profit,12366.0,12366.0,30.0,30.0,12396.0,12396.0,687.0,687.0,2023
206695,Youngstown State University,Youngstown,OH,Public,6547.0,6727.0,68.0,68.0,6615.0,6795.0,546.0,561.0,2023
206835,Oklahoma Wesleyan University,Bartlesville,OK,Private Non-Profit,9900.0,9900.0,1095.0,1095.0,10995.0,10995.0,550.0,550.0,2023
206862,Southern Nazarene University,Bethany,OK,Private Non-Profit,13008.0,13008.0,1600.0,1600.0,14608.0,14608.0,542.0,542.0,2023
206914,Cameron University,Lawton,OK,Public,3888.0,10602.0,1008.0,1008.0,4896.0,11610.0,216.0,589.0,2023
206941,University of Central Oklahoma,Edmond,OK,Public,7626.0,17634.0,990.0,990.0,8616.0,18624.0,318.0,735.0,2023
207041,East Central University,Ada,OK,Public,4788.0,10863.0,1110.0,1110.0,5898.0,11973.0,266.0,602.0,2023
207157,Randall University,Moore,OK,Private Non-Profit,9216.0,9216.0,2596.0,2596.0,11812.0,11812.0,512.0,512.0,2023
207209,Langston University,Langston,OK,Public,3491.0,8648.0,1574.0,1574.0,5065.0,10222.0,194.0,480.0,2023
207263,Northeastern State University,Tahlequah,OK,Public,5018.0,11003.0,534.0,534.0,5552.0,11537.0,279.0,612.0,2023
207306,Northwestern Oklahoma State University,Alva,OK,Public,4928.0,9932.0,392.0,392.0,5320.0,10324.0,274.0,552.0,2023
207315,Oklahoma State University Center for Health Sciences,Tulsa,OK,Public,5611.0,21114.0,919.0,919.0,6530.0,22033.0,234.0,880.0,2023
207324,Oklahoma Christian University,Edmond,OK,Private Non-Profit,10440.0,10440.0,,,10440.0,10440.0,580.0,580.0,2023
207342,University of Oklahoma-Health Sciences Center,Oklahoma City,OK,Public,5273.0,20372.0,2016.0,2016.0,7289.0,22388.0,220.0,849.0,2023
207388,Oklahoma State University-Main Campus,Stillwater,OK,Public,5611.0,21114.0,3481.0,3481.0,9092.0,24595.0,234.0,880.0,2023
207403,Oklahoma Baptist University,Shawnee,OK,Private Non-Profit,9900.0,9900.0,,,9900.0,9900.0,550.0,550.0,2023
207458,Oklahoma City University,Oklahoma City,OK,Private Non-Profit,10620.0,10620.0,2790.0,2790.0,13410.0,13410.0,590.0,590.0,2023
207500,University of Oklahoma-Norman Campus,Norman,OK,Public,8903.0,25163.0,179.0,179.0,9082.0,25342.0,371.0,1048.0,2023
207582,Oral Roberts University,Tulsa,OK,Private Non-Profit,11502.0,11502.0,1600.0,1600.0,13102.0,13102.0,723.0,723.0,2023
207661,Rogers State University,Claremore,OK,Public,4342.0,11700.0,2522.0,2522.0,6864.0,14222.0,167.0,450.0,2023
207847,Southeastern Oklahoma State University,Durant,OK,Public,4860.0,11412.0,360.0,360.0,5220.0,11772.0,270.0,634.0,2023
207856,Southwestern Christian University,Bethany,OK,Private Non-Profit,7758.0,7758.0,4956.0,4956.0,12714.0,12714.0,431.0,431.0,2023
207865,Southwestern Oklahoma State University,Weatherford,OK,Public,6854.0,6878.0,1061.0,1061.0,7915.0,7939.0,330.0,331.0,2023
207971,University of Tulsa,Tulsa,OK,Private Non-Profit,25758.0,25758.0,1170.0,1170.0,26928.0,26928.0,1431.0,1431.0,2023
208646,Eastern Oregon University,La Grande,OR,Public,18749.0,18749.0,,,18749.0,18749.0,521.0,521.0,2023
208822,George Fox University,Newberg,OR,Private Non-Profit,16057.0,16057.0,135.0,135.0,16192.0,16192.0,744.0,744.0,2023
209056,Lewis & Clark College,Portland,OR,Private Non-Profit,19134.0,19134.0,,,19134.0,19134.0,1063.0,1063.0,2023
209065,Linfield University,McMinnville,OR,Private Non-Profit,33762.0,33762.0,2411.0,2411.0,36173.0,36173.0,765.0,765.0,2023
209241,Mount Angel Seminary,Saint Benedict,OR,Private Non-Profit,20716.0,20716.0,8978.0,8978.0,29694.0,29694.0,762.0,762.0,2023
209287,Multnomah University,Portland,OR,Private Non-Profit,14520.0,14520.0,400.0,400.0,14920.0,14920.0,635.0,635.0,2023
209296,National University of Natural Medicine,Portland,OR,Private Non-Profit,19631.0,19631.0,1294.0,1294.0,20925.0,20925.0,504.0,504.0,2023
209409,Bushnell University,Eugene,OR,Private Non-Profit,17220.0,17220.0,240.0,240.0,17460.0,17460.0,770.0,770.0,2023
209490,Oregon Health & Science University,Portland,OR,Public,21375.0,21375.0,8432.0,8432.0,29807.0,29807.0,790.0,790.0,2023
209506,Oregon Institute of Technology,Klamath Falls,OR,Public,19306.0,32409.0,2195.0,2195.0,21501.0,34604.0,536.0,900.0,2023
209542,Oregon State University,Corvallis,OR,Public,13446.0,29349.0,2349.0,2349.0,15795.0,31698.0,498.0,1087.0,2023
209551,University of Oregon,Eugene,OR,Public,16659.0,30132.0,2577.0,2577.0,19236.0,32709.0,617.0,1116.0,2023
209603,Pacific Northwest College of Art,Portland,OR,Private Non-Profit,41683.0,41683.0,100.0,100.0,41783.0,41783.0,2361.0,2361.0,2023
209612,Pacific University,Forest Grove,OR,Private Non-Profit,37228.0,37228.0,577.0,577.0,37805.0,37805.0,1130.0,1130.0,2023
209807,Portland State University,Portland,OR,Public,15279.0,22770.0,1923.0,1923.0,17202.0,24693.0,463.0,690.0,2023
209825,University of Portland,Portland,OR,Private Non-Profit,26100.0,26100.0,,,26100.0,26100.0,1450.0,1450.0,2023
210146,Southern Oregon University,Ashland,OR,Public,14553.0,17361.0,2418.0,2418.0,16971.0,19779.0,539.0,643.0,2023
210331,Corban University,Salem,OR,Private Non-Profit,9488.0,9488.0,,,9488.0,9488.0,477.0,477.0,2023
210368,Western Seminary,Portland,OR,Private Non-Profit,15864.0,15864.0,660.0,660.0,16524.0,16524.0,661.0,661.0,2023
210401,Willamette University,Salem,OR,Private Non-Profit,47542.0,47542.0,80.0,80.0,47622.0,47622.0,2310.0,2310.0,2023
210429,Western Oregon University,Monmouth,OR,Public,16560.0,16560.0,2025.0,2025.0,18585.0,18585.0,460.0,460.0,2023
210438,University of Western States,Portland,OR,Private Non-Profit,11000.0,11000.0,150.0,150.0,11150.0,11150.0,605.0,605.0,2023
210492,Bryn Athyn College of the New Church,Bryn Athyn,PA,Private Non-Profit,19671.0,19671.0,1455.0,1455.0,21126.0,21126.0,716.0,716.0,2023
210739,DeSales University,Center Valley,PA,Private Non-Profit,22960.0,22960.0,,,22960.0,22960.0,915.0,915.0,2023
210775,Alvernia University,Reading,PA,Private Non-Profit,16200.0,16200.0,486.0,486.0,16686.0,16686.0,900.0,900.0,2023
211024,Clarks Summit University,Clarks Summit,PA,Private Non-Profit,6276.0,6276.0,200.0,200.0,6476.0,6476.0,523.0,523.0,2023
211088,Arcadia University,Glenside,PA,Private Non-Profit,33390.0,33390.0,223.0,223.0,33613.0,33613.0,729.0,729.0,2023
211130,Missio Theological Seminary,Philadelphia,PA,Private Non-Profit,13680.0,13680.0,320.0,320.0,14000.0,14000.0,570.0,570.0,2023
211273,Bryn Mawr College,Bryn Mawr,PA,Private Non-Profit,52506.0,52506.0,,,52506.0,52506.0,2187.0,2187.0,2023
211291,Bucknell University,Lewisburg,PA,Private Non-Profit,28280.0,28280.0,,,28280.0,28280.0,1768.0,1768.0,2023
211431,Carlow University,Pittsburgh,PA,Private Non-Profit,21692.0,21692.0,418.0,418.0,22110.0,22110.0,986.0,986.0,2023
211440,Carnegie Mellon University,Pittsburgh,PA,Private Non-Profit,48496.0,48496.0,954.0,954.0,49450.0,49450.0,680.0,680.0,2023
211468,Cedar Crest College,Allentown,PA,Private Non-Profit,14598.0,14598.0,240.0,240.0,14838.0,14838.0,811.0,811.0,2023
211556,Chatham University,Pittsburgh,PA,Private Non-Profit,20268.0,20268.0,586.0,586.0,20854.0,20854.0,1126.0,1126.0,2023
211583,Chestnut Hill College,Philadelphia,PA,Private Non-Profit,28098.0,28098.0,250.0,250.0,28348.0,28348.0,682.0,682.0,2023
211981,Delaware Valley University,Doylestown,PA,Private Non-Profit,8940.0,8940.0,144.0,144.0,9084.0,9084.0,801.0,801.0,2023
212054,Drexel University,Philadelphia,PA,Private Non-Profit,36234.0,36234.0,840.0,840.0,37074.0,37074.0,1382.0,1382.0,2023
212106,Duquesne University,Pittsburgh,PA,Private Non-Profit,26568.0,26568.0,,,26568.0,26568.0,1476.0,1476.0,2023
212115,East Stroudsburg University of Pennsylvania,East Stroudsburg,PA,Public,10062.0,14706.0,1848.0,2064.0,11910.0,16770.0,559.0,817.0,2023
212133,Eastern University,Saint Davids,PA,Private Non-Profit,14418.0,14418.0,306.0,306.0,14724.0,14724.0,801.0,801.0,2023
212197,Elizabethtown College,Elizabethtown,PA,Private Non-Profit,36166.0,36166.0,,,36166.0,36166.0,1293.0,1293.0,2023
212601,Gannon University,Erie,PA,Private Non-Profit,21420.0,21420.0,860.0,860.0,22280.0,22280.0,1190.0,1190.0,2023
212656,Geneva College,Beaver Falls,PA,Private Non-Profit,12582.0,12582.0,,,12582.0,12582.0,699.0,699.0,2023
212674,Gettysburg College,Gettysburg,PA,Private Non-Profit,4500.0,4500.0,,,4500.0,4500.0,250.0,250.0,2023
212771,Gratz College,Melrose Park,PA,Private Non-Profit,17947.0,17947.0,590.0,590.0,18537.0,18537.0,665.0,665.0,2023
212805,Grove City College,Grove City,PA,Private Non-Profit,8550.0,8550.0,,,8550.0,8550.0,950.0,950.0,2023
212832,Gwynedd Mercy University,Gwynedd Valley,PA,Private Non-Profit,15321.0,15321.0,468.0,468.0,15789.0,15789.0,705.0,705.0,2023
212984,Holy Family University,Philadelphia,PA,Private Non-Profit,13817.0,13817.0,317.0,317.0,14134.0,14134.0,667.0,667.0,2023
213011,Immaculata University,Immaculata,PA,Private Non-Profit,12780.0,12780.0,,,12780.0,12780.0,710.0,710.0,2023
213020,Indiana University of Pennsylvania-Main Campus,Indiana,PA,Public,9288.0,13932.0,3384.0,4329.0,12672.0,18261.0,516.0,774.0,2023
213251,Juniata College,Huntingdon,PA,Private Non-Profit,14400.0,14400.0,300.0,300.0,14700.0,14700.0,800.0,800.0,2023
213303,Keystone College,La Plume,PA,Private Non-Profit,15600.0,15600.0,100.0,100.0,15700.0,15700.0,650.0,650.0,2023
213321,King's College,Wilkes-Barre,PA,Private Non-Profit,48336.0,48336.0,7236.0,7236.0,55572.0,55572.0,690.0,690.0,2023
213349,Kutztown University of Pennsylvania,Kutztown,PA,Public,9288.0,13932.0,1897.0,2810.0,11185.0,16742.0,516.0,774.0,2023
213358,La Roche University,Pittsburgh,PA,Private Non-Profit,18471.0,18471.0,190.0,190.0,18661.0,18661.0,851.0,851.0,2023
213367,La Salle University,Philadelphia,PA,Private Non-Profit,27200.0,27200.0,570.0,570.0,27770.0,27770.0,900.0,900.0,2023
213400,Lancaster Bible College,Lancaster,PA,Private Non-Profit,10985.0,10985.0,,,10985.0,10985.0,535.0,535.0,2023
213446,Lancaster Theological Seminary,Lancaster,PA,Private Non-Profit,20319.0,20319.0,380.0,380.0,20699.0,20699.0,756.0,756.0,2023
213507,Lebanon Valley College,Annville,PA,Private Non-Profit,34233.0,34233.0,1300.0,1300.0,35533.0,35533.0,734.0,734.0,2023
213543,Lehigh University,Bethlehem,PA,Private Non-Profit,27810.0,27810.0,210.0,210.0,28020.0,28020.0,1545.0,1545.0,2023
213598,Lincoln University,Lincoln University,PA,Public,10106.0,17636.0,1168.0,1306.0,11274.0,18942.0,567.0,949.0,2023
213631,United Lutheran Seminary,Gettysburg,PA,Private Non-Profit,25500.0,25500.0,,,25500.0,25500.0,850.0,850.0,2023
213774,Manor College,Jenkintown,PA,Private Non-Profit,10080.0,10080.0,1100.0,1100.0,11180.0,11180.0,336.0,336.0,2023
213826,Marywood University,Scranton,PA,Private Non-Profit,10200.0,10200.0,2304.0,2304.0,12504.0,12504.0,850.0,850.0,2023
213987,Mercyhurst University,Erie,PA,Private Non-Profit,14763.0,14763.0,430.0,430.0,15193.0,15193.0,679.0,679.0,2023
213996,Messiah University,Mechanicsburg,PA,Private Non-Profit,13590.0,13590.0,,,13590.0,13590.0,755.0,755.0,2023
214041,Millersville University of Pennsylvania,Millersville,PA,Public,9288.0,13932.0,2651.0,2867.0,11939.0,16799.0,516.0,774.0,2023
214069,Misericordia University,Dallas,PA,Private Non-Profit,36650.0,36650.0,1970.0,1970.0,38620.0,38620.0,850.0,850.0,2023
214148,Moore College of Art and Design,Philadelphia,PA,Private Non-Profit,62930.0,62930.0,2539.0,2539.0,65469.0,65469.0,2030.0,2030.0,2023
214157,Moravian University,Bethlehem,PA,Private Non-Profit,18504.0,18504.0,90.0,90.0,18594.0,18594.0,1028.0,1028.0,2023
214166,Mount Aloysius College,Cresson,PA,Private Non-Profit,16560.0,16560.0,686.0,686.0,17246.0,17246.0,920.0,920.0,2023
214175,Muhlenberg College,Allentown,PA,Private Non-Profit,16480.0,16480.0,,,16480.0,16480.0,,,2023
214272,Neumann University,Aston,PA,Private Non-Profit,10800.0,10800.0,500.0,500.0,11300.0,11300.0,600.0,600.0,2023
214564,Salus University,Elkins Park,PA,Private Non-Profit,33656.0,33656.0,1188.0,1188.0,34844.0,34844.0,988.0,988.0,2023
214591,Pennsylvania State University-Penn State Erie-Behrend College,Erie,PA,Public,24526.0,32464.0,556.0,556.0,25082.0,33020.0,1022.0,1353.0,2023
214607,Pennsylvania State University-Penn State Great Valley,Malvern,PA,Public,28114.0,45948.0,158.0,158.0,28272.0,46106.0,1171.0,1915.0,2023
214625,Pennsylvania State University-Penn State New Kensington,New Kensington,PA,Public,23324.0,30036.0,556.0,556.0,23880.0,30592.0,972.0,1252.0,2023
214634,Pennsylvania State University-Penn State Shenango,Sharon,PA,Public,21938.0,29472.0,434.0,434.0,22372.0,29906.0,914.0,1228.0,2023
214643,Pennsylvania State University-Penn State Wilkes-Barre,Dallas,PA,Public,23324.0,30036.0,434.0,434.0,23758.0,30470.0,972.0,1252.0,2023
214652,Pennsylvania State University-Penn State Scranton,Dunmore,PA,Public,24406.0,31558.0,556.0,556.0,24962.0,32114.0,1017.0,1315.0,2023
214670,Pennsylvania State University-Penn State Lehigh Valley,Center Valley,PA,Public,24406.0,31558.0,556.0,556.0,24962.0,32114.0,1017.0,1315.0,2023
214689,Pennsylvania State University-Penn State Altoona,Altoona,PA,Public,24526.0,32464.0,556.0,556.0,25082.0,33020.0,1022.0,1353.0,2023
214698,Pennsylvania State University-Penn State Beaver,Monaca,PA,Public,23324.0,30036.0,556.0,556.0,23880.0,30592.0,972.0,1252.0,2023
214704,Pennsylvania State University-Penn State Berks,Reading,PA,Public,24526.0,32464.0,556.0,556.0,25082.0,33020.0,1022.0,1353.0,2023
214713,Pennsylvania State University-Penn State Harrisburg,Middletown,PA,Public,24526.0,32464.0,556.0,556.0,25082.0,33020.0,1022.0,1353.0,2023
214731,Pennsylvania State University-Penn State Brandywine,Media,PA,Public,24406.0,31558.0,556.0,556.0,24962.0,32114.0,1017.0,1315.0,2023
214740,Pennsylvania State University-Penn State DuBois,DuBois,PA,Public,23324.0,30036.0,556.0,556.0,23880.0,30592.0,972.0,1252.0,2023
214759,Pennsylvania State University-Penn State Fayette- Eberly,Lemont Furnace,PA,Public,23324.0,30036.0,556.0,556.0,23880.0,30592.0,972.0,1252.0,2023
214768,Pennsylvania State University-Penn State Hazleton,Hazleton,PA,Public,24406.0,31558.0,556.0,556.0,24962.0,32114.0,1017.0,1315.0,2023
214777,Pennsylvania State University-Main Campus,University Park,PA,Public,24956.0,43266.0,562.0,562.0,25518.0,43828.0,1040.0,1803.0,2023
214786,Pennsylvania State University-Penn State Greater Allegheny,McKeesport,PA,Public,23324.0,30036.0,556.0,556.0,23880.0,30592.0,972.0,1252.0,2023
214795,Pennsylvania State University-Penn State Mont Alto,Mont Alto,PA,Public,23324.0,30036.0,556.0,556.0,23880.0,30592.0,972.0,1252.0,2023
214801,Pennsylvania State University-Penn State Abington,Abington,PA,Public,24526.0,31818.0,556.0,556.0,25082.0,32374.0,1022.0,1326.0,2023
214810,Pennsylvania State University-Penn State Schuylkill,Schuylkill Haven,PA,Public,24406.0,31558.0,556.0,556.0,24962.0,32114.0,1017.0,1315.0,2023
214829,Pennsylvania State University-Penn State York,York,PA,Public,24406.0,31558.0,556.0,556.0,24962.0,32114.0,1017.0,1315.0,2023
214883,Peirce College,Philadelphia,PA,Private Non-Profit,13896.0,13896.0,400.0,400.0,14296.0,14296.0,772.0,772.0,2023
214971,Pennsylvania Academy of the Fine Arts,Philadelphia,PA,Private Non-Profit,43000.0,43000.0,1600.0,1600.0,44600.0,44600.0,1792.0,1792.0,2023
215062,University of Pennsylvania,Philadelphia,PA,Private Non-Profit,41544.0,41544.0,4490.0,4490.0,46034.0,46034.0,1927.0,1927.0,2023
215105,University of the Arts,Philadelphia,PA,Private Non-Profit,54010.0,54010.0,280.0,280.0,54290.0,54290.0,2640.0,2640.0,2023
215114,Cairn University-Langhorne,Langhorne,PA,Private Non-Profit,9465.0,9465.0,,,9465.0,9465.0,526.0,526.0,2023
215123,Philadelphia College of Osteopathic Medicine,Philadelphia,PA,Private Non-Profit,28625.0,28625.0,675.0,675.0,29300.0,29300.0,1051.0,1051.0,2023
215293,University of Pittsburgh-Pittsburgh Campus,Pittsburgh,PA,Public,25834.0,43804.0,1230.0,1230.0,27064.0,45034.0,1038.0,1788.0,2023
215424,Pittsburgh Theological Seminary,Pittsburgh,PA,Private Non-Profit,12690.0,12690.0,300.0,300.0,12990.0,12990.0,470.0,470.0,2023
215442,Point Park University,Pittsburgh,PA,Private Non-Profit,14184.0,14184.0,1980.0,1980.0,16164.0,16164.0,788.0,788.0,2023
215619,Reconstructionist Rabbinical College,Wyncote,PA,Private Non-Profit,28000.0,28000.0,236.0,236.0,28236.0,28236.0,1500.0,1500.0,2023
215655,Robert Morris University,Moon Township,PA,Private Non-Profit,19167.0,19167.0,1080.0,1080.0,20247.0,20247.0,962.0,962.0,2023
215691,Rosemont College,Rosemont,PA,Private Non-Profit,12780.0,12780.0,,,12780.0,12780.0,710.0,710.0,2023
215743,Saint Francis University,Loretto,PA,Private Non-Profit,21290.0,21290.0,650.0,650.0,21940.0,21940.0,1100.0,1100.0,2023
215770,Saint Joseph's University,Philadelphia,PA,Private Non-Profit,19786.0,19786.0,,,19786.0,19786.0,1099.0,1099.0,2023
215798,Saint Vincent College,Latrobe,PA,Private Non-Profit,13896.0,13896.0,688.0,688.0,14584.0,14584.0,772.0,772.0,2023
215813,Saint Vincent Seminary,Latrobe,PA,Private Non-Profit,33968.0,33968.0,,,33968.0,33968.0,1129.0,1129.0,2023
215929,University of Scranton,Scranton,PA,Private Non-Profit,11580.0,11580.0,50.0,50.0,11630.0,11630.0,965.0,965.0,2023
215947,Seton Hill University,Greensburg,PA,Private Non-Profit,16488.0,16488.0,550.0,550.0,17038.0,17038.0,916.0,916.0,2023
216010,Shippensburg University of Pennsylvania,Shippensburg,PA,Public,9288.0,13932.0,3042.0,3258.0,12330.0,17190.0,516.0,774.0,2023
216038,Slippery Rock University of Pennsylvania,Slippery Rock,PA,Public,9288.0,13932.0,3371.0,4284.0,12659.0,18216.0,516.0,774.0,2023
216047,Saint Charles Borromeo Seminary-Overbrook,Wynnewood,PA,Private Non-Profit,25952.0,25952.0,1500.0,1500.0,27452.0,27452.0,740.0,740.0,2023
216278,Susquehanna University,Selinsgrove,PA,Private Non-Profit,56600.0,56600.0,800.0,800.0,57400.0,57400.0,1800.0,1800.0,2023
216339,Temple University,Philadelphia,PA,Public,21042.0,27555.0,968.0,968.0,22010.0,28523.0,1141.0,1379.0,2023
216348,Theological Seminary of the Reformed Episcopal Church,Blue Bell,PA,Private Non-Profit,14025.0,14025.0,600.0,600.0,14625.0,14625.0,275.0,275.0,2023
216357,Thiel College,Greenville,PA,Private Non-Profit,28640.0,28640.0,3552.0,3552.0,32192.0,32192.0,1168.0,1168.0,2023
216366,Thomas Jefferson University,Philadelphia,PA,Private Non-Profit,23202.0,23202.0,612.0,612.0,23814.0,23814.0,1289.0,1289.0,2023
216463,Trinity Episcopal School for Ministry,Ambridge,PA,Private Non-Profit,14160.0,14160.0,600.0,600.0,14760.0,14760.0,590.0,590.0,2023
216542,University of Valley Forge,Phoenixville,PA,Private Non-Profit,9540.0,9540.0,,,9540.0,9540.0,530.0,530.0,2023
216597,Villanova University,Villanova,PA,Private Non-Profit,21261.0,21261.0,100.0,100.0,21361.0,21361.0,1119.0,1119.0,2023
216694,Waynesburg University,Waynesburg,PA,Private Non-Profit,16920.0,16920.0,,,16920.0,16920.0,705.0,705.0,2023
216764,West Chester University of Pennsylvania,West Chester,PA,Public,9288.0,13932.0,3276.0,3492.0,12564.0,17424.0,516.0,774.0,2023
216807,Westminster College,New Wilmington,PA,Private Non-Profit,9000.0,9000.0,,,9000.0,9000.0,500.0,500.0,2023
216816,Westminster Theological Seminary,Glenside,PA,Private Non-Profit,22560.0,22560.0,650.0,650.0,23210.0,23210.0,650.0,650.0,2023
216852,Widener University,Chester,PA,Private Non-Profit,26755.0,26755.0,350.0,350.0,27105.0,27105.0,1010.0,1010.0,2023
216931,Wilkes University,Wilkes-Barre,PA,Private Non-Profit,24000.0,24000.0,2064.0,2064.0,26064.0,26064.0,1000.0,1000.0,2023
217013,Wilson College,Chambersburg,PA,Private Non-Profit,9450.0,9450.0,,,9450.0,9450.0,525.0,525.0,2023
217040,Yeshivath Beth Moshe,Scranton,PA,Private Non-Profit,10200.0,10200.0,200.0,200.0,10400.0,10400.0,,,2023
217059,York College of Pennsylvania,York,PA,Private Non-Profit,12240.0,12240.0,,,12240.0,12240.0,680.0,680.0,2023
217156,Brown University,Providence,RI,Private Non-Profit,65656.0,65656.0,1350.0,1350.0,67006.0,67006.0,2051.0,2051.0,2023
217165,Bryant University,Smithfield,RI,Private Non-Profit,48460.0,48460.0,1500.0,1500.0,49960.0,49960.0,717.0,717.0,2023
217235,Johnson & Wales University-Providence,Providence,RI,Private Non-Profit,15156.0,15156.0,,,15156.0,15156.0,842.0,842.0,2023
217305,New England Institute of Technology,East Greenwich,RI,Private Non-Profit,15000.0,15000.0,900.0,900.0,15900.0,15900.0,625.0,625.0,2023
217402,Providence College,Providence,RI,Private Non-Profit,12210.0,12210.0,,,12210.0,12210.0,662.0,662.0,2023
217420,Rhode Island College,Providence,RI,Public,8910.0,17352.0,878.0,878.0,9788.0,18230.0,495.0,964.0,2023
217484,University of Rhode Island,Kingston,RI,Public,15402.0,29904.0,2048.0,2048.0,17450.0,31952.0,856.0,1661.0,2023
217493,Rhode Island School of Design,Providence,RI,Private Non-Profit,58690.0,58690.0,1070.0,1070.0,59760.0,59760.0,,,2023
217518,Roger Williams University,Bristol,RI,Private Non-Profit,21744.0,21744.0,950.0,950.0,22694.0,22694.0,903.0,903.0,2023
217536,Salve Regina University,Newport,RI,Private Non-Profit,12600.0,12600.0,195.0,195.0,12795.0,12795.0,700.0,700.0,2023
217624,Allen University,Columbia,SC,Private Non-Profit,8100.0,8100.0,1700.0,1700.0,9800.0,9800.0,500.0,500.0,2023
217633,Anderson University,Anderson,SC,Private Non-Profit,14763.0,14763.0,720.0,720.0,15483.0,15483.0,586.0,586.0,2023
217688,Charleston Southern University,Charleston,SC,Private Non-Profit,18994.0,18994.0,250.0,250.0,19244.0,19244.0,585.0,585.0,2023
217721,Benedict College,Columbia,SC,Private Non-Profit,12120.0,12120.0,2600.0,2600.0,14720.0,14720.0,,,2023
217749,Bob Jones University,Greenville,SC,Private Non-Profit,9734.0,9734.0,934.0,934.0,10668.0,10668.0,620.0,620.0,2023
217776,Southern Wesleyan University,Central,SC,Private Non-Profit,12696.0,12696.0,1050.0,1050.0,13746.0,13746.0,529.0,529.0,2023
217819,College of Charleston,Charleston,SC,Public,13770.0,40038.0,460.0,460.0,14230.0,40498.0,574.0,1668.0,2023
217864,Citadel Military College of South Carolina,Charleston,SC,Public,12540.0,18390.0,150.0,150.0,12690.0,18540.0,695.0,1020.0,2023
217873,Claflin University,Orangeburg,SC,Private Non-Profit,10530.0,10530.0,382.0,382.0,10912.0,10912.0,585.0,585.0,2023
217882,Clemson University,Clemson,SC,Public,11220.0,23372.0,1426.0,1426.0,12646.0,24798.0,772.0,1548.0,2023
217907,Coker University,Hartsville,SC,Private Non-Profit,16560.0,16560.0,400.0,400.0,16960.0,16960.0,690.0,690.0,2023
217925,Columbia International University,Columbia,SC,Private Non-Profit,10440.0,10440.0,1200.0,1200.0,11640.0,11640.0,580.0,580.0,2023
217934,Columbia College,Columbia,SC,Private Non-Profit,14587.0,14587.0,629.0,629.0,15216.0,15216.0,580.0,580.0,2023
217961,Converse University,Spartanburg,SC,Private Non-Profit,7750.0,7750.0,250.0,250.0,8000.0,8000.0,500.0,500.0,2023
217998,Erskine College,Due West,SC,Private Non-Profit,13750.0,13750.0,600.0,600.0,14350.0,14350.0,530.0,530.0,2023
218061,Francis Marion University,Florence,SC,Public,10612.0,21224.0,776.0,776.0,11388.0,22000.0,531.0,1062.0,2023
218070,Furman University,Greenville,SC,Private Non-Profit,14970.0,14970.0,,,14970.0,14970.0,639.0,639.0,2023
218229,Lander University,Greenwood,SC,Public,9810.0,9910.0,,,9810.0,9910.0,492.0,545.0,2023
218238,Limestone University,Gaffney,SC,Private Non-Profit,12350.0,12350.0,150.0,150.0,12500.0,12500.0,583.0,583.0,2023
218335,Medical University of South Carolina,Charleston,SC,Public,16141.0,24135.0,1433.0,1433.0,17574.0,25568.0,807.0,1352.0,2023
218414,Newberry College,Newberry,SC,Private Non-Profit,6000.0,6000.0,,,6000.0,6000.0,575.0,575.0,2023
218441,North Greenville University,Tigerville,SC,Private Non-Profit,11094.0,11094.0,380.0,380.0,11474.0,11474.0,484.0,484.0,2023
218539,Presbyterian College,Clinton,SC,Private Non-Profit,56000.0,56000.0,,,56000.0,56000.0,,,2023
218645,University of South Carolina Aiken,Aiken,SC,Public,13734.0,29760.0,362.0,362.0,14096.0,30122.0,572.0,1240.0,2023
218654,University of South Carolina Beaufort,Bluffton,SC,Public,13734.0,29760.0,386.0,386.0,14120.0,30146.0,572.0,1240.0,2023
218663,University of South Carolina-Columbia,Columbia,SC,Public,13374.0,29760.0,400.0,400.0,13774.0,30160.0,572.0,1240.0,2023
218724,Coastal Carolina University,Conway,SC,Public,10674.0,21348.0,90.0,90.0,10764.0,21438.0,598.0,1231.0,2023
218733,South Carolina State University,Orangeburg,SC,Public,9928.0,21038.0,1532.0,1532.0,11460.0,22570.0,637.0,1254.0,2023
218742,University of South Carolina-Upstate,Spartanburg,SC,Public,13734.0,29760.0,375.0,375.0,14109.0,30135.0,572.0,1240.0,2023
218919,Voorhees University,Denmark,SC,Private Non-Profit,11070.0,11070.0,50.0,50.0,11120.0,11120.0,615.0,615.0,2023
218964,Winthrop University,Rock Hill,SC,Public,15626.0,30100.0,650.0,650.0,16276.0,30750.0,653.0,1258.0,2023
219000,Augustana University,Sioux Falls,SD,Private Non-Profit,38800.0,38800.0,1040.0,1040.0,39840.0,39840.0,560.0,560.0,2023
219046,Black Hills State University,Spearfish,SD,Public,7998.0,14931.0,918.0,918.0,8916.0,15849.0,470.0,622.0,2023
219082,Dakota State University,Madison,SD,Public,5999.0,11199.0,732.0,732.0,6731.0,11931.0,333.0,622.0,2023
219091,Dakota Wesleyan University,Mitchell,SD,Private Non-Profit,15300.0,15300.0,,,15300.0,15300.0,425.0,425.0,2023
219198,Mount Marty University,Yankton,SD,Private Non-Profit,12769.0,12769.0,1495.0,1495.0,14264.0,14264.0,750.0,750.0,2023
219204,National American University-Rapid City,Rapid City,SD,Private For-Profit,15750.0,15750.0,675.0,675.0,16425.0,16425.0,583.0,583.0,2023
219259,Northern State University,Aberdeen,SD,Public,5999.0,11199.0,737.0,737.0,6736.0,11936.0,333.0,622.0,2023
219277,Oglala Lakota College,Kyle,SD,Public,2070.0,2070.0,448.0,448.0,2518.0,2518.0,115.0,115.0,2023
219347,South Dakota School of Mines and Technology,Rapid City,SD,Public,6100.0,12200.0,2400.0,2400.0,8500.0,14600.0,339.0,680.0,2023
219356,South Dakota State University,Brookings,SD,Public,8164.0,15697.0,1220.0,1220.0,9384.0,16917.0,340.0,654.0,2023
219383,University of Sioux Falls,Sioux Falls,SD,Private Non-Profit,7335.0,7335.0,,,7335.0,7335.0,405.0,405.0,2023
219471,University of South Dakota,Vermillion,SD,Public,6123.0,11773.0,995.0,995.0,7118.0,12768.0,340.0,654.0,2023
219602,Austin Peay State University,Clarksville,TN,Public,8460.0,13446.0,1667.0,1667.0,10127.0,15113.0,470.0,747.0,2023
219709,Belmont University,Nashville,TN,Private Non-Profit,26100.0,26100.0,950.0,950.0,27050.0,27050.0,1450.0,1450.0,2023
219718,Bethel University,McKenzie,TN,Private Non-Profit,13392.0,13392.0,,,13392.0,13392.0,558.0,558.0,2023
219790,Bryan College-Dayton,Dayton,TN,Private Non-Profit,9630.0,9630.0,200.0,200.0,9830.0,9830.0,535.0,535.0,2023
219806,Carson-Newman University,Jefferson City,TN,Private Non-Profit,9968.0,9968.0,200.0,200.0,10168.0,10168.0,554.0,554.0,2023
219833,Christian Brothers University,Memphis,TN,Private Non-Profit,13178.0,13178.0,410.0,410.0,13588.0,13588.0,658.0,658.0,2023
219842,Pentecostal Theological Seminary,Cleveland,TN,Private Non-Profit,11472.0,11472.0,523.0,523.0,11995.0,11995.0,486.0,486.0,2023
219949,Cumberland University,Lebanon,TN,Private Non-Profit,8280.0,8280.0,,,8280.0,8280.0,690.0,690.0,2023
219976,Lipscomb University,Nashville,TN,Private Non-Profit,17100.0,17100.0,,,17100.0,17100.0,950.0,950.0,2023
220075,East Tennessee State University,Johnson City,TN,Public,8784.0,23904.0,2000.0,2000.0,10784.0,25904.0,488.0,1329.0,2023
220181,Fisk University,Nashville,TN,Private Non-Profit,22590.0,22590.0,989.0,989.0,23579.0,23579.0,1255.0,1255.0,2023
220206,Welch College,Gallatin,TN,Private Non-Profit,8100.0,8100.0,,,8100.0,8100.0,450.0,450.0,2023
220215,Freed-Hardeman University,Henderson,TN,Private Non-Profit,11700.0,11700.0,,,11700.0,11700.0,650.0,650.0,2023
220473,Johnson University,Knoxville,TN,Private Non-Profit,9990.0,9990.0,295.0,295.0,10285.0,10285.0,555.0,555.0,2023
220516,King University,Bristol,TN,Private Non-Profit,14182.0,14182.0,,,14182.0,14182.0,530.0,530.0,2023
220552,South College,Knoxville,TN,Private For-Profit,26764.0,26764.0,1485.0,1485.0,28249.0,28249.0,335.0,335.0,2023
220613,Lee University,Cleveland,TN,Private Non-Profit,16470.0,16470.0,200.0,200.0,16670.0,16670.0,915.0,915.0,2023
220631,Lincoln Memorial University,Harrogate,TN,Private Non-Profit,22451.0,22451.0,774.0,774.0,23225.0,23225.0,748.0,748.0,2023
220701,The University of Tennessee Southern,Pulaski,TN,Public,8910.0,8910.0,,,8910.0,8910.0,495.0,495.0,2023
220710,Maryville College,Maryville,TN,Private Non-Profit,14688.0,14688.0,1268.0,1268.0,15956.0,15956.0,408.0,408.0,2023
220792,Meharry Medical College,Nashville,TN,Private Non-Profit,27972.0,27972.0,5676.0,5676.0,33648.0,33648.0,,,2023
220862,University of Memphis,Memphis,TN,Public,9576.0,13590.0,1638.0,1638.0,11214.0,15228.0,532.0,755.0,2023
220871,Memphis Theological Seminary,Memphis,TN,Private Non-Profit,19200.0,19200.0,85.0,85.0,19285.0,19285.0,640.0,640.0,2023
220978,Middle Tennessee State University,Murfreesboro,TN,Public,9648.0,26694.0,1476.0,1476.0,11124.0,28170.0,536.0,1483.0,2023
221351,Rhodes College,Memphis,TN,Private Non-Profit,54082.0,54082.0,810.0,810.0,54892.0,54892.0,2315.0,2315.0,2023
221519,The University of the South,Sewanee,TN,Private Non-Profit,18450.0,18450.0,280.0,280.0,18730.0,18730.0,838.0,838.0,2023
221661,Southern Adventist University,Collegedale,TN,Private Non-Profit,12870.0,12870.0,,,12870.0,12870.0,715.0,715.0,2023
221731,Tennessee Wesleyan University,Athens,TN,Private Non-Profit,20870.0,20870.0,975.0,975.0,21845.0,21845.0,615.0,615.0,2023
221740,The University of Tennessee-Chattanooga,Chattanooga,TN,Public,8876.0,16940.0,1912.0,1912.0,10788.0,18852.0,494.0,942.0,2023
221759,The University of Tennessee-Knoxville,Knoxville,TN,Public,11468.0,29656.0,2152.0,2452.0,13620.0,32108.0,639.0,1650.0,2023
221768,The University of Tennessee-Martin,Martin,TN,Public,10584.0,11628.0,1008.0,1008.0,11592.0,12636.0,588.0,646.0,2023
221838,Tennessee State University,Nashville,TN,Public,9844.0,22268.0,1248.0,1248.0,11092.0,23516.0,471.0,1069.0,2023
221847,Tennessee Technological University,Cookeville,TN,Public,10480.0,19420.0,1320.0,1320.0,11800.0,20740.0,524.0,971.0,2023
221892,Trevecca Nazarene University,Nashville,TN,Private Non-Profit,11424.0,11424.0,1200.0,1200.0,12624.0,12624.0,544.0,544.0,2023
221953,Tusculum University,Greeneville,TN,Private Non-Profit,14400.0,14400.0,,,14400.0,14400.0,580.0,580.0,2023
221971,Union University,Jackson,TN,Private Non-Profit,11466.0,11466.0,487.0,487.0,11953.0,11953.0,662.0,662.0,2023
221999,Vanderbilt University,Nashville,TN,Private Non-Profit,54744.0,54744.0,1384.0,1384.0,56128.0,56128.0,2281.0,2281.0,2023
222178,Abilene Christian University,Abilene,TX,Private Non-Profit,24174.0,24174.0,,,24174.0,24174.0,1343.0,1343.0,2023
222628,Amberton University,Garland,TX,Private Non-Profit,7200.0,7200.0,35.0,35.0,7235.0,7235.0,300.0,300.0,2023
222831,Angelo State University,San Angelo,TX,Public,4181.0,11741.0,3213.0,3213.0,7394.0,14954.0,232.0,652.0,2023
222877,Arlington Baptist University,Arlington,TX,Private Non-Profit,6000.0,6000.0,680.0,680.0,6680.0,6680.0,417.0,417.0,2023
222983,Austin College,Sherman,TX,Private Non-Profit,29415.0,29415.0,185.0,185.0,29600.0,29600.0,1514.0,1514.0,2023
223001,Austin Presbyterian Theological Seminary,Austin,TX,Private Non-Profit,15900.0,15900.0,120.0,120.0,16020.0,16020.0,265.0,265.0,2023
223117,Baptist Missionary Association Theological Seminary,Jacksonville,TX,Private Non-Profit,9750.0,9750.0,300.0,300.0,10050.0,10050.0,325.0,325.0,2023
223223,Baylor College of Medicine,Houston,TX,Private Non-Profit,24458.0,24458.0,5097.0,5097.0,29555.0,29555.0,,,2023
223232,Baylor University,Waco,TX,Private Non-Profit,41130.0,41130.0,,,41130.0,41130.0,2285.0,2285.0,2023
224004,Concordia University Texas,Austin,TX,Private Non-Profit,13410.0,13410.0,340.0,340.0,13750.0,13750.0,745.0,745.0,2023
224147,Texas A & M University-Corpus Christi,Corpus Christi,TX,Public,3610.0,11715.0,3569.0,4280.0,7179.0,15995.0,201.0,651.0,2023
224226,Dallas Baptist University,Dallas,TX,Private Non-Profit,22878.0,22878.0,1630.0,1630.0,24508.0,24508.0,1271.0,1271.0,2023
224305,Dallas Theological Seminary,Dallas,TX,Private Non-Profit,19075.0,19075.0,670.0,670.0,19745.0,19745.0,660.0,660.0,2023
224323,University of Dallas,Irving,TX,Private Non-Profit,34425.0,34425.0,,,34425.0,34425.0,1275.0,1275.0,2023
224527,East Texas Baptist University,Marshall,TX,Private Non-Profit,7200.0,7200.0,480.0,480.0,7680.0,7680.0,400.0,400.0,2023
224545,Texas A&M University-Texarkana,Texarkana,TX,Public,4535.0,14171.0,1481.0,1481.0,6016.0,15652.0,299.0,834.0,2023
224554,Texas A & M University-Commerce,Commerce,TX,Public,3630.0,11196.0,3708.0,3708.0,7338.0,14904.0,202.0,622.0,2023
224712,Episcopal Theological Seminary of the Southwest,Austin,TX,Private Non-Profit,17692.0,17692.0,1013.0,1013.0,18705.0,18705.0,738.0,738.0,2023
225247,Hardin-Simmons University,Abilene,TX,Private Non-Profit,14310.0,14310.0,764.0,764.0,15074.0,15074.0,795.0,795.0,2023
225399,Houston Christian University,Houston,TX,Private Non-Profit,8875.0,8875.0,2600.0,2600.0,11475.0,11475.0,627.0,627.0,2023
225414,University of Houston-Clear Lake,Houston,TX,Public,7920.0,17532.0,1548.0,1548.0,9468.0,19080.0,440.0,974.0,2023
225432,University of Houston-Downtown,Houston,TX,Public,8073.0,14733.0,1456.0,1456.0,9529.0,16189.0,449.0,819.0,2023
225502,University of Houston-Victoria,Victoria,TX,Public,6618.0,13838.0,1697.0,1697.0,8315.0,15535.0,368.0,776.0,2023
225511,University of Houston,Houston,TX,Public,8723.0,18083.0,1026.0,1026.0,9749.0,19109.0,485.0,1005.0,2023
225548,Howard Payne University,Brownwood,TX,Private Non-Profit,10980.0,10980.0,40.0,40.0,11020.0,11020.0,610.0,610.0,2023
225575,Huston-Tillotson University,Austin,TX,Private Non-Profit,25200.0,25200.0,3030.0,3030.0,28230.0,28230.0,700.0,700.0,2023
225627,University of the Incarnate Word,San Antonio,TX,Private Non-Profit,19800.0,19800.0,1070.0,1070.0,20870.0,20870.0,1100.0,1100.0,2023
225885,Jarvis Christian University,Hawkins,TX,Private Non-Profit,21000.0,21000.0,3150.0,3150.0,24150.0,24150.0,,,2023
226091,Lamar University,Beaumont,TX,Public,6471.0,13815.0,2171.0,2171.0,8642.0,15986.0,360.0,768.0,2023
226231,LeTourneau University,Longview,TX,Private Non-Profit,16875.0,16875.0,,,16875.0,16875.0,625.0,625.0,2023
226383,Lubbock Christian University,Lubbock,TX,Private Non-Profit,11421.0,11421.0,200.0,200.0,11621.0,11621.0,642.0,642.0,2023
226471,University of Mary Hardin-Baylor,Belton,TX,Private Non-Profit,19215.0,19215.0,1630.0,1630.0,20845.0,20845.0,1068.0,1068.0,2023
226587,McMurry University,Abilene,TX,Private Non-Profit,18000.0,18000.0,450.0,450.0,18450.0,18450.0,1000.0,1000.0,2023
226833,Midwestern State University,Wichita Falls,TX,Public,4246.0,5416.0,2823.0,2823.0,7069.0,8239.0,236.0,301.0,2023
227216,University of North Texas,Denton,TX,Public,7160.0,14720.0,1902.0,1902.0,9062.0,16622.0,503.0,923.0,2023
227289,Oblate School of Theology,San Antonio,TX,Private Non-Profit,23380.0,23380.0,1100.0,1100.0,24480.0,24480.0,835.0,835.0,2023
227331,Our Lady of the Lake University,San Antonio,TX,Private Non-Profit,17658.0,17658.0,840.0,840.0,18498.0,18498.0,981.0,981.0,2023
227368,The University of Texas Rio Grande Valley,Edinburg,TX,Public,6948.0,14499.0,1495.0,1495.0,8443.0,15994.0,395.0,814.0,2023
227429,Paul Quinn College,Dallas,TX,Private Non-Profit,9456.0,9456.0,8901.0,8901.0,18357.0,18357.0,788.0,788.0,2023
227526,Prairie View A & M University,Prairie View,TX,Public,5191.0,14353.0,2802.0,3025.0,7993.0,17378.0,288.0,797.0,2023
227757,Rice University,Houston,TX,Private Non-Profit,53712.0,53712.0,750.0,750.0,54462.0,54462.0,1939.0,1939.0,2023
227845,Saint Edward's University,Austin,TX,Private Non-Profit,28980.0,28980.0,590.0,590.0,29570.0,29570.0,1426.0,1426.0,2023
227863,University of St Thomas,Houston,TX,Private Non-Profit,20934.0,20934.0,700.0,700.0,21634.0,21634.0,1163.0,1163.0,2023
227881,Sam Houston State University,Huntsville,TX,Public,5765.0,13109.0,3189.0,3189.0,8954.0,16298.0,320.0,728.0,2023
228042,Schreiner University,Kerrville,TX,Private Non-Profit,22752.0,22752.0,600.0,600.0,23352.0,23352.0,632.0,632.0,2023
228149,St. Mary's University,San Antonio,TX,Private Non-Profit,19782.0,19782.0,1224.0,1224.0,21006.0,21006.0,1099.0,1099.0,2023
228246,Southern Methodist University,Dallas,TX,Private Non-Profit,31590.0,31590.0,5472.0,5472.0,37062.0,37062.0,1755.0,1755.0,2023
228325,Southwestern Assemblies of God University,Waxahachie,TX,Private Non-Profit,8280.0,8280.0,1080.0,1080.0,9360.0,9360.0,425.0,425.0,2023
228431,Stephen F Austin State University,Nacogdoches,TX,Public,5262.0,12822.0,2171.0,2171.0,7433.0,14993.0,359.0,779.0,2023
228459,Texas State University,San Marcos,TX,Public,7147.0,15547.0,2754.0,2754.0,9901.0,18301.0,357.0,777.0,2023
228468,Southwestern Adventist University,Keene,TX,Private Non-Profit,23928.0,23928.0,660.0,660.0,24588.0,24588.0,997.0,997.0,2023
228501,Sul Ross State University,Alpine,TX,Public,4792.0,12136.0,1869.0,1869.0,6661.0,14005.0,266.0,674.0,2023
228529,Tarleton State University,Stephenville,TX,Public,4356.0,11916.0,3141.0,3141.0,7497.0,15057.0,242.0,662.0,2023
228635,University of Texas Southwestern Medical Center,Dallas,TX,Public,6696.0,16776.0,1346.0,1346.0,8042.0,18122.0,279.0,699.0,2023
228644,The University of Texas Health Science Center at San Antonio,San Antonio,TX,Public,3239.0,12439.0,1225.0,1225.0,4464.0,13664.0,180.0,691.0,2023
228653,The University of Texas Medical Branch at Galveston,Galveston,TX,Public,6171.0,13977.0,3363.0,3363.0,9534.0,17340.0,343.0,782.0,2023
228723,Texas A & M University-College Station,College Station,TX,Public,6885.0,19882.0,4208.0,4208.0,11093.0,24090.0,287.0,828.0,2023
228769,The University of Texas at Arlington,Arlington,TX,Public,9015.0,23507.0,1838.0,1838.0,10853.0,25345.0,509.0,1326.0,2023
228778,The University of Texas at Austin,Austin,TX,Public,12012.0,22954.0,,,12012.0,22954.0,660.0,1237.0,2023
228787,The University of Texas at Dallas,Richardson,TX,Public,15088.0,29468.0,,,15088.0,29468.0,838.0,1637.0,2023
228796,The University of Texas at El Paso,El Paso,TX,Public,5865.0,15320.0,1301.0,1301.0,7166.0,16621.0,326.0,853.0,2023
228802,The University of Texas at Tyler,Tyler,TX,Public,6534.0,15498.0,1910.0,1910.0,8444.0,17408.0,497.0,995.0,2023
228875,Texas Christian University,Fort Worth,TX,Private Non-Profit,35730.0,35730.0,48.0,48.0,35778.0,35778.0,1985.0,1985.0,2023
228909,University of North Texas Health Science Center,Fort Worth,TX,Public,6038.0,19734.0,2383.0,2383.0,8421.0,22117.0,194.0,646.0,2023
228981,Texas Lutheran University,Seguin,TX,Private Non-Profit,33400.0,33400.0,620.0,620.0,34020.0,34020.0,850.0,850.0,2023
229018,The University of Texas Permian Basin,Odessa,TX,Public,4948.0,12292.0,1958.0,1958.0,6906.0,14250.0,275.0,683.0,2023
229027,The University of Texas at San Antonio,San Antonio,TX,Public,7403.0,26294.0,2459.0,2459.0,9862.0,28753.0,411.0,1461.0,2023
229063,Texas Southern University,Houston,TX,Public,6858.0,14258.0,1470.0,1470.0,8328.0,15728.0,100.0,470.0,2023
229115,Texas Tech University,Lubbock,TX,Public,6956.0,15356.0,2562.0,2562.0,9518.0,17918.0,348.0,768.0,2023
229160,Texas Wesleyan University,Fort Worth,TX,Private Non-Profit,16778.0,16778.0,2630.0,2630.0,19408.0,19408.0,745.0,745.0,2023
229179,Texas Woman's University,Denton,TX,Public,5184.0,12744.0,2706.0,2706.0,7890.0,15450.0,288.0,708.0,2023
229267,Trinity University,San Antonio,TX,Private Non-Profit,23597.0,23597.0,,,23597.0,23597.0,,,2023
229300,The University of Texas Health Science Center at Houston,Houston,TX,Public,8927.0,33701.0,2015.0,2015.0,10942.0,35716.0,263.0,991.0,2023
229337,Texas Tech University Health Sciences Center,Lubbock,TX,Public,6360.0,16440.0,2956.0,2956.0,9316.0,19396.0,265.0,685.0,2023
229780,Wayland Baptist University,Plainview,TX,Private Non-Profit,14598.0,14598.0,1356.0,1356.0,15954.0,15954.0,811.0,811.0,2023
229814,West Texas A & M University,Canyon,TX,Public,5088.0,6378.0,2196.0,2196.0,7284.0,8574.0,431.0,489.0,2023
230038,Brigham Young University,Provo,UT,Private Non-Profit,8096.0,8096.0,,,8096.0,8096.0,478.0,478.0,2023
230171,Utah Tech University,Saint George,UT,Public,7804.0,13831.0,606.0,606.0,8410.0,14437.0,433.0,729.0,2023
230366,Eagle Gate College-Murray,Murray,UT,Private For-Profit,16491.0,16491.0,,,16491.0,16491.0,,,2023
230603,Southern Utah University,Cedar City,UT,Public,7574.0,23784.0,764.0,764.0,8338.0,24548.0,339.0,1069.0,2023
230728,Utah State University,Logan,UT,Public,6763.0,23176.0,832.0,832.0,7595.0,24008.0,319.0,1109.0,2023
230737,Utah Valley University,Orem,UT,Public,9152.0,22382.0,561.0,561.0,9713.0,22943.0,508.0,1243.0,2023
230764,University of Utah,Salt Lake City,UT,Public,7353.0,25961.0,1095.0,1095.0,8448.0,27056.0,301.0,1058.0,2023
230782,Weber State University,Ogden,UT,Public,8089.0,17923.0,785.0,785.0,8874.0,18708.0,449.0,996.0,2023
230807,Westminster University,Salt Lake City,UT,Private Non-Profit,16324.0,16324.0,180.0,180.0,16504.0,16504.0,1146.0,1146.0,2023
230816,Bennington College,Bennington,VT,Private Non-Profit,24617.0,24617.0,,,24617.0,24617.0,2658.0,2658.0,2023
230852,Champlain College,Burlington,VT,Private Non-Profit,10710.0,10710.0,,,10710.0,10710.0,595.0,595.0,2023
230889,Goddard College,Plainfield,VT,Private Non-Profit,23598.0,23598.0,300.0,300.0,23898.0,23898.0,1131.0,1131.0,2023
230995,Norwich University,Northfield,VT,Private Non-Profit,22176.0,22176.0,2740.0,2740.0,24916.0,24916.0,924.0,924.0,2023
231059,Saint Michael's College,Colchester,VT,Private Non-Profit,12150.0,12150.0,,,12150.0,12150.0,675.0,675.0,2023
231068,SIT Graduate Institute,Brattleboro,VT,Private Non-Profit,45445.0,45445.0,,,45445.0,45445.0,1200.0,1200.0,2023
231147,Vermont Law and Graduate School,South Royalton,VT,Private Non-Profit,44515.0,44515.0,1300.0,1300.0,45815.0,45815.0,1450.0,1450.0,2023
231165,Vermont State University,Randolph,VT,Public,11502.0,11502.0,,,11502.0,11502.0,639.0,639.0,2023
231174,University of Vermont,Burlington,VT,Public,12204.0,30960.0,2036.0,2036.0,14240.0,32996.0,678.0,1720.0,2023
231420,Averett University,Danville,VA,Private Non-Profit,11790.0,11790.0,300.0,300.0,12090.0,12090.0,655.0,655.0,2023
231554,Bluefield University,Bluefield,VA,Private Non-Profit,8910.0,8910.0,630.0,630.0,9540.0,9540.0,495.0,495.0,2023
231581,Bridgewater College,Bridgewater,VA,Private Non-Profit,18816.0,18816.0,700.0,700.0,19516.0,19516.0,640.0,640.0,2023
231624,William & Mary,Williamsburg,VA,Public,10905.0,29352.0,6517.0,7088.0,17422.0,36440.0,606.0,1631.0,2023
231651,Regent University,Virginia Beach,VA,Private Non-Profit,16128.0,16128.0,1700.0,1700.0,17828.0,17828.0,672.0,672.0,2023
231712,Christopher Newport University,Newport News,VA,Public,8136.0,17766.0,4770.0,5076.0,12906.0,22842.0,717.0,1269.0,2023
231970,Eastern Virginia Medical School,Norfolk,VA,Public,24016.0,26375.0,1176.0,1176.0,25192.0,27551.0,1022.0,1308.0,2023
232025,Emory & Henry University,Emory,VA,Private Non-Profit,25200.0,25200.0,795.0,795.0,25995.0,25995.0,365.0,365.0,2023
232043,Eastern Mennonite University,Harrisonburg,VA,Private Non-Profit,15200.0,15200.0,300.0,300.0,15500.0,15500.0,630.0,630.0,2023
232089,Ferrum College,Ferrum,VA,Private Non-Profit,8550.0,8550.0,450.0,450.0,9000.0,9000.0,475.0,475.0,2023
232186,George Mason University,Fairfax,VA,Public,13726.0,35677.0,3720.0,3720.0,17446.0,39397.0,572.0,1486.0,2023
232265,Hampton University,Hampton,VA,Private Non-Profit,13099.0,13099.0,35.0,35.0,13134.0,13134.0,665.0,665.0,2023
232308,Hollins University,Roanoke,VA,Private Non-Profit,17595.0,17595.0,1190.0,1190.0,18785.0,18785.0,761.0,761.0,2023
232423,James Madison University,Harrisonburg,VA,Public,11856.0,29304.0,1224.0,1224.0,13080.0,30528.0,545.0,1272.0,2023
232557,Liberty University,Lynchburg,VA,Private Non-Profit,7740.0,7740.0,600.0,600.0,8340.0,8340.0,487.0,487.0,2023
232566,Longwood University,Farmville,VA,Public,6678.0,18846.0,1080.0,1080.0,7758.0,19926.0,371.0,1047.0,2023
232609,University of Lynchburg,Lynchburg,VA,Private Non-Profit,10485.0,10485.0,120.0,120.0,10605.0,10605.0,583.0,583.0,2023
232672,Mary Baldwin University,Staunton,VA,Private Non-Profit,13000.0,13000.0,170.0,170.0,13170.0,13170.0,701.0,701.0,2023
232681,University of Mary Washington,Fredericksburg,VA,Public,9198.0,19530.0,2994.0,2994.0,12192.0,22524.0,674.0,1248.0,2023
232706,Marymount University,Arlington,VA,Private Non-Profit,22950.0,22950.0,496.0,496.0,23446.0,23446.0,1275.0,1275.0,2023
232797,American National University,Salem,VA,Private For-Profit,12756.0,12756.0,,,12756.0,12756.0,354.0,354.0,2023
232937,Norfolk State University,Norfolk,VA,Public,9084.0,21498.0,3984.0,3984.0,13068.0,25482.0,769.0,1499.0,2023
232982,Old Dominion University,Norfolk,VA,Public,11016.0,30756.0,3832.0,4252.0,14848.0,35008.0,599.0,1439.0,2023
233277,Radford University,Radford,VA,Public,9457.0,18503.0,3885.0,4332.0,13342.0,22835.0,394.0,770.0,2023
233295,Randolph-Macon College,Ashland,VA,Private Non-Profit,47500.0,47500.0,1132.0,1132.0,48632.0,48632.0,,,2023
233301,Randolph College,Lynchburg,VA,Private Non-Profit,17100.0,17100.0,210.0,210.0,17310.0,17310.0,390.0,390.0,2023
233374,University of Richmond,University of Richmond,VA,Private Non-Profit,27852.0,27852.0,,,27852.0,27852.0,1161.0,1161.0,2023
233426,Roanoke College,Salem,VA,Private Non-Profit,24990.0,24990.0,810.0,810.0,25800.0,25800.0,,,2023
233541,Shenandoah University,Winchester,VA,Private Non-Profit,23232.0,23232.0,1414.0,1414.0,24646.0,24646.0,968.0,968.0,2023
233684,Strayer University-Virginia,Arlington,VA,Private For-Profit,14940.0,14940.0,195.0,195.0,15135.0,15135.0,533.0,533.0,2023
233718,Sweet Briar College,Sweet Briar,VA,Private Non-Profit,12300.0,12300.0,,,12300.0,12300.0,,,2023
233842,Union Presbyterian Seminary,Richmond,VA,Private Non-Profit,13500.0,13500.0,450.0,450.0,13950.0,13950.0,500.0,500.0,2023
233921,Virginia Polytechnic Institute and State University,Blacksburg,VA,Public,15234.0,30702.0,2779.0,3383.0,18013.0,34085.0,846.0,1706.0,2023
234030,Virginia Commonwealth University,Richmond,VA,Public,13404.0,27550.0,3349.0,4039.0,16753.0,31589.0,745.0,1531.0,2023
234076,University of Virginia-Main Campus,Charlottesville,VA,Public,19118.0,32022.0,3494.0,4176.0,22612.0,36198.0,830.0,1450.0,2023
234137,Virginia University of Lynchburg,Lynchburg,VA,Private Non-Profit,9168.0,9168.0,1200.0,1200.0,10368.0,10368.0,382.0,382.0,2023
234155,Virginia State University,Petersburg,VA,Public,8626.0,19186.0,4215.0,4968.0,12841.0,24154.0,593.0,1122.0,2023
234164,Virginia Union University,Richmond,VA,Private Non-Profit,10824.0,10824.0,4350.0,4350.0,15174.0,15174.0,451.0,451.0,2023
234173,Virginia Wesleyan University,Virginia Beach,VA,Private Non-Profit,8982.0,8982.0,,,8982.0,8982.0,499.0,499.0,2023
234827,Central Washington University,Ellensburg,WA,Public,10721.0,25092.0,2171.0,2171.0,12892.0,27263.0,357.0,826.0,2023
234915,City University of Seattle,Seattle,WA,Private Non-Profit,12167.0,12167.0,,,12167.0,12167.0,735.0,735.0,2023
235097,Eastern Washington University,Cheney,WA,Public,12698.0,28043.0,1059.0,1059.0,13757.0,29102.0,423.0,935.0,2023
235167,The Evergreen State College,Olympia,WA,Public,12402.0,27882.0,755.0,755.0,13157.0,28637.0,413.0,929.0,2023
235316,Gonzaga University,Spokane,WA,Private Non-Profit,19841.0,19841.0,403.0,403.0,20244.0,20244.0,1033.0,1033.0,2023
235422,Heritage University,Toppenish,WA,Private Non-Profit,10020.0,10020.0,,,10020.0,10020.0,835.0,835.0,2023
235547,Bastyr University,Kenmore,WA,Private Non-Profit,29820.0,29820.0,408.0,408.0,30228.0,30228.0,839.0,839.0,2023
236133,Northwest University,Kirkland,WA,Private Non-Profit,20639.0,20639.0,320.0,320.0,20959.0,20959.0,872.0,872.0,2023
236230,Pacific Lutheran University,Tacoma,WA,Private Non-Profit,32476.0,32476.0,575.0,575.0,33051.0,33051.0,1050.0,1050.0,2023
236328,University of Puget Sound,Tacoma,WA,Private Non-Profit,38401.0,38401.0,275.0,275.0,38676.0,38676.0,1278.0,1278.0,2023
236452,Saint Martin's University,Lacey,WA,Private Non-Profit,16152.0,16152.0,100.0,100.0,16252.0,16252.0,1346.0,1346.0,2023
236577,Seattle Pacific University,Seattle,WA,Private Non-Profit,20520.0,20520.0,330.0,330.0,20850.0,20850.0,899.0,899.0,2023
236595,Seattle University,Seattle,WA,Private Non-Profit,15012.0,15012.0,783.0,783.0,15795.0,15795.0,841.0,841.0,2023
236896,Walla Walla University,College Place,WA,Private Non-Profit,27105.0,27105.0,363.0,363.0,27468.0,27468.0,695.0,695.0,2023
236939,Washington State University,Pullman,WA,Public,12675.0,27842.0,1725.0,1725.0,14400.0,29567.0,663.0,1422.0,2023
236948,University of Washington-Seattle Campus,Seattle,WA,Public,17514.0,31392.0,1119.0,1119.0,18633.0,32511.0,834.0,1495.0,2023
237011,Western Washington University,Bellingham,WA,Public,12167.0,25285.0,1289.0,1289.0,13456.0,26574.0,406.0,843.0,2023
237066,Whitworth University,Spokane,WA,Private Non-Profit,12924.0,12924.0,,,12924.0,12924.0,718.0,718.0,2023
237136,Appalachian Bible College,Mount Hope,WV,Private Non-Profit,9540.0,9540.0,,,9540.0,9540.0,530.0,530.0,2023
237181,Bethany College,Bethany,WV,Private Non-Profit,10296.0,10296.0,1329.0,1329.0,11625.0,11625.0,572.0,572.0,2023
237215,Bluefield State University,Bluefield,WV,Public,10224.0,17544.0,1000.0,1000.0,11224.0,18544.0,426.0,731.0,2023
237312,University of Charleston,Charleston,WV,Private Non-Profit,16600.0,16600.0,500.0,500.0,17100.0,17100.0,473.0,473.0,2023
237330,Concord University,Athens,WV,Public,9770.0,17030.0,600.0,600.0,10370.0,17630.0,543.0,947.0,2023
237367,Fairmont State University,Fairmont,WV,Public,7758.0,18662.0,1986.0,2198.0,9744.0,20860.0,527.0,1145.0,2023
237385,Glenville State University,Glenville,WV,Public,8604.0,8604.0,170.0,170.0,8774.0,8774.0,478.0,478.0,2023
237525,Marshall University,Huntington,WV,Public,7710.0,20574.0,1450.0,1450.0,9160.0,22024.0,429.0,1143.0,2023
237783,Salem University,Salem,WV,Private For-Profit,11520.0,11520.0,550.0,550.0,12070.0,12070.0,565.0,565.0,2023
237792,Shepherd University,Shepherdstown,WV,Public,8280.0,11484.0,990.0,1692.0,9270.0,13176.0,515.0,732.0,2023
237899,West Virginia State University,Institute,WV,Public,9443.0,20972.0,575.0,575.0,10018.0,21547.0,476.0,1109.0,2023
237932,West Liberty University,West Liberty,WV,Public,8910.0,11250.0,2970.0,2970.0,11880.0,14220.0,495.0,625.0,2023
237969,West Virginia Wesleyan College,Buckhannon,WV,Private Non-Profit,10126.0,10126.0,350.0,350.0,10476.0,10476.0,563.0,563.0,2023
238032,West Virginia University,Morgantown,WV,Public,10908.0,28260.0,,,10908.0,28260.0,606.0,1570.0,2023
238078,Wheeling University,Wheeling,WV,Private Non-Profit,9900.0,9900.0,260.0,260.0,10160.0,10160.0,550.0,550.0,2023
238193,Alverno College,Milwaukee,WI,Private Non-Profit,9876.0,9876.0,850.0,850.0,10726.0,10726.0,823.0,823.0,2023
238263,Madison Area Technical College,Madison,WI,Public,4386.0,6633.0,394.0,394.0,4780.0,7027.0,146.0,219.0,2023
238324,Bellin College,Green Bay,WI,Private Non-Profit,21400.0,21400.0,1145.0,1145.0,22545.0,22545.0,774.0,774.0,2023
238458,Carroll University,Waukesha,WI,Private Non-Profit,13095.0,13095.0,1359.0,1359.0,14454.0,14454.0,727.0,727.0,2023
238476,Carthage College,Kenosha,WI,Private Non-Profit,30000.0,30000.0,,,30000.0,30000.0,782.0,782.0,2023
238616,Concordia University-Wisconsin,Mequon,WI,Private Non-Profit,12960.0,12960.0,210.0,210.0,13170.0,13170.0,720.0,720.0,2023
238661,Edgewood College,Madison,WI,Private Non-Profit,19656.0,19656.0,,,19656.0,19656.0,1092.0,1092.0,2023
238980,Lakeland University,Plymouth,WI,Private Non-Profit,12564.0,12564.0,,,12564.0,12564.0,698.0,698.0,2023
239071,Maranatha Baptist University,Watertown,WI,Private Non-Profit,7120.0,7120.0,240.0,240.0,7360.0,7360.0,445.0,445.0,2023
239080,Marian University,Fond Du Lac,WI,Private Non-Profit,11509.0,11509.0,,,11509.0,11509.0,677.0,677.0,2023
239105,Marquette University,Milwaukee,WI,Private Non-Profit,23845.0,23845.0,,,23845.0,23845.0,1295.0,1295.0,2023
239169,Medical College of Wisconsin,Milwaukee,WI,Private Non-Profit,30000.0,30000.0,150.0,150.0,30150.0,30150.0,1250.0,1250.0,2023
239318,Milwaukee School of Engineering,Milwaukee,WI,Private Non-Profit,22878.0,22878.0,540.0,540.0,23418.0,23418.0,1271.0,1271.0,2023
239390,Mount Mary University,Milwaukee,WI,Private Non-Profit,17784.0,17784.0,580.0,580.0,18364.0,18364.0,855.0,855.0,2023
239424,Nashotah House,Nashotah,WI,Private Non-Profit,17250.0,17250.0,680.0,680.0,17930.0,17930.0,575.0,575.0,2023
239628,Ripon College,Ripon,WI,Private Non-Profit,8325.0,8325.0,100.0,100.0,8425.0,8425.0,925.0,925.0,2023
239637,Sacred Heart Seminary and School of Theology,Franklin,WI,Private Non-Profit,21930.0,21930.0,1250.0,1250.0,23180.0,23180.0,695.0,695.0,2023
239716,Saint Norbert College,De Pere,WI,Private Non-Profit,12640.0,12640.0,150.0,150.0,12790.0,12790.0,790.0,790.0,2023
240107,Viterbo University,La Crosse,WI,Private Non-Profit,10080.0,10080.0,,,10080.0,10080.0,630.0,630.0,2023
240189,University of Wisconsin-Whitewater,Whitewater,WI,Public,8858.0,19441.0,1232.0,1232.0,10090.0,20673.0,492.0,1080.0,2023
240213,Wisconsin School of Professional Psychology,Milwaukee,WI,Private Non-Profit,34800.0,34800.0,425.0,425.0,35225.0,35225.0,1225.0,1225.0,2023
240268,University of Wisconsin-Eau Claire,Eau Claire,WI,Public,8630.0,19608.0,1492.0,1492.0,10122.0,21100.0,479.0,1089.0,2023
240277,University of Wisconsin-Green Bay,Green Bay,WI,Public,8356.0,18341.0,1575.0,1575.0,9931.0,19916.0,464.0,1019.0,2023
240329,University of Wisconsin-La Crosse,La Crosse,WI,Public,8870.0,19106.0,1503.0,1503.0,10373.0,20609.0,493.0,1061.0,2023
240338,Wisconsin Lutheran College,Milwaukee,WI,Private Non-Profit,10440.0,10440.0,,,10440.0,10440.0,580.0,580.0,2023
240365,University of Wisconsin-Oshkosh,Oshkosh,WI,Public,8270.0,18154.0,1406.0,1406.0,9676.0,19560.0,459.0,1009.0,2023
240374,University of Wisconsin-Parkside,Kenosha,WI,Public,8388.0,18414.0,1273.0,1273.0,9661.0,19687.0,466.0,1023.0,2023
240392,Herzing University-Madison,Madison,WI,Private Non-Profit,8100.0,8100.0,1060.0,1060.0,9160.0,9160.0,675.0,675.0,2023
240417,University of Wisconsin-Stout,Menomonie,WI,Public,7668.0,16730.0,1614.0,1614.0,9282.0,18344.0,426.0,929.0,2023
240426,University of Wisconsin-Superior,Superior,WI,Public,7640.0,16771.0,1661.0,1661.0,9301.0,18432.0,424.0,932.0,2023
240444,University of Wisconsin-Madison,Madison,WI,Public,10728.0,24054.0,1561.0,1561.0,12289.0,25615.0,670.0,1503.0,2023
240453,University of Wisconsin-Milwaukee,Milwaukee,WI,Public,10701.0,24132.0,1565.0,1565.0,12266.0,25697.0,669.0,1508.0,2023
240462,University of Wisconsin-Platteville,Platteville,WI,Public,8223.0,18050.0,1488.0,1488.0,9711.0,19538.0,457.0,1003.0,2023
240471,University of Wisconsin-River Falls,River Falls,WI,Public,8183.0,18138.0,1588.0,1588.0,9771.0,19726.0,455.0,1008.0,2023
240480,University of Wisconsin-Stevens Point,Stevens Point,WI,Public,8389.0,18414.0,1562.0,1562.0,9951.0,19976.0,466.0,1023.0,2023
240727,University of Wyoming,Laramie,WY,Public,6460.0,19340.0,1656.0,1656.0,8116.0,20996.0,323.0,967.0,2023
240754,University of Guam,Mangilao,GU,Public,5382.0,10764.0,806.0,806.0,6188.0,11570.0,299.0,598.0,2023
241100,American University of Puerto Rico,Bayamon,PR,Private Non-Profit,6720.0,6720.0,260.0,260.0,6980.0,6980.0,305.0,305.0,2023
241128,American University of Puerto Rico,Manati,PR,Private Non-Profit,6720.0,6720.0,260.0,260.0,6980.0,6980.0,305.0,305.0,2023
241191,Universidad Adventista de las Antillas,Mayaguez,PR,Private Non-Profit,2090.0,2090.0,1000.0,1000.0,3090.0,3090.0,225.0,225.0,2023
241216,Atlantic University,Guaynabo,PR,Private Non-Profit,3600.0,3600.0,2325.0,2325.0,5925.0,5925.0,200.0,200.0,2023
241225,Universidad Central de Bayamon,Bayamón,PR,Private Non-Profit,5292.0,5292.0,1210.0,1210.0,6502.0,6502.0,221.0,221.0,2023
241304,Columbia Central University-Caguas,Caguas,PR,Private For-Profit,3780.0,3780.0,500.0,500.0,4280.0,4280.0,157.0,157.0,2023
241331,Albizu University-San Juan,San Juan,PR,Private Non-Profit,6558.0,6558.0,2235.0,2235.0,8793.0,8793.0,304.0,304.0,2023
241377,Caribbean University-Bayamon,Bayamon,PR,Private Non-Profit,5200.0,5200.0,1150.0,1150.0,6350.0,6350.0,225.0,225.0,2023
241386,Caribbean University-Carolina,Carolina,PR,Private Non-Profit,5200.0,5200.0,1150.0,1150.0,6350.0,6350.0,225.0,225.0,2023
241395,Pontifical Catholic University of Puerto Rico-Arecibo,Arecibo,PR,Private Non-Profit,5940.0,5940.0,935.0,935.0,6875.0,6875.0,330.0,330.0,2023
241410,Pontifical Catholic University of Puerto Rico-Ponce,Ponce,PR,Private Non-Profit,5940.0,5940.0,971.0,971.0,6911.0,6911.0,330.0,330.0,2023
241614,Universidad Teologica del Caribe,Trujillo Alto,PR,Private Non-Profit,4995.0,4995.0,1200.0,1200.0,6195.0,6195.0,185.0,185.0,2023
241739,Universidad Ana G. Mendez-Cupey Campus,San Juan,PR,Private Non-Profit,2652.0,2652.0,2000.0,2000.0,4652.0,4652.0,221.0,221.0,2023
241766,Puerto Rico Conservatory of Music,San Juan,PR,Public,2160.0,2160.0,860.0,860.0,3020.0,3020.0,180.0,180.0,2023
241793,Center for Advanced Studies On Puerto Rico and the Caribbean,San Juan,PR,Private Non-Profit,2900.0,2900.0,235.0,235.0,3135.0,3135.0,250.0,250.0,2023
241836,EDP University of Puerto Rico Inc-San Sebastian,San Sebastian,PR,Private Non-Profit,6450.0,6450.0,1650.0,1650.0,8100.0,8100.0,215.0,215.0,2023
242617,Inter American University of Puerto Rico-San German,San German,PR,Private Non-Profit,4086.0,4086.0,744.0,744.0,4830.0,4830.0,227.0,227.0,2023
242626,Inter American University of Puerto Rico-Aguadilla,Aguadilla,PR,Private Non-Profit,4086.0,4086.0,705.0,705.0,4791.0,4791.0,227.0,227.0,2023
242635,Inter American University of Puerto Rico-Arecibo,Arecibo,PR,Private Non-Profit,4086.0,4086.0,744.0,744.0,4830.0,4830.0,227.0,227.0,2023
242644,Inter American University of Puerto Rico-Barranquitas,Barranquitas,PR,Private Non-Profit,2724.0,2724.0,694.0,694.0,3418.0,3418.0,227.0,227.0,2023
242653,Inter American University of Puerto Rico-Metro,San Juan,PR,Private Non-Profit,4086.0,4086.0,744.0,744.0,4830.0,4830.0,227.0,227.0,2023
242662,Inter American University of Puerto Rico-Ponce,Mercedita,PR,Private Non-Profit,2724.0,2724.0,732.0,732.0,3456.0,3456.0,227.0,227.0,2023
242680,Inter American University of Puerto Rico-Fajardo,Fajardo,PR,Private Non-Profit,4086.0,4086.0,744.0,744.0,4830.0,4830.0,227.0,227.0,2023
242699,Inter American University of Puerto Rico-Guayama,Guayama,PR,Private Non-Profit,4086.0,4086.0,744.0,744.0,4830.0,4830.0,227.0,227.0,2023
242705,Inter American University of Puerto Rico-Bayamon,Bayamon,PR,Private Non-Profit,4086.0,4086.0,744.0,744.0,4830.0,4830.0,227.0,227.0,2023
242723,Inter American University of Puerto Rico-School of Law,San Juan,PR,Private Non-Profit,15600.0,15600.0,970.0,970.0,16570.0,16570.0,650.0,650.0,2023
242972,NUC University,Bayamon,PR,Private For-Profit,7314.0,9602.0,740.0,740.0,8054.0,10342.0,305.0,401.0,2023
243081,Ponce Health Sciences University,Ponce,PR,Private For-Profit,26385.0,27065.0,3276.0,3276.0,29661.0,30341.0,536.0,599.0,2023
243115,University of Puerto Rico-Arecibo,Arecibo,PR,Public,3510.0,3510.0,600.0,600.0,4110.0,4110.0,195.0,195.0,2023
243197,University of Puerto Rico-Mayaguez,Mayaguez,PR,Public,3600.0,3600.0,200.0,200.0,3800.0,3800.0,200.0,200.0,2023
243203,University of Puerto Rico-Medical Sciences,San Juan,PR,Public,10440.0,10440.0,3820.0,3820.0,14260.0,14260.0,290.0,290.0,2023
243221,University of Puerto Rico-Rio Piedras,San Juan,PR,Public,3870.0,3870.0,600.0,600.0,4470.0,4470.0,215.0,215.0,2023
243346,Universidad Ana G. Mendez-Carolina Campus,Carolina,PR,Private Non-Profit,2652.0,2652.0,2000.0,2000.0,4652.0,4652.0,221.0,221.0,2023
243443,Universidad del Sagrado Corazon,Santurce,PR,Private Non-Profit,4680.0,4680.0,1425.0,1425.0,6105.0,6105.0,260.0,260.0,2023
243498,Seminario Evangelico de Puerto Rico,San Juan,PR,Private Non-Profit,4515.0,4515.0,650.0,650.0,5165.0,5165.0,215.0,215.0,2023
243568,Universidad Central Del Caribe,Bayamon,PR,Private Non-Profit,5367.0,5395.0,2128.0,2128.0,7495.0,7523.0,,,2023
243577,Universidad Politecnica de Puerto Rico,Hato Rey,PR,Private Non-Profit,5184.0,5184.0,960.0,960.0,6144.0,6144.0,288.0,288.0,2023
243586,Pontifical Catholic University of Puerto Rico-Mayaguez,Mayaguez,PR,Private Non-Profit,5940.0,5940.0,935.0,935.0,6875.0,6875.0,330.0,330.0,2023
243601,Universidad Ana G. Mendez-Gurabo Campus,Gurabo,PR,Private Non-Profit,2652.0,2652.0,2000.0,2000.0,4652.0,4652.0,221.0,221.0,2023
243665,University of the Virgin Islands,Charlotte Amalie,VI,Public,7434.0,14148.0,560.0,560.0,7994.0,14708.0,413.0,786.0,2023
243744,Stanford University,Stanford,CA,Private Non-Profit,58746.0,58746.0,753.0,753.0,59499.0,59499.0,1272.0,1272.0,2023
243780,Purdue University-Main Campus,West Lafayette,IN,Public,9718.0,28520.0,274.0,274.0,9992.0,28794.0,348.0,948.0,2023
243823,Parker University,Dallas,TX,Private Non-Profit,14346.0,14346.0,192.0,192.0,14538.0,14538.0,797.0,797.0,2023
243832,EDP University of Puerto Rico Inc-San Juan,San Juan,PR,Private Non-Profit,6450.0,6450.0,1650.0,1650.0,8100.0,8100.0,215.0,215.0,2023
245652,St. John's College,Santa Fe,NM,Private Non-Profit,26424.0,26424.0,756.0,756.0,27180.0,27180.0,1146.0,1146.0,2023
245777,Bais Medrash Elyon,Monsey,NY,Private Non-Profit,8600.0,8600.0,,,8600.0,8600.0,,,2023
245838,Antioch University-Los Angeles,Culver City,CA,Private Non-Profit,21816.0,21816.0,300.0,300.0,22116.0,22116.0,909.0,909.0,2023
245847,Antioch University-Santa Barbara,Santa Barbara,CA,Private Non-Profit,32000.0,32000.0,350.0,350.0,32350.0,32350.0,801.0,801.0,2023
245865,Antioch University-New England,Keene,NH,Private Non-Profit,25872.0,25872.0,550.0,550.0,26422.0,26422.0,916.0,916.0,2023
245883,Antioch University-Seattle,Seattle,WA,Private Non-Profit,20016.0,20016.0,150.0,150.0,20166.0,20166.0,834.0,834.0,2023
245892,Antioch University,Yellow Springs,OH,Private Non-Profit,14736.0,14736.0,100.0,100.0,14836.0,14836.0,614.0,614.0,2023
245953,Mid-America Christian University,Oklahoma City,OK,Private Non-Profit,14850.0,14850.0,1080.0,1080.0,15930.0,15930.0,619.0,619.0,2023
246789,HJ International Graduate School for Peace and Public Leadership,New York,NY,Private Non-Profit,13560.0,13560.0,360.0,360.0,13920.0,13920.0,565.0,565.0,2023
247162,Ecumenical Theological Seminary,Detroit,MI,Private Non-Profit,12480.0,12480.0,360.0,360.0,12840.0,12840.0,520.0,520.0,2023
248934,ECPI University,Virginia Beach,VA,Private For-Profit,12960.0,12960.0,665.0,665.0,13625.0,13625.0,,,2023
251312,South University-Columbia,Columbia,SC,Private For-Profit,16056.0,16056.0,480.0,480.0,16536.0,16536.0,669.0,669.0,2023
260372,Lac Courte Oreilles Ojibwe University,Hayward,WI,Public,8100.0,8100.0,30.0,30.0,8130.0,8130.0,450.0,450.0,2023
262086,University of Massachusetts Global,Irvine,CA,Public,12762.0,12762.0,520.0,520.0,13282.0,13282.0,709.0,709.0,2023
262129,New College of Florida,Sarasota,FL,Public,9555.0,25444.0,1829.0,2623.0,11384.0,28067.0,474.0,1169.0,2023
363712,Yeshivah Gedolah Rabbinical College,Miami Beach,FL,Private Non-Profit,9000.0,9000.0,300.0,300.0,9300.0,9300.0,,,2023
363907,Caribbean University-Ponce,Ponce,PR,Private Non-Profit,5200.0,5200.0,1150.0,1150.0,6350.0,6350.0,225.0,225.0,2023
363916,Caribbean University-Vega Baja,Vega Baja,PR,Private Non-Profit,5200.0,5200.0,1150.0,1150.0,6350.0,6350.0,225.0,225.0,2023
363934,University of Advancing Technology,Tempe,AZ,Private For-Profit,15915.0,15915.0,850.0,850.0,16765.0,16765.0,1326.0,1326.0,2023
366003,South Florida Bible College and Theological Seminary,Deerfield Beach,FL,Private Non-Profit,5895.0,5895.0,300.0,300.0,6195.0,6195.0,328.0,328.0,2023
366252,Pennsylvania College of Technology,Williamsport,PA,Public,15450.0,23190.0,2490.0,2490.0,17940.0,25680.0,515.0,773.0,2023
366368,New York Academy of Art,New York,NY,Private Non-Profit,46350.0,46350.0,1650.0,1650.0,48000.0,48000.0,1545.0,1545.0,2023
366711,California State University-San Marcos,San Marcos,CA,Public,7176.0,16680.0,1992.0,1992.0,9168.0,18672.0,,396.0,2023
367884,Hodges University,Fort Myers,FL,Private Non-Profit,14940.0,14940.0,740.0,740.0,15680.0,15680.0,830.0,830.0,2023
367954,University of St. Augustine for Health Sciences,San Marcos,CA,Private For-Profit,26928.0,26928.0,1505.0,1505.0,28433.0,28433.0,873.0,873.0,2023
369516,Bryan University,Springfield,MO,Private For-Profit,13810.0,13810.0,610.0,610.0,14420.0,14420.0,,,2023
369659,Oregon College of Oriental Medicine,Portland,OR,Private Non-Profit,24067.0,24067.0,883.0,883.0,24950.0,24950.0,475.0,475.0,2023
374024,Adler Graduate School,Minnetonka,MN,Private Non-Profit,12500.0,12500.0,500.0,500.0,13000.0,13000.0,690.0,690.0,2023
377555,University of Washington-Bothell Campus,Bothell,WA,Public,17514.0,31392.0,1035.0,1035.0,18549.0,32427.0,834.0,1495.0,2023
377564,University of Washington-Tacoma Campus,Tacoma,WA,Public,17514.0,31392.0,1293.0,1293.0,18807.0,32685.0,834.0,1495.0,2023
378576,Pacific College of Health and Science,San Diego,CA,Private For-Profit,14928.0,14928.0,240.0,240.0,15168.0,15168.0,428.0,428.0,2023
381352,Colorado Chinese Medicine University,Denver,CO,Private For-Profit,19800.0,19800.0,1005.0,1005.0,20805.0,20805.0,517.0,517.0,2023
381459,Phoenix Seminary,Scottsdale,AZ,Private Non-Profit,9900.0,9900.0,200.0,200.0,10100.0,10100.0,550.0,550.0,2023
383020,Midwest College of Oriental Medicine-Racine,Racine,WI,Private For-Profit,19720.0,19720.0,570.0,570.0,20290.0,20290.0,359.0,359.0,2023
384306,Acupuncture and Integrative Medicine College-Berkeley,Berkeley,CA,Private Non-Profit,13786.0,13786.0,125.0,125.0,13911.0,13911.0,350.0,350.0,2023
384412,University of the Potomac-Washington DC Campus,Washington,DC,Private For-Profit,5400.0,5400.0,450.0,450.0,5850.0,5850.0,,,2023
385415,Albert Einstein College of Medicine,Bronx,NY,Private Non-Profit,50000.0,50000.0,,,50000.0,50000.0,2777.0,2777.0,2023
385619,Everglades University,Boca Raton,FL,Private Non-Profit,22200.0,22200.0,800.0,800.0,23000.0,23000.0,925.0,925.0,2023
386472,Herzing University-Orlando,Winter Park,FL,Private Non-Profit,8100.0,8100.0,1060.0,1060.0,9160.0,9160.0,675.0,675.0,2023
399911,Soka University of America,Aliso Viejo,CA,Private Non-Profit,34382.0,34382.0,3068.0,3068.0,37450.0,37450.0,,,2023
401223,World Mission University,Los Angeles,CA,Private Non-Profit,5400.0,5400.0,200.0,200.0,5600.0,5600.0,300.0,300.0,2023
401250,Yo San University of Traditional Chinese Medicine,Los Angeles,CA,Private Non-Profit,18592.0,18592.0,240.0,240.0,18832.0,18832.0,320.0,320.0,2023
404222,Inter American University of Puerto Rico-School of Optometry,Bayamon,PR,Private Non-Profit,4086.0,4086.0,744.0,744.0,4830.0,4830.0,227.0,227.0,2023
404338,Schiller International University,Tampa,FL,Private For-Profit,14400.0,14400.0,,,14400.0,14400.0,,,2023
407629,Lake Erie College of Osteopathic Medicine,Erie,PA,Private Non-Profit,14211.0,14211.0,300.0,300.0,14511.0,14511.0,,,2023
408844,Florida National University-Main Campus,Hialeah,FL,Private For-Profit,18600.0,18600.0,488.0,488.0,19088.0,19088.0,775.0,775.0,2023
409254,Erikson Institute,Chicago,IL,Private Non-Profit,19988.0,19988.0,600.0,600.0,20588.0,20588.0,1135.0,1135.0,2023
409616,Roger Williams University School of Law,Bristol,RI,Private Non-Profit,17586.0,17586.0,1630.0,1630.0,19216.0,19216.0,977.0,977.0,2023
409698,California State University-Monterey Bay,Seaside,CA,Public,7176.0,16680.0,1695.0,1695.0,8871.0,18375.0,,396.0,2023
413413,Capella University,Minneapolis,MN,Private For-Profit,15066.0,15066.0,,,15066.0,15066.0,558.0,558.0,2023
414595,Pacific College of Health and Science,New York,NY,Private For-Profit,18253.0,18253.0,240.0,240.0,18493.0,18493.0,592.0,592.0,2023
414878,Trine University-Regional/Non-Traditional Campuses,Angola,IN,Private Non-Profit,10350.0,10350.0,,,10350.0,10350.0,575.0,575.0,2023
414966,Phillips Theological Seminary,Tulsa,OK,Private Non-Profit,11520.0,11520.0,200.0,200.0,11720.0,11720.0,480.0,480.0,2023
416801,The University of Texas MD Anderson Cancer Center,Houston,TX,Public,5700.0,29021.0,1399.0,1399.0,7099.0,30420.0,168.0,854.0,2023
418126,New York College of Health Professions,Syosset,NY,Private Non-Profit,16956.0,16956.0,195.0,195.0,17151.0,17151.0,471.0,471.0,2023
420042,University of Phoenix-Hawaii,Kapolei,HI,Private For-Profit,16752.0,16752.0,,,16752.0,16752.0,,,2023
420246,Sonoran University of Health Sciences,Tempe,AZ,Private Non-Profit,43576.0,43576.0,2045.0,2045.0,45621.0,45621.0,981.0,981.0,2023
423643,Midwestern University-Glendale,Glendale,AZ,Private Non-Profit,47433.0,47433.0,740.0,740.0,48173.0,48173.0,988.0,988.0,2023
426314,Embry-Riddle Aeronautical University-Worldwide,Daytona Beach,FL,Private Non-Profit,9672.0,9672.0,25.0,25.0,9697.0,9697.0,806.0,806.0,2023
428259,Ottawa University-Milwaukee,Brookfield,WI,Private Non-Profit,11682.0,11682.0,1320.0,1320.0,13002.0,13002.0,649.0,649.0,2023
429085,American College of Acupuncture and Oriental Med,Houston,TX,Private For-Profit,16020.0,16020.0,800.0,800.0,16820.0,16820.0,445.0,445.0,2023
429094,AOMA Graduate School of Integrative Medicine,Austin,TX,Private For-Profit,17966.0,17966.0,720.0,720.0,18686.0,18686.0,348.0,348.0,2023
430184,Strayer University-Maryland,Suitland,MD,Private For-Profit,14940.0,14940.0,195.0,195.0,15135.0,15135.0,533.0,533.0,2023
430670,San Juan Bautista School of Medicine,Caguas,PR,Private Non-Profit,5800.0,7250.0,5617.0,5617.0,11417.0,12867.0,,,2023
430704,Texas Health and Science University,Austin,TX,Private For-Profit,19760.0,19760.0,375.0,375.0,20135.0,20135.0,490.0,490.0,2023
433004,American University of Health Sciences,Signal Hill,CA,Private For-Profit,26563.0,26563.0,2786.0,2786.0,29349.0,29349.0,,,2023
433387,Western Governors University,Salt Lake City,UT,Private Non-Profit,8302.0,8302.0,554.0,554.0,8856.0,8856.0,,,2023
433420,California Aeronautical University,Bakersfield,CA,Private For-Profit,7920.0,7920.0,600.0,600.0,8520.0,8520.0,,,2023
433536,Herzing University-New Orleans,Metairie,LA,Private Non-Profit,8100.0,8100.0,1060.0,1060.0,9160.0,9160.0,675.0,675.0,2023
433660,Florida Gulf Coast University,Fort Myers,FL,Public,6974.0,28170.0,1987.0,3046.0,8961.0,31216.0,291.0,1174.0,2023
434441,Florida College of Integrative Medicine,Orlando,FL,Private For-Profit,20730.0,20730.0,330.0,330.0,21060.0,21060.0,,,2023
435000,Louisiana State University Health Sciences Center-Shreveport,Shreveport,LA,Public,14615.0,26275.0,843.0,843.0,15458.0,27118.0,639.0,1284.0,2023
436614,International Baptist College and Seminary,Chandler,AZ,Private Non-Profit,8100.0,8100.0,,,8100.0,8100.0,450.0,450.0,2023
437097,University of Management and Technology,Arlington,VA,Private For-Profit,7020.0,7020.0,90.0,90.0,7110.0,7110.0,390.0,390.0,2023
438586,American InterContinental University-Atlanta,Atlanta,GA,Private For-Profit,17042.0,17042.0,660.0,660.0,17702.0,17702.0,580.0,580.0,2023
439020,Midwest College of Oriental Medicine-Skokie,Skokie,IL,Private For-Profit,19720.0,19720.0,570.0,570.0,20290.0,20290.0,359.0,359.0,2023
439394,East West College of Natural Medicine,Sarasota,FL,Private For-Profit,14466.0,14466.0,,,14466.0,14466.0,,,2023
439446,Atlantic Institute of Oriental Medicine,Fort Lauderdale,FL,Private Non-Profit,18000.0,18000.0,495.0,495.0,18495.0,18495.0,,,2023
439701,The King's University,Southlake,TX,Private Non-Profit,9720.0,9720.0,810.0,810.0,10530.0,10530.0,540.0,540.0,2023
439783,New York College of Traditional Chinese Medicine,Mineola,NY,Private Non-Profit,18433.0,18433.0,395.0,395.0,18828.0,18828.0,362.0,362.0,2023
439817,Northeastern Seminary,Rochester,NY,Private Non-Profit,9990.0,9990.0,550.0,550.0,10540.0,10540.0,555.0,555.0,2023
439914,Seattle Institute of East Asian Medicine,Seattle,WA,Private Non-Profit,27699.0,27699.0,500.0,500.0,28199.0,28199.0,,,2023
439969,Acupuncture and Massage College,Miami,FL,Private For-Profit,11025.0,11025.0,725.0,725.0,11750.0,11750.0,,,2023
440004,Upper Valley Educators Institute,Lebanon,NH,Private Non-Profit,17184.0,17184.0,150.0,150.0,17334.0,17334.0,,,2023
440031,Keck Graduate Institute,Claremont,CA,Private Non-Profit,41981.0,41981.0,,,41981.0,41981.0,1366.0,1366.0,2023
440396,New Saint Andrews College,Moscow,ID,Private Non-Profit,10480.0,10480.0,,,10480.0,10480.0,655.0,655.0,2023
440651,Atenas College,Manati,PR,Private Non-Profit,6000.0,6000.0,1495.0,1495.0,7495.0,7495.0,200.0,200.0,2023
440794,Pillar College,Newark,NJ,Private Non-Profit,19368.0,19368.0,1584.0,1584.0,20952.0,20952.0,807.0,807.0,2023
440828,Oregon State University-Cascades Campus,Bend,OR,Public,13446.0,29349.0,1629.0,1629.0,15075.0,30978.0,498.0,1087.0,2023
441104,Richmont Graduate University,Chattanooga,TN,Private Non-Profit,19980.0,19980.0,1020.0,1020.0,21000.0,21000.0,740.0,740.0,2023
441131,The Seattle School of Theology & Psychology,Seattle,WA,Private Non-Profit,15840.0,15840.0,1620.0,1620.0,17460.0,17460.0,720.0,720.0,2023
441636,American Institute of Alternative Medicine,Columbus,OH,Private For-Profit,21000.0,21000.0,790.0,790.0,21790.0,21790.0,,,2023
441690,Universidad Pentecostal Mizpa,Rio Piedras,PR,Private Non-Profit,4080.0,4080.0,1000.0,1000.0,5080.0,5080.0,170.0,170.0,2023
441900,Nevada State University,Henderson,NV,Public,4599.0,18681.0,525.0,525.0,5124.0,19206.0,268.0,549.0,2023
441937,California State University-Channel Islands,Camarillo,CA,Public,7176.0,16680.0,1075.0,1075.0,8251.0,17755.0,,396.0,2023
442064,Won Institute of Graduate Studies,Warminster,PA,Private Non-Profit,21490.0,21490.0,750.0,750.0,22240.0,22240.0,525.0,525.0,2023
442356,Pennsylvania College of Health Sciences,Lancaster,PA,Private Non-Profit,16830.0,16830.0,,,16830.0,16830.0,935.0,935.0,2023
442569,University of Arkansas Grantham,LIttle Rock,AR,Public,4200.0,4200.0,600.0,600.0,4800.0,4800.0,350.0,350.0,2023
442639,University of the Potomac-VA Campus,FALLS CHURCH,VA,Private For-Profit,5400.0,5400.0,450.0,450.0,5850.0,5850.0,,,2023
442842,Pacific College of Health and Science,Chicago,IL,Private For-Profit,15409.0,15409.0,240.0,240.0,15649.0,15649.0,457.0,457.0,2023
443030,NorthShore University HealthSystem School of Nurse Anesthesia,Evanston,IL,Private Non-Profit,30000.0,30000.0,2000.0,2000.0,32000.0,32000.0,,,2023
443049,Faith International University,Tacoma,WA,Private Non-Profit,6600.0,6600.0,750.0,750.0,7350.0,7350.0,275.0,275.0,2023
443058,Family of Faith Christian University,Shawnee,OK,Private Non-Profit,6600.0,6600.0,830.0,830.0,7430.0,7430.0,275.0,275.0,2023
443076,Hood Theological Seminary,Salisbury,NC,Private Non-Profit,19600.0,19600.0,750.0,750.0,20350.0,20350.0,700.0,700.0,2023
443340,Williamson Christian College,Franklin,TN,Private Non-Profit,15720.0,15720.0,1000.0,1000.0,16720.0,16720.0,655.0,655.0,2023
443410,DigiPen Institute of Technology,Redmond,WA,Private For-Profit,31000.0,31000.0,200.0,200.0,31200.0,31200.0,1290.0,1290.0,2023
443562,Dewey University-Hato Rey,Hato Rey,PR,Private Non-Profit,5335.0,5335.0,895.0,895.0,6230.0,6230.0,202.0,202.0,2023
443599,American College of Healthcare Sciences,Portland,OR,Private For-Profit,11016.0,11016.0,2450.0,2450.0,13466.0,13466.0,612.0,612.0,2023
443702,"Bexley Hall Seabury Western Theological Seminary Federation, Inc.",Chicago,IL,Private Non-Profit,18900.0,18900.0,945.0,945.0,19845.0,19845.0,735.0,735.0,2023
443766,Strayer University-Tennessee,Memphis,TN,Private For-Profit,14940.0,14940.0,195.0,195.0,15135.0,15135.0,533.0,533.0,2023
443784,Strayer University-Pennsylvania,Trevose,PA,Private For-Profit,14940.0,14940.0,195.0,195.0,15135.0,15135.0,533.0,533.0,2023
444103,Byzantine Catholic Seminary of Saints Cyril and Methodius,Pittsburgh,PA,Private Non-Profit,13050.0,13050.0,550.0,550.0,13600.0,13600.0,415.0,415.0,2023
444130,Northcentral University,San Diego,CA,Private Non-Profit,16794.0,16794.0,1204.0,1204.0,17998.0,17998.0,933.0,933.0,2023
444699,Institute of Clinical Acupuncture & Oriental Med,Honolulu,HI,Private For-Profit,16200.0,16200.0,1200.0,1200.0,17400.0,17400.0,390.0,390.0,2023
444778,Charlotte Christian College and Theological Seminary,Charlotte,NC,Private Non-Profit,8622.0,8622.0,990.0,990.0,9612.0,9612.0,479.0,479.0,2023
445027,American InterContinental University System,Chandler,AZ,Private For-Profit,12169.0,12169.0,,,12169.0,12169.0,613.0,613.0,2023
445054,Toyota Technological Institute at Chicago,Chicago,IL,Private Non-Profit,30000.0,30000.0,1865.0,1865.0,31865.0,31865.0,,,2023
445133,American InterContinental University-Houston,Houston,TX,Private For-Profit,14688.0,14688.0,660.0,660.0,15348.0,15348.0,510.0,510.0,2023
445188,University of California-Merced,Merced,CA,Public,12264.0,27366.0,1923.0,1923.0,14187.0,29289.0,,,2023
445267,Central Methodist University-College of Graduate and Extended Studies,Fayette,MO,Private Non-Profit,6030.0,6030.0,360.0,360.0,6390.0,6390.0,335.0,335.0,2023
445735,Roseman University of Health Sciences,Henderson,NV,Private Non-Profit,27500.0,27500.0,400.0,400.0,27900.0,27900.0,,,2023
445869,Divine Mercy University,Sterling,VA,Private Non-Profit,26930.0,26930.0,1380.0,1380.0,28310.0,28310.0,982.0,982.0,2023
446002,American Academy of Health and Wellness,Roseville,MN,Private For-Profit,15600.0,15600.0,105.0,105.0,15705.0,15705.0,325.0,325.0,2023
446039,Arizona School of Acupuncture and Oriental Medicine,Tucson,AZ,Private For-Profit,19931.0,19931.0,3350.0,3350.0,23281.0,23281.0,,,2023
446048,Ave Maria University,Ave Maria,FL,Private Non-Profit,9600.0,9600.0,418.0,418.0,10018.0,10018.0,599.0,599.0,2023
446224,Eastern School of Acupuncture and Traditional Medicine,Bloomfield,NJ,Private For-Profit,19673.0,19673.0,375.0,375.0,20048.0,20048.0,390.0,390.0,2023
446233,Ecclesia College,Springdale,AR,Private Non-Profit,12000.0,12000.0,75.0,75.0,12075.0,12075.0,625.0,625.0,2023
446385,Los Angeles College of Music,Pasadena,CA,Private For-Profit,24450.0,24450.0,1200.0,1200.0,25650.0,25650.0,679.0,679.0,2023
446640,Harrisburg University of Science and Technology,Harrisburg,PA,Private Non-Profit,14940.0,14940.0,1500.0,1500.0,16440.0,16440.0,830.0,830.0,2023
447050,United States University,San Diego,CA,Private For-Profit,5112.0,5112.0,925.0,925.0,6037.0,6037.0,375.0,375.0,2023
447263,Joyce University of Nursing and Health Sciences,Draper,UT,Private For-Profit,11947.0,11947.0,677.0,677.0,12624.0,12624.0,560.0,560.0,2023
447698,Phoenix Institute of Herbal Medicine & Acupuncture,Phoenix,AZ,Private For-Profit,17676.0,17676.0,600.0,600.0,18276.0,18276.0,294.0,294.0,2023
447801,University of East-West Medicine,Sunnyvale,CA,Private For-Profit,17098.0,17098.0,590.0,590.0,17688.0,17688.0,249.0,249.0,2023
447953,SUM Bible College and Theological Seminary,El Dorado Hills,CA,Private Non-Profit,5130.0,5130.0,765.0,765.0,5895.0,5895.0,285.0,285.0,2023
448691,International Institute for Restorative Practices,Bethlehem,PA,Private Non-Profit,18670.0,18670.0,,,18670.0,18670.0,622.0,622.0,2023
449038,Strayer University-Florida,Tampa,FL,Private For-Profit,14940.0,14940.0,195.0,195.0,15135.0,15135.0,533.0,533.0,2023
449135,Dewey University-Juana Díaz,Juana Diaz,PR,Private Non-Profit,5335.0,5335.0,700.0,700.0,6035.0,6035.0,205.0,205.0,2023
449339,American Public University System,Charles Town,WV,Private For-Profit,7650.0,7650.0,510.0,510.0,8160.0,8160.0,425.0,425.0,2023
449348,Huntsville Bible College,Huntsville,AL,Private Non-Profit,4464.0,4464.0,350.0,350.0,4814.0,4814.0,255.0,255.0,2023
449481,Dragon Rises College of Oriental Medicine,Gainesville,FL,Private Non-Profit,12000.0,12000.0,460.0,460.0,12460.0,12460.0,,,2023
449764,Visible Music College,Memphis,TN,Private Non-Profit,11000.0,11000.0,,,11000.0,11000.0,675.0,675.0,2023
449834,Virginia Beach Theological Seminary,Virginia Beach,VA,Private Non-Profit,8640.0,8640.0,665.0,665.0,9305.0,9305.0,385.0,385.0,2023
449870,University of the West,Rosemead,CA,Private Non-Profit,12481.0,12481.0,1158.0,1158.0,13639.0,13639.0,694.0,694.0,2023
449889,American College of Education,Indianapolis,IN,Private For-Profit,5640.0,5640.0,960.0,960.0,6600.0,6600.0,,,2023
449898,South University-Tampa,Tampa,FL,Private For-Profit,16056.0,16056.0,480.0,480.0,16536.0,16536.0,669.0,669.0,2023
450298,Strayer University-Delaware,Wilmington,DE,Private For-Profit,14940.0,14940.0,195.0,195.0,15135.0,15135.0,533.0,533.0,2023
450304,Brite Divinity School,Fort Worth,TX,Private Non-Profit,18000.0,18000.0,2220.0,2220.0,20220.0,20220.0,1000.0,1000.0,2023
450377,Strayer University-Alabama,Birmingham,AL,Private For-Profit,14940.0,14940.0,195.0,195.0,15135.0,15135.0,533.0,533.0,2023
450933,Columbia Southern University,Orange Beach,AL,Private For-Profit,3640.0,3640.0,180.0,180.0,3820.0,3820.0,,,2023
451079,Academy for Five Element Acupuncture,Gainesville,FL,Private Non-Profit,56080.0,56080.0,575.0,575.0,56655.0,56655.0,,,2023
451510,Charleston School of Law,Charleston,SC,Private For-Profit,45100.0,45100.0,1034.0,1034.0,46134.0,46134.0,,,2023
451556,Southwest University at El Paso,El Paso,TX,Private For-Profit,10000.0,10000.0,1500.0,1500.0,11500.0,11500.0,,,2023
453163,Strayer University-North Carolina,Greensboro,NC,Private For-Profit,14940.0,14940.0,195.0,195.0,15135.0,15135.0,533.0,533.0,2023
453215,Strayer University-New Jersey,Piscataway,NJ,Private For-Profit,14940.0,14940.0,195.0,195.0,15135.0,15135.0,533.0,533.0,2023
454227,Chamberlain University-Illinois,Addison,IL,Private For-Profit,13650.0,13650.0,1250.0,1250.0,14900.0,14900.0,683.0,683.0,2023
454582,Ottawa University-Online,Overland Park,KS,Private Non-Profit,11682.0,11682.0,1320.0,1320.0,13002.0,13002.0,649.0,649.0,2023
454689,Taft University System,Denver,CO,Private For-Profit,4320.0,4320.0,290.0,290.0,4610.0,4610.0,,,2023
454829,Aspen University,Phoenix,AZ,Private For-Profit,4485.0,4485.0,600.0,600.0,5085.0,5085.0,374.0,374.0,2023
454838,Institute of Taoist Education and Acupuncture,Louisville,CO,Private Non-Profit,18068.0,18068.0,200.0,200.0,18268.0,18268.0,,,2023
454856,Denver College of Nursing,Denver,CO,Private For-Profit,9535.0,9535.0,51.0,51.0,9586.0,9586.0,,,2023
455099,Urshan Graduate School of Theology,Wentzville,MO,Private Non-Profit,7200.0,7200.0,500.0,500.0,7700.0,7700.0,400.0,400.0,2023
455178,Daoist Traditions College of Chinese Medical Arts,Asheville,NC,Private For-Profit,21000.0,21000.0,1730.0,1730.0,22730.0,22730.0,550.0,550.0,2023
455406,Pacific Northwest University of Health Sciences,Yakima,WA,Private Non-Profit,41756.0,41756.0,,,41756.0,41756.0,,,2023
455433,The Chicago School at Anaheim,Anaheim,CA,Private Non-Profit,24624.0,24624.0,1512.0,1512.0,26136.0,26136.0,1219.0,1219.0,2023
455664,The Chicago School at Los Angeles,Los Angeles,CA,Private Non-Profit,24624.0,24624.0,1512.0,1512.0,26136.0,26136.0,1219.0,1219.0,2023
455804,Institute of World Politics,Washington,DC,Private Non-Profit,31200.0,31200.0,400.0,400.0,31600.0,31600.0,1300.0,1300.0,2023
455813,Pontifical John Paul II Institute for Studies on Marriage and Family,Washington,DC,Private Non-Profit,19375.0,19375.0,350.0,350.0,19725.0,19725.0,900.0,900.0,2023
455992,Vermont College of Fine Arts,Montpelier,VT,Private Non-Profit,26593.0,26593.0,,,26593.0,26593.0,885.0,885.0,2023
456171,Urbana Theological Seminary,Urbana,IL,Private Non-Profit,2925.0,2925.0,105.0,105.0,3030.0,3030.0,325.0,325.0,2023
456481,Polytechnic University of Puerto Rico-Miami,Miami,FL,Private Non-Profit,7110.0,7110.0,1050.0,1050.0,8160.0,8160.0,395.0,395.0,2023
456490,Polytechnic University of Puerto Rico-Orlando,Orlando,FL,Private Non-Profit,7110.0,7110.0,975.0,975.0,8085.0,8085.0,395.0,395.0,2023
456542,Geisinger Commonwealth School of Medicine,Scranton,PA,Private Non-Profit,35145.0,35145.0,1605.0,1605.0,36750.0,36750.0,1065.0,1065.0,2023
456621,Strayer University-West Virginia,Scott Depot,WV,Private For-Profit,14940.0,14940.0,195.0,195.0,15135.0,15135.0,533.0,533.0,2023
457226,Horizon University,Indianapolis,IN,Private Non-Profit,14400.0,14400.0,300.0,300.0,14700.0,14700.0,400.0,400.0,2023
457271,Academy for Jewish Religion California,Los Angeles,CA,Private Non-Profit,28170.0,28170.0,1500.0,1500.0,29670.0,29670.0,939.0,939.0,2023
457402,University of Fort Lauderdale,Lauderhill,FL,Private Non-Profit,8100.0,8100.0,270.0,270.0,8370.0,8370.0,450.0,450.0,2023
457484,Pacific Rim Christian University,Honolulu,HI,Private Non-Profit,11610.0,11610.0,300.0,300.0,11910.0,11910.0,645.0,645.0,2023
457697,City Vision University,Kansas City,MO,Private Non-Profit,6400.0,6400.0,,,6400.0,6400.0,267.0,267.0,2023
458210,West Coast University-Orange County,Anaheim,CA,Private For-Profit,12719.0,12719.0,1664.0,1664.0,14383.0,14383.0,,,2023
458885,Strayer University-Arkansas,Little Rock,AR,Private For-Profit,14940.0,14940.0,195.0,195.0,15135.0,15135.0,533.0,533.0,2023
458919,Strayer University-Georgia,Chamblee,GA,Private For-Profit,14940.0,14940.0,195.0,195.0,15135.0,15135.0,533.0,533.0,2023
458955,Strayer University-Mississippi,Jackson,MS,Private For-Profit,14940.0,14940.0,195.0,195.0,15135.0,15135.0,533.0,533.0,2023
458964,Strayer University-South Carolina,Greenville,SC,Private For-Profit,14940.0,14940.0,195.0,195.0,15135.0,15135.0,533.0,533.0,2023
458973,Strayer University-Texas,Farmers Branch,TX,Private For-Profit,14940.0,14940.0,195.0,195.0,15135.0,15135.0,533.0,533.0,2023
459259,South University-Richmond,Glen Allen,VA,Private For-Profit,16056.0,16056.0,480.0,480.0,16536.0,16536.0,669.0,669.0,2023
459268,South University-Virginia Beach,Virginia Beach,VA,Private For-Profit,16056.0,16056.0,480.0,480.0,16536.0,16536.0,669.0,669.0,2023
459727,Touro University Worldwide,Los Alamitos,CA,Private Non-Profit,9000.0,9000.0,,,9000.0,9000.0,500.0,500.0,2023
459736,Touro University California,Vallejo,CA,Private Non-Profit,31865.0,31865.0,400.0,400.0,32265.0,32265.0,814.0,814.0,2023
459745,The Chicago School at Washington DC,Washington,DC,Private Non-Profit,24624.0,24624.0,1512.0,1512.0,26136.0,26136.0,1219.0,1219.0,2023
459824,Touro University Nevada,Henderson,NV,Private Non-Profit,45870.0,45870.0,4760.0,4760.0,50630.0,50630.0,720.0,720.0,2023
459842,Herzing University-Kenosha,Kenosha,WI,Private Non-Profit,8100.0,8100.0,1060.0,1060.0,9160.0,9160.0,675.0,675.0,2023
459851,Herzing University-Brookfield,Brookfield,WI,Private Non-Profit,8100.0,8100.0,1060.0,1060.0,9160.0,9160.0,675.0,675.0,2023
459949,Texas A&M University-San Antonio,San Antonio,TX,Public,3978.0,12237.0,2460.0,2950.0,6438.0,15187.0,221.0,680.0,2023
459994,Strayer University-Global Region,Washington,DC,Private For-Profit,14940.0,14940.0,195.0,195.0,15135.0,15135.0,533.0,533.0,2023
460349,Johnson & Wales University-Online,Providence,RI,Private Non-Profit,15156.0,15156.0,,,15156.0,15156.0,842.0,842.0,2023
460376,Fairfax University of America,Fairfax,VA,Private Non-Profit,13068.0,13068.0,,,13068.0,13068.0,726.0,726.0,2023
461023,National Paralegal College,Phoenix,AZ,Private For-Profit,5850.0,5850.0,195.0,195.0,6045.0,6045.0,325.0,325.0,2023
461032,Carolina College of Biblical Studies,Fayetteville,NC,Private Non-Profit,5040.0,5040.0,300.0,300.0,5340.0,5340.0,280.0,280.0,2023
461120,Omega Graduate School,Dayton,TN,Private Non-Profit,6000.0,6000.0,500.0,500.0,6500.0,6500.0,500.0,500.0,2023
461139,Jung Tao School of Classical Chinese Medicine,Sugar Grove,NC,Private Non-Profit,13425.0,13425.0,1320.0,1320.0,14745.0,14745.0,,,2023
461148,New York Film Academy,Burbank,CA,Private For-Profit,37195.0,37195.0,2613.0,2613.0,39808.0,39808.0,,,2023
461281,Jose Maria Vargas University,Pembroke Pines,FL,Private For-Profit,12240.0,12240.0,1100.0,1100.0,13340.0,13340.0,680.0,680.0,2023
461485,Shepherds Theological Seminary,Cary,NC,Private Non-Profit,7380.0,7380.0,1000.0,1000.0,8380.0,8380.0,435.0,435.0,2023
461528,Manna University,Fayetteville,NC,Private Non-Profit,5400.0,5400.0,563.0,563.0,5963.0,5963.0,300.0,300.0,2023
461643,Bergin University of Canine Studies,Penngrove,CA,Private Non-Profit,13750.0,13750.0,100.0,100.0,13850.0,13850.0,,,2023
461759,Simmons College of Kentucky,Louisville,KY,Private Non-Profit,13050.0,13050.0,100.0,100.0,13150.0,13150.0,725.0,725.0,2023
461795,North American University,Stafford,TX,Private Non-Profit,10763.0,10763.0,400.0,400.0,11163.0,11163.0,359.0,359.0,2023
461883,Millennia Atlantic University,Doral,FL,Private For-Profit,11556.0,11556.0,1050.0,1050.0,12606.0,12606.0,642.0,642.0,2023
462044,Institute for Doctoral Studies in the Visual Arts,Portland,ME,Private Non-Profit,50000.0,50000.0,,,50000.0,50000.0,2500.0,2500.0,2023
464226,Ottawa University-Surprise,Surprise,AZ,Private Non-Profit,11682.0,11682.0,1320.0,1320.0,13002.0,13002.0,649.0,649.0,2023
474863,Los Angeles Pacific University,San Dimas,CA,Private Non-Profit,11880.0,11880.0,,,11880.0,11880.0,660.0,660.0,2023
475121,South University-Savannah Online,Savannah,GA,Private For-Profit,16056.0,16056.0,480.0,480.0,16536.0,16536.0,669.0,669.0,2023
475273,"Springfield College-Regional, Online, and Continuing Education",Springfield,MA,Private Non-Profit,19548.0,19548.0,,,19548.0,19548.0,724.0,724.0,2023
475398,Catholic Distance University,Charles Town,WV,Private Non-Profit,8910.0,8910.0,990.0,990.0,9900.0,9900.0,495.0,495.0,2023
475495,Rocky Mountain University of Health Professions,Provo,UT,Private For-Profit,17761.0,17761.0,1754.0,1754.0,19515.0,19515.0,902.0,902.0,2023
475608,Criswell College,Dallas,TX,Private Non-Profit,10710.0,10710.0,870.0,870.0,11580.0,11580.0,595.0,595.0,2023
476975,Colorado State University Global,Aurora,CO,Public,9000.0,9000.0,,,9000.0,9000.0,500.0,500.0,2023
477039,West Coast University-Dallas,Richardson,TX,Private For-Profit,12475.0,12475.0,1632.0,1632.0,14107.0,14107.0,,,2023
479956,Pennsylvania State University-World Campus,University Park,PA,Public,24406.0,24406.0,,,24406.0,24406.0,1017.0,1017.0,2023
480073,South University-Austin,Round Rock,TX,Private For-Profit,16056.0,16056.0,480.0,480.0,16536.0,16536.0,669.0,669.0,2023
480198,Warner Pacific University Professional and Graduate Studies,Portland,OR,Private Non-Profit,14040.0,14040.0,,,14040.0,14040.0,780.0,780.0,2023
480569,Florida Institute of Technology-Online,Melbourne,FL,Private Non-Profit,16128.0,16128.0,,,16128.0,16128.0,896.0,896.0,2023
480781,California Miramar University,San Diego,CA,Private For-Profit,7020.0,7020.0,280.0,280.0,7300.0,7300.0,585.0,585.0,2023
480790,Rocky Vista University,Parker,CO,Private For-Profit,31493.0,31493.0,4010.0,4010.0,35503.0,35503.0,807.0,807.0,2023
480985,Midwives College of Utah,Salt Lake City,UT,Private Non-Profit,7760.0,7760.0,496.0,496.0,8256.0,8256.0,739.0,739.0,2023
481030,Future Generations University,Franklin,WV,Private Non-Profit,12800.0,12800.0,,,12800.0,12800.0,800.0,800.0,2023
481094,Sotheby's Institute of Art-NY,New York,NY,Private For-Profit,56340.0,56340.0,824.0,824.0,57164.0,57164.0,1878.0,1878.0,2023
481225,Mid-South Christian College,Memphis,TN,Private Non-Profit,3150.0,3150.0,830.0,830.0,3980.0,3980.0,250.0,250.0,2023
481401,Grace School of Theology,Conroe,TX,Private Non-Profit,4680.0,4680.0,440.0,440.0,5120.0,5120.0,260.0,260.0,2023
481720,South University-High Point,High Point,NC,Private For-Profit,14400.0,14400.0,480.0,480.0,14880.0,14880.0,600.0,600.0,2023
482149,Augusta University,Augusta,GA,Public,5504.0,18772.0,1230.0,1230.0,6734.0,20002.0,230.0,783.0,2023
482158,Middle Georgia State University,Macon,GA,Public,3582.0,12492.0,832.0,832.0,4414.0,13324.0,199.0,694.0,2023
482228,Veritas Baptist College,Lawrenceburg,IN,Private Non-Profit,6822.0,6822.0,630.0,630.0,7452.0,7452.0,379.0,379.0,2023
482413,DeVry College of New York,New York,NY,Private For-Profit,17072.0,17072.0,480.0,480.0,17552.0,17552.0,776.0,776.0,2023
482422,DeVry University-Arizona,Phoenix,AZ,Private For-Profit,17072.0,17072.0,480.0,480.0,17552.0,17552.0,776.0,776.0,2023
482431,DeVry University-California,Ontario,CA,Private For-Profit,17072.0,17072.0,480.0,480.0,17552.0,17552.0,776.0,776.0,2023
482459,DeVry University-Florida,Orlando,FL,Private For-Profit,17072.0,17072.0,480.0,480.0,17552.0,17552.0,776.0,776.0,2023
482468,DeVry University-Georgia,Decatur,GA,Private For-Profit,17072.0,17072.0,480.0,480.0,17552.0,17552.0,776.0,776.0,2023
482477,DeVry University-Illinois,Lisle,IL,Private For-Profit,17072.0,17072.0,480.0,480.0,17552.0,17552.0,776.0,776.0,2023
482547,DeVry University-Nevada,Henderson,NV,Private For-Profit,17072.0,17072.0,480.0,480.0,17552.0,17552.0,776.0,776.0,2023
482556,DeVry University-New Jersey,Iselin,NJ,Private For-Profit,17072.0,17072.0,480.0,480.0,17552.0,17552.0,776.0,776.0,2023
482565,DeVry University-North Carolina,Charlotte,NC,Private For-Profit,17072.0,17072.0,480.0,480.0,17552.0,17552.0,776.0,776.0,2023
482574,DeVry University-Ohio,Columbus,OH,Private For-Profit,17072.0,17072.0,480.0,480.0,17552.0,17552.0,776.0,776.0,2023
482635,DeVry University-Texas,Irving,TX,Private For-Profit,17072.0,17072.0,480.0,480.0,17552.0,17552.0,776.0,776.0,2023
482653,DeVry University-Virginia,Arlington,VA,Private For-Profit,17072.0,17072.0,480.0,480.0,17552.0,17552.0,776.0,776.0,2023
482680,University of North Georgia,Dahlonega,GA,Public,4140.0,16488.0,1416.0,1416.0,5556.0,17904.0,230.0,916.0,2023
482705,Northeastern University Professional Programs,Boston,MA,Private Non-Profit,25088.0,25088.0,677.0,677.0,25765.0,25765.0,1138.0,1138.0,2023
482936,Florida Polytechnic University,Lakeland,FL,Public,6930.0,6930.0,1576.0,13068.0,8506.0,19998.0,385.0,385.0,2023
483036,Texas A&M University-Central Texas,Killeen,TX,Public,5558.0,12902.0,684.0,684.0,6242.0,13586.0,309.0,717.0,2023
483124,Arizona State University Digital Immersion,Scottsdale,AZ,Public,10170.0,10170.0,403.0,403.0,10573.0,10573.0,565.0,565.0,2023
483595,Ana G. Mendez University,Orlando,FL,Private Non-Profit,8910.0,8910.0,1545.0,1545.0,10455.0,10455.0,495.0,495.0,2023
483780,Washington University of Science and Technology,Vienna,VA,Private For-Profit,11340.0,11340.0,420.0,420.0,11760.0,11760.0,420.0,420.0,2023
484613,University of Phoenix-Arizona,Phoenix,AZ,Private For-Profit,16215.0,16215.0,,,16215.0,16215.0,916.0,916.0,2023
484631,University of Phoenix-California,Ontario,CA,Private For-Profit,16263.0,16263.0,,,16263.0,16263.0,,,2023
484756,University of Phoenix-Texas,Dallas,TX,Private For-Profit,16752.0,16752.0,,,16752.0,16752.0,,,2023
484862,University of West Los Angeles,Inglewood,CA,Private For-Profit,18333.0,18333.0,835.0,835.0,19168.0,19168.0,699.0,699.0,2023
484905,University of North Texas at Dallas,Dallas,TX,Public,5604.0,13164.0,770.0,770.0,6374.0,13934.0,311.0,731.0,2023
485403,High Tech High Graduate School of Education,San Diego,CA,Private Non-Profit,20000.0,20000.0,,,20000.0,20000.0,600.0,600.0,2023
485519,Lionel University,Carpinteria,CA,Private For-Profit,13200.0,13200.0,75.0,75.0,13275.0,13275.0,440.0,440.0,2023
485546,California Intercontinental University,Sioux Falls,SD,Private For-Profit,9504.0,9504.0,1170.0,1170.0,10674.0,10674.0,528.0,528.0,2023
485768,Atlantis University,Miami,FL,Private For-Profit,10764.0,10764.0,2680.0,2680.0,13444.0,13444.0,,,2023
486053,Bethlehem College & Seminary,Minneapolis,MN,Private Non-Profit,9500.0,9500.0,200.0,200.0,9700.0,9700.0,375.0,375.0,2023
486080,Elmezzi Graduate School of Molecular Medicine,Manhasset,NY,Private Non-Profit,1.0,1.0,1.0,1.0,2.0,2.0,,,2023
486239,San Ignacio University,Doral,FL,Private For-Profit,9180.0,9180.0,205.0,205.0,9385.0,9385.0,510.0,510.0,2023
486284,Bethany Global University,Bloomington,MN,Private Non-Profit,6894.0,6894.0,325.0,325.0,7219.0,7219.0,383.0,383.0,2023
486354,United International College,Miramar,FL,Private For-Profit,12420.0,12420.0,250.0,250.0,12670.0,12670.0,,,2023
486433,Presidio Graduate School,San Francisco,CA,Private Non-Profit,33240.0,33240.0,750.0,750.0,33990.0,33990.0,1385.0,1385.0,2023
486840,Kennesaw State University,Kennesaw,GA,Public,5328.0,19188.0,1336.0,1336.0,6664.0,20524.0,296.0,1066.0,2023
486901,Milligan University,Milligan,TN,Private Non-Profit,7017.0,7017.0,950.0,950.0,7967.0,7967.0,640.0,640.0,2023
487010,The University of Tennessee Health Science Center,Memphis,TN,Public,13167.0,23307.0,1558.0,1645.0,14725.0,24952.0,713.0,1271.0,2023
487524,Husson University,Bangor,ME,Private Non-Profit,18542.0,18542.0,990.0,990.0,19532.0,19532.0,687.0,687.0,2023
487603,Northwest University-Center for Online and Extended Education,Kirkland,WA,Private Non-Profit,16450.0,16450.0,100.0,100.0,16550.0,16550.0,691.0,691.0,2023
487995,Alhambra Medical University,Alhambra,CA,Private For-Profit,11100.0,11100.0,380.0,380.0,11480.0,11480.0,185.0,185.0,2023
488031,Abraham Lincoln University,Glendale,CA,Private For-Profit,6600.0,6600.0,240.0,240.0,6840.0,6840.0,,,2023
488387,Claremont Lincoln University,Claremont,CA,Private Non-Profit,13200.0,13200.0,625.0,625.0,13825.0,13825.0,550.0,550.0,2023
488448,Seattle Film Institute,Seattle,WA,Private For-Profit,34000.0,34000.0,,,34000.0,34000.0,,,2023
488527,Arkansas Colleges of Health Education,Fort Smith,AR,Private Non-Profit,10000.0,10000.0,,,10000.0,10000.0,,,2023
488572,California Health Sciences University,Clovis,CA,Private For-Profit,29950.0,29950.0,575.0,575.0,30525.0,30525.0,,,2023
488679,Indiana Wesleyan University-National & Global,Marion,IN,Private Non-Profit,9731.0,9731.0,660.0,660.0,10391.0,10391.0,541.0,541.0,2023
488721,NationsUniversity,New Orleans,LA,Private Non-Profit,1800.0,1800.0,,,1800.0,1800.0,150.0,150.0,2023
488776,John Patrick University of Health and Applied Sciences,South Bend,IN,Private For-Profit,19560.0,19560.0,140.0,140.0,19700.0,19700.0,978.0,978.0,2023
488785,University of Saint Katherine,San Marcos,CA,Private Non-Profit,14940.0,14940.0,,,14940.0,14940.0,830.0,830.0,2023
488800,Teachers College of San Joaquin,Stockton,CA,Public,6827.0,6827.0,150.0,150.0,6977.0,6977.0,504.0,504.0,2023
488907,Wongu University of Oriental Medicine,Las Vegas,NV,Private Non-Profit,6480.0,6480.0,390.0,390.0,6870.0,6870.0,180.0,180.0,2023
489335,Institute of Buddhist Studies,Berkeley,CA,Private Non-Profit,20400.0,20400.0,,,20400.0,20400.0,850.0,850.0,2023
489779,Purdue University Global,West Lafayette,IN,Public,9547.0,10608.0,974.0,974.0,10521.0,11582.0,398.0,442.0,2023
489858,West Coast University-Center for Graduate Studies,Los Angeles,CA,Private For-Profit,26364.0,26364.0,1848.0,1848.0,28212.0,28212.0,,,2023
489937,Carolina University,Winston-Salem,NC,Private Non-Profit,9900.0,9900.0,1600.0,1600.0,11500.0,11500.0,555.0,555.0,2023
490045,Presbyterian Theological Seminary in America,Santa Fe Springs,CA,Private Non-Profit,7241.0,7241.0,686.0,686.0,7927.0,7927.0,313.0,313.0,2023
490081,America Evangelical University,Gardena,CA,Private Non-Profit,6000.0,6000.0,200.0,200.0,6200.0,6200.0,300.0,300.0,2023
490106,Virginia University of Integrative Medicine,Vienna,VA,Private Non-Profit,11160.0,11160.0,560.0,560.0,11720.0,11720.0,310.0,310.0,2023
490133,Westcliff University,Irvine,CA,Private For-Profit,15039.0,15039.0,175.0,175.0,15214.0,15214.0,790.0,790.0,2023
490230,Reformed University,Lawrenceville,GA,Private Non-Profit,6840.0,6840.0,560.0,560.0,7400.0,7400.0,,,2023
490373,Western Michigan University Homer Stryker M.D. School of Medicine,Kalamazoo,MI,Private Non-Profit,23100.0,23100.0,1500.0,1500.0,24600.0,24600.0,,,2023
490805,Purdue University Northwest,Hammond,IN,Public,6042.0,11197.0,388.0,388.0,6430.0,11585.0,320.0,594.0,2023
491190,The Chicago School at San Diego,San Diego,CA,Private Non-Profit,24624.0,24624.0,1512.0,1512.0,26136.0,26136.0,1219.0,1219.0,2023
491808,Meridian University,Petaluma,CA,Private For-Profit,21632.0,21632.0,,,21632.0,21632.0,676.0,676.0,2023
492607,The Chicago School at Dallas,Richardson,TX,Private Non-Profit,24624.0,24624.0,1512.0,1512.0,26136.0,26136.0,1219.0,1219.0,2023
492689,Texas Tech University Health Sciences Center-El Paso,El Paso,TX,Public,3312.0,10872.0,1471.0,1471.0,4783.0,12343.0,184.0,604.0,2023
492704,Ponce Health Sciences University-Centro Universitario de San Juan,Santurce,PR,Private For-Profit,34875.0,34875.0,3463.0,3463.0,38338.0,38338.0,,,2023
493363,Institute of Lutheran Theology,Brookings,SD,Private Non-Profit,8010.0,8010.0,700.0,700.0,8710.0,8710.0,445.0,445.0,2023
493512,San Diego Global Knowledge University,San Diego,CA,Private For-Profit,9720.0,9720.0,1695.0,1695.0,11415.0,11415.0,,,2023
493673,Professional University Dr. Carlos J. Borrero Rios,Hato Rey,PR,Private For-Profit,8400.0,8400.0,1200.0,1200.0,9600.0,9600.0,280.0,280.0,2023
493895,SANS Technology Institute,North Bethesda,MD,Private For-Profit,13500.0,13500.0,,,13500.0,13500.0,1500.0,1500.0,2023
493956,Cal Northern School of Law,Chico,CA,Private For-Profit,17710.0,17710.0,440.0,440.0,18150.0,18150.0,770.0,770.0,2023
493974,College of Athens,Watkinsville,GA,Private Non-Profit,5310.0,5310.0,200.0,200.0,5510.0,5510.0,295.0,295.0,2023
494010,Ponce Health Sciences University-St Louis,St. Louis,MO,Private For-Profit,37683.0,37683.0,1123.0,1123.0,38806.0,38806.0,,,2023
494551,Glasgow Caledonian New York College,New York,NY,Private Non-Profit,23670.0,23670.0,450.0,450.0,24120.0,24120.0,1053.0,1053.0,2023
494597,Faith Theological Seminary and Christian College,Tampa,FL,Private Non-Profit,3042.0,3042.0,257.0,257.0,3299.0,3299.0,52.0,52.0,2023
494603,The Southwestern Baptist Theological Seminary,Fort Worth,TX,Private Non-Profit,5706.0,5706.0,1350.0,1350.0,7056.0,7056.0,317.0,317.0,2023
494807,Ponce Health Sciences University-East,Ponce,PR,Private For-Profit,10400.0,12155.0,3276.0,3276.0,13676.0,15431.0,418.0,512.0,2023
495192,Alder Graduate School of Education,Redwood City,CA,Private Non-Profit,21895.0,21895.0,,,21895.0,21895.0,645.0,645.0,2023
496043,California University of Science and Medicine,Colton,CA,Private Non-Profit,38000.0,38000.0,2500.0,2500.0,40500.0,40500.0,,,2023
496283,Provo College-Idaho Falls Campus,Idaho Falls,ID,Private For-Profit,18645.0,18645.0,,,18645.0,18645.0,,,2023
496326,Eagle Gate College-Boise Campus,Boise,ID,Private For-Profit,18645.0,18645.0,,,18645.0,18645.0,,,2023
496469,Daybreak University,Anaheim,CA,Private Non-Profit,13140.0,13140.0,2200.0,2200.0,15340.0,15340.0,365.0,365.0,2023
496627,California Northstate University,Elk Grove,CA,Private For-Profit,30416.0,30416.0,1474.0,1474.0,31890.0,31890.0,,,2023
496706,Lakewood University,Cleveland Heights,OH,Private Non-Profit,12504.0,12504.0,375.0,375.0,12879.0,12879.0,,,2023
496973,Herzing University-Tampa,Tampa,FL,Private Non-Profit,8100.0,8100.0,1060.0,1060.0,9160.0,9160.0,675.0,675.0,2023
497107,University of Silicon Andhra,Milpitas,CA,Private Non-Profit,27000.0,27000.0,100.0,100.0,27100.0,27100.0,330.0,330.0,2023
497408,Bridges Christian College,New Orleans,LA,Private Non-Profit,1500.0,1500.0,,,1500.0,1500.0,56.0,56.0,2023
497453,Jackson Theological Seminary,North Little Rock,AR,Private Non-Profit,4950.0,4950.0,150.0,150.0,5100.0,5100.0,275.0,275.0,2023
497462,Redeemers University North America,Greenville,TX,Private Non-Profit,6300.0,6300.0,800.0,800.0,7100.0,7100.0,300.0,300.0,2023
497718,Academy for Jewish Religion,Yonkers,NY,Private Non-Profit,33501.0,33501.0,1805.0,1805.0,35306.0,35306.0,1568.0,1568.0,2023
498234,Larkin University,Miami,FL,Private Non-Profit,25410.0,25410.0,1500.0,1500.0,26910.0,26910.0,770.0,770.0,2023
498289,Pontifex University,Atlanta,GA,Private Non-Profit,3600.0,3600.0,175.0,175.0,3775.0,3775.0,300.0,300.0,2023
498562,Commonwealth University of Pennsylvania,Bloomsburg,PA,Public,9288.0,13932.0,2856.0,3072.0,12144.0,17004.0,516.0,774.0,2023
498571,Pennsylvania Western University,California,PA,Public,9288.0,9468.0,1973.0,2918.0,11261.0,12386.0,516.0,526.0,2023
498915,Agora University,Burke,VA,Private Non-Profit,4000.0,4000.0,250.0,250.0,4250.0,4250.0,222.0,222.0,2023
498924,URBE University,Sweetwater,FL,Private For-Profit,13850.0,13850.0,,,13850.0,13850.0,300.0,300.0,2023
499149,Herzing University-Nashville,Nashville,TN,Private Non-Profit,8100.0,8100.0,1060.0,1060.0,9160.0,9160.0,675.0,675.0,2023
