UNITID,INSTNM,CONTROL,control_type,CIPCODE,CREDLEV,credential,program_key,debt_median,debt_10yr_payment
126818,Colorado State University-Fort Collins,Public,Public,01,5,master,01,25108.0,286.0
190415,Cornell University,"Private, nonprofit",Private Non-Profit,01,6,doctoral,01,148213.0,1686.0
153603,Iowa State University,Public,Public,01,5,master,01,19190.0,218.5
171100,Michigan State University,Public,Public,01,5,master,01,28404.0,323.0
143853,Midwestern University-Downers Grove,"Private, nonprofit",Private Non-Profit,01,6,doctoral,01,344542.0,3919.0
157401,Murray State University,Public,Public,01,5,master,01,24104.0,274.0
207388,Oklahoma State University-Main Campus,Public,Public,01,5,master,01,30777.0,350.0
228529,Tarleton State University,Public,Public,01,5,master,01,26698.0,304.0
168148,Tufts University,"Private, nonprofit",Private Non-Profit,01,5,master,01,64540.0,734.0
134130,University of Florida,Public,Public,01,5,master,01,24122.0,274.0
145637,University of Illinois Urbana-Champaign,Public,Public,01,6,doctoral,01,196772.0,2238.0
233921,Virginia Polytechnic Institute and State University,Public,Public,01,6,doctoral,01,170773.0,1943.0
236939,Washington State University,Public,Public,01,5,master,01,28097.0,320.0
449339,American Public University System,"Private, for-profit",Private For-Profit,03,5,master,03,31665.0,360.0
131159,American University,"Private, nonprofit",Private Non-Profit,03,5,master,03,26500.0,301.0
245892,Antioch University,"Private, nonprofit",Private Non-Profit,03,5,master,03,37989.0,432.0
245865,Antioch University-New England,"Private, nonprofit",Private Non-Profit,03,5,master,03,37989.0,432.0
104151,Arizona State University Campus Immersion,Public,Public,03,5,master,03,39313.0,447.0
483124,Arizona State University Digital Immersion,Public,Public,03,5,master,03,39313.0,447.0
115755,California State Polytechnic University-Humboldt,Public,Public,03,5,master,03,24185.0,275.0
217882,Clemson University,Public,Public,03,5,master,03,23402.0,266.0
126818,Colorado State University-Fort Collins,Public,Public,03,5,master,03,26420.0,300.5
190150,Columbia University in the City of New York,"Private, nonprofit",Private Non-Profit,03,5,master,03,62424.0,710.0
198419,Duke University,"Private, nonprofit",Private Non-Profit,03,5,master,03,48310.0,550.0
166027,Harvard University,"Private, nonprofit",Private Non-Profit,03,5,master,03,41000.0,466.0
151351,Indiana University-Bloomington,Public,Public,03,5,master,03,42422.0,483.0
230959,Middlebury College,"Private, nonprofit",Private Non-Profit,03,5,master,03,77000.0,876.0
119058,Middlebury Institute of International Studies at Monterey,"Private, nonprofit",Private Non-Profit,03,5,master,03,77000.0,876.0
161572,Unity Environmental University,"Private, nonprofit",Private Non-Profit,03,5,master,03,27629.0,314.0
241739,Universidad Ana G. Mendez-Cupey Campus,"Private, nonprofit",Private Non-Profit,03,5,master,03,17183.0,195.0
110705,University of California-Santa Barbara,Public,Public,03,5,master,03,32485.0,370.0
126614,University of Colorado Boulder,Public,Public,03,5,master,03,57931.0,659.0
127060,University of Denver,"Private, nonprofit",Private Non-Profit,03,5,master,03,41000.0,466.0
141565,University of Hawaii at Hilo,Public,Public,03,5,master,03,36000.0,410.0
142285,University of Idaho,Public,Public,03,5,master,03,21424.0,244.0
135726,University of Miami,"Private, nonprofit",Private Non-Profit,03,5,master,03,66108.0,752.0
170976,University of Michigan-Ann Arbor,Public,Public,03,5,master,03,35377.0,402.0
215062,University of Pennsylvania,"Private, nonprofit",Private Non-Profit,03,5,master,03,77225.0,878.0
122612,University of San Francisco,"Private, nonprofit",Private Non-Profit,03,5,master,03,41000.0,466.0
240277,University of Wisconsin-Green Bay,Public,Public,03,5,master,03,28084.0,319.0
240444,University of Wisconsin-Madison,Public,Public,03,5,master,03,28394.0,323.0
233921,Virginia Polytechnic Institute and State University,Public,Public,03,5,master,03,38924.0,443.0
128391,Western Colorado University,Public,Public,03,5,master,03,39488.0,449.0
130794,Yale University,"Private, nonprofit",Private Non-Profit,03,5,master,03,41000.0,466.0
104151,Arizona State University Campus Immersion,Public,Public,04,5,master,04,52387.0,596.0
483124,Arizona State University Digital Immersion,Public,Public,04,5,master,04,51928.0,591.0
164872,Boston Architectural College,"Private, nonprofit",Private Non-Profit,04,5,master,04,64681.0,736.0
190567,CUNY City College,Public,Public,04,5,master,04,54500.0,620.0
110370,California College of the Arts,"Private, nonprofit",Private Non-Profit,04,5,master,04,67940.0,773.0
217882,Clemson University,Public,Public,04,5,master,04,32653.0,371.0
190150,Columbia University in the City of New York,"Private, nonprofit",Private Non-Profit,04,5,master,04,94551.0,1076.0
190415,Cornell University,"Private, nonprofit",Private Non-Profit,04,5,master,04,94668.0,1077.0
133951,Florida International University,Public,Public,04,5,master,04,32684.0,372.0
134097,Florida State University,Public,Public,04,5,master,04,27783.0,316.0
139755,Georgia Institute of Technology-Main Campus,Public,Public,04,5,master,04,52848.0,601.5
232265,Hampton University,"Private, nonprofit",Private Non-Profit,04,5,master,04,28169.0,320.0
166027,Harvard University,"Private, nonprofit",Private Non-Profit,04,5,master,04,56125.0,638.0
203517,Kent State University at Kent,Public,Public,04,5,master,04,29937.0,341.0
170675,Lawrence Technological University,"Private, nonprofit",Private Non-Profit,04,5,master,04,36755.0,418.0
166683,Massachusetts Institute of Technology,"Private, nonprofit",Private Non-Profit,04,5,master,04,48444.5,551.0
180461,Montana State University,Public,Public,04,5,master,04,21952.0,250.0
193900,New York University,"Private, nonprofit",Private Non-Profit,04,5,master,04,74287.0,845.0
199193,North Carolina State University at Raleigh,Public,Public,04,5,master,04,48033.0,546.0
200332,North Dakota State University-Main Campus,Public,Public,04,5,master,04,20293.0,231.0
204796,Ohio State University-Main Campus,Public,Public,04,5,master,04,33653.0,383.0
209807,Portland State University,Public,Public,04,5,master,04,39229.0,446.0
227526,Prairie View A & M University,Public,Public,04,5,master,04,23801.0,271.0
194578,Pratt Institute-Main,"Private, nonprofit",Private Non-Profit,04,5,master,04,124679.0,1418.0
217493,Rhode Island School of Design,"Private, nonprofit",Private Non-Profit,04,5,master,04,76145.0,866.0
217518,Roger Williams University,"Private, nonprofit",Private Non-Profit,04,5,master,04,61236.0,697.0
140951,Savannah College of Art and Design,"Private, nonprofit",Private Non-Profit,04,5,master,04,76406.0,869.0
149222,Southern Illinois University-Carbondale,Public,Public,04,5,master,04,30233.0,344.0
216339,Temple University,Public,Public,04,5,master,04,57581.0,655.0
229115,Texas Tech University,Public,Public,04,5,master,04,26578.0,302.0
193654,The New School,"Private, nonprofit",Private Non-Profit,04,5,master,04,106530.0,1212.0
228769,The University of Texas at Arlington,Public,Public,04,5,master,04,33300.5,379.0
228778,The University of Texas at Austin,Public,Public,04,5,master,04,51902.0,590.5
229027,The University of Texas at San Antonio,Public,Public,04,5,master,04,31166.0,355.0
196088,University at Buffalo,Public,Public,04,5,master,04,41375.0,470.5
110653,University of California-Irvine,Public,Public,04,5,master,04,41000.0,466.0
110662,University of California-Los Angeles,Public,Public,04,5,master,04,61971.0,705.0
201885,University of Cincinnati-Main Campus,Public,Public,04,5,master,04,74291.0,845.0
126562,University of Colorado Denver/Anschutz Medical Campus,Public,Public,04,5,master,04,65135.5,741.0
169716,University of Detroit Mercy,"Private, nonprofit",Private Non-Profit,04,5,master,04,30500.0,347.0
134130,University of Florida,Public,Public,04,5,master,04,42842.5,487.0
145600,University of Illinois Chicago,Public,Public,04,5,master,04,33645.0,383.0
145637,University of Illinois Urbana-Champaign,Public,Public,04,5,master,04,38750.0,441.0
155317,University of Kansas,Public,Public,04,5,master,04,22953.5,261.0
170976,University of Michigan-Ann Arbor,Public,Public,04,5,master,04,48759.0,555.0
174066,University of Minnesota-Twin Cities,Public,Public,04,5,master,04,62450.0,710.0
187985,University of New Mexico-Main Campus,Public,Public,04,5,master,04,35529.0,404.0
199120,University of North Carolina at Chapel Hill,Public,Public,04,5,master,04,34940.0,397.0
199139,University of North Carolina at Charlotte,Public,Public,04,5,master,04,27652.0,315.0
152080,University of Notre Dame,"Private, nonprofit",Private Non-Profit,04,5,master,04,79525.0,905.0
209551,University of Oregon,Public,Public,04,5,master,04,87738.0,998.0
215062,University of Pennsylvania,"Private, nonprofit",Private Non-Profit,04,5,master,04,78964.0,898.0
243221,University of Puerto Rico-Rio Piedras,Public,Public,04,5,master,04,13500.0,154.0
137351,University of South Florida,Public,Public,04,5,master,04,59989.0,682.0
123961,University of Southern California,"Private, nonprofit",Private Non-Profit,04,5,master,04,88324.0,1005.0
234076,University of Virginia-Main Campus,Public,Public,04,5,master,04,52729.5,599.5
236948,University of Washington-Seattle Campus,Public,Public,04,5,master,04,61713.0,702.0
377564,University of Washington-Tacoma Campus,Public,Public,04,5,master,04,40998.0,466.0
240453,University of Wisconsin-Milwaukee,Public,Public,04,5,master,04,41000.0,466.0
233921,Virginia Polytechnic Institute and State University,Public,Public,04,5,master,04,36099.0,411.0
179867,Washington University in St Louis,"Private, nonprofit",Private Non-Profit,04,5,master,04,85000.0,967.0
172644,Wayne State University,Public,Public,04,5,master,04,51250.0,583.0
168227,Wentworth Institute of Technology,"Private, nonprofit",Private Non-Profit,04,5,master,04,20500.0,233.0
130794,Yale University,"Private, nonprofit",Private Non-Profit,04,5,master,04,61500.0,700.0
241793,Center for Advanced Studies On Puerto Rico and the Caribbean,"Private, nonprofit",Private Non-Profit,05,5,master,05,21500.0,245.0
241793,Center for Advanced Studies On Puerto Rico and the Caribbean,"Private, nonprofit",Private Non-Profit,05,6,doctoral,05,24825.0,282.0
190150,Columbia University in the City of New York,"Private, nonprofit",Private Non-Profit,05,5,master,05,50000.0,569.0
131496,Georgetown University,"Private, nonprofit",Private Non-Profit,05,5,master,05,76142.0,866.0
193900,New York University,"Private, nonprofit",Private Non-Profit,05,5,master,05,34157.0,389.0
207847,Southeastern Oklahoma State University,Public,Public,05,5,master,05,20499.0,233.0
110662,University of California-Los Angeles,Public,Public,05,5,master,05,25340.0,288.0
144050,University of Chicago,"Private, nonprofit",Private Non-Profit,05,5,master,05,62295.0,709.0
236948,University of Washington-Seattle Campus,Public,Public,05,5,master,05,48911.0,556.0
131159,American University,"Private, nonprofit",Private Non-Profit,09,5,master,09,53268.0,606.0
104151,Arizona State University Campus Immersion,Public,Public,09,5,master,09,33828.0,385.0
483124,Arizona State University Digital Immersion,Public,Public,09,5,master,09,31878.0,363.0
106458,Arkansas State University,Public,Public,09,5,master,09,15600.0,177.0
164988,Boston University,"Private, nonprofit",Private Non-Profit,09,5,master,09,68910.0,784.0
190567,CUNY City College,Public,Public,09,5,master,09,41000.0,466.0
190576,CUNY Graduate School and University Center,Public,Public,09,5,master,09,38398.0,437.0
110361,California Baptist University,"Private, nonprofit",Private Non-Profit,09,5,master,09,23171.0,264.0
110565,California State University-Fullerton,Public,Public,09,5,master,09,20343.0,231.0
110592,California State University-Los Angeles,Public,Public,09,5,master,09,30250.0,344.0
110608,California State University-Northridge,Public,Public,09,5,master,09,31023.0,353.0
190150,Columbia University in the City of New York,"Private, nonprofit",Private Non-Profit,09,5,master,09,71125.0,809.0
144740,DePaul University,"Private, nonprofit",Private Non-Profit,09,5,master,09,39517.0,449.5
212054,Drexel University,"Private, nonprofit",Private Non-Profit,09,5,master,09,45471.0,517.0
220075,East Tennessee State University,Public,Public,09,5,master,09,32156.0,366.0
187648,Eastern New Mexico University-Main Campus,Public,Public,09,5,master,09,39819.0,453.0
198516,Elon University,"Private, nonprofit",Private Non-Profit,09,5,master,09,58814.0,669.0
165662,Emerson College,"Private, nonprofit",Private Non-Profit,09,5,master,09,44360.0,505.0
133951,Florida International University,Public,Public,09,5,master,09,34653.0,394.0
134097,Florida State University,Public,Public,09,5,master,09,31020.0,353.0
134237,Full Sail University,"Private, for-profit",Private For-Profit,09,5,master,09,36865.0,419.5
131469,George Washington University,"Private, nonprofit",Private Non-Profit,09,5,master,09,46076.5,524.0
131496,Georgetown University,"Private, nonprofit",Private Non-Profit,09,5,master,09,61693.0,701.5
139931,Georgia Southern University,Public,Public,09,5,master,09,33507.0,381.0
139940,Georgia State University,Public,Public,09,5,master,09,29242.0,333.0
235316,Gonzaga University,"Private, nonprofit",Private Non-Profit,09,5,master,09,36711.0,418.0
104717,Grand Canyon University,"Private, for-profit",Private For-Profit,09,5,master,09,31340.0,356.0
191649,Hofstra University,"Private, nonprofit",Private Non-Profit,09,5,master,09,45018.0,512.0
145813,Illinois State University,Public,Public,09,5,master,09,19775.0,225.0
162928,Johns Hopkins University,"Private, nonprofit",Private Non-Profit,09,5,master,09,39737.0,452.0
203517,Kent State University at Kent,Public,Public,09,5,master,09,27036.0,308.0
166391,Lasell University,"Private, nonprofit",Private Non-Profit,09,5,master,09,30634.0,348.0
232557,Liberty University,"Private, nonprofit",Private Non-Profit,09,5,master,09,29422.5,334.5
177968,Lindenwood University,"Private, nonprofit",Private Non-Profit,09,5,master,09,30750.0,350.0
146719,Loyola University Chicago,"Private, nonprofit",Private Non-Profit,09,5,master,09,42384.0,482.0
192819,Marist University,"Private, nonprofit",Private Non-Profit,09,5,master,09,20656.0,235.0
171100,Michigan State University,Public,Public,09,5,master,09,32500.0,370.0
119605,National University,"Private, nonprofit",Private Non-Profit,09,5,master,09,28604.0,325.0
193900,New York University,"Private, nonprofit",Private Non-Profit,09,5,master,09,111496.0,1268.0
147767,Northwestern University,"Private, nonprofit",Private Non-Profit,09,5,master,09,55813.0,635.0
194310,Pace University,"Private, nonprofit",Private Non-Profit,09,5,master,09,36946.0,420.0
209807,Portland State University,Public,Public,09,5,master,09,41000.0,466.0
243780,Purdue University-Main Campus,Public,Public,09,5,master,09,34280.0,390.0
199412,Queens University of Charlotte,"Private, nonprofit",Private Non-Profit,09,5,master,09,48500.0,552.0
130226,Quinnipiac University,"Private, nonprofit",Private Non-Profit,09,5,master,09,33381.0,380.0
231651,Regent University,"Private, nonprofit",Private Non-Profit,09,5,master,09,45242.5,514.5
231651,Regent University,"Private, nonprofit",Private Non-Profit,09,6,doctoral,09,115215.0,1311.0
130253,Sacred Heart University,"Private, nonprofit",Private Non-Profit,09,5,master,09,35500.0,404.0
140951,Savannah College of Art and Design,"Private, nonprofit",Private Non-Profit,09,5,master,09,65832.0,749.0
183026,Southern New Hampshire University,"Private, nonprofit",Private Non-Profit,09,5,master,09,44769.0,509.0
195164,St Bonaventure University,"Private, nonprofit",Private Non-Profit,09,5,master,09,27582.0,314.0
228431,Stephen F Austin State University,Public,Public,09,5,master,09,34558.0,393.0
196413,Syracuse University,"Private, nonprofit",Private Non-Profit,09,5,master,09,56444.0,642.0
216339,Temple University,Public,Public,09,5,master,09,41000.0,466.0
229063,Texas Southern University,Public,Public,09,5,master,09,50573.0,575.0
228459,Texas State University,Public,Public,09,5,master,09,20500.0,233.0
229115,Texas Tech University,Public,Public,09,5,master,09,23565.0,268.0
193654,The New School,"Private, nonprofit",Private Non-Profit,09,5,master,09,51101.5,581.0
228778,The University of Texas at Austin,Public,Public,09,5,master,09,50132.0,570.0
102368,Troy University,Public,Public,09,5,master,09,31500.0,358.0
243443,Universidad del Sagrado Corazon,"Private, nonprofit",Private Non-Profit,09,5,master,09,14167.0,161.0
100663,University of Alabama at Birmingham,Public,Public,09,5,master,09,34167.0,389.0
110635,University of California-Berkeley,Public,Public,09,5,master,09,67334.0,766.0
127060,University of Denver,"Private, nonprofit",Private Non-Profit,09,5,master,09,47481.0,540.0
134130,University of Florida,Public,Public,09,5,master,09,29671.0,338.0
139959,University of Georgia,Public,Public,09,5,master,09,36822.0,419.0
153658,University of Iowa,Public,Public,09,5,master,09,22010.0,250.0
178396,University of Missouri-Columbia,Public,Public,09,5,master,09,20877.0,237.0
209551,University of Oregon,Public,Public,09,5,master,09,38196.0,434.5
122612,University of San Francisco,"Private, nonprofit",Private Non-Profit,09,5,master,09,41000.0,466.0
137351,University of South Florida,Public,Public,09,5,master,09,36404.0,414.0
123961,University of Southern California,"Private, nonprofit",Private Non-Profit,09,5,master,09,70426.0,801.0
236948,University of Washington-Seattle Campus,Public,Public,09,5,master,09,53656.0,610.0
125231,Walden University,"Private, for-profit",Private For-Profit,09,5,master,09,38500.0,438.0
236939,Washington State University,Public,Public,09,5,master,09,26714.0,304.0
172644,Wayne State University,Public,Public,09,5,master,09,33381.0,380.0
179894,Webster University,"Private, nonprofit",Private Non-Profit,09,5,master,09,54149.5,616.0
238032,West Virginia University,Public,Public,09,5,master,09,39258.0,446.5
108232,Academy of Art University,"Private, for-profit",Private For-Profit,10,5,master,10,83224.0,947.0
241216,Atlantic University,"Private, nonprofit",Private Non-Profit,10,5,master,10,15475.0,176.0
144740,DePaul University,"Private, nonprofit",Private Non-Profit,10,5,master,10,53300.0,606.0
194091,New York Institute of Technology,"Private, nonprofit",Private Non-Profit,10,5,master,10,46701.0,531.0
140951,Savannah College of Art and Design,"Private, nonprofit",Private Non-Profit,10,5,master,10,99295.0,1129.0
108232,Academy of Art University,"Private, for-profit",Private For-Profit,11,5,master,11,71352.0,812.0
445027,American InterContinental University System,"Private, for-profit",Private For-Profit,11,5,master,11,34737.0,395.0
438586,American InterContinental University-Atlanta,"Private, for-profit",Private For-Profit,11,5,master,11,34737.0,395.0
445133,American InterContinental University-Houston,"Private, for-profit",Private For-Profit,11,5,master,11,34737.0,395.0
449339,American Public University System,"Private, for-profit",Private For-Profit,11,5,master,11,41147.0,468.0
219602,Austin Peay State University,Public,Public,11,5,master,11,19273.0,219.0
150136,Ball State University,Public,Public,11,5,master,11,19632.0,223.0
180814,Bellevue University,"Private, nonprofit",Private Non-Profit,11,5,master,11,45161.0,514.0
164988,Boston University,"Private, nonprofit",Private Non-Profit,11,5,master,11,32099.5,365.5
190576,CUNY Graduate School and University Center,Public,Public,11,5,master,11,16000.0,182.0
413413,Capella University,"Private, for-profit",Private For-Profit,11,5,master,11,40602.0,462.0
413413,Capella University,"Private, for-profit",Private For-Profit,11,6,doctoral,11,90527.5,1029.5
211440,Carnegie Mellon University,"Private, nonprofit",Private Non-Profit,11,5,master,11,61305.0,697.0
169248,Central Michigan University,Public,Public,11,5,master,11,36769.0,418.0
234827,Central Washington University,Public,Public,11,5,master,11,25891.0,295.0
126775,Colorado School of Mines,Public,Public,11,5,master,11,20500.0,233.0
476975,Colorado State University Global,Public,Public,11,5,master,11,43146.0,491.0
126818,Colorado State University-Fort Collins,Public,Public,11,5,master,11,20962.0,238.0
126827,Colorado Technical University-Colorado Springs,"Private, for-profit",Private For-Profit,11,5,master,11,38361.0,436.0
126827,Colorado Technical University-Colorado Springs,"Private, for-profit",Private For-Profit,11,6,doctoral,11,71834.0,817.0
190150,Columbia University in the City of New York,"Private, nonprofit",Private Non-Profit,11,5,master,11,53545.0,609.0
190415,Cornell University,"Private, nonprofit",Private Non-Profit,11,5,master,11,53880.5,613.0
169479,Davenport University,"Private, nonprofit",Private Non-Profit,11,5,master,11,40400.0,460.0
144740,DePaul University,"Private, nonprofit",Private Non-Profit,11,5,master,11,55090.0,626.5
482422,DeVry University-Arizona,"Private, for-profit",Private For-Profit,11,5,master,11,38939.0,443.0
482431,DeVry University-California,"Private, for-profit",Private For-Profit,11,5,master,11,38939.0,443.0
482440,DeVry University-Colorado,"Private, for-profit",Private For-Profit,11,5,master,11,38939.0,443.0
482459,DeVry University-Florida,"Private, for-profit",Private For-Profit,11,5,master,11,38939.0,443.0
482468,DeVry University-Georgia,"Private, for-profit",Private For-Profit,11,5,master,11,38939.0,443.0
482477,DeVry University-Illinois,"Private, for-profit",Private For-Profit,11,5,master,11,38939.0,443.0
482538,DeVry University-Missouri,"Private, for-profit",Private For-Profit,11,5,master,11,38939.0,443.0
482547,DeVry University-Nevada,"Private, for-profit",Private For-Profit,11,5,master,11,38939.0,443.0
482574,DeVry University-Ohio,"Private, for-profit",Private For-Profit,11,5,master,11,38939.0,443.0
482608,DeVry University-Pennsylvania,"Private, for-profit",Private For-Profit,11,5,master,11,38939.0,443.0
482653,DeVry University-Virginia,"Private, for-profit",Private For-Profit,11,5,master,11,38939.0,443.0
212054,Drexel University,"Private, nonprofit",Private Non-Profit,11,5,master,11,43562.0,496.0
248934,ECPI University,"Private, for-profit",Private For-Profit,11,5,master,11,24371.0,277.0
243832,EDP University of Puerto Rico Inc-San Juan,"Private, nonprofit",Private Non-Profit,11,5,master,11,15750.0,179.0
196680,Excelsior University,"Private, nonprofit",Private Non-Profit,11,5,master,11,27333.0,311.0
133951,Florida International University,Public,Public,11,5,master,11,35500.0,404.0
134097,Florida State University,Public,Public,11,5,master,11,34487.0,392.5
191241,Fordham University,"Private, nonprofit",Private Non-Profit,11,5,master,11,29139.0,331.0
232186,George Mason University,Public,Public,11,5,master,11,30987.5,352.5
131469,George Washington University,"Private, nonprofit",Private Non-Profit,11,5,master,11,42032.0,478.0
131496,Georgetown University,"Private, nonprofit",Private Non-Profit,11,5,master,11,40837.0,465.0
139755,Georgia Institute of Technology-Main Campus,Public,Public,11,5,master,11,30410.5,346.0
139940,Georgia State University,Public,Public,11,5,master,11,30750.0,350.0
104717,Grand Canyon University,"Private, for-profit",Private For-Profit,11,5,master,11,30878.0,351.0
162928,Johns Hopkins University,"Private, nonprofit",Private Non-Profit,11,5,master,11,28875.5,328.5
486840,Kennesaw State University,Public,Public,11,5,master,11,41000.0,466.0
203517,Kent State University at Kent,Public,Public,11,5,master,11,37613.5,428.0
146612,Lewis University,"Private, nonprofit",Private Non-Profit,11,5,master,11,35390.0,403.0
177968,Lindenwood University,"Private, nonprofit",Private Non-Profit,11,5,master,11,21701.0,247.0
153861,Maharishi International University,"Private, nonprofit",Private Non-Profit,11,5,master,11,51091.0,581.0
192819,Marist University,"Private, nonprofit",Private Non-Profit,11,5,master,11,25309.0,288.0
232706,Marymount University,"Private, nonprofit",Private Non-Profit,11,5,master,11,41000.0,466.0
178059,Maryville University of Saint Louis,"Private, nonprofit",Private Non-Profit,11,5,master,11,33334.0,379.0
482158,Middle Georgia State University,Public,Public,11,5,master,11,25547.0,291.0
220978,Middle Tennessee State University,Public,Public,11,5,master,11,20750.0,236.0
230959,Middlebury College,"Private, nonprofit",Private Non-Profit,11,5,master,11,78598.0,894.0
119058,Middlebury Institute of International Studies at Monterey,"Private, nonprofit",Private Non-Profit,11,5,master,11,78598.0,894.0
119605,National University,"Private, nonprofit",Private Non-Profit,11,5,master,11,39450.0,449.0
185828,New Jersey Institute of Technology,Public,Public,11,5,master,11,30629.0,348.5
194091,New York Institute of Technology,"Private, nonprofit",Private Non-Profit,11,5,master,11,42000.0,478.0
193900,New York University,"Private, nonprofit",Private Non-Profit,11,5,master,11,69317.5,788.5
232937,Norfolk State University,Public,Public,11,5,master,11,41000.0,466.0
199102,North Carolina A & T State University,Public,Public,11,5,master,11,29621.0,337.0
199157,North Carolina Central University,Public,Public,11,5,master,11,53309.0,606.0
199193,North Carolina State University at Raleigh,Public,Public,11,5,master,11,30016.5,341.5
444130,Northcentral University,"Private, nonprofit",Private Non-Profit,11,5,master,11,32688.0,372.0
167358,Northeastern University,"Private, nonprofit",Private Non-Profit,11,5,master,11,36827.0,418.5
118888,Northeastern University Oakland,"Private, nonprofit",Private Non-Profit,11,5,master,11,41000.0,466.0
482705,Northeastern University Professional Programs,"Private, nonprofit",Private Non-Profit,11,5,master,11,36827.0,418.5
147703,Northern Illinois University,Public,Public,11,5,master,11,24300.0,276.0
147767,Northwestern University,"Private, nonprofit",Private Non-Profit,11,5,master,11,39844.0,453.0
230995,Norwich University,"Private, nonprofit",Private Non-Profit,11,5,master,11,35608.0,405.0
136215,Nova Southeastern University,"Private, nonprofit",Private Non-Profit,11,5,master,11,55375.0,630.0
194310,Pace University,"Private, nonprofit",Private Non-Profit,11,5,master,11,37487.0,426.5
214777,Pennsylvania State University-Main Campus,Public,Public,11,5,master,11,37452.5,426.0
214607,Pennsylvania State University-Penn State Great Valley,Public,Public,11,5,master,11,33905.0,386.0
214713,Pennsylvania State University-Penn State Harrisburg,Public,Public,11,5,master,11,37452.5,426.0
479956,Pennsylvania State University-World Campus,Public,Public,11,5,master,11,37452.5,426.0
209807,Portland State University,Public,Public,11,5,master,11,24484.0,279.0
489779,Purdue University Global,Public,Public,11,5,master,11,50684.5,576.5
127918,Regis University,"Private, nonprofit",Private Non-Profit,11,5,master,11,40077.0,456.0
215655,Robert Morris University,"Private, nonprofit",Private Non-Profit,11,5,master,11,31458.0,358.0
186380,Rutgers University-New Brunswick,Public,Public,11,5,master,11,33456.0,381.0
137032,Saint Leo University,"Private, nonprofit",Private Non-Profit,11,5,master,11,56375.0,641.0
140951,Savannah College of Art and Design,"Private, nonprofit",Private Non-Profit,11,5,master,11,47833.0,544.0
480073,South University-Austin,"Private, for-profit",Private For-Profit,11,5,master,11,43847.0,499.0
101116,South University-Montgomery,"Private, for-profit",Private For-Profit,11,5,master,11,43847.0,499.0
459259,South University-Richmond,"Private, for-profit",Private For-Profit,11,5,master,11,43847.0,499.0
139579,South University-Savannah,"Private, for-profit",Private For-Profit,11,5,master,11,43847.0,499.0
475121,South University-Savannah Online,"Private, for-profit",Private For-Profit,11,5,master,11,43847.0,499.0
449898,South University-Tampa,"Private, for-profit",Private For-Profit,11,5,master,11,43847.0,499.0
459268,South University-Virginia Beach,"Private, for-profit",Private For-Profit,11,5,master,11,43847.0,499.0
228246,Southern Methodist University,"Private, nonprofit",Private Non-Profit,11,5,master,11,73993.5,842.0
183026,Southern New Hampshire University,"Private, nonprofit",Private Non-Profit,11,5,master,11,48003.0,546.0
186867,Stevens Institute of Technology,"Private, nonprofit",Private Non-Profit,11,5,master,11,26806.0,305.0
164173,Stevenson University,"Private, nonprofit",Private Non-Profit,11,5,master,11,37396.0,425.0
450377,Strayer University-Alabama,"Private, for-profit",Private For-Profit,11,5,master,11,74743.5,850.5
458885,Strayer University-Arkansas,"Private, for-profit",Private For-Profit,11,5,master,11,74743.5,850.5
450298,Strayer University-Delaware,"Private, for-profit",Private For-Profit,11,5,master,11,74743.5,850.5
131803,Strayer University-District of Columbia,"Private, for-profit",Private For-Profit,11,5,master,11,74743.5,850.5
449038,Strayer University-Florida,"Private, for-profit",Private For-Profit,11,5,master,11,74743.5,850.5
458919,Strayer University-Georgia,"Private, for-profit",Private For-Profit,11,5,master,11,74743.5,850.5
459994,Strayer University-Global Region,"Private, for-profit",Private For-Profit,11,5,master,11,74743.5,850.5
430184,Strayer University-Maryland,"Private, for-profit",Private For-Profit,11,5,master,11,74743.5,850.5
458955,Strayer University-Mississippi,"Private, for-profit",Private For-Profit,11,5,master,11,74743.5,850.5
453215,Strayer University-New Jersey,"Private, for-profit",Private For-Profit,11,5,master,11,74743.5,850.5
453163,Strayer University-North Carolina,"Private, for-profit",Private For-Profit,11,5,master,11,74743.5,850.5
443784,Strayer University-Pennsylvania,"Private, for-profit",Private For-Profit,11,5,master,11,74743.5,850.5
458964,Strayer University-South Carolina,"Private, for-profit",Private For-Profit,11,5,master,11,74743.5,850.5
443766,Strayer University-Tennessee,"Private, for-profit",Private For-Profit,11,5,master,11,74743.5,850.5
458973,Strayer University-Texas,"Private, for-profit",Private For-Profit,11,5,master,11,74743.5,850.5
233684,Strayer University-Virginia,"Private, for-profit",Private For-Profit,11,5,master,11,74743.5,850.5
456621,Strayer University-West Virginia,"Private, for-profit",Private For-Profit,11,5,master,11,74743.5,850.5
196413,Syracuse University,"Private, nonprofit",Private Non-Profit,11,5,master,11,54598.0,621.0
216339,Temple University,Public,Public,11,5,master,11,27600.0,314.0
229115,Texas Tech University,Public,Public,11,5,master,11,23017.0,262.0
193654,The New School,"Private, nonprofit",Private Non-Profit,11,5,master,11,66000.0,751.0
228778,The University of Texas at Austin,Public,Public,11,5,master,11,33825.0,385.0
228787,The University of Texas at Dallas,Public,Public,11,5,master,11,27585.5,314.0
196060,University at Albany,Public,Public,11,5,master,11,29250.0,333.0
104179,University of Arizona,Public,Public,11,5,master,11,40150.0,457.0
442569,University of Arkansas Grantham,Public,Public,11,5,master,11,33835.0,385.0
110680,University of California-San Diego,Public,Public,11,5,master,11,25903.0,295.0
132903,University of Central Florida,Public,Public,11,5,master,11,29403.0,334.0
144050,University of Chicago,"Private, nonprofit",Private Non-Profit,11,5,master,11,80205.0,912.0
201885,University of Cincinnati-Main Campus,Public,Public,11,5,master,11,26058.5,296.5
126562,University of Colorado Denver/Anschutz Medical Campus,Public,Public,11,5,master,11,32000.0,364.0
224323,University of Dallas,"Private, nonprofit",Private Non-Profit,11,5,master,11,51250.0,583.0
127060,University of Denver,"Private, nonprofit",Private Non-Profit,11,5,master,11,46680.0,531.0
169716,University of Detroit Mercy,"Private, nonprofit",Private Non-Profit,11,5,master,11,32779.0,373.0
134130,University of Florida,Public,Public,11,5,master,11,20500.0,233.0
139959,University of Georgia,Public,Public,11,5,master,11,45255.0,515.0
225511,University of Houston,Public,Public,11,5,master,11,34749.0,395.0
148654,University of Illinois Springfield,Public,Public,11,5,master,11,25099.0,286.0
145637,University of Illinois Urbana-Champaign,Public,Public,11,5,master,11,26156.0,297.5
163204,University of Maryland Global Campus,Public,Public,11,5,master,11,38437.5,437.0
163268,University of Maryland-Baltimore County,Public,Public,11,5,master,11,41000.0,466.0
166629,University of Massachusetts-Amherst,Public,Public,11,5,master,11,30322.0,345.0
170976,University of Michigan-Ann Arbor,Public,Public,11,5,master,11,41000.0,466.0
178396,University of Missouri-Columbia,Public,Public,11,5,master,11,38346.0,436.0
187985,University of New Mexico-Main Campus,Public,Public,11,5,master,11,30625.0,348.0
199218,University of North Carolina Wilmington,Public,Public,11,5,master,11,21873.0,249.0
199120,University of North Carolina at Chapel Hill,Public,Public,11,5,master,11,35630.0,405.0
199139,University of North Carolina at Charlotte,Public,Public,11,5,master,11,24960.0,284.0
227216,University of North Texas,Public,Public,11,5,master,11,31075.0,353.0
215062,University of Pennsylvania,"Private, nonprofit",Private Non-Profit,11,5,master,11,82157.0,935.0
484613,University of Phoenix-Arizona,"Private, for-profit",Private For-Profit,11,5,master,11,37654.0,428.0
122612,University of San Francisco,"Private, nonprofit",Private Non-Profit,11,5,master,11,55689.0,633.0
137351,University of South Florida,Public,Public,11,5,master,11,26323.5,299.5
123961,University of Southern California,"Private, nonprofit",Private Non-Profit,11,5,master,11,57437.5,653.5
174914,University of St Thomas,"Private, nonprofit",Private Non-Profit,11,5,master,11,43082.5,490.0
230764,University of Utah,Public,Public,11,5,master,11,32661.5,371.5
234076,University of Virginia-Main Campus,Public,Public,11,5,master,11,46996.0,534.5
377555,University of Washington-Bothell Campus,Public,Public,11,5,master,11,38387.0,436.5
236948,University of Washington-Seattle Campus,Public,Public,11,5,master,11,40174.0,457.0
377564,University of Washington-Tacoma Campus,Public,Public,11,5,master,11,38387.0,436.5
233921,Virginia Polytechnic Institute and State University,Public,Public,11,5,master,11,33240.0,378.0
125231,Walden University,"Private, for-profit",Private For-Profit,11,5,master,11,41000.0,466.0
172608,Walsh College,"Private, nonprofit",Private Non-Profit,11,5,master,11,33080.0,376.0
179894,Webster University,"Private, nonprofit",Private Non-Profit,11,5,master,11,36427.0,414.0
433387,Western Governors University,"Private, nonprofit",Private Non-Profit,11,5,master,11,12122.0,138.0
177834,A T Still University of Health Sciences,"Private, nonprofit",Private Non-Profit,13,6,doctoral,13,63222.0,719.0
222178,Abilene Christian University,"Private, nonprofit",Private Non-Profit,13,5,master,13,30750.0,349.5
222178,Abilene Christian University,"Private, nonprofit",Private Non-Profit,13,6,doctoral,13,64561.0,734.0
126182,Adams State University,Public,Public,13,5,master,13,24000.0,273.0
188429,Adelphi University,"Private, nonprofit",Private Non-Profit,13,5,master,13,50437.5,574.0
100654,Alabama A & M University,Public,Public,13,5,master,13,48932.0,557.0
100724,Alabama State University,Public,Public,13,5,master,13,50483.0,574.0
138716,Albany State University,Public,Public,13,5,master,13,35569.0,405.0
175342,Alcorn State University,Public,Public,13,5,master,13,85750.0,975.0
188641,Alfred University,"Private, nonprofit",Private Non-Profit,13,5,master,13,24864.0,283.0
110468,Alliant International University-San Diego,"Private, for-profit",Private For-Profit,13,5,master,13,35875.0,408.0
238193,Alverno College,"Private, nonprofit",Private Non-Profit,13,5,master,13,38500.0,438.0
445027,American InterContinental University System,"Private, for-profit",Private For-Profit,13,5,master,13,33474.0,381.0
438586,American InterContinental University-Atlanta,"Private, for-profit",Private For-Profit,13,5,master,13,33474.0,381.0
164447,American International College,"Private, nonprofit",Private Non-Profit,13,5,master,13,21898.5,249.0
449339,American Public University System,"Private, for-profit",Private For-Profit,13,5,master,13,38967.0,443.0
131159,American University,"Private, nonprofit",Private Non-Profit,13,5,master,13,43885.0,499.0
217633,Anderson University,"Private, nonprofit",Private Non-Profit,13,5,master,13,27177.0,309.0
222831,Angelo State University,Public,Public,13,5,master,13,21205.0,241.0
245892,Antioch University,"Private, nonprofit",Private Non-Profit,13,5,master,13,38649.0,439.5
245838,Antioch University-Los Angeles,"Private, nonprofit",Private Non-Profit,13,5,master,13,43148.0,491.0
245865,Antioch University-New England,"Private, nonprofit",Private Non-Profit,13,5,master,13,38649.0,439.5
245847,Antioch University-Santa Barbara,"Private, nonprofit",Private Non-Profit,13,5,master,13,43148.0,491.0
245883,Antioch University-Seattle,"Private, nonprofit",Private Non-Profit,13,5,master,13,38649.0,439.5
197869,Appalachian State University,Public,Public,13,5,master,13,23729.5,270.0
211088,Arcadia University,"Private, nonprofit",Private Non-Profit,13,5,master,13,33223.0,378.0
104151,Arizona State University Campus Immersion,Public,Public,13,5,master,13,34648.0,394.0
104151,Arizona State University Campus Immersion,Public,Public,13,6,doctoral,13,66553.0,757.0
483124,Arizona State University Digital Immersion,Public,Public,13,5,master,13,32498.0,369.5
483124,Arizona State University Digital Immersion,Public,Public,13,6,doctoral,13,66553.0,757.0
106458,Arkansas State University,Public,Public,13,5,master,13,20500.0,233.0
106467,Arkansas Tech University,Public,Public,13,5,master,13,21390.5,243.5
156213,Asbury University,"Private, nonprofit",Private Non-Profit,13,5,master,13,48256.0,549.0
201104,Ashland University,"Private, nonprofit",Private Non-Profit,13,5,master,13,18513.0,211.0
164562,Assumption University,"Private, nonprofit",Private Non-Profit,13,5,master,13,41000.0,466.0
100812,Athens State University,Public,Public,13,5,master,13,28771.0,327.0
100858,Auburn University,Public,Public,13,5,master,13,29625.0,337.0
100830,Auburn University at Montgomery,Public,Public,13,5,master,13,29061.5,330.5
173045,Augsburg University,"Private, nonprofit",Private Non-Profit,13,5,master,13,47833.0,544.0
482149,Augusta University,Public,Public,13,5,master,13,41000.0,466.0
219000,Augustana University,"Private, nonprofit",Private Non-Profit,13,5,master,13,15110.0,172.0
143118,Aurora University,"Private, nonprofit",Private Non-Profit,13,5,master,13,23013.5,262.0
143118,Aurora University,"Private, nonprofit",Private Non-Profit,13,6,doctoral,13,50408.0,573.0
219602,Austin Peay State University,Public,Public,13,5,master,13,35766.0,407.0
231420,Averett University,"Private, nonprofit",Private Non-Profit,13,5,master,13,34927.0,397.5
176628,Avila University,"Private, nonprofit",Private Non-Profit,13,5,master,13,21718.0,247.0
109785,Azusa Pacific University,"Private, nonprofit",Private Non-Profit,13,5,master,13,48742.0,554.0
109785,Azusa Pacific University,"Private, nonprofit",Private Non-Profit,13,6,doctoral,13,95539.0,1087.0
154688,Baker University,"Private, nonprofit",Private Non-Profit,13,5,master,13,20618.0,235.0
154688,Baker University,"Private, nonprofit",Private Non-Profit,13,6,doctoral,13,41000.0,466.0
201195,Baldwin Wallace University,"Private, nonprofit",Private Non-Profit,13,5,master,13,38997.0,444.0
150136,Ball State University,Public,Public,13,5,master,13,22600.0,257.0
189015,Bank Street College of Education,"Private, nonprofit",Private Non-Profit,13,5,master,13,38322.0,436.0
189088,Bard College,"Private, nonprofit",Private Non-Profit,13,5,master,13,21422.0,244.0
132471,Barry University,"Private, nonprofit",Private Non-Profit,13,5,master,13,51250.0,583.0
164632,Bay Path University,"Private, nonprofit",Private Non-Profit,13,5,master,13,37640.0,428.0
175421,Belhaven University,"Private, nonprofit",Private Non-Profit,13,5,master,13,32218.0,366.0
156286,Bellarmine University,"Private, nonprofit",Private Non-Profit,13,5,master,13,25137.0,286.0
219709,Belmont University,"Private, nonprofit",Private Non-Profit,13,5,master,13,32700.0,372.0
173124,Bemidji State University,Public,Public,13,5,master,13,29500.0,336.0
145619,Benedictine University,"Private, nonprofit",Private Non-Profit,13,6,doctoral,13,61500.0,700.0
139144,Berry College,"Private, nonprofit",Private Non-Profit,13,5,master,13,20238.0,230.5
173160,Bethel University,"Private, nonprofit",Private Non-Profit,13,5,master,13,23241.0,264.0
219718,Bethel University,"Private, nonprofit",Private Non-Profit,13,5,master,13,39428.0,448.0
196079,Binghamton University,Public,Public,13,5,master,13,37157.0,423.0
110097,Biola University,"Private, nonprofit",Private Non-Profit,13,5,master,13,19797.0,225.0
219046,Black Hills State University,Public,Public,13,5,master,13,27500.0,313.0
183822,Bloomfield College of Montclair State University,"Private, nonprofit",Private Non-Profit,13,5,master,13,28660.0,326.0
142115,Boise State University,Public,Public,13,5,master,13,24705.0,281.0
189413,Boricua College,"Private, nonprofit",Private Non-Profit,13,5,master,13,13140.0,149.0
164924,Boston College,"Private, nonprofit",Private Non-Profit,13,5,master,13,29642.0,337.0
164988,Boston University,"Private, nonprofit",Private Non-Profit,13,5,master,13,28932.5,329.5
201441,Bowling Green State University-Main Campus,Public,Public,13,5,master,13,27942.0,317.5
139199,Brenau University,"Private, nonprofit",Private Non-Profit,13,5,master,13,37826.0,430.0
165024,Bridgewater State University,Public,Public,13,5,master,13,20500.0,233.0
217156,Brown University,"Private, nonprofit",Private Non-Profit,13,5,master,13,20500.0,233.0
153001,Buena Vista University,"Private, nonprofit",Private Non-Profit,13,5,master,13,31671.0,360.0
150163,Butler University,"Private, nonprofit",Private Non-Profit,13,5,master,13,35132.0,400.0
190512,CUNY Bernard M Baruch College,Public,Public,13,5,master,13,27858.0,317.0
190549,CUNY Brooklyn College,Public,Public,13,5,master,13,24807.0,282.0
190567,CUNY City College,Public,Public,13,5,master,13,22209.0,252.5
190594,CUNY Hunter College,Public,Public,13,5,master,13,25574.0,290.5
190637,CUNY Lehman College,Public,Public,13,5,master,13,25412.5,289.0
190664,CUNY Queens College,Public,Public,13,5,master,13,19313.0,219.5
211352,Cabrini University,"Private, nonprofit",Private Non-Profit,13,5,master,13,25307.0,288.0
110361,California Baptist University,"Private, nonprofit",Private Non-Profit,13,5,master,13,41000.0,466.0
110413,California Lutheran University,"Private, nonprofit",Private Non-Profit,13,5,master,13,26486.0,301.0
110529,California State Polytechnic University-Pomona,Public,Public,13,5,master,13,20407.0,232.0
110547,California State University-Dominguez Hills,Public,Public,13,5,master,13,20500.0,233.0
110574,California State University-East Bay,Public,Public,13,5,master,13,30954.0,352.0
110556,California State University-Fresno,Public,Public,13,5,master,13,20500.0,233.0
110556,California State University-Fresno,Public,Public,13,6,doctoral,13,55954.0,636.0
110565,California State University-Fullerton,Public,Public,13,5,master,13,25320.0,288.0
110565,California State University-Fullerton,Public,Public,13,6,doctoral,13,61302.0,697.0
110583,California State University-Long Beach,Public,Public,13,5,master,13,28000.0,319.0
110592,California State University-Los Angeles,Public,Public,13,5,master,13,30137.5,343.0
110592,California State University-Los Angeles,Public,Public,13,6,doctoral,13,80626.0,917.0
409698,California State University-Monterey Bay,Public,Public,13,5,master,13,15645.0,178.0
110608,California State University-Northridge,Public,Public,13,5,master,13,35516.0,404.0
110617,California State University-Sacramento,Public,Public,13,5,master,13,34021.0,387.0
110617,California State University-Sacramento,Public,Public,13,6,doctoral,13,64500.0,734.0
110510,California State University-San Bernardino,Public,Public,13,5,master,13,34166.0,389.0
110510,California State University-San Bernardino,Public,Public,13,6,doctoral,13,77272.0,879.0
366711,California State University-San Marcos,Public,Public,13,5,master,13,18018.0,205.0
110495,California State University-Stanislaus,Public,Public,13,5,master,13,21000.0,239.0
165167,Cambridge College,"Private, nonprofit",Private Non-Profit,13,5,master,13,20881.0,238.0
206914,Cameron University,Public,Public,13,5,master,13,18316.0,208.0
156365,Campbellsville University,"Private, nonprofit",Private Non-Profit,13,5,master,13,32100.0,365.0
189705,Canisius University,"Private, nonprofit",Private Non-Profit,13,5,master,13,37704.0,429.0
413413,Capella University,"Private, for-profit",Private For-Profit,13,5,master,13,36590.5,416.0
413413,Capella University,"Private, for-profit",Private For-Profit,13,6,doctoral,13,85260.5,970.0
201548,Capital University,"Private, nonprofit",Private Non-Profit,13,5,master,13,41000.0,466.0
238430,Cardinal Stritch University,"Private, nonprofit",Private Non-Profit,13,5,master,13,30946.0,352.0
241377,Caribbean University-Bayamon,"Private, nonprofit",Private Non-Profit,13,5,master,13,20000.0,228.0
241386,Caribbean University-Carolina,"Private, nonprofit",Private Non-Profit,13,5,master,13,20000.0,228.0
363907,Caribbean University-Ponce,"Private, nonprofit",Private Non-Profit,13,5,master,13,20000.0,228.0
363916,Caribbean University-Vega Baja,"Private, nonprofit",Private Non-Profit,13,5,master,13,20000.0,228.0
219806,Carson-Newman University,"Private, nonprofit",Private Non-Profit,13,5,master,13,24250.0,276.0
219806,Carson-Newman University,"Private, nonprofit",Private Non-Profit,13,6,doctoral,13,41000.0,466.0
128771,Central Connecticut State University,Public,Public,13,5,master,13,20500.0,233.0
445267,Central Methodist University-College of Graduate and Extended Studies,"Private, nonprofit",Private Non-Profit,13,5,master,13,34980.0,398.0
176947,Central Methodist University-College of Liberal Arts and Sciences,"Private, nonprofit",Private Non-Profit,13,5,master,13,34980.0,398.0
169248,Central Michigan University,Public,Public,13,5,master,13,28800.5,328.0
169248,Central Michigan University,Public,Public,13,6,doctoral,13,40464.0,460.0
234827,Central Washington University,Public,Public,13,5,master,13,32338.0,368.0
180948,Chadron State College,Public,Public,13,5,master,13,19192.0,218.5
230852,Champlain College,"Private, nonprofit",Private Non-Profit,13,5,master,13,36271.0,413.0
111948,Chapman University,"Private, nonprofit",Private Non-Profit,13,5,master,13,30300.0,345.0
211583,Chestnut Hill College,"Private, nonprofit",Private Non-Profit,13,5,master,13,41000.0,466.0
231712,Christopher Newport University,Public,Public,13,5,master,13,20500.0,233.0
217864,Citadel Military College of South Carolina,Public,Public,13,5,master,13,33550.0,382.0
234915,City University of Seattle,"Private, nonprofit",Private Non-Profit,13,5,master,13,39403.5,448.0
234915,City University of Seattle,"Private, nonprofit",Private Non-Profit,13,6,doctoral,13,76037.0,865.0
112251,Claremont Graduate University,"Private, nonprofit",Private Non-Profit,13,6,doctoral,13,98011.0,1115.0
190044,Clarkson University,"Private, nonprofit",Private Non-Profit,13,5,master,13,29256.0,333.0
217882,Clemson University,Public,Public,13,5,master,13,16128.5,183.5
217882,Clemson University,Public,Public,13,6,doctoral,13,32231.0,366.5
202134,Cleveland State University,Public,Public,13,5,master,13,32587.0,371.0
218724,Coastal Carolina University,Public,Public,13,5,master,13,30366.0,345.5
167394,College of Our Lady of the Elms,"Private, nonprofit",Private Non-Profit,13,5,master,13,38151.0,434.0
181604,College of Saint Mary,"Private, nonprofit",Private Non-Profit,13,5,master,13,41000.0,466.0
190558,College of Staten Island CUNY,Public,Public,13,5,master,13,20950.0,238.0
126669,Colorado Christian University,"Private, nonprofit",Private Non-Profit,13,5,master,13,31799.5,362.0
476975,Colorado State University Global,Public,Public,13,5,master,13,37938.0,432.0
126818,Colorado State University-Fort Collins,Public,Public,13,5,master,13,42872.0,488.0
126818,Colorado State University-Fort Collins,Public,Public,13,6,doctoral,13,48453.0,551.0
177065,Columbia College,"Private, nonprofit",Private Non-Profit,13,5,master,13,39652.0,451.0
217934,Columbia College,"Private, nonprofit",Private Non-Profit,13,5,master,13,19329.0,220.0
139366,Columbus State University,Public,Public,13,5,master,13,32518.5,370.0
139366,Columbus State University,Public,Public,13,6,doctoral,13,41229.5,469.0
498562,Commonwealth University of Pennsylvania,Public,Public,13,5,master,13,34054.0,387.0
169363,Concordia University Ann Arbor,"Private, nonprofit",Private Non-Profit,13,5,master,13,24113.0,274.0
224004,Concordia University Texas,"Private, nonprofit",Private Non-Profit,13,5,master,13,34366.0,391.0
144351,Concordia University-Chicago,"Private, nonprofit",Private Non-Profit,13,5,master,13,22899.0,260.0
144351,Concordia University-Chicago,"Private, nonprofit",Private Non-Profit,13,6,doctoral,13,49142.0,559.0
112075,Concordia University-Irvine,"Private, nonprofit",Private Non-Profit,13,5,master,13,23250.0,264.5
180984,Concordia University-Nebraska,"Private, nonprofit",Private Non-Profit,13,5,master,13,33532.0,381.5
173328,Concordia University-Saint Paul,"Private, nonprofit",Private Non-Profit,13,5,master,13,23000.0,262.0
238616,Concordia University-Wisconsin,"Private, nonprofit",Private Non-Profit,13,5,master,13,24113.0,274.0
217961,Converse University,"Private, nonprofit",Private Non-Profit,13,5,master,13,29412.5,334.5
170037,Cornerstone University,"Private, nonprofit",Private Non-Profit,13,5,master,13,19147.0,218.0
181002,Creighton University,"Private, nonprofit",Private Non-Profit,13,5,master,13,27920.0,318.0
181002,Creighton University,"Private, nonprofit",Private Non-Profit,13,6,doctoral,13,68437.0,778.0
219949,Cumberland University,"Private, nonprofit",Private Non-Profit,13,5,master,13,22190.0,252.5
165529,Curry College,"Private, nonprofit",Private Non-Profit,13,5,master,13,29500.0,336.0
224226,Dallas Baptist University,"Private, nonprofit",Private Non-Profit,13,5,master,13,41448.0,471.0
224226,Dallas Baptist University,"Private, nonprofit",Private Non-Profit,13,6,doctoral,13,72210.0,821.0
144740,DePaul University,"Private, nonprofit",Private Non-Profit,13,5,master,13,44784.0,509.0
175616,Delta State University,Public,Public,13,5,master,13,45234.5,514.5
181020,Doane University,"Private, nonprofit",Private Non-Profit,13,5,master,13,15270.0,174.0
190761,Dominican University New York,"Private, nonprofit",Private Non-Profit,13,5,master,13,35875.0,408.0
153269,Drake University,"Private, nonprofit",Private Non-Profit,13,5,master,13,27244.0,310.0
184348,Drew University,"Private, nonprofit",Private Non-Profit,13,5,master,13,20500.0,233.0
212054,Drexel University,"Private, nonprofit",Private Non-Profit,13,5,master,13,42732.0,486.0
212054,Drexel University,"Private, nonprofit",Private Non-Profit,13,6,doctoral,13,56561.0,643.0
177214,Drury University,"Private, nonprofit",Private Non-Profit,13,5,master,13,21855.0,249.0
212106,Duquesne University,"Private, nonprofit",Private Non-Profit,13,5,master,13,65872.0,749.0
198464,East Carolina University,Public,Public,13,5,master,13,29313.0,333.5
198464,East Carolina University,Public,Public,13,6,doctoral,13,46054.0,524.0
207041,East Central University,Public,Public,13,5,master,13,19874.0,226.0
212115,East Stroudsburg University of Pennsylvania,Public,Public,13,5,master,13,30750.0,350.0
220075,East Tennessee State University,Public,Public,13,5,master,13,28500.0,324.0
220075,East Tennessee State University,Public,Public,13,6,doctoral,13,61968.0,705.0
224554,East Texas A&M University,Public,Public,13,5,master,13,25922.0,295.0
224554,East Texas A&M University,Public,Public,13,6,doctoral,13,54433.0,619.0
129215,Eastern Connecticut State University,Public,Public,13,5,master,13,24000.0,273.0
144892,Eastern Illinois University,Public,Public,13,5,master,13,21696.0,247.0
156620,Eastern Kentucky University,Public,Public,13,5,master,13,33947.0,386.0
169798,Eastern Michigan University,Public,Public,13,5,master,13,42735.0,486.0
187648,Eastern New Mexico University-Main Campus,Public,Public,13,5,master,13,19761.0,225.0
208646,Eastern Oregon University,Public,Public,13,5,master,13,20500.0,233.0
212133,Eastern University,"Private, nonprofit",Private Non-Profit,13,5,master,13,19936.5,226.5
231970,Eastern Virginia Medical School,Public,Public,13,5,master,13,31248.0,355.0
235097,Eastern Washington University,Public,Public,13,5,master,13,29660.0,337.0
238661,Edgewood University,"Private, nonprofit",Private Non-Profit,13,5,master,13,31590.0,359.0
238661,Edgewood University,"Private, nonprofit",Private Non-Profit,13,6,doctoral,13,58153.0,661.0
165662,Emerson College,"Private, nonprofit",Private Non-Profit,13,5,master,13,41000.0,466.0
155025,Emporia State University,Public,Public,13,5,master,13,18680.5,212.5
409254,Erikson Institute,"Private, nonprofit",Private Non-Profit,13,5,master,13,29751.0,338.0
129242,Fairfield University,"Private, nonprofit",Private Non-Profit,13,5,master,13,28717.0,327.0
184694,Fairleigh Dickinson University-Florham Campus,"Private, nonprofit",Private Non-Profit,13,5,master,13,20500.0,233.0
184603,Fairleigh Dickinson University-Metropolitan Campus,"Private, nonprofit",Private Non-Profit,13,5,master,13,20500.0,233.0
237367,Fairmont State University,Public,Public,13,5,master,13,31328.0,356.0
101189,Faulkner University,"Private, nonprofit",Private Non-Profit,13,5,master,13,20071.0,228.0
198543,Fayetteville State University,Public,Public,13,5,master,13,36809.0,419.0
169910,Ferris State University,Public,Public,13,6,doctoral,13,56120.0,638.0
114549,Fielding Graduate University,"Private, nonprofit",Private Non-Profit,13,6,doctoral,13,107287.0,1220.0
165820,Fitchburg State University,Public,Public,13,5,master,13,19389.0,220.5
133669,Florida Atlantic University,Public,Public,13,5,master,13,30774.0,350.0
433660,Florida Gulf Coast University,Public,Public,13,5,master,13,39622.0,451.0
133951,Florida International University,Public,Public,13,5,master,13,30789.0,350.5
134079,Florida Southern College,"Private, nonprofit",Private Non-Profit,13,5,master,13,40306.0,458.0
134097,Florida State University,Public,Public,13,5,master,13,22780.0,259.0
134097,Florida State University,Public,Public,13,6,doctoral,13,68893.0,784.0
177418,Fontbonne University,"Private, nonprofit",Private Non-Profit,13,5,master,13,51209.0,583.0
191241,Fordham University,"Private, nonprofit",Private Non-Profit,13,5,master,13,26850.0,305.5
155061,Fort Hays State University,Public,Public,13,5,master,13,23803.0,271.0
220215,Freed-Hardeman University,"Private, nonprofit",Private Non-Profit,13,5,master,13,36497.0,415.0
155089,Friends University,"Private, nonprofit",Private Non-Profit,13,5,master,13,17075.0,194.0
162584,Frostburg State University,Public,Public,13,5,master,13,34611.5,393.5
134237,Full Sail University,"Private, for-profit",Private For-Profit,13,5,master,13,35077.0,399.0
212601,Gannon University,"Private, nonprofit",Private Non-Profit,13,5,master,13,14612.0,166.0
198561,Gardner-Webb University,"Private, nonprofit",Private Non-Profit,13,5,master,13,27871.0,317.0
198561,Gardner-Webb University,"Private, nonprofit",Private Non-Profit,13,6,doctoral,13,63227.0,719.0
212656,Geneva College,"Private, nonprofit",Private Non-Profit,13,5,master,13,16797.0,191.0
208822,George Fox University,"Private, nonprofit",Private Non-Profit,13,5,master,13,33555.0,382.0
232186,George Mason University,Public,Public,13,5,master,13,24097.5,274.5
232186,George Mason University,Public,Public,13,6,doctoral,13,60555.0,689.0
131469,George Washington University,"Private, nonprofit",Private Non-Profit,13,5,master,13,41000.0,466.0
131469,George Washington University,"Private, nonprofit",Private Non-Profit,13,6,doctoral,13,61345.0,698.0
156745,Georgetown College,"Private, nonprofit",Private Non-Profit,13,5,master,13,14155.0,161.0
131496,Georgetown University,"Private, nonprofit",Private Non-Profit,13,5,master,13,65500.0,745.0
139861,Georgia College & State University,Public,Public,13,5,master,13,27599.0,314.0
139931,Georgia Southern University,Public,Public,13,5,master,13,33312.0,379.0
139931,Georgia Southern University,Public,Public,13,6,doctoral,13,55423.0,630.0
139764,Georgia Southwestern State University,Public,Public,13,5,master,13,23532.0,268.0
139940,Georgia State University,Public,Public,13,5,master,13,41000.0,466.0
184773,Georgian Court University,"Private, nonprofit",Private Non-Profit,13,5,master,13,25770.0,293.0
230889,Goddard College,"Private, nonprofit",Private Non-Profit,13,5,master,13,30999.0,353.0
235316,Gonzaga University,"Private, nonprofit",Private Non-Profit,13,5,master,13,60309.5,686.0
153366,Graceland University-Lamoni,"Private, nonprofit",Private Non-Profit,13,5,master,13,16683.0,190.0
104717,Grand Canyon University,"Private, for-profit",Private For-Profit,13,5,master,13,22495.0,256.0
104717,Grand Canyon University,"Private, for-profit",Private For-Profit,13,6,doctoral,13,77350.5,880.0
170082,Grand Valley State University,Public,Public,13,5,master,13,27226.0,310.0
212832,Gwynedd Mercy University,"Private, nonprofit",Private Non-Profit,13,5,master,13,25662.5,292.0
212832,Gwynedd Mercy University,"Private, nonprofit",Private Non-Profit,13,6,doctoral,13,58750.0,668.0
173665,Hamline University,"Private, nonprofit",Private Non-Profit,13,5,master,13,23149.0,263.5
107044,Harding University,"Private, nonprofit",Private Non-Profit,13,5,master,13,30750.0,350.0
166027,Harvard University,"Private, nonprofit",Private Non-Profit,13,5,master,13,26267.5,298.5
166027,Harvard University,"Private, nonprofit",Private Non-Profit,13,6,doctoral,13,25465.0,290.0
107071,Henderson State University,Public,Public,13,5,master,13,25387.0,289.0
235422,Heritage University,"Private, nonprofit",Private Non-Profit,13,5,master,13,34477.0,392.0
191649,Hofstra University,"Private, nonprofit",Private Non-Profit,13,5,master,13,39214.0,446.0
212984,Holy Family University,"Private, nonprofit",Private Non-Profit,13,5,master,13,26008.0,296.0
120537,Hope International University,"Private, nonprofit",Private Non-Profit,13,5,master,13,28008.0,319.0
225399,Houston Christian University,"Private, nonprofit",Private Non-Profit,13,5,master,13,32948.5,375.0
115773,Humphreys University,"Private, nonprofit",Private Non-Profit,13,5,master,13,13668.0,155.0
145813,Illinois State University,Public,Public,13,5,master,13,15000.0,171.0
151324,Indiana State University,Public,Public,13,5,master,13,24305.0,276.5
151324,Indiana State University,Public,Public,13,6,doctoral,13,42966.0,489.0
213020,Indiana University of Pennsylvania,Public,Public,13,5,master,13,30750.0,349.5
151351,Indiana University-Bloomington,Public,Public,13,5,master,13,29500.0,336.0
151111,Indiana University-Indianapolis,Public,Public,13,5,master,13,40250.0,457.5
151801,Indiana Wesleyan University-Marion,"Private, nonprofit",Private Non-Profit,13,5,master,13,41000.0,466.0
488679,Indiana Wesleyan University-National & Global,"Private, nonprofit",Private Non-Profit,13,5,master,13,41000.0,466.0
242635,Inter American University of Puerto Rico-Arecibo,"Private, nonprofit",Private Non-Profit,13,5,master,13,14582.0,166.0
242653,Inter American University of Puerto Rico-Metro,"Private, nonprofit",Private Non-Profit,13,5,master,13,18819.0,214.0
153603,Iowa State University,Public,Public,13,5,master,13,20500.0,233.0
175856,Jackson State University,Public,Public,13,5,master,13,51250.0,583.0
175856,Jackson State University,Public,Public,13,6,doctoral,13,70935.0,807.0
101480,Jacksonville State University,Public,Public,13,5,master,13,31319.0,356.0
232423,James Madison University,Public,Public,13,5,master,13,20329.5,231.0
162928,Johns Hopkins University,"Private, nonprofit",Private Non-Profit,13,5,master,13,40706.0,463.0
162928,Johns Hopkins University,"Private, nonprofit",Private Non-Profit,13,6,doctoral,13,61515.0,700.0
217235,Johnson & Wales University-Providence,"Private, nonprofit",Private Non-Profit,13,5,master,13,39664.0,451.0
220473,Johnson University,"Private, nonprofit",Private Non-Profit,13,5,master,13,24107.0,274.0
155399,Kansas State University,Public,Public,13,5,master,13,24768.0,282.0
185262,Kean University,Public,Public,13,5,master,13,47464.0,540.0
135081,Keiser University-Ft Lauderdale,"Private, nonprofit",Private Non-Profit,13,5,master,13,56979.0,648.0
135081,Keiser University-Ft Lauderdale,"Private, nonprofit",Private Non-Profit,13,6,doctoral,13,102500.0,1166.0
486840,Kennesaw State University,Public,Public,13,5,master,13,33950.0,386.0
486840,Kennesaw State University,Public,Public,13,6,doctoral,13,61813.0,703.0
203517,Kent State University at Kent,Public,Public,13,5,master,13,28973.5,329.5
213349,Kutztown University of Pennsylvania,Public,Public,13,5,master,13,32516.5,370.0
213367,La Salle University,"Private, nonprofit",Private Non-Profit,13,5,master,13,12734.0,145.0
117627,La Sierra University,"Private, nonprofit",Private Non-Profit,13,5,master,13,41000.0,466.0
238980,Lakeland University,"Private, nonprofit",Private Non-Profit,13,5,master,13,43156.0,491.0
226091,Lamar University,Public,Public,13,5,master,13,20500.0,233.0
226091,Lamar University,Public,Public,13,6,doctoral,13,52728.0,600.0
192323,Le Moyne College,"Private, nonprofit",Private Non-Profit,13,5,master,13,25051.0,285.0
220613,Lee University,"Private, nonprofit",Private Non-Profit,13,5,master,13,35060.0,399.0
213543,Lehigh University,"Private, nonprofit",Private Non-Profit,13,5,master,13,12015.0,137.0
198835,Lenoir-Rhyne University,"Private, nonprofit",Private Non-Profit,13,5,master,13,20500.0,233.0
166452,Lesley University,"Private, nonprofit",Private Non-Profit,13,5,master,13,31857.5,362.5
166452,Lesley University,"Private, nonprofit",Private Non-Profit,13,6,doctoral,13,75166.0,855.0
209056,Lewis & Clark College,"Private, nonprofit",Private Non-Profit,13,5,master,13,41000.0,466.0
146612,Lewis University,"Private, nonprofit",Private Non-Profit,13,5,master,13,35791.0,407.0
232557,Liberty University,"Private, nonprofit",Private Non-Profit,13,5,master,13,34165.0,389.0
232557,Liberty University,"Private, nonprofit",Private Non-Profit,13,6,doctoral,13,55241.0,628.5
220631,Lincoln Memorial University,"Private, nonprofit",Private Non-Profit,13,5,master,13,23184.0,264.0
177968,Lindenwood University,"Private, nonprofit",Private Non-Profit,13,5,master,13,29158.0,332.0
177968,Lindenwood University,"Private, nonprofit",Private Non-Profit,13,6,doctoral,13,41914.0,477.0
219976,Lipscomb University,"Private, nonprofit",Private Non-Profit,13,5,master,13,25506.0,290.0
192448,Long Island University,"Private, nonprofit",Private Non-Profit,13,5,master,13,52224.0,594.0
192448,Long Island University,"Private, nonprofit",Private Non-Profit,13,6,doctoral,13,133144.0,1515.0
232566,Longwood University,Public,Public,13,5,master,13,24250.0,276.0
159568,Louisiana Christian University,"Private, nonprofit",Private Non-Profit,13,5,master,13,19387.0,220.5
159391,Louisiana State University and Agricultural & Mechanical College,Public,Public,13,5,master,13,34598.5,393.5
159647,Louisiana Tech University,Public,Public,13,5,master,13,29721.0,338.0
117946,Loyola Marymount University,"Private, nonprofit",Private Non-Profit,13,5,master,13,45754.5,520.5
117946,Loyola Marymount University,"Private, nonprofit",Private Non-Profit,13,6,doctoral,13,70420.0,801.0
146719,Loyola University Chicago,"Private, nonprofit",Private Non-Profit,13,5,master,13,40500.0,461.0
163046,Loyola University Maryland,"Private, nonprofit",Private Non-Profit,13,5,master,13,38175.0,434.0
226383,Lubbock Christian University,"Private, nonprofit",Private Non-Profit,13,5,master,13,32909.0,374.0
132657,Lynn University,"Private, nonprofit",Private Non-Profit,13,6,doctoral,13,45214.0,514.0
192703,Manhattan University,"Private, nonprofit",Private Non-Profit,13,5,master,13,25131.0,286.0
192749,Manhattanville University,"Private, nonprofit",Private Non-Profit,13,5,master,13,29882.0,340.0
192749,Manhattanville University,"Private, nonprofit",Private Non-Profit,13,6,doctoral,13,52208.0,594.0
151786,Marian University,"Private, nonprofit",Private Non-Profit,13,5,master,13,20500.0,233.0
239105,Marquette University,"Private, nonprofit",Private Non-Profit,13,5,master,13,20500.0,233.0
237525,Marshall University,Public,Public,13,5,master,13,34985.5,398.0
232672,Mary Baldwin University,"Private, nonprofit",Private Non-Profit,13,5,master,13,20605.0,234.0
163295,Maryland Institute College of Art,"Private, nonprofit",Private Non-Profit,13,5,master,13,44330.0,504.0
232706,Marymount University,"Private, nonprofit",Private Non-Profit,13,5,master,13,37779.0,430.0
178059,Maryville University of Saint Louis,"Private, nonprofit",Private Non-Profit,13,6,doctoral,13,52558.0,598.0
164270,McDaniel College,"Private, nonprofit",Private Non-Profit,13,5,master,13,51237.0,583.0
147013,McKendree University,"Private, nonprofit",Private Non-Profit,13,5,master,13,23858.5,271.5
140447,Mercer University,"Private, nonprofit",Private Non-Profit,13,5,master,13,41546.0,473.0
193016,Mercy University,"Private, nonprofit",Private Non-Profit,13,5,master,13,40980.0,466.0
213987,Mercyhurst University,"Private, nonprofit",Private Non-Profit,13,5,master,13,19542.0,222.0
166850,Merrimack College,"Private, nonprofit",Private Non-Profit,13,5,master,13,24731.0,281.0
190114,Metropolitan College of New York,"Private, nonprofit",Private Non-Profit,13,5,master,13,41000.0,466.0
127565,Metropolitan State University of Denver,Public,Public,13,5,master,13,28000.0,319.0
204024,Miami University-Oxford,Public,Public,13,5,master,13,20500.0,233.0
171100,Michigan State University,Public,Public,13,5,master,13,27450.0,312.0
155520,MidAmerica Nazarene University,"Private, nonprofit",Private Non-Profit,13,5,master,13,20250.0,230.0
220978,Middle Tennessee State University,Public,Public,13,5,master,13,31145.0,354.0
230959,Middlebury College,"Private, nonprofit",Private Non-Profit,13,5,master,13,66117.0,752.0
119058,Middlebury Institute of International Studies at Monterey,"Private, nonprofit",Private Non-Profit,13,5,master,13,66117.0,752.0
157377,Midway University,"Private, nonprofit",Private Non-Profit,13,5,master,13,10500.0,119.0
226833,Midwestern State University,Public,Public,13,5,master,13,28493.0,324.0
174358,Minnesota State University Moorhead,Public,Public,13,5,master,13,19828.0,225.5
173920,Minnesota State University-Mankato,Public,Public,13,5,master,13,21516.0,245.0
176053,Mississippi Christian University,"Private, nonprofit",Private Non-Profit,13,5,master,13,24368.0,277.0
176053,Mississippi Christian University,"Private, nonprofit",Private Non-Profit,13,6,doctoral,13,106738.0,1214.0
176080,Mississippi State University,Public,Public,13,5,master,13,33030.0,376.0
178244,Missouri Baptist University,"Private, nonprofit",Private Non-Profit,13,5,master,13,38644.5,439.5
178341,Missouri Southern State University,Public,Public,13,5,master,13,21805.0,248.0
179566,Missouri State University-Springfield,Public,Public,13,5,master,13,27971.5,318.5
193292,Molloy University,"Private, nonprofit",Private Non-Profit,13,5,master,13,33047.0,376.0
185572,Monmouth University,"Private, nonprofit",Private Non-Profit,13,5,master,13,44681.0,508.0
180461,Montana State University,Public,Public,13,5,master,13,18366.0,209.0
180179,Montana State University Billings,Public,Public,13,5,master,13,26757.5,304.0
185590,Montclair State University,Public,Public,13,5,master,13,28080.0,319.5
157386,Morehead State University,Public,Public,13,5,master,13,31484.0,358.0
163453,Morgan State University,Public,Public,13,5,master,13,41000.0,466.0
163453,Morgan State University,Public,Public,13,6,doctoral,13,96582.0,1099.0
154004,Morningside University,"Private, nonprofit",Private Non-Profit,13,5,master,13,6519.5,74.0
166939,Mount Holyoke College,"Private, nonprofit",Private Non-Profit,13,5,master,13,16594.0,189.0
119173,Mount Saint Mary's University,"Private, nonprofit",Private Non-Profit,13,5,master,13,45049.5,512.5
204200,Mount St. Joseph University,"Private, nonprofit",Private Non-Profit,13,5,master,13,36964.0,420.0
163462,Mount St. Mary's University,"Private, nonprofit",Private Non-Profit,13,5,master,13,31066.0,353.0
204194,Mount Vernon Nazarene University,"Private, nonprofit",Private Non-Profit,13,5,master,13,29334.0,334.0
157401,Murray State University,Public,Public,13,5,master,13,20093.0,229.0
242972,NUC University,"Private, for-profit",Private For-Profit,13,5,master,13,24805.0,282.0
147536,National Louis University,"Private, nonprofit",Private Non-Profit,13,5,master,13,28041.0,319.0
147536,National Louis University,"Private, nonprofit",Private Non-Profit,13,6,doctoral,13,67279.0,765.0
119605,National University,"Private, nonprofit",Private Non-Profit,13,5,master,13,29725.0,338.0
193584,Nazareth University,"Private, nonprofit",Private Non-Profit,13,5,master,13,33595.0,382.0
214272,Neumann University,"Private, nonprofit",Private Non-Profit,13,5,master,13,33995.0,387.0
185129,New Jersey City University,Public,Public,13,5,master,13,33271.0,378.0
187897,New Mexico Highlands University,Public,Public,13,5,master,13,27000.0,307.0
188030,New Mexico State University-Main Campus,Public,Public,13,5,master,13,28704.0,327.0
194091,New York Institute of Technology,"Private, nonprofit",Private Non-Profit,13,5,master,13,30791.0,350.0
193900,New York University,"Private, nonprofit",Private Non-Profit,13,5,master,13,67044.0,763.0
155335,Newman University,"Private, nonprofit",Private Non-Profit,13,5,master,13,16674.0,190.0
193973,Niagara University,"Private, nonprofit",Private Non-Profit,13,5,master,13,34325.0,390.0
159966,Nicholls State University,Public,Public,13,5,master,13,21680.5,246.5
232937,Norfolk State University,Public,Public,13,5,master,13,57919.0,659.0
199102,North Carolina A & T State University,Public,Public,13,5,master,13,38822.5,441.5
199157,North Carolina Central University,Public,Public,13,5,master,13,68357.5,778.0
199193,North Carolina State University at Raleigh,Public,Public,13,5,master,13,26099.0,297.0
199193,North Carolina State University at Raleigh,Public,Public,13,6,doctoral,13,80349.0,914.0
200332,North Dakota State University-Main Campus,Public,Public,13,5,master,13,28828.0,328.0
444130,Northcentral University,"Private, nonprofit",Private Non-Profit,13,5,master,13,36166.0,411.0
444130,Northcentral University,"Private, nonprofit",Private Non-Profit,13,6,doctoral,13,72765.0,828.0
147776,Northeastern Illinois University,Public,Public,13,5,master,13,20000.0,227.5
207263,Northeastern State University,Public,Public,13,5,master,13,27917.0,318.0
167358,Northeastern University,"Private, nonprofit",Private Non-Profit,13,5,master,13,30029.0,342.0
482705,Northeastern University Professional Programs,"Private, nonprofit",Private Non-Profit,13,5,master,13,30029.0,342.0
105330,Northern Arizona University,Public,Public,13,5,master,13,30806.0,350.5
105330,Northern Arizona University,Public,Public,13,6,doctoral,13,38000.0,432.0
147703,Northern Illinois University,Public,Public,13,5,master,13,27323.0,311.0
157447,Northern Kentucky University,Public,Public,13,5,master,13,24400.0,278.0
178624,Northwest Missouri State University,Public,Public,13,5,master,13,16128.5,183.5
142461,Northwest Nazarene University,"Private, nonprofit",Private Non-Profit,13,5,master,13,34167.0,389.0
236133,Northwest University,"Private, nonprofit",Private Non-Profit,13,5,master,13,20500.0,233.0
487603,Northwest University-Center for Online and Extended Education,"Private, nonprofit",Private Non-Profit,13,5,master,13,20500.0,233.0
154101,Northwestern College,"Private, nonprofit",Private Non-Profit,13,5,master,13,7198.5,82.0
160038,Northwestern State University of Louisiana,Public,Public,13,5,master,13,35500.0,404.0
147767,Northwestern University,"Private, nonprofit",Private Non-Profit,13,5,master,13,38432.0,437.5
204468,Notre Dame College,"Private, nonprofit",Private Non-Profit,13,5,master,13,50685.0,577.0
163578,Notre Dame of Maryland University,"Private, nonprofit",Private Non-Profit,13,5,master,13,20500.0,233.0
136215,Nova Southeastern University,"Private, nonprofit",Private Non-Profit,13,5,master,13,67693.0,770.0
136215,Nova Southeastern University,"Private, nonprofit",Private Non-Profit,13,6,doctoral,13,142473.0,1621.0
152099,Oakland City University,"Private, nonprofit",Private Non-Profit,13,6,doctoral,13,31243.0,355.0
171571,Oakland University,Public,Public,13,5,master,13,36989.0,421.0
171571,Oakland University,Public,Public,13,6,doctoral,13,37444.0,426.0
204617,Ohio Dominican University,"Private, nonprofit",Private Non-Profit,13,5,master,13,20570.0,234.0
204796,Ohio State University-Main Campus,Public,Public,13,5,master,13,23000.0,262.0
204796,Ohio State University-Main Campus,Public,Public,13,6,doctoral,13,49485.0,563.0
204857,Ohio University-Main Campus,Public,Public,13,5,master,13,25724.0,292.5
207388,Oklahoma State University-Main Campus,Public,Public,13,5,master,13,23777.0,270.0
232982,Old Dominion University,Public,Public,13,5,master,13,31248.0,355.0
232982,Old Dominion University,Public,Public,13,6,doctoral,13,55877.0,636.0
147828,Olivet Nazarene University,"Private, nonprofit",Private Non-Profit,13,5,master,13,15265.5,173.5
209542,Oregon State University,Public,Public,13,5,master,13,33134.0,377.0
440828,Oregon State University-Cascades Campus,Public,Public,13,5,master,13,33134.0,377.0
227331,Our Lady of the Lake University,"Private, nonprofit",Private Non-Profit,13,5,master,13,54666.0,622.0
194310,Pace University,"Private, nonprofit",Private Non-Profit,13,5,master,13,37301.0,424.0
236230,Pacific Lutheran University,"Private, nonprofit",Private Non-Profit,13,5,master,13,34896.0,397.0
120768,Pacific Oaks College,"Private, nonprofit",Private Non-Profit,13,5,master,13,55102.0,627.0
209612,Pacific University,"Private, nonprofit",Private Non-Profit,13,5,master,13,44429.0,505.0
136330,Palm Beach Atlantic University,"Private, nonprofit",Private Non-Profit,13,5,master,13,43318.0,493.0
178721,Park University,"Private, nonprofit",Private Non-Profit,13,5,master,13,25499.0,290.0
214777,Pennsylvania State University-Main Campus,Public,Public,13,5,master,13,30359.5,345.5
214713,Pennsylvania State University-Penn State Harrisburg,Public,Public,13,5,master,13,23151.0,263.0
214829,Pennsylvania State University-Penn State York,Public,Public,13,5,master,13,23151.0,263.0
479956,Pennsylvania State University-World Campus,Public,Public,13,5,master,13,29612.0,337.0
498571,Pennsylvania Western University,Public,Public,13,5,master,13,29578.0,336.0
121150,Pepperdine University,"Private, nonprofit",Private Non-Profit,13,5,master,13,51018.0,580.0
121150,Pepperdine University,"Private, nonprofit",Private Non-Profit,13,6,doctoral,13,107675.0,1225.0
181534,Peru State College,Public,Public,13,5,master,13,16234.0,185.0
140818,Piedmont University,"Private, nonprofit",Private Non-Profit,13,5,master,13,27560.0,313.5
155681,Pittsburg State University,Public,Public,13,5,master,13,24085.5,274.0
183080,Plymouth State University,Public,Public,13,5,master,13,23125.0,263.0
121309,Point Loma Nazarene University,"Private, nonprofit",Private Non-Profit,13,5,master,13,42498.5,483.5
215442,Point Park University,"Private, nonprofit",Private Non-Profit,13,6,doctoral,13,46356.0,527.0
209807,Portland State University,Public,Public,13,5,master,13,36943.0,420.5
130183,Post University,"Private, for-profit",Private For-Profit,13,5,master,13,40259.0,458.0
227526,Prairie View A & M University,Public,Public,13,5,master,13,36662.5,417.0
217402,Providence College,"Private, nonprofit",Private Non-Profit,13,5,master,13,27985.0,318.0
151102,Purdue University Fort Wayne,Public,Public,13,5,master,13,49043.0,558.0
489779,Purdue University Global,Public,Public,13,5,master,13,37774.0,430.0
490805,Purdue University Northwest,Public,Public,13,5,master,13,28188.0,321.0
243780,Purdue University-Main Campus,Public,Public,13,5,master,13,28580.5,325.0
199412,Queens University of Charlotte,"Private, nonprofit",Private Non-Profit,13,5,master,13,29487.0,335.0
130226,Quinnipiac University,"Private, nonprofit",Private Non-Profit,13,5,master,13,28176.0,320.5
233277,Radford University,Public,Public,13,5,master,13,23173.0,263.5
186201,Ramapo College of New Jersey,Public,Public,13,5,master,13,30750.0,350.0
231651,Regent University,"Private, nonprofit",Private Non-Profit,13,5,master,13,39541.5,450.0
231651,Regent University,"Private, nonprofit",Private Non-Profit,13,6,doctoral,13,62048.0,706.0
127918,Regis University,"Private, nonprofit",Private Non-Profit,13,5,master,13,30077.5,342.0
475033,Relay Graduate School of Education,"Private, nonprofit",Private Non-Profit,13,5,master,13,9348.0,106.0
217420,Rhode Island College,Public,Public,13,5,master,13,6000.0,68.0
186283,Rider University,"Private, nonprofit",Private Non-Profit,13,5,master,13,29430.0,334.5
183211,Rivier University,"Private, nonprofit",Private Non-Profit,13,5,master,13,40440.0,460.0
194958,Roberts Wesleyan University,"Private, nonprofit",Private Non-Profit,13,5,master,13,38826.0,441.5
148487,Roosevelt University,"Private, nonprofit",Private Non-Profit,13,5,master,13,30480.0,346.5
184782,Rowan University,Public,Public,13,5,master,13,26034.0,296.0
195128,Russell Sage College,"Private, nonprofit",Private Non-Profit,13,5,master,13,32500.0,369.5
195128,Russell Sage College,"Private, nonprofit",Private Non-Profit,13,6,doctoral,13,44276.0,504.0
186371,Rutgers University-Camden,Public,Public,13,5,master,13,25940.0,295.0
186380,Rutgers University-New Brunswick,Public,Public,13,5,master,13,30053.0,342.0
231068,SIT Graduate Institute,"Private, nonprofit",Private Non-Profit,13,5,master,13,38654.0,440.0
196121,SUNY Brockport,Public,Public,13,5,master,13,20983.0,239.0
196130,SUNY Buffalo State University,Public,Public,13,5,master,13,29545.0,336.0
196167,SUNY College at Geneseo,Public,Public,13,5,master,13,12408.0,141.0
196200,SUNY College at Potsdam,Public,Public,13,5,master,13,27849.0,317.0
196237,SUNY Old Westbury,Public,Public,13,5,master,13,20500.0,233.0
196185,SUNY Oneonta,Public,Public,13,5,master,13,17040.0,194.0
196158,SUNY at Fredonia,Public,Public,13,5,master,13,40767.0,464.0
172051,Saginaw Valley State University,Public,Public,13,5,master,13,28370.0,323.0
174783,Saint Cloud State University,Public,Public,13,5,master,13,22714.5,258.5
161518,Saint Joseph's College of Maine,"Private, nonprofit",Private Non-Profit,13,5,master,13,24459.0,278.0
215770,Saint Joseph's University - Philadelphia,"Private, nonprofit",Private Non-Profit,13,5,master,13,36310.5,413.0
137032,Saint Leo University,"Private, nonprofit",Private Non-Profit,13,5,master,13,51575.5,586.5
179159,Saint Louis University,"Private, nonprofit",Private Non-Profit,13,6,doctoral,13,61500.0,700.0
236452,Saint Martin's University,"Private, nonprofit",Private Non-Profit,13,5,master,13,50086.0,570.0
123554,Saint Mary's College of California,"Private, nonprofit",Private Non-Profit,13,5,master,13,53983.5,614.0
174817,Saint Mary's University of Minnesota,"Private, nonprofit",Private Non-Profit,13,5,master,13,20500.0,233.0
174817,Saint Mary's University of Minnesota,"Private, nonprofit",Private Non-Profit,13,6,doctoral,13,53760.0,612.0
231059,Saint Michael's College,"Private, nonprofit",Private Non-Profit,13,5,master,13,16199.0,184.0
186432,Saint Peter's University,"Private, nonprofit",Private Non-Profit,13,5,master,13,41000.0,466.0
148627,Saint Xavier University,"Private, nonprofit",Private Non-Profit,13,5,master,13,26653.5,303.0
199607,Salem College,"Private, nonprofit",Private Non-Profit,13,5,master,13,51305.0,584.0
167729,Salem State University,Public,Public,13,5,master,13,19649.0,224.0
237783,Salem University,"Private, for-profit",Private For-Profit,13,5,master,13,18090.0,206.0
227881,Sam Houston State University,Public,Public,13,5,master,13,37995.5,432.0
102049,Samford University,"Private, nonprofit",Private Non-Profit,13,5,master,13,31220.0,355.0
102049,Samford University,"Private, nonprofit",Private Non-Profit,13,6,doctoral,13,73798.0,839.0
122409,San Diego State University,Public,Public,13,5,master,13,24335.0,277.0
122409,San Diego State University,Public,Public,13,6,doctoral,13,44968.5,511.5
122597,San Francisco State University,Public,Public,13,5,master,13,24072.0,274.0
122597,San Francisco State University,Public,Public,13,6,doctoral,13,61250.0,697.0
122931,Santa Clara University,"Private, nonprofit",Private Non-Profit,13,5,master,13,32690.0,372.0
143048,School of the Art Institute of Chicago,"Private, nonprofit",Private Non-Profit,13,5,master,13,50834.0,578.0
228042,Schreiner University,"Private, nonprofit",Private Non-Profit,13,5,master,13,20500.0,233.0
236577,Seattle Pacific University,"Private, nonprofit",Private Non-Profit,13,5,master,13,48313.5,549.5
236595,Seattle University,"Private, nonprofit",Private Non-Profit,13,5,master,13,39556.0,450.0
186584,Seton Hall University,"Private, nonprofit",Private Non-Profit,13,5,master,13,44865.0,510.0
186584,Seton Hall University,"Private, nonprofit",Private Non-Profit,13,6,doctoral,13,53913.0,613.0
233541,Shenandoah University,"Private, nonprofit",Private Non-Profit,13,5,master,13,27108.0,308.0
216010,Shippensburg University of Pennsylvania,Public,Public,13,5,master,13,44715.0,509.0
172264,Siena Heights University,"Private, nonprofit",Private Non-Profit,13,5,master,13,53958.0,614.0
182458,Sierra Nevada University,"Private, nonprofit",Private Non-Profit,13,5,master,13,40381.0,459.5
167783,Simmons University,"Private, nonprofit",Private Non-Profit,13,5,master,13,36597.0,416.0
216038,Slippery Rock University of Pennsylvania,Public,Public,13,5,master,13,21250.0,242.0
123572,Sonoma State University,Public,Public,13,5,master,13,32570.0,370.0
218733,South Carolina State University,Public,Public,13,5,master,13,59950.0,682.0
179557,Southeast Missouri State University,Public,Public,13,5,master,13,17384.0,198.0
160612,Southeastern Louisiana University,Public,Public,13,5,master,13,27350.5,311.0
207847,Southeastern Oklahoma State University,Public,Public,13,5,master,13,17612.0,200.0
137564,Southeastern University,"Private, nonprofit",Private Non-Profit,13,5,master,13,28411.0,323.0
107983,Southern Arkansas University Main Campus,Public,Public,13,5,master,13,27843.5,316.5
130493,Southern Connecticut State University,Public,Public,13,5,master,13,29060.0,330.5
130493,Southern Connecticut State University,Public,Public,13,6,doctoral,13,48721.0,554.0
149231,Southern Illinois University Edwardsville,Public,Public,13,5,master,13,25608.0,291.0
149222,Southern Illinois University-Carbondale,Public,Public,13,5,master,13,37135.0,422.0
228246,Southern Methodist University,"Private, nonprofit",Private Non-Profit,13,5,master,13,24318.0,276.5
228246,Southern Methodist University,"Private, nonprofit",Private Non-Profit,13,6,doctoral,13,67969.0,773.0
206862,Southern Nazarene University,"Private, nonprofit",Private Non-Profit,13,5,master,13,29025.0,330.0
183026,Southern New Hampshire University,"Private, nonprofit",Private Non-Profit,13,5,master,13,31984.0,364.0
210146,Southern Oregon University,Public,Public,13,5,master,13,36832.5,418.5
230603,Southern Utah University,Public,Public,13,5,master,13,14798.0,168.0
217776,Southern Wesleyan University,"Private, nonprofit",Private Non-Profit,13,5,master,13,24995.5,284.5
179326,Southwest Baptist University,"Private, nonprofit",Private Non-Profit,13,5,master,13,17862.5,203.0
175078,Southwest Minnesota State University,Public,Public,13,5,master,13,17448.0,198.0
207865,Southwestern Oklahoma State University,Public,Public,13,5,master,13,18108.0,206.0
157757,Spalding University,"Private, nonprofit",Private Non-Profit,13,5,master,13,30366.0,345.0
172334,Spring Arbor University,"Private, nonprofit",Private Non-Profit,13,5,master,13,34216.0,389.0
167899,Springfield College,"Private, nonprofit",Private Non-Profit,13,5,master,13,28856.0,328.0
195164,St Bonaventure University,"Private, nonprofit",Private Non-Profit,13,5,master,13,41676.0,474.0
175005,St Catherine University,"Private, nonprofit",Private Non-Profit,13,5,master,13,27697.5,315.0
195720,St. John Fisher University,"Private, nonprofit",Private Non-Profit,13,5,master,13,46737.5,532.0
195809,St. John's University-New York,"Private, nonprofit",Private Non-Profit,13,5,master,13,38830.0,442.0
195809,St. John's University-New York,"Private, nonprofit",Private Non-Profit,13,6,doctoral,13,51307.0,584.0
195544,St. Joseph's University-New York,"Private, nonprofit",Private Non-Profit,13,5,master,13,31933.5,363.0
137476,St. Thomas University,"Private, nonprofit",Private Non-Profit,13,5,master,13,30750.0,350.0
137476,St. Thomas University,"Private, nonprofit",Private Non-Profit,13,6,doctoral,13,57357.0,652.0
243744,Stanford University,"Private, nonprofit",Private Non-Profit,13,5,master,13,32500.0,370.0
196149,State University of New York at Cortland,Public,Public,13,5,master,13,20500.0,233.0
196176,State University of New York at New Paltz,Public,Public,13,5,master,13,20500.0,233.0
196194,State University of New York at Oswego,Public,Public,13,5,master,13,24321.5,276.5
196246,State University of New York at Plattsburgh,Public,Public,13,5,master,13,36344.0,413.0
228431,Stephen F Austin State University,Public,Public,13,5,master,13,20500.0,233.0
179548,Stephens College,"Private, nonprofit",Private Non-Profit,13,5,master,13,32078.0,365.0
137546,Stetson University,"Private, nonprofit",Private Non-Profit,13,5,master,13,20500.0,233.0
196097,Stony Brook University,Public,Public,13,5,master,13,24529.5,279.0
450377,Strayer University-Alabama,"Private, for-profit",Private For-Profit,13,5,master,13,81000.0,921.0
458885,Strayer University-Arkansas,"Private, for-profit",Private For-Profit,13,5,master,13,81000.0,921.0
450298,Strayer University-Delaware,"Private, for-profit",Private For-Profit,13,5,master,13,81000.0,921.0
131803,Strayer University-District of Columbia,"Private, for-profit",Private For-Profit,13,5,master,13,81000.0,921.0
449038,Strayer University-Florida,"Private, for-profit",Private For-Profit,13,5,master,13,81000.0,921.0
458919,Strayer University-Georgia,"Private, for-profit",Private For-Profit,13,5,master,13,81000.0,921.0
459994,Strayer University-Global Region,"Private, for-profit",Private For-Profit,13,5,master,13,81000.0,921.0
430184,Strayer University-Maryland,"Private, for-profit",Private For-Profit,13,5,master,13,81000.0,921.0
458955,Strayer University-Mississippi,"Private, for-profit",Private For-Profit,13,5,master,13,81000.0,921.0
453215,Strayer University-New Jersey,"Private, for-profit",Private For-Profit,13,5,master,13,81000.0,921.0
453163,Strayer University-North Carolina,"Private, for-profit",Private For-Profit,13,5,master,13,81000.0,921.0
443784,Strayer University-Pennsylvania,"Private, for-profit",Private For-Profit,13,5,master,13,81000.0,921.0
458964,Strayer University-South Carolina,"Private, for-profit",Private For-Profit,13,5,master,13,81000.0,921.0
443766,Strayer University-Tennessee,"Private, for-profit",Private For-Profit,13,5,master,13,81000.0,921.0
458973,Strayer University-Texas,"Private, for-profit",Private For-Profit,13,5,master,13,81000.0,921.0
233684,Strayer University-Virginia,"Private, for-profit",Private For-Profit,13,5,master,13,81000.0,921.0
456621,Strayer University-West Virginia,"Private, for-profit",Private For-Profit,13,5,master,13,81000.0,921.0
228501,Sul Ross State University,Public,Public,13,5,master,13,14250.0,162.0
196413,Syracuse University,"Private, nonprofit",Private Non-Profit,13,5,master,13,50347.5,572.5
228529,Tarleton State University,Public,Public,13,5,master,13,27770.0,316.0
196468,Teachers College at Columbia University,"Private, nonprofit",Private Non-Profit,13,5,master,13,51232.0,582.5
196468,Teachers College at Columbia University,"Private, nonprofit",Private Non-Profit,13,6,doctoral,13,88816.0,1010.0
216339,Temple University,Public,Public,13,5,master,13,30750.0,350.0
221847,Tennessee Technological University,Public,Public,13,5,master,13,23143.0,263.0
226152,Texas A & M International University,Public,Public,13,5,master,13,19438.0,221.0
224147,Texas A & M University-Corpus Christi,Public,Public,13,5,master,13,30581.0,348.0
228723,Texas A&M University-College Station,Public,Public,13,5,master,13,25661.0,292.0
228723,Texas A&M University-College Station,Public,Public,13,6,doctoral,13,60030.0,683.0
228705,Texas A&M University-Kingsville,Public,Public,13,5,master,13,36554.0,416.0
459949,Texas A&M University-San Antonio,Public,Public,13,5,master,13,29092.0,331.0
225502,Texas A&M University-Victoria,Public,Public,13,5,master,13,26945.0,307.0
228875,Texas Christian University,"Private, nonprofit",Private Non-Profit,13,5,master,13,28831.0,328.0
228459,Texas State University,Public,Public,13,5,master,13,28400.0,323.0
228459,Texas State University,Public,Public,13,6,doctoral,13,44977.0,512.0
229115,Texas Tech University,Public,Public,13,5,master,13,30040.0,342.0
229115,Texas Tech University,Public,Public,13,6,doctoral,13,47372.0,539.0
229160,Texas Wesleyan University,"Private, nonprofit",Private Non-Profit,13,5,master,13,58083.0,661.0
229179,Texas Woman's University,Public,Public,13,5,master,13,31992.0,364.0
187134,The College of New Jersey,Public,Public,13,5,master,13,23360.0,266.0
195234,The College of Saint Rose,"Private, nonprofit",Private Non-Profit,13,5,master,13,30700.0,349.0
174899,The College of Saint Scholastica,"Private, nonprofit",Private Non-Profit,13,5,master,13,28271.0,322.0
100751,The University of Alabama,Public,Public,13,5,master,13,25625.0,291.5
100751,The University of Alabama,Public,Public,13,6,doctoral,13,73102.0,832.0
154022,The University of Arizona Global Campus,"Private, for-profit",Private For-Profit,13,5,master,13,38503.0,438.0
202763,The University of Findlay,"Private, nonprofit",Private Non-Profit,13,5,master,13,26297.0,299.0
180489,The University of Montana,Public,Public,13,5,master,13,40290.0,458.0
137847,The University of Tampa,"Private, nonprofit",Private Non-Profit,13,5,master,13,19529.0,222.0
221740,The University of Tennessee-Chattanooga,Public,Public,13,5,master,13,37675.0,429.0
221759,The University of Tennessee-Knoxville,Public,Public,13,5,master,13,19725.0,224.5
221759,The University of Tennessee-Knoxville,Public,Public,13,6,doctoral,13,61500.0,700.0
221768,The University of Tennessee-Martin,Public,Public,13,5,master,13,50489.0,574.5
229018,The University of Texas Permian Basin,Public,Public,13,5,master,13,17792.5,202.5
227368,The University of Texas Rio Grande Valley,Public,Public,13,5,master,13,17819.0,203.0
228769,The University of Texas at Arlington,Public,Public,13,5,master,13,20500.0,233.0
228778,The University of Texas at Austin,Public,Public,13,5,master,13,24000.0,273.0
228778,The University of Texas at Austin,Public,Public,13,6,doctoral,13,61343.0,697.5
228796,The University of Texas at El Paso,Public,Public,13,5,master,13,35694.5,406.0
229027,The University of Texas at San Antonio,Public,Public,13,5,master,13,34137.0,388.0
229027,The University of Texas at San Antonio,Public,Public,13,6,doctoral,13,76417.0,869.0
228802,The University of Texas at Tyler,Public,Public,13,5,master,13,18152.0,206.0
141167,Thomas University,"Private, nonprofit",Private Non-Profit,13,5,master,13,34167.0,389.0
206048,Tiffin University,"Private, nonprofit",Private Non-Profit,13,5,master,13,28000.0,319.0
196592,Touro University,"Private, nonprofit",Private Non-Profit,13,5,master,13,22416.0,255.0
459736,Touro University California,"Private, nonprofit",Private Non-Profit,13,5,master,13,16063.0,183.0
164076,Towson University,Public,Public,13,5,master,13,28000.0,319.0
221892,Trevecca Nazarene University,"Private, nonprofit",Private Non-Profit,13,5,master,13,26076.5,296.5
221892,Trevecca Nazarene University,"Private, nonprofit",Private Non-Profit,13,6,doctoral,13,65945.0,750.0
229267,Trinity University,"Private, nonprofit",Private Non-Profit,13,5,master,13,22639.0,258.0
131876,Trinity Washington University,"Private, nonprofit",Private Non-Profit,13,5,master,13,34167.0,389.0
102368,Troy University,Public,Public,13,5,master,13,35310.0,402.0
178615,Truman State University,Public,Public,13,5,master,13,18500.0,210.5
168148,Tufts University,"Private, nonprofit",Private Non-Profit,13,5,master,13,23912.0,272.0
221953,Tusculum University,"Private, nonprofit",Private Non-Profit,13,5,master,13,22403.0,255.0
157863,Union Commonwealth University,"Private, nonprofit",Private Non-Profit,13,5,master,13,14447.0,164.0
221971,Union University,"Private, nonprofit",Private Non-Profit,13,5,master,13,29537.0,336.0
221971,Union University,"Private, nonprofit",Private Non-Profit,13,6,doctoral,13,75008.0,853.0
241191,Universidad Adventista de las Antillas,"Private, nonprofit",Private Non-Profit,13,5,master,13,23500.0,267.0
241739,Universidad Ana G. Mendez-Cupey Campus,"Private, nonprofit",Private Non-Profit,13,5,master,13,33368.0,380.0
241739,Universidad Ana G. Mendez-Cupey Campus,"Private, nonprofit",Private Non-Profit,13,6,doctoral,13,40574.0,462.0
243601,Universidad Ana G. Mendez-Gurabo Campus,"Private, nonprofit",Private Non-Profit,13,5,master,13,41448.0,471.5
243601,Universidad Ana G. Mendez-Gurabo Campus,"Private, nonprofit",Private Non-Profit,13,6,doctoral,13,75186.0,855.0
196060,University at Albany,Public,Public,13,5,master,13,22744.0,259.0
196088,University at Buffalo,Public,Public,13,5,master,13,30750.0,350.0
200800,University of Akron Main Campus,Public,Public,13,5,master,13,42250.0,481.0
100663,University of Alabama at Birmingham,Public,Public,13,5,master,13,30750.0,350.0
102632,University of Alaska Southeast,Public,Public,13,5,master,13,25680.0,292.5
442930,University of Antelope Valley,"Private, for-profit",Private For-Profit,13,5,master,13,21105.0,240.0
104179,University of Arizona,Public,Public,13,5,master,13,26726.0,304.0
106397,University of Arkansas,Public,Public,13,5,master,13,27367.5,311.0
106245,University of Arkansas at Little Rock,Public,Public,13,5,master,13,33156.5,377.0
106485,University of Arkansas at Monticello,Public,Public,13,5,master,13,20500.0,233.0
128744,University of Bridgeport,"Private, nonprofit",Private Non-Profit,13,5,master,13,39339.5,447.5
110644,University of California-Davis,Public,Public,13,5,master,13,20500.0,233.0
110653,University of California-Irvine,Public,Public,13,5,master,13,30500.0,347.0
110662,University of California-Los Angeles,Public,Public,13,5,master,13,33087.0,376.0
110662,University of California-Los Angeles,Public,Public,13,6,doctoral,13,69704.5,792.5
110671,University of California-Riverside,Public,Public,13,5,master,13,25601.0,291.0
110680,University of California-San Diego,Public,Public,13,5,master,13,31045.0,353.0
110714,University of California-Santa Cruz,Public,Public,13,5,master,13,30726.0,350.0
106704,University of Central Arkansas,Public,Public,13,5,master,13,25067.5,285.5
132903,University of Central Florida,Public,Public,13,5,master,13,32298.5,367.0
176965,University of Central Missouri,Public,Public,13,5,master,13,24958.5,284.0
206941,University of Central Oklahoma,Public,Public,13,5,master,13,41000.0,466.0
144050,University of Chicago,"Private, nonprofit",Private Non-Profit,13,5,master,13,66107.0,752.0
201885,University of Cincinnati-Main Campus,Public,Public,13,5,master,13,33750.0,384.0
126580,University of Colorado Colorado Springs,Public,Public,13,5,master,13,36167.5,411.5
126562,University of Colorado Denver/Anschutz Medical Campus,Public,Public,13,5,master,13,31535.5,358.5
129020,University of Connecticut,Public,Public,13,5,master,13,29978.0,341.0
436827,University of Connecticut-Avery Point,Public,Public,13,5,master,13,29978.0,341.0
463056,University of Connecticut-Hartford Campus,Public,Public,13,5,master,13,29978.0,341.0
436836,University of Connecticut-Stamford,Public,Public,13,5,master,13,29978.0,341.0
436818,University of Connecticut-Waterbury Campus,Public,Public,13,5,master,13,29978.0,341.0
202480,University of Dayton,"Private, nonprofit",Private Non-Profit,13,5,master,13,23783.0,270.5
130943,University of Delaware,Public,Public,13,5,master,13,25685.0,292.0
127060,University of Denver,"Private, nonprofit",Private Non-Profit,13,5,master,13,40794.0,464.0
127060,University of Denver,"Private, nonprofit",Private Non-Profit,13,6,doctoral,13,74713.0,850.0
134130,University of Florida,Public,Public,13,5,master,13,29111.0,331.0
134130,University of Florida,Public,Public,13,6,doctoral,13,58031.5,660.0
139959,University of Georgia,Public,Public,13,5,master,13,32971.5,375.0
139959,University of Georgia,Public,Public,13,6,doctoral,13,67427.0,767.0
129525,University of Hartford,"Private, nonprofit",Private Non-Profit,13,5,master,13,26125.0,297.0
141565,University of Hawaii at Hilo,Public,Public,13,5,master,13,26760.0,304.0
141574,University of Hawaii at Manoa,Public,Public,13,5,master,13,28330.0,322.0
160065,University of Holy Cross,"Private, nonprofit",Private Non-Profit,13,5,master,13,41000.0,466.0
225511,University of Houston,Public,Public,13,5,master,13,28093.0,320.0
225511,University of Houston,Public,Public,13,6,doctoral,13,46405.0,528.0
225414,University of Houston-Clear Lake,Public,Public,13,5,master,13,24023.0,273.0
225432,University of Houston-Downtown,Public,Public,13,5,master,13,34792.0,396.0
142285,University of Idaho,Public,Public,13,5,master,13,33199.5,377.5
145600,University of Illinois Chicago,Public,Public,13,5,master,13,30481.5,346.5
145637,University of Illinois Urbana-Champaign,Public,Public,13,5,master,13,20641.0,235.0
153658,University of Iowa,Public,Public,13,5,master,13,19726.0,224.5
155317,University of Kansas,Public,Public,13,5,master,13,29867.0,340.0
155317,University of Kansas,Public,Public,13,6,doctoral,13,53406.0,608.0
157085,University of Kentucky,Public,Public,13,5,master,13,24500.0,278.5
160658,University of Louisiana at Lafayette,Public,Public,13,5,master,13,36400.0,414.0
160658,University of Louisiana at Lafayette,Public,Public,13,6,doctoral,13,61500.0,700.0
159993,University of Louisiana at Monroe,Public,Public,13,5,master,13,27969.0,318.0
157289,University of Louisville,Public,Public,13,5,master,13,26724.0,304.0
157289,University of Louisville,Public,Public,13,6,doctoral,13,31184.0,355.0
161253,University of Maine,Public,Public,13,5,master,13,33097.0,376.0
200217,University of Mary,"Private, nonprofit",Private Non-Profit,13,5,master,13,21938.0,250.0
226471,University of Mary Hardin-Baylor,"Private, nonprofit",Private Non-Profit,13,5,master,13,30150.0,343.0
226471,University of Mary Hardin-Baylor,"Private, nonprofit",Private Non-Profit,13,6,doctoral,13,68125.0,775.0
232681,University of Mary Washington,Public,Public,13,5,master,13,20500.0,233.0
163204,University of Maryland Global Campus,Public,Public,13,5,master,13,29856.5,339.5
163268,University of Maryland-Baltimore County,Public,Public,13,5,master,13,20500.0,233.0
163286,University of Maryland-College Park,Public,Public,13,5,master,13,29286.0,333.0
262086,University of Massachusetts Global,Public,Public,13,5,master,13,30444.0,346.0
166638,University of Massachusetts-Boston,Public,Public,13,5,master,13,31912.5,363.0
167987,University of Massachusetts-Dartmouth,Public,Public,13,5,master,13,17802.0,203.0
166513,University of Massachusetts-Lowell,Public,Public,13,5,master,13,20500.0,233.0
166513,University of Massachusetts-Lowell,Public,Public,13,6,doctoral,13,19765.0,225.0
220862,University of Memphis,Public,Public,13,5,master,13,37954.5,432.0
220862,University of Memphis,Public,Public,13,6,doctoral,13,63446.0,722.0
170976,University of Michigan-Ann Arbor,Public,Public,13,5,master,13,39291.0,447.0
171137,University of Michigan-Dearborn,Public,Public,13,5,master,13,25894.0,295.0
171146,University of Michigan-Flint,Public,Public,13,5,master,13,36373.5,414.0
174066,University of Minnesota-Twin Cities,Public,Public,13,5,master,13,27470.0,312.0
176017,University of Mississippi,Public,Public,13,5,master,13,25545.0,291.0
176017,University of Mississippi,Public,Public,13,6,doctoral,13,53957.0,614.0
178396,University of Missouri-Columbia,Public,Public,13,5,master,13,19535.0,222.5
178396,University of Missouri-Columbia,Public,Public,13,6,doctoral,13,31045.0,353.0
178402,University of Missouri-Kansas City,Public,Public,13,5,master,13,40000.0,455.0
178420,University of Missouri-St Louis,Public,Public,13,5,master,13,34013.5,386.5
178420,University of Missouri-St Louis,Public,Public,13,6,doctoral,13,46923.0,534.0
101709,University of Montevallo,Public,Public,13,5,master,13,46000.0,523.0
199069,University of Mount Olive,"Private, nonprofit",Private Non-Profit,13,5,master,13,29025.0,330.0
181215,University of Nebraska at Kearney,Public,Public,13,5,master,13,17210.0,196.0
181394,University of Nebraska at Omaha,Public,Public,13,5,master,13,21333.0,243.0
181464,University of Nebraska-Lincoln,Public,Public,13,5,master,13,21177.0,240.5
181464,University of Nebraska-Lincoln,Public,Public,13,6,doctoral,13,61714.0,702.0
182281,University of Nevada-Las Vegas,Public,Public,13,5,master,13,30875.0,351.0
182290,University of Nevada-Reno,Public,Public,13,5,master,13,30948.0,352.0
161457,University of New England,"Private, nonprofit",Private Non-Profit,13,5,master,13,18345.0,208.5
161457,University of New England,"Private, nonprofit",Private Non-Profit,13,6,doctoral,13,47436.0,540.0
183044,University of New Hampshire-Main Campus,Public,Public,13,5,master,13,20500.0,233.0
187985,University of New Mexico-Main Campus,Public,Public,13,5,master,13,25468.0,290.0
101879,University of North Alabama,Public,Public,13,5,master,13,21958.0,250.0
199218,University of North Carolina Wilmington,Public,Public,13,5,master,13,28227.0,321.0
199218,University of North Carolina Wilmington,Public,Public,13,6,doctoral,13,63635.0,724.0
199120,University of North Carolina at Chapel Hill,Public,Public,13,5,master,13,31460.0,358.0
199120,University of North Carolina at Chapel Hill,Public,Public,13,6,doctoral,13,81040.0,922.0
199139,University of North Carolina at Charlotte,Public,Public,13,5,master,13,27275.0,310.5
199148,University of North Carolina at Greensboro,Public,Public,13,5,master,13,28636.0,326.0
199281,University of North Carolina at Pembroke,Public,Public,13,5,master,13,39087.0,444.5
200280,University of North Dakota,Public,Public,13,5,master,13,24040.0,273.0
136172,University of North Florida,Public,Public,13,5,master,13,35269.5,401.5
482680,University of North Georgia,Public,Public,13,5,master,13,17310.0,197.0
227216,University of North Texas,Public,Public,13,5,master,13,27975.0,318.0
127741,University of Northern Colorado,Public,Public,13,5,master,13,33881.0,385.0
154095,University of Northern Iowa,Public,Public,13,5,master,13,29769.0,339.0
207500,University of Oklahoma-Norman Campus,Public,Public,13,5,master,13,27918.5,317.5
209551,University of Oregon,Public,Public,13,5,master,13,32341.5,368.0
215062,University of Pennsylvania,"Private, nonprofit",Private Non-Profit,13,5,master,13,55857.0,635.0
215062,University of Pennsylvania,"Private, nonprofit",Private Non-Profit,13,6,doctoral,13,158655.0,1805.0
484613,University of Phoenix-Arizona,"Private, for-profit",Private For-Profit,13,5,master,13,29567.5,336.5
484613,University of Phoenix-Arizona,"Private, for-profit",Private For-Profit,13,6,doctoral,13,77545.0,882.0
484631,University of Phoenix-California,"Private, for-profit",Private For-Profit,13,5,master,13,28793.0,327.5
157535,University of Pikeville,"Private, nonprofit",Private Non-Profit,13,5,master,13,4895.0,56.0
215293,University of Pittsburgh-Pittsburgh Campus,Public,Public,13,6,doctoral,13,61341.0,698.0
209825,University of Portland,"Private, nonprofit",Private Non-Profit,13,5,master,13,37405.0,425.0
236328,University of Puget Sound,"Private, nonprofit",Private Non-Profit,13,5,master,13,39792.0,453.0
121691,University of Redlands,"Private, nonprofit",Private Non-Profit,13,5,master,13,36062.5,410.0
217484,University of Rhode Island,Public,Public,13,5,master,13,31000.0,353.0
233374,University of Richmond,"Private, nonprofit",Private Non-Profit,13,5,master,13,29088.0,331.0
195030,University of Rochester,"Private, nonprofit",Private Non-Profit,13,5,master,13,40233.5,457.5
130314,University of Saint Joseph,"Private, nonprofit",Private Non-Profit,13,5,master,13,20062.0,228.0
122436,University of San Diego,"Private, nonprofit",Private Non-Profit,13,5,master,13,48852.5,556.0
122612,University of San Francisco,"Private, nonprofit",Private Non-Profit,13,5,master,13,35159.0,400.0
215929,University of Scranton,"Private, nonprofit",Private Non-Profit,13,5,master,13,33235.0,378.0
219383,University of Sioux Falls,"Private, nonprofit",Private Non-Profit,13,5,master,13,19571.5,222.5
102094,University of South Alabama,Public,Public,13,5,master,13,38667.0,440.0
218663,University of South Carolina-Columbia,Public,Public,13,5,master,13,32251.0,367.0
218663,University of South Carolina-Columbia,Public,Public,13,6,doctoral,13,55313.0,629.0
219471,University of South Dakota,Public,Public,13,5,master,13,17478.5,198.5
137351,University of South Florida,Public,Public,13,5,master,13,38013.5,432.0
137351,University of South Florida,Public,Public,13,6,doctoral,13,67058.0,763.0
123961,University of Southern California,"Private, nonprofit",Private Non-Profit,13,5,master,13,66499.0,756.0
123961,University of Southern California,"Private, nonprofit",Private Non-Profit,13,6,doctoral,13,99714.0,1134.0
161554,University of Southern Maine,Public,Public,13,5,master,13,31610.0,359.5
148584,University of St Francis,"Private, nonprofit",Private Non-Profit,13,5,master,13,19573.0,222.5
148584,University of St Francis,"Private, nonprofit",Private Non-Profit,13,6,doctoral,13,63582.0,723.0
227863,University of St Thomas,"Private, nonprofit",Private Non-Profit,13,5,master,13,37250.0,423.5
227863,University of St Thomas,"Private, nonprofit",Private Non-Profit,13,6,doctoral,13,71600.0,814.0
206084,University of Toledo,Public,Public,13,5,master,13,35725.5,406.0
230764,University of Utah,Public,Public,13,5,master,13,24214.0,275.5
230764,University of Utah,Public,Public,13,6,doctoral,13,44649.0,508.0
231174,University of Vermont,Public,Public,13,5,master,13,57109.0,650.0
234076,University of Virginia-Main Campus,Public,Public,13,5,master,13,28778.0,327.0
377555,University of Washington-Bothell Campus,Public,Public,13,5,master,13,29124.0,331.5
236948,University of Washington-Seattle Campus,Public,Public,13,5,master,13,29749.0,338.5
377564,University of Washington-Tacoma Campus,Public,Public,13,5,master,13,30990.0,353.0
101587,University of West Alabama,Public,Public,13,5,master,13,27333.5,311.0
138354,University of West Florida,Public,Public,13,5,master,13,26100.0,297.0
141334,University of West Georgia,Public,Public,13,5,master,13,23888.0,271.5
141334,University of West Georgia,Public,Public,13,6,doctoral,13,28125.0,320.0
240329,University of Wisconsin-La Crosse,Public,Public,13,5,master,13,25156.0,286.0
240444,University of Wisconsin-Madison,Public,Public,13,5,master,13,22000.0,250.0
240444,University of Wisconsin-Madison,Public,Public,13,6,doctoral,13,63482.0,722.0
240453,University of Wisconsin-Milwaukee,Public,Public,13,5,master,13,28500.0,324.0
240365,University of Wisconsin-Oshkosh,Public,Public,13,5,master,13,18432.0,210.0
240462,University of Wisconsin-Platteville,Public,Public,13,5,master,13,26911.0,306.0
240471,University of Wisconsin-River Falls,Public,Public,13,5,master,13,33647.5,383.0
240480,University of Wisconsin-Stevens Point,Public,Public,13,5,master,13,18208.0,207.0
240417,University of Wisconsin-Stout,Public,Public,13,5,master,13,24423.5,278.0
240426,University of Wisconsin-Superior,Public,Public,13,5,master,13,24895.0,283.0
240189,University of Wisconsin-Whitewater,Public,Public,13,5,master,13,32188.5,366.5
240727,University of Wyoming,Public,Public,13,5,master,13,36148.0,411.5
215105,University of the Arts,"Private, nonprofit",Private Non-Profit,13,5,master,13,29765.0,339.0
156541,University of the Cumberlands,"Private, nonprofit",Private Non-Profit,13,5,master,13,18536.0,211.0
156541,University of the Cumberlands,"Private, nonprofit",Private Non-Profit,13,6,doctoral,13,31421.0,357.0
120883,University of the Pacific,"Private, nonprofit",Private Non-Profit,13,5,master,13,31264.0,355.5
188182,University of the Southwest,"Private, nonprofit",Private Non-Profit,13,5,master,13,41000.0,466.0
154493,Upper Iowa University,"Private, nonprofit",Private Non-Profit,13,5,master,13,36911.0,420.0
230728,Utah State University,Public,Public,13,5,master,13,12000.0,137.0
141264,Valdosta State University,Public,Public,13,5,master,13,28461.0,324.0
200572,Valley City State University,Public,Public,13,5,master,13,14297.0,163.0
221999,Vanderbilt University,"Private, nonprofit",Private Non-Profit,13,5,master,13,35410.0,403.0
221999,Vanderbilt University,"Private, nonprofit",Private Non-Profit,13,6,doctoral,13,65875.0,749.0
216597,Villanova University,"Private, nonprofit",Private Non-Profit,13,5,master,13,30374.5,345.5
234030,Virginia Commonwealth University,Public,Public,13,5,master,13,25419.0,289.0
234030,Virginia Commonwealth University,Public,Public,13,6,doctoral,13,27834.0,317.0
233921,Virginia Polytechnic Institute and State University,Public,Public,13,5,master,13,24947.5,283.5
233921,Virginia Polytechnic Institute and State University,Public,Public,13,6,doctoral,13,61500.0,700.0
240107,Viterbo University,"Private, nonprofit",Private Non-Profit,13,5,master,13,16838.0,191.5
199847,Wake Forest University,"Private, nonprofit",Private Non-Profit,13,5,master,13,76591.0,871.0
125231,Walden University,"Private, for-profit",Private For-Profit,13,5,master,13,38929.0,443.0
125231,Walden University,"Private, for-profit",Private For-Profit,13,6,doctoral,13,129142.5,1469.0
206437,Walsh University,"Private, nonprofit",Private Non-Profit,13,5,master,13,27257.0,310.0
210304,Warner Pacific University,"Private, nonprofit",Private Non-Profit,13,5,master,13,36392.0,414.0
480198,Warner Pacific University Professional and Graduate Studies,"Private, nonprofit",Private Non-Profit,13,5,master,13,36392.0,414.0
138275,Warner University,"Private, nonprofit",Private Non-Profit,13,5,master,13,41000.0,466.0
236939,Washington State University,Public,Public,13,5,master,13,33619.5,382.0
229780,Wayland Baptist University,"Private, nonprofit",Private Non-Profit,13,5,master,13,35875.0,408.0
181783,Wayne State College,Public,Public,13,5,master,13,19051.0,217.0
172644,Wayne State University,Public,Public,13,5,master,13,41000.0,466.0
230782,Weber State University,Public,Public,13,5,master,13,20500.0,233.0
179894,Webster University,"Private, nonprofit",Private Non-Profit,13,5,master,13,19696.0,224.0
238032,West Virginia University,Public,Public,13,5,master,13,27000.5,307.0
200004,Western Carolina University,Public,Public,13,5,master,13,22137.0,252.0
128391,Western Colorado University,Public,Public,13,5,master,13,22000.0,250.0
130776,Western Connecticut State University,Public,Public,13,5,master,13,40519.0,461.0
433387,Western Governors University,"Private, nonprofit",Private Non-Profit,13,5,master,13,10318.0,117.0
149772,Western Illinois University,Public,Public,13,5,master,13,34698.0,395.0
157951,Western Kentucky University,Public,Public,13,5,master,13,25360.0,288.0
172699,Western Michigan University,Public,Public,13,5,master,13,31253.0,356.0
210429,Western Oregon University,Public,Public,13,5,master,13,37583.0,427.5
237011,Western Washington University,Public,Public,13,5,master,13,27499.0,313.0
230807,Westminster University,"Private, nonprofit",Private Non-Profit,13,5,master,13,34620.0,394.0
125763,Whittier College,"Private, nonprofit",Private Non-Profit,13,5,master,13,37098.0,422.0
237066,Whitworth University,"Private, nonprofit",Private Non-Profit,13,5,master,13,40822.5,464.0
156125,Wichita State University,Public,Public,13,5,master,13,35064.5,399.0
216852,Widener University,"Private, nonprofit",Private Non-Profit,13,6,doctoral,13,111345.0,1267.0
216931,Wilkes University,"Private, nonprofit",Private Non-Profit,13,5,master,13,16045.0,183.0
231624,William & Mary,Public,Public,13,5,master,13,31700.0,360.5
231624,William & Mary,Public,Public,13,6,doctoral,13,46388.0,528.0
176479,William Carey University,"Private, nonprofit",Private Non-Profit,13,6,doctoral,13,67194.0,764.0
122728,William Jessup University,"Private, nonprofit",Private Non-Profit,13,5,master,13,24667.0,281.0
187444,William Paterson University of New Jersey,Public,Public,13,5,master,13,27245.0,310.0
179964,William Woods University,"Private, nonprofit",Private Non-Profit,13,5,master,13,23063.0,262.0
179964,William Woods University,"Private, nonprofit",Private Non-Profit,13,6,doctoral,13,34498.0,392.0
131113,Wilmington University,"Private, nonprofit",Private Non-Profit,13,5,master,13,26813.5,305.0
131113,Wilmington University,"Private, nonprofit",Private Non-Profit,13,6,doctoral,13,56972.0,648.0
199962,Wingate University,"Private, nonprofit",Private Non-Profit,13,6,doctoral,13,36936.0,420.0
218964,Winthrop University,Public,Public,13,5,master,13,33997.0,387.0
206604,Wright State University-Main Campus,Public,Public,13,5,master,13,30250.0,344.0
206622,Xavier University,"Private, nonprofit",Private Non-Profit,13,5,master,13,31108.5,354.0
206695,Youngstown State University,Public,Public,13,5,master,13,34125.0,388.0
100654,Alabama A & M University,Public,Public,14,5,master,14,30750.0,350.0
104151,Arizona State University Campus Immersion,Public,Public,14,5,master,14,26051.0,296.0
483124,Arizona State University Digital Immersion,Public,Public,14,5,master,14,26476.0,301.0
196079,Binghamton University,Public,Public,14,5,master,14,20213.0,230.0
164988,Boston University,"Private, nonprofit",Private Non-Profit,14,5,master,14,49465.0,562.5
110422,California Polytechnic State University-San Luis Obispo,Public,Public,14,5,master,14,15564.0,177.0
110565,California State University-Fullerton,Public,Public,14,5,master,14,20500.0,233.0
110592,California State University-Los Angeles,Public,Public,14,5,master,14,24750.0,282.0
211440,Carnegie Mellon University,"Private, nonprofit",Private Non-Profit,14,5,master,14,61500.0,700.0
201645,Case Western Reserve University,"Private, nonprofit",Private Non-Profit,14,5,master,14,50224.0,571.0
217882,Clemson University,Public,Public,14,5,master,14,18862.0,215.0
126775,Colorado School of Mines,Public,Public,14,5,master,14,30500.0,347.0
190150,Columbia University in the City of New York,"Private, nonprofit",Private Non-Profit,14,5,master,14,56092.5,638.0
190415,Cornell University,"Private, nonprofit",Private Non-Profit,14,5,master,14,41152.5,468.0
133553,Embry-Riddle Aeronautical University-Daytona Beach,"Private, nonprofit",Private Non-Profit,14,5,master,14,34021.0,387.0
426314,Embry-Riddle Aeronautical University-Worldwide,"Private, nonprofit",Private Non-Profit,14,5,master,14,34021.0,387.0
133951,Florida International University,Public,Public,14,5,master,14,30496.5,347.0
232186,George Mason University,Public,Public,14,5,master,14,20500.0,233.0
131469,George Washington University,"Private, nonprofit",Private Non-Profit,14,5,master,14,37964.0,432.0
139755,Georgia Institute of Technology-Main Campus,Public,Public,14,5,master,14,23331.0,265.0
153603,Iowa State University,Public,Public,14,5,master,14,28012.0,318.5
162928,Johns Hopkins University,"Private, nonprofit",Private Non-Profit,14,5,master,14,21333.0,243.0
440031,Keck Graduate Institute,"Private, nonprofit",Private Non-Profit,14,5,master,14,66309.0,754.0
486840,Kennesaw State University,Public,Public,14,5,master,14,35556.0,404.0
166683,Massachusetts Institute of Technology,"Private, nonprofit",Private Non-Profit,14,5,master,14,44671.0,508.0
185828,New Jersey Institute of Technology,Public,Public,14,5,master,14,30017.5,341.5
199193,North Carolina State University at Raleigh,Public,Public,14,5,master,14,26860.0,306.0
147767,Northwestern University,"Private, nonprofit",Private Non-Profit,14,5,master,14,67268.0,765.0
230995,Norwich University,"Private, nonprofit",Private Non-Profit,14,5,master,14,54491.0,620.0
204857,Ohio University-Main Campus,Public,Public,14,5,master,14,25548.0,291.0
232982,Old Dominion University,Public,Public,14,5,master,14,20500.0,233.0
214777,Pennsylvania State University-Main Campus,Public,Public,14,5,master,14,36911.0,419.5
214607,Pennsylvania State University-Penn State Great Valley,Public,Public,14,5,master,14,36911.0,419.5
479956,Pennsylvania State University-World Campus,Public,Public,14,5,master,14,36911.0,419.5
209807,Portland State University,Public,Public,14,5,master,14,24428.0,278.0
227526,Prairie View A & M University,Public,Public,14,5,master,14,28716.0,327.0
243780,Purdue University-Main Campus,Public,Public,14,5,master,14,32946.0,375.0
243744,Stanford University,"Private, nonprofit",Private Non-Profit,14,5,master,14,37515.0,426.5
186867,Stevens Institute of Technology,"Private, nonprofit",Private Non-Profit,14,5,master,14,20500.0,233.0
196097,Stony Brook University,Public,Public,14,5,master,14,13759.0,157.0
228723,Texas A&M University-College Station,Public,Public,14,5,master,14,20500.0,233.0
221759,The University of Tennessee-Knoxville,Public,Public,14,5,master,14,31248.0,355.0
228769,The University of Texas at Arlington,Public,Public,14,5,master,14,24809.0,282.0
228778,The University of Texas at Austin,Public,Public,14,5,master,14,37194.0,423.0
228796,The University of Texas at El Paso,Public,Public,14,5,master,14,26718.0,304.0
100663,University of Alabama at Birmingham,Public,Public,14,5,master,14,34166.0,389.0
104179,University of Arizona,Public,Public,14,5,master,14,20500.0,233.0
110644,University of California-Davis,Public,Public,14,5,master,14,19591.0,223.0
110662,University of California-Los Angeles,Public,Public,14,5,master,14,20500.0,233.0
110671,University of California-Riverside,Public,Public,14,5,master,14,31250.0,355.0
110680,University of California-San Diego,Public,Public,14,5,master,14,34311.0,390.0
132903,University of Central Florida,Public,Public,14,5,master,14,23719.5,270.0
126614,University of Colorado Boulder,Public,Public,14,5,master,14,41000.0,466.0
134130,University of Florida,Public,Public,14,5,master,14,29640.0,337.0
145600,University of Illinois Chicago,Public,Public,14,5,master,14,31596.0,359.0
145637,University of Illinois Urbana-Champaign,Public,Public,14,5,master,14,26500.0,301.0
163204,University of Maryland Global Campus,Public,Public,14,5,master,14,29778.0,339.0
163286,University of Maryland-College Park,Public,Public,14,5,master,14,35500.0,404.0
170976,University of Michigan-Ann Arbor,Public,Public,14,5,master,14,29625.0,337.0
174066,University of Minnesota-Twin Cities,Public,Public,14,5,master,14,28000.0,319.0
152080,University of Notre Dame,"Private, nonprofit",Private Non-Profit,14,5,master,14,44331.0,504.0
209551,University of Oregon,Public,Public,14,5,master,14,31691.5,360.5
243197,University of Puerto Rico-Mayaguez,Public,Public,14,5,master,14,12625.0,144.0
195030,University of Rochester,"Private, nonprofit",Private Non-Profit,14,5,master,14,20500.0,233.0
123961,University of Southern California,"Private, nonprofit",Private Non-Profit,14,5,master,14,55288.0,629.0
234076,University of Virginia-Main Campus,Public,Public,14,5,master,14,37900.0,431.0
377555,University of Washington-Bothell Campus,Public,Public,14,5,master,14,47521.0,541.0
236948,University of Washington-Seattle Campus,Public,Public,14,5,master,14,32978.5,375.0
240444,University of Wisconsin-Madison,Public,Public,14,5,master,14,41000.0,466.0
240462,University of Wisconsin-Platteville,Public,Public,14,5,master,14,26008.0,296.0
233921,Virginia Polytechnic Institute and State University,Public,Public,14,5,master,14,19050.0,217.0
108232,Academy of Art University,"Private, for-profit",Private For-Profit,15,5,master,15,84794.0,965.0
449339,American Public University System,"Private, for-profit",Private For-Profit,15,5,master,15,31709.0,361.0
104151,Arizona State University Campus Immersion,Public,Public,15,5,master,15,30789.0,350.0
483124,Arizona State University Digital Immersion,Public,Public,15,5,master,15,33848.0,385.0
164748,Berklee College of Music,"Private, nonprofit",Private Non-Profit,15,5,master,15,27000.0,307.0
169248,Central Michigan University,Public,Public,15,5,master,15,34724.0,395.0
190044,Clarkson University,"Private, nonprofit",Private Non-Profit,15,5,master,15,14100.0,160.0
126775,Colorado School of Mines,Public,Public,15,5,master,15,23150.0,263.0
450933,Columbia Southern University,"Private, for-profit",Private For-Profit,15,5,master,15,32386.0,368.0
198419,Duke University,"Private, nonprofit",Private Non-Profit,15,5,master,15,42568.0,484.0
133553,Embry-Riddle Aeronautical University-Daytona Beach,"Private, nonprofit",Private Non-Profit,15,5,master,15,41000.0,466.0
426314,Embry-Riddle Aeronautical University-Worldwide,"Private, nonprofit",Private Non-Profit,15,5,master,15,41000.0,466.0
133951,Florida International University,Public,Public,15,5,master,15,36455.0,415.0
131469,George Washington University,"Private, nonprofit",Private Non-Profit,15,5,master,15,40193.0,457.0
131469,George Washington University,"Private, nonprofit",Private Non-Profit,15,6,doctoral,15,58963.0,671.0
213020,Indiana University of Pennsylvania,Public,Public,15,5,master,15,23047.0,262.0
119605,National University,"Private, nonprofit",Private Non-Profit,15,5,master,15,31734.0,361.0
185828,New Jersey Institute of Technology,Public,Public,15,5,master,15,26760.0,304.0
243780,Purdue University-Main Campus,Public,Public,15,5,master,15,35080.0,399.0
228723,Texas A&M University-College Station,Public,Public,15,5,master,15,35181.0,400.0
168148,Tufts University,"Private, nonprofit",Private Non-Profit,15,5,master,15,33270.0,378.0
106397,University of Arkansas,Public,Public,15,5,master,15,23250.0,264.0
132903,University of Central Florida,Public,Public,15,5,master,15,24014.0,273.0
157289,University of Louisville,Public,Public,15,5,master,15,20500.0,233.0
131450,Gallaudet University,"Private, nonprofit",Private Non-Profit,16,5,master,16,29470.0,335.0
230959,Middlebury College,"Private, nonprofit",Private Non-Profit,16,5,master,16,47466.5,540.0
119058,Middlebury Institute of International Studies at Monterey,"Private, nonprofit",Private Non-Profit,16,5,master,16,76938.0,875.0
166638,University of Massachusetts-Boston,Public,Public,16,5,master,16,20500.0,233.0
127741,University of Northern Colorado,Public,Public,16,5,master,16,27599.0,314.0
131159,American University,"Private, nonprofit",Private Non-Profit,19,5,master,19,51250.0,583.0
100690,Amridge University,"Private, nonprofit",Private Non-Profit,19,5,master,19,51250.0,583.0
104151,Arizona State University Campus Immersion,Public,Public,19,5,master,19,35340.0,402.0
483124,Arizona State University Digital Immersion,Public,Public,19,5,master,19,35340.0,402.0
106458,Arkansas State University,Public,Public,19,5,master,19,34737.0,395.0
145619,Benedictine University,"Private, nonprofit",Private Non-Profit,19,5,master,19,40312.0,459.0
164988,Boston University,"Private, nonprofit",Private Non-Profit,19,5,master,19,28235.0,321.0
190594,CUNY Hunter College,Public,Public,19,5,master,19,33795.0,384.0
110547,California State University-Dominguez Hills,Public,Public,19,5,master,19,42926.0,488.0
413413,Capella University,"Private, for-profit",Private For-Profit,19,5,master,19,46012.0,523.0
201645,Case Western Reserve University,"Private, nonprofit",Private Non-Profit,19,5,master,19,70658.0,804.0
169248,Central Michigan University,Public,Public,19,5,master,19,16080.0,183.0
173328,Concordia University-Saint Paul,"Private, nonprofit",Private Non-Profit,19,5,master,19,35090.0,399.0
144892,Eastern Illinois University,Public,Public,19,5,master,19,19043.0,217.0
409254,Erikson Institute,"Private, nonprofit",Private Non-Profit,19,5,master,19,53462.0,608.0
213020,Indiana University of Pennsylvania,Public,Public,19,5,master,19,31856.0,362.0
155399,Kansas State University,Public,Public,19,5,master,19,24630.0,280.0
198950,Meredith College,"Private, nonprofit",Private Non-Profit,19,5,master,19,34200.0,389.0
147536,National Louis University,"Private, nonprofit",Private Non-Profit,19,5,master,19,35566.0,405.0
188030,New Mexico State University-Main Campus,Public,Public,19,5,master,19,22208.0,253.0
193900,New York University,"Private, nonprofit",Private Non-Profit,19,5,master,19,77472.0,881.0
199157,North Carolina Central University,Public,Public,19,5,master,19,64318.0,732.0
147703,Northern Illinois University,Public,Public,19,5,master,19,32500.0,370.0
136215,Nova Southeastern University,"Private, nonprofit",Private Non-Profit,19,5,master,19,51250.0,583.0
207388,Oklahoma State University-Main Campus,Public,Public,19,5,master,19,20873.0,237.0
120768,Pacific Oaks College,"Private, nonprofit",Private Non-Profit,19,5,master,19,51250.0,583.0
227526,Prairie View A & M University,Public,Public,19,5,master,19,45896.0,522.0
140951,Savannah College of Art and Design,"Private, nonprofit",Private Non-Profit,19,5,master,19,56138.0,639.0
167783,Simmons University,"Private, nonprofit",Private Non-Profit,19,5,master,19,41000.0,466.0
228431,Stephen F Austin State University,Public,Public,19,5,master,19,28825.0,328.0
228459,Texas State University,Public,Public,19,5,master,19,35716.0,406.0
229115,Texas Tech University,Public,Public,19,5,master,19,25643.0,292.0
229179,Texas Woman's University,Public,Public,19,5,master,19,28692.0,326.0
100751,The University of Alabama,Public,Public,19,5,master,19,29627.0,337.0
221759,The University of Tennessee-Knoxville,Public,Public,19,5,master,19,16430.0,187.0
168148,Tufts University,"Private, nonprofit",Private Non-Profit,19,5,master,19,35246.0,401.0
128744,University of Bridgeport,"Private, nonprofit",Private Non-Profit,19,5,master,19,38270.0,435.0
106704,University of Central Arkansas,Public,Public,19,5,master,19,24186.0,275.0
206941,University of Central Oklahoma,Public,Public,19,5,master,19,29000.0,330.0
181464,University of Nebraska-Lincoln,Public,Public,19,5,master,19,31568.0,359.0
161457,University of New England,"Private, nonprofit",Private Non-Profit,19,5,master,19,28210.0,321.0
484613,University of Phoenix-Arizona,"Private, for-profit",Private For-Profit,19,5,master,19,41000.0,466.0
156125,Wichita State University,Public,Public,19,5,master,19,26375.0,300.0
188535,Albany Law School,"Private, nonprofit",Private Non-Profit,22,6,doctoral,22,93800.0,1067.0
449339,American Public University System,"Private, for-profit",Private For-Profit,22,5,master,22,42053.0,478.0
131159,American University,"Private, nonprofit",Private Non-Profit,22,5,master,22,65926.0,750.0
104151,Arizona State University Campus Immersion,Public,Public,22,5,master,22,50278.0,572.0
104151,Arizona State University Campus Immersion,Public,Public,22,6,doctoral,22,100564.0,1144.0
483124,Arizona State University Digital Immersion,Public,Public,22,5,master,22,53770.0,612.0
223232,Baylor University,"Private, nonprofit",Private Non-Profit,22,6,doctoral,22,172756.0,1965.0
219709,Belmont University,"Private, nonprofit",Private Non-Profit,22,6,doctoral,22,101152.0,1151.0
164988,Boston University,"Private, nonprofit",Private Non-Profit,22,5,master,22,61150.0,696.0
190415,Cornell University,"Private, nonprofit",Private Non-Profit,22,6,doctoral,22,162160.0,1845.0
461023,Crestpoint University,"Private, for-profit",Private For-Profit,22,5,master,22,41000.0,466.0
212054,Drexel University,"Private, nonprofit",Private Non-Profit,22,5,master,22,51250.0,583.0
198419,Duke University,"Private, nonprofit",Private Non-Profit,22,6,doctoral,22,158000.0,1797.0
139658,Emory University,"Private, nonprofit",Private Non-Profit,22,5,master,22,66876.0,761.0
114123,Empire College,"Private, for-profit",Private For-Profit,22,5,master,22,46750.0,532.0
133951,Florida International University,Public,Public,22,6,doctoral,22,90411.0,1028.0
134097,Florida State University,Public,Public,22,5,master,22,45588.0,519.0
191241,Fordham University,"Private, nonprofit",Private Non-Profit,22,5,master,22,66433.0,755.5
131469,George Washington University,"Private, nonprofit",Private Non-Profit,22,5,master,22,62013.5,705.0
131496,Georgetown University,"Private, nonprofit",Private Non-Profit,22,5,master,22,97008.0,1103.0
115083,Golden Gate University,"Private, nonprofit",Private Non-Profit,22,5,master,22,95568.0,1087.0
191649,Hofstra University,"Private, nonprofit",Private Non-Profit,22,5,master,22,76913.0,875.0
209056,Lewis & Clark College,"Private, nonprofit",Private Non-Profit,22,6,doctoral,22,149506.0,1701.0
232557,Liberty University,"Private, nonprofit",Private Non-Profit,22,5,master,22,29384.0,334.0
117946,Loyola Marymount University,"Private, nonprofit",Private Non-Profit,22,5,master,22,69224.5,787.5
146719,Loyola University Chicago,"Private, nonprofit",Private Non-Profit,22,5,master,22,58186.0,662.0
159656,Loyola University New Orleans,"Private, nonprofit",Private Non-Profit,22,6,doctoral,22,151551.0,1724.0
369002,Massachusetts School of Law,"Private, nonprofit",Private Non-Profit,22,5,master,22,92200.0,1049.0
369002,Massachusetts School of Law,"Private, nonprofit",Private Non-Profit,22,6,doctoral,22,80384.0,914.0
140447,Mercer University,"Private, nonprofit",Private Non-Profit,22,6,doctoral,22,124216.0,1413.0
193900,New York University,"Private, nonprofit",Private Non-Profit,22,5,master,22,96845.0,1102.0
147767,Northwestern University,"Private, nonprofit",Private Non-Profit,22,5,master,22,61372.0,698.0
136215,Nova Southeastern University,"Private, nonprofit",Private Non-Profit,22,5,master,22,54664.0,622.0
121150,Pepperdine University,"Private, nonprofit",Private Non-Profit,22,5,master,22,107520.0,1223.0
121150,Pepperdine University,"Private, nonprofit",Private Non-Profit,22,6,doctoral,22,154886.0,1762.0
489779,Purdue University Global,Public,Public,22,5,master,22,55014.0,626.0
231651,Regent University,"Private, nonprofit",Private Non-Profit,22,5,master,22,43375.0,493.0
186380,Rutgers University-New Brunswick,Public,Public,22,6,doctoral,22,71218.0,810.0
102049,Samford University,"Private, nonprofit",Private Non-Profit,22,6,doctoral,22,108958.0,1239.0
186584,Seton Hall University,"Private, nonprofit",Private Non-Profit,22,5,master,22,47995.0,546.0
228246,Southern Methodist University,"Private, nonprofit",Private Non-Profit,22,5,master,22,60100.0,684.0
195809,St. John's University-New York,"Private, nonprofit",Private Non-Profit,22,5,master,22,60379.0,687.0
228149,St. Mary's University,"Private, nonprofit",Private Non-Profit,22,5,master,22,41000.0,466.0
137476,St. Thomas University,"Private, nonprofit",Private Non-Profit,22,6,doctoral,22,166022.0,1889.0
164173,Stevenson University,"Private, nonprofit",Private Non-Profit,22,5,master,22,41000.0,466.0
168005,Suffolk University,"Private, nonprofit",Private Non-Profit,22,6,doctoral,22,113386.0,1290.0
216339,Temple University,Public,Public,22,5,master,22,49688.0,565.0
228723,Texas A&M University-College Station,Public,Public,22,5,master,22,40260.0,458.0
125037,The Colleges of Law at Ventura,"Private, nonprofit",Private Non-Profit,22,5,master,22,14490.0,165.0
100751,The University of Alabama,Public,Public,22,5,master,22,45195.0,514.0
149514,Trinity International University-Illinois,"Private, nonprofit",Private Non-Profit,22,5,master,22,44545.0,507.0
123448,Trinity Law School,"Private, nonprofit",Private Non-Profit,22,5,master,22,44545.0,507.0
160755,Tulane University of Louisiana,"Private, nonprofit",Private Non-Profit,22,5,master,22,34319.0,390.0
134130,University of Florida,Public,Public,22,5,master,22,37402.0,425.0
145600,University of Illinois Chicago,Public,Public,22,5,master,22,113247.0,1288.0
145600,University of Illinois Chicago,Public,Public,22,6,doctoral,22,153993.0,1752.0
145637,University of Illinois Urbana-Champaign,Public,Public,22,6,doctoral,22,77159.0,878.0
163259,"University of Maryland, Baltimore",Public,Public,22,5,master,22,42646.0,485.0
167987,University of Massachusetts-Dartmouth,Public,Public,22,6,doctoral,22,123227.0,1402.0
183044,University of New Hampshire-Main Campus,Public,Public,22,6,doctoral,22,61500.0,700.0
187985,University of New Mexico-Main Campus,Public,Public,22,6,doctoral,22,91267.0,1038.0
207500,University of Oklahoma-Norman Campus,Public,Public,22,5,master,22,41000.0,466.0
207500,University of Oklahoma-Norman Campus,Public,Public,22,6,doctoral,22,69800.0,794.0
243221,University of Puerto Rico-Rio Piedras,Public,Public,22,5,master,22,50500.0,574.0
122436,University of San Diego,"Private, nonprofit",Private Non-Profit,22,5,master,22,135168.0,1538.0
122612,University of San Francisco,"Private, nonprofit",Private Non-Profit,22,6,doctoral,22,182582.0,2077.0
123961,University of Southern California,"Private, nonprofit",Private Non-Profit,22,5,master,22,66790.0,760.0
207971,University of Tulsa,"Private, nonprofit",Private Non-Profit,22,5,master,22,50960.0,580.0
236948,University of Washington-Seattle Campus,Public,Public,22,5,master,22,45899.0,522.0
120883,University of the Pacific,"Private, nonprofit",Private Non-Profit,22,5,master,22,41000.0,466.0
231147,Vermont Law and Graduate School,"Private, nonprofit",Private Non-Profit,22,5,master,22,48348.0,550.0
199847,Wake Forest University,"Private, nonprofit",Private Non-Profit,22,5,master,22,49426.0,562.0
179867,Washington University in St Louis,"Private, nonprofit",Private Non-Profit,22,5,master,22,57235.0,651.0
168254,Western New England University,"Private, nonprofit",Private Non-Profit,22,6,doctoral,22,97835.0,1113.0
130794,Yale University,"Private, nonprofit",Private Non-Profit,22,6,doctoral,22,140977.0,1604.0
197708,Yeshiva University,"Private, nonprofit",Private Non-Profit,22,5,master,22,58754.0,668.5
245892,Antioch University,"Private, nonprofit",Private Non-Profit,23,5,master,23,44312.0,504.0
245838,Antioch University-Los Angeles,"Private, nonprofit",Private Non-Profit,23,5,master,23,44312.0,504.0
245847,Antioch University-Santa Barbara,"Private, nonprofit",Private Non-Profit,23,5,master,23,44312.0,504.0
104151,Arizona State University Campus Immersion,Public,Public,23,5,master,23,34898.0,397.0
483124,Arizona State University Digital Immersion,Public,Public,23,5,master,23,34898.0,397.0
173045,Augsburg University,"Private, nonprofit",Private Non-Profit,23,5,master,23,47834.0,544.0
230816,Bennington College,"Private, nonprofit",Private Non-Profit,23,5,master,23,38838.0,442.0
164924,Boston College,"Private, nonprofit",Private Non-Profit,23,5,master,23,40346.0,459.0
201441,Bowling Green State University-Main Campus,Public,Public,23,5,master,23,23588.0,268.0
111081,California Institute of the Arts,"Private, nonprofit",Private Non-Profit,23,5,master,23,61000.0,694.0
110529,California State Polytechnic University-Pomona,Public,Public,23,5,master,23,32100.0,365.0
110565,California State University-Fullerton,Public,Public,23,5,master,23,22672.0,258.0
110583,California State University-Long Beach,Public,Public,23,5,master,23,25197.0,287.0
110608,California State University-Northridge,Public,Public,23,5,master,23,29084.0,331.0
211440,Carnegie Mellon University,"Private, nonprofit",Private Non-Profit,23,5,master,23,29204.0,332.0
211556,Chatham University,"Private, nonprofit",Private Non-Profit,23,5,master,23,37450.0,426.0
144281,Columbia College Chicago,"Private, nonprofit",Private Non-Profit,23,5,master,23,48604.0,553.0
190150,Columbia University in the City of New York,"Private, nonprofit",Private Non-Profit,23,5,master,23,88235.0,1004.0
144740,DePaul University,"Private, nonprofit",Private Non-Profit,23,5,master,23,34166.0,389.0
165662,Emerson College,"Private, nonprofit",Private Non-Profit,23,5,master,23,61500.0,700.0
129242,Fairfield University,"Private, nonprofit",Private Non-Profit,23,5,master,23,28105.0,320.0
184694,Fairleigh Dickinson University-Florham Campus,"Private, nonprofit",Private Non-Profit,23,5,master,23,37523.0,427.0
184603,Fairleigh Dickinson University-Metropolitan Campus,"Private, nonprofit",Private Non-Profit,23,5,master,23,37523.0,427.0
134097,Florida State University,Public,Public,23,6,doctoral,23,50647.0,576.0
134237,Full Sail University,"Private, for-profit",Private For-Profit,23,5,master,23,35077.0,399.0
232186,George Mason University,Public,Public,23,5,master,23,38780.5,441.0
139940,Georgia State University,Public,Public,23,6,doctoral,23,78016.0,887.0
230889,Goddard College,"Private, nonprofit",Private Non-Profit,23,5,master,23,51250.0,583.0
173665,Hamline University,"Private, nonprofit",Private Non-Profit,23,5,master,23,45218.0,514.0
213020,Indiana University of Pennsylvania,Public,Public,23,6,doctoral,23,57997.0,660.0
162928,Johns Hopkins University,"Private, nonprofit",Private Non-Profit,23,5,master,23,33763.0,384.0
166452,Lesley University,"Private, nonprofit",Private Non-Profit,23,5,master,23,41000.0,466.0
232557,Liberty University,"Private, nonprofit",Private Non-Profit,23,5,master,23,37332.0,425.0
177968,Lindenwood University,"Private, nonprofit",Private Non-Profit,23,5,master,23,38036.0,433.0
193016,Mercy University,"Private, nonprofit",Private Non-Profit,23,5,master,23,41000.0,466.0
230959,Middlebury College,"Private, nonprofit",Private Non-Profit,23,5,master,23,16042.0,182.0
119605,National University,"Private, nonprofit",Private Non-Profit,23,5,master,23,36588.0,416.5
193900,New York University,"Private, nonprofit",Private Non-Profit,23,5,master,23,44551.0,507.0
199193,North Carolina State University at Raleigh,Public,Public,23,5,master,23,35629.0,405.0
105330,Northern Arizona University,Public,Public,23,5,master,23,30366.0,345.0
230995,Norwich University,"Private, nonprofit",Private Non-Profit,23,5,master,23,41000.0,466.0
204857,Ohio University-Main Campus,Public,Public,23,5,master,23,20500.0,233.0
209612,Pacific University,"Private, nonprofit",Private Non-Profit,23,5,master,23,57621.0,655.0
209807,Portland State University,Public,Public,23,5,master,23,41000.0,466.0
199412,Queens University of Charlotte,"Private, nonprofit",Private Non-Profit,23,5,master,23,45073.0,513.0
186371,Rutgers University-Camden,Public,Public,23,5,master,23,32500.0,370.0
186380,Rutgers University-New Brunswick,Public,Public,23,5,master,23,32500.0,370.0
186399,Rutgers University-Newark,Public,Public,23,5,master,23,32500.0,370.0
122409,San Diego State University,Public,Public,23,5,master,23,47128.0,536.0
122597,San Francisco State University,Public,Public,23,5,master,23,35054.0,399.0
195304,Sarah Lawrence College,"Private, nonprofit",Private Non-Profit,23,5,master,23,41000.0,466.0
143048,School of the Art Institute of Chicago,"Private, nonprofit",Private Non-Profit,23,5,master,23,62718.0,713.0
182458,Sierra Nevada University,"Private, nonprofit",Private Non-Profit,23,5,master,23,51250.0,583.0
183026,Southern New Hampshire University,"Private, nonprofit",Private Non-Profit,23,5,master,23,45100.0,513.0
157757,Spalding University,"Private, nonprofit",Private Non-Profit,23,5,master,23,51250.0,583.0
228459,Texas State University,Public,Public,23,5,master,23,31917.0,363.0
193654,The New School,"Private, nonprofit",Private Non-Profit,23,5,master,23,41000.0,466.0
228796,The University of Texas at El Paso,Public,Public,23,5,master,23,37705.0,429.0
228802,The University of Texas at Tyler,Public,Public,23,5,master,23,29378.0,334.0
110671,University of California-Riverside,Public,Public,23,5,master,23,48635.0,553.0
127060,University of Denver,"Private, nonprofit",Private Non-Profit,23,5,master,23,50797.0,578.0
159939,University of New Orleans,Public,Public,23,5,master,23,41812.0,476.0
122612,University of San Francisco,"Private, nonprofit",Private Non-Profit,23,5,master,23,51250.0,583.0
161554,University of Southern Maine,Public,Public,23,5,master,23,41000.0,466.0
216931,Wilkes University,"Private, nonprofit",Private Non-Profit,23,5,master,23,36000.0,410.0
449339,American Public University System,"Private, for-profit",Private For-Profit,24,5,master,24,44003.0,501.0
104151,Arizona State University Campus Immersion,Public,Public,24,5,master,24,53262.0,606.0
483124,Arizona State University Digital Immersion,Public,Public,24,5,master,24,53262.0,606.0
100830,Auburn University at Montgomery,Public,Public,24,5,master,24,43504.0,495.0
190576,CUNY Graduate School and University Center,Public,Public,24,5,master,24,21000.0,239.0
110608,California State University-Northridge,Public,Public,24,5,master,24,41000.0,466.0
144740,DePaul University,"Private, nonprofit",Private Non-Profit,24,5,master,24,74928.0,852.0
155061,Fort Hays State University,Public,Public,24,5,master,24,24600.0,280.0
166027,Harvard University,"Private, nonprofit",Private Non-Profit,24,5,master,24,25780.0,293.0
162928,Johns Hopkins University,"Private, nonprofit",Private Non-Profit,24,5,master,24,37801.0,430.0
220978,Middle Tennessee State University,Public,Public,24,5,master,24,37889.0,431.0
193900,New York University,"Private, nonprofit",Private Non-Profit,24,5,master,24,81615.0,928.0
115746,Pacifica Graduate Institute,"Private, for-profit",Private For-Profit,24,6,doctoral,24,190629.0,2168.0
196097,Stony Brook University,Public,Public,24,5,master,24,19633.0,223.0
221847,Tennessee Technological University,Public,Public,24,5,master,24,24660.0,281.0
228787,The University of Texas at Dallas,Public,Public,24,5,master,24,24495.0,279.0
206048,Tiffin University,"Private, nonprofit",Private Non-Profit,24,5,master,24,29058.0,331.0
206279,Union Institute & University,"Private, nonprofit",Private Non-Profit,24,5,master,24,51250.0,583.0
144050,University of Chicago,"Private, nonprofit",Private Non-Profit,24,5,master,24,64299.0,731.0
220862,University of Memphis,Public,Public,24,5,master,24,41964.0,477.0
199148,University of North Carolina at Greensboro,Public,Public,24,5,master,24,25775.0,293.0
207500,University of Oklahoma-Norman Campus,Public,Public,24,5,master,24,41000.0,466.0
227863,University of St Thomas,"Private, nonprofit",Private Non-Profit,24,5,master,24,41000.0,466.0
216597,Villanova University,"Private, nonprofit",Private Non-Profit,24,5,master,24,33244.0,378.0
190664,CUNY Queens College,Public,Public,25,5,master,25,17509.0,199.0
148496,Dominican University,"Private, nonprofit",Private Non-Profit,25,5,master,25,37998.0,432.0
212054,Drexel University,"Private, nonprofit",Private Non-Profit,25,5,master,25,41000.0,466.0
198464,East Carolina University,Public,Public,25,5,master,25,30750.0,350.0
224554,East Texas A&M University,Public,Public,25,5,master,25,23622.0,269.0
155025,Emporia State University,Public,Public,25,5,master,25,29298.0,333.0
151351,Indiana University-Bloomington,Public,Public,25,5,master,25,41000.0,466.0
151111,Indiana University-Indianapolis,Public,Public,25,5,master,25,29119.0,331.0
203517,Kent State University at Kent,Public,Public,25,5,master,25,31561.0,359.0
192448,Long Island University,"Private, nonprofit",Private Non-Profit,25,5,master,25,36750.0,418.0
159391,Louisiana State University and Agricultural & Mechanical College,Public,Public,25,5,master,25,38374.0,437.0
220978,Middle Tennessee State University,Public,Public,25,5,master,25,30750.0,350.0
199157,North Carolina Central University,Public,Public,25,5,master,25,40625.0,462.0
207263,Northeastern State University,Public,Public,25,5,master,25,28772.0,327.0
194578,Pratt Institute-Main,"Private, nonprofit",Private Non-Profit,25,5,master,25,68617.0,781.0
186380,Rutgers University-New Brunswick,Public,Public,25,5,master,25,40975.0,466.0
227881,Sam Houston State University,Public,Public,25,5,master,25,35345.0,402.0
167783,Simmons University,"Private, nonprofit",Private Non-Profit,25,5,master,25,41000.0,466.0
175005,St Catherine University,"Private, nonprofit",Private Non-Profit,25,5,master,25,33885.0,385.0
195809,St. John's University-New York,"Private, nonprofit",Private Non-Profit,25,5,master,25,48486.0,552.0
196413,Syracuse University,"Private, nonprofit",Private Non-Profit,25,5,master,25,53304.0,606.0
229179,Texas Woman's University,Public,Public,25,5,master,25,32685.0,372.0
100751,The University of Alabama,Public,Public,25,5,master,25,28937.0,329.0
221759,The University of Tennessee-Knoxville,Public,Public,25,5,master,25,35963.0,409.0
196088,University at Buffalo,Public,Public,25,5,master,25,25755.0,293.0
104179,University of Arizona,Public,Public,25,5,master,25,37500.0,427.0
110662,University of California-Los Angeles,Public,Public,25,5,master,25,56259.0,640.0
106704,University of Central Arkansas,Public,Public,25,5,master,25,18060.0,205.0
176965,University of Central Missouri,Public,Public,25,5,master,25,28571.0,325.0
126562,University of Colorado Denver/Anschutz Medical Campus,Public,Public,25,5,master,25,46436.0,528.0
127060,University of Denver,"Private, nonprofit",Private Non-Profit,25,5,master,25,57905.0,659.0
141574,University of Hawaii at Manoa,Public,Public,25,5,master,25,32270.0,367.0
225414,University of Houston-Clear Lake,Public,Public,25,5,master,25,20018.0,228.0
145637,University of Illinois Urbana-Champaign,Public,Public,25,5,master,25,38712.0,440.0
153658,University of Iowa,Public,Public,25,5,master,25,42965.0,489.0
157085,University of Kentucky,Public,Public,25,5,master,25,24435.0,278.0
163286,University of Maryland-College Park,Public,Public,25,5,master,25,30750.0,350.0
178396,University of Missouri-Columbia,Public,Public,25,5,master,25,26155.0,298.0
199120,University of North Carolina at Chapel Hill,Public,Public,25,5,master,25,42364.0,482.0
199148,University of North Carolina at Greensboro,Public,Public,25,5,master,25,29184.0,332.0
227216,University of North Texas,Public,Public,25,5,master,25,31360.0,357.0
207500,University of Oklahoma-Norman Campus,Public,Public,25,5,master,25,22732.0,259.0
215293,University of Pittsburgh-Pittsburgh Campus,Public,Public,25,5,master,25,39463.0,449.0
217484,University of Rhode Island,Public,Public,25,5,master,25,30750.0,350.0
218663,University of South Carolina-Columbia,Public,Public,25,5,master,25,38620.0,439.0
137351,University of South Florida,Public,Public,25,5,master,25,34910.0,397.0
123961,University of Southern California,"Private, nonprofit",Private Non-Profit,25,5,master,25,83905.0,954.0
176372,University of Southern Mississippi,Public,Public,25,5,master,25,37968.0,432.0
236948,University of Washington-Seattle Campus,Public,Public,25,5,master,25,52575.0,598.0
240444,University of Wisconsin-Madison,Public,Public,25,5,master,25,33938.0,386.0
240453,University of Wisconsin-Milwaukee,Public,Public,25,5,master,25,35477.0,404.0
141264,Valdosta State University,Public,Public,25,5,master,25,31554.0,359.0
172644,Wayne State University,Public,Public,25,5,master,25,38546.0,438.0
157951,Western Kentucky University,Public,Public,25,5,master,25,17684.0,201.0
100654,Alabama A & M University,Public,Public,26,5,master,26,44791.0,510.0
197869,Appalachian State University,Public,Public,26,5,master,26,24336.0,277.0
211088,Arcadia University,"Private, nonprofit",Private Non-Profit,26,5,master,26,41000.0,466.0
104151,Arizona State University Campus Immersion,Public,Public,26,5,master,26,36155.5,411.0
483124,Arizona State University Digital Immersion,Public,Public,26,5,master,26,36155.5,411.0
100858,Auburn University,Public,Public,26,5,master,26,26225.0,298.0
109785,Azusa Pacific University,"Private, nonprofit",Private Non-Profit,26,5,master,26,54616.0,621.0
132471,Barry University,"Private, nonprofit",Private Non-Profit,26,5,master,26,63284.0,720.0
145619,Benedictine University,"Private, nonprofit",Private Non-Profit,26,5,master,26,46217.0,526.0
231554,Bluefield University,"Private, nonprofit",Private Non-Profit,26,5,master,26,39000.0,444.0
164988,Boston University,"Private, nonprofit",Private Non-Profit,26,5,master,26,59608.0,678.0
441937,California State University-Channel Islands,Public,Public,26,5,master,26,30861.0,351.0
198136,Campbell University,"Private, nonprofit",Private Non-Profit,26,5,master,26,92402.0,1051.0
189705,Canisius University,"Private, nonprofit",Private Non-Profit,26,5,master,26,38072.0,433.0
201645,Case Western Reserve University,"Private, nonprofit",Private Non-Profit,26,5,master,26,90486.0,1029.0
128771,Central Connecticut State University,Public,Public,26,5,master,26,30750.0,350.0
111966,Charles R Drew University of Medicine and Science,"Private, nonprofit",Private Non-Profit,26,5,master,26,60356.0,687.0
211556,Chatham University,"Private, nonprofit",Private Non-Profit,26,5,master,26,41271.0,469.0
217882,Clemson University,Public,Public,26,5,master,26,19929.0,227.0
218724,Coastal Carolina University,Public,Public,26,5,master,26,30750.0,350.0
126818,Colorado State University-Fort Collins,Public,Public,26,5,master,26,31057.0,353.0
190150,Columbia University in the City of New York,"Private, nonprofit",Private Non-Profit,26,5,master,26,65871.5,749.5
212054,Drexel University,"Private, nonprofit",Private Non-Profit,26,5,master,26,54821.0,624.0
198419,Duke University,"Private, nonprofit",Private Non-Profit,26,5,master,26,65507.0,745.0
224554,East Texas A&M University,Public,Public,26,5,master,26,25561.0,291.0
144892,Eastern Illinois University,Public,Public,26,5,master,26,27714.0,315.0
139658,Emory University,"Private, nonprofit",Private Non-Profit,26,5,master,26,66000.0,751.0
133669,Florida Atlantic University,Public,Public,26,5,master,26,25503.0,290.0
134097,Florida State University,Public,Public,26,5,master,26,30750.0,350.0
456542,Geisinger Commonwealth School of Medicine,"Private, nonprofit",Private Non-Profit,26,5,master,26,67017.0,762.0
131469,George Washington University,"Private, nonprofit",Private Non-Profit,26,5,master,26,60944.5,693.5
131496,Georgetown University,"Private, nonprofit",Private Non-Profit,26,5,master,26,74779.5,851.0
139940,Georgia State University,Public,Public,26,5,master,26,34050.0,387.0
170082,Grand Valley State University,Public,Public,26,5,master,26,26133.0,297.0
166027,Harvard University,"Private, nonprofit",Private Non-Profit,26,5,master,26,63553.0,723.0
151111,Indiana University-Indianapolis,Public,Public,26,5,master,26,19957.5,227.0
242705,Inter American University of Puerto Rico-Bayamon,"Private, nonprofit",Private Non-Profit,26,5,master,26,17000.0,193.0
153603,Iowa State University,Public,Public,26,5,master,26,22505.0,256.0
162928,Johns Hopkins University,"Private, nonprofit",Private Non-Profit,26,5,master,26,50233.0,571.0
179812,Kansas City University,"Private, nonprofit",Private Non-Profit,26,5,master,26,55396.0,630.0
232557,Liberty University,"Private, nonprofit",Private Non-Profit,26,5,master,26,27333.0,311.0
220631,Lincoln Memorial University,"Private, nonprofit",Private Non-Profit,26,5,master,26,51690.0,588.0
219976,Lipscomb University,"Private, nonprofit",Private Non-Profit,26,5,master,26,32238.0,367.0
192448,Long Island University,"Private, nonprofit",Private Non-Profit,26,5,master,26,51231.5,582.5
146719,Loyola University Chicago,"Private, nonprofit",Private Non-Profit,26,5,master,26,52097.0,593.0
151786,Marian University,"Private, nonprofit",Private Non-Profit,26,5,master,26,54666.0,622.0
140447,Mercer University,"Private, nonprofit",Private Non-Profit,26,5,master,26,38702.0,440.0
204024,Miami University-Oxford,Public,Public,26,5,master,26,19876.0,226.0
171100,Michigan State University,Public,Public,26,5,master,26,40900.0,465.0
220978,Middle Tennessee State University,Public,Public,26,5,master,26,24000.0,273.0
143853,Midwestern University-Downers Grove,"Private, nonprofit",Private Non-Profit,26,5,master,26,66963.0,762.0
423643,Midwestern University-Glendale,"Private, nonprofit",Private Non-Profit,26,5,master,26,66963.0,762.0
176053,Mississippi Christian University,"Private, nonprofit",Private Non-Profit,26,5,master,26,53881.0,613.0
193900,New York University,"Private, nonprofit",Private Non-Profit,26,5,master,26,94686.0,1077.0
199193,North Carolina State University at Raleigh,Public,Public,26,5,master,26,35206.0,400.0
167358,Northeastern University,"Private, nonprofit",Private Non-Profit,26,5,master,26,38235.0,434.5
482705,Northeastern University Professional Programs,"Private, nonprofit",Private Non-Profit,26,5,master,26,38235.0,434.5
147767,Northwestern University,"Private, nonprofit",Private Non-Profit,26,5,master,26,82387.0,937.0
136215,Nova Southeastern University,"Private, nonprofit",Private Non-Profit,26,5,master,26,68145.0,775.0
204796,Ohio State University-Main Campus,Public,Public,26,5,master,26,29499.0,336.0
215123,Philadelphia College of Osteopathic Medicine,"Private, nonprofit",Private Non-Profit,26,5,master,26,75605.0,860.0
130226,Quinnipiac University,"Private, nonprofit",Private Non-Profit,26,5,master,26,41000.0,466.0
148487,Roosevelt University,"Private, nonprofit",Private Non-Profit,26,5,master,26,35500.0,404.0
145558,Rosalind Franklin University of Medicine and Science,"Private, nonprofit",Private Non-Profit,26,5,master,26,66523.0,757.0
148511,Rush University,"Private, nonprofit",Private Non-Profit,26,5,master,26,33154.0,377.0
186371,Rutgers University-Camden,Public,Public,26,5,master,26,39405.0,448.0
186380,Rutgers University-New Brunswick,Public,Public,26,5,master,26,39405.0,448.0
186399,Rutgers University-Newark,Public,Public,26,5,master,26,39405.0,448.0
214564,Salus University,"Private, nonprofit",Private Non-Profit,26,5,master,26,74182.0,844.0
196097,Stony Brook University,Public,Public,26,5,master,26,23846.0,271.0
196413,Syracuse University,"Private, nonprofit",Private Non-Profit,26,5,master,26,43517.0,495.0
228723,Texas A&M University-College Station,Public,Public,26,5,master,26,30232.0,344.0
229337,Texas Tech University Health Sciences Center,Public,Public,26,5,master,26,38250.0,435.0
174899,The College of Saint Scholastica,"Private, nonprofit",Private Non-Profit,26,5,master,26,26216.0,298.0
229300,The University of Texas Health Science Center at Houston,Public,Public,26,5,master,26,34764.0,395.0
227368,The University of Texas Rio Grande Valley,Public,Public,26,5,master,26,17000.0,193.0
229027,The University of Texas at San Antonio,Public,Public,26,5,master,26,29393.0,334.0
168148,Tufts University,"Private, nonprofit",Private Non-Profit,26,5,master,26,66300.0,754.0
160755,Tulane University of Louisiana,"Private, nonprofit",Private Non-Profit,26,5,master,26,49270.0,560.5
196088,University at Buffalo,Public,Public,26,5,master,26,23750.0,270.0
100663,University of Alabama at Birmingham,Public,Public,26,5,master,26,25625.0,291.5
110680,University of California-San Diego,Public,Public,26,5,master,26,29459.0,335.0
132903,University of Central Florida,Public,Public,26,5,master,26,26134.0,297.0
144050,University of Chicago,"Private, nonprofit",Private Non-Profit,26,5,master,26,46851.0,533.0
201885,University of Cincinnati-Main Campus,Public,Public,26,5,master,26,56846.0,647.0
126562,University of Colorado Denver/Anschutz Medical Campus,Public,Public,26,5,master,26,78201.0,890.0
134130,University of Florida,Public,Public,26,5,master,26,30182.5,343.5
225414,University of Houston-Clear Lake,Public,Public,26,5,master,26,31500.0,358.0
157085,University of Kentucky,Public,Public,26,5,master,26,30750.0,350.0
157289,University of Louisville,Public,Public,26,5,master,26,35561.0,405.0
163204,University of Maryland Global Campus,Public,Public,26,5,master,26,37000.0,421.0
135726,University of Miami,"Private, nonprofit",Private Non-Profit,26,5,master,26,71814.0,817.0
170976,University of Michigan-Ann Arbor,Public,Public,26,5,master,26,32513.0,370.0
174066,University of Minnesota-Twin Cities,Public,Public,26,5,master,26,50492.5,574.0
176017,University of Mississippi,Public,Public,26,5,master,26,20500.0,233.0
181215,University of Nebraska at Kearney,Public,Public,26,5,master,26,32000.0,364.0
199120,University of North Carolina at Chapel Hill,Public,Public,26,6,doctoral,26,43008.0,489.0
228909,University of North Texas Health Science Center,Public,Public,26,5,master,26,20500.0,233.0
127741,University of Northern Colorado,Public,Public,26,5,master,26,27500.0,313.0
215293,University of Pittsburgh-Pittsburgh Campus,Public,Public,26,5,master,26,40000.0,455.0
137351,University of South Florida,Public,Public,26,5,master,26,28286.0,322.0
123961,University of Southern California,"Private, nonprofit",Private Non-Profit,26,5,master,26,60713.0,691.0
206084,University of Toledo,Public,Public,26,5,master,26,50285.0,572.0
240444,University of Wisconsin-Madison,Public,Public,26,5,master,26,41000.0,466.0
225627,University of the Incarnate Word,"Private, nonprofit",Private Non-Profit,26,5,master,26,57000.0,648.0
199847,Wake Forest University,"Private, nonprofit",Private Non-Profit,26,5,master,26,57666.0,656.0
236939,Washington State University,Public,Public,26,5,master,26,32990.0,375.0
172644,Wayne State University,Public,Public,26,5,master,26,41000.0,466.0
130794,Yale University,"Private, nonprofit",Private Non-Profit,26,5,master,26,66000.0,751.0
104151,Arizona State University Campus Immersion,Public,Public,27,5,master,27,47980.0,546.0
110574,California State University-East Bay,Public,Public,27,5,master,27,25847.0,294.0
110583,California State University-Long Beach,Public,Public,27,5,master,27,27285.0,310.0
190150,Columbia University in the City of New York,"Private, nonprofit",Private Non-Profit,27,5,master,27,78000.0,887.0
144740,DePaul University,"Private, nonprofit",Private Non-Profit,27,5,master,27,37197.0,423.0
193900,New York University,"Private, nonprofit",Private Non-Profit,27,5,master,27,66241.0,754.0
199193,North Carolina State University at Raleigh,Public,Public,27,5,master,27,21250.0,242.0
204796,Ohio State University-Main Campus,Public,Public,27,5,master,27,22961.0,261.0
228246,Southern Methodist University,"Private, nonprofit",Private Non-Profit,27,5,master,27,60500.0,688.0
228723,Texas A&M University-College Station,Public,Public,27,5,master,27,27155.0,309.0
228778,The University of Texas at Austin,Public,Public,27,5,master,27,55540.0,632.0
228787,The University of Texas at Dallas,Public,Public,27,5,master,27,30095.0,342.0
110653,University of California-Irvine,Public,Public,27,5,master,27,37837.0,430.0
144050,University of Chicago,"Private, nonprofit",Private Non-Profit,27,5,master,27,48437.0,551.0
225432,University of Houston-Downtown,Public,Public,27,5,master,27,30548.0,347.0
157085,University of Kentucky,Public,Public,27,5,master,27,20500.0,233.0
135726,University of Miami,"Private, nonprofit",Private Non-Profit,27,5,master,27,66108.0,752.0
123961,University of Southern California,"Private, nonprofit",Private Non-Profit,27,5,master,27,57179.0,650.0
236948,University of Washington-Seattle Campus,Public,Public,27,5,master,27,39238.0,446.0
138354,University of West Florida,Public,Public,27,5,master,27,24958.0,284.0
221999,Vanderbilt University,"Private, nonprofit",Private Non-Profit,27,5,master,27,61500.0,700.0
131496,Georgetown University,"Private, nonprofit",Private Non-Profit,29,5,master,29,66566.0,757.0
232557,Liberty University,"Private, nonprofit",Private Non-Profit,29,5,master,29,28195.0,321.0
178059,Maryville University of Saint Louis,"Private, nonprofit",Private Non-Profit,29,5,master,29,36341.0,413.0
179894,Webster University,"Private, nonprofit",Private Non-Profit,29,5,master,29,34926.0,397.0
222178,Abilene Christian University,"Private, nonprofit",Private Non-Profit,30,5,master,30,40937.0,465.5
449339,American Public University System,"Private, for-profit",Private For-Profit,30,5,master,30,29812.0,339.0
131159,American University,"Private, nonprofit",Private Non-Profit,30,5,master,30,62122.0,707.0
104151,Arizona State University Campus Immersion,Public,Public,30,5,master,30,55556.0,632.0
483124,Arizona State University Digital Immersion,Public,Public,30,5,master,30,55556.0,632.0
235547,Bastyr University,"Private, nonprofit",Private Non-Profit,30,5,master,30,92690.0,1054.0
164739,Bentley University,"Private, nonprofit",Private Non-Profit,30,5,master,30,34068.0,388.0
196079,Binghamton University,Public,Public,30,5,master,30,33559.0,382.0
164988,Boston University,"Private, nonprofit",Private Non-Profit,30,5,master,30,61371.0,698.0
201441,Bowling Green State University-Main Campus,Public,Public,30,5,master,30,35730.0,406.0
139199,Brenau University,"Private, nonprofit",Private Non-Profit,30,5,master,30,34824.0,396.0
110316,California Institute of Integral Studies,"Private, nonprofit",Private Non-Profit,30,6,doctoral,30,126855.0,1443.0
110547,California State University-Dominguez Hills,Public,Public,30,5,master,30,39618.0,451.0
110592,California State University-Los Angeles,Public,Public,30,5,master,30,20750.0,236.0
126818,Colorado State University-Fort Collins,Public,Public,30,5,master,30,27049.0,308.0
190150,Columbia University in the City of New York,"Private, nonprofit",Private Non-Profit,30,5,master,30,64900.0,738.0
112075,Concordia University-Irvine,"Private, nonprofit",Private Non-Profit,30,5,master,30,24732.0,281.0
181002,Creighton University,"Private, nonprofit",Private Non-Profit,30,5,master,30,46256.0,526.0
224226,Dallas Baptist University,"Private, nonprofit",Private Non-Profit,30,5,master,30,38125.0,434.0
144740,DePaul University,"Private, nonprofit",Private Non-Profit,30,5,master,30,57686.0,656.0
198464,East Carolina University,Public,Public,30,5,master,30,58532.0,666.0
169798,Eastern Michigan University,Public,Public,30,5,master,30,40472.0,460.0
191126,Fashion Institute of Technology,Public,Public,30,5,master,30,41000.0,466.0
133951,Florida International University,Public,Public,30,5,master,30,38633.0,439.0
155061,Fort Hays State University,Public,Public,30,5,master,30,28476.0,324.0
160074,Franciscan Missionaries of Our Lady University,"Private, nonprofit",Private Non-Profit,30,5,master,30,47016.0,535.0
134237,Full Sail University,"Private, for-profit",Private For-Profit,30,5,master,30,54378.0,619.0
232186,George Mason University,Public,Public,30,5,master,30,43917.0,500.0
131469,George Washington University,"Private, nonprofit",Private Non-Profit,30,5,master,30,52671.0,599.0
131496,Georgetown University,"Private, nonprofit",Private Non-Profit,30,5,master,30,97683.0,1111.0
151351,Indiana University-Bloomington,Public,Public,30,5,master,30,41000.0,466.0
162928,Johns Hopkins University,"Private, nonprofit",Private Non-Profit,30,5,master,30,41000.0,466.0
440031,Keck Graduate Institute,"Private, nonprofit",Private Non-Profit,30,5,master,30,57648.0,656.0
486840,Kennesaw State University,Public,Public,30,5,master,30,30750.0,350.0
166452,Lesley University,"Private, nonprofit",Private Non-Profit,30,5,master,30,42279.0,481.0
232557,Liberty University,"Private, nonprofit",Private Non-Profit,30,5,master,30,34166.0,389.0
140447,Mercer University,"Private, nonprofit",Private Non-Profit,30,5,master,30,41000.0,466.0
209287,Multnomah University,"Private, nonprofit",Private Non-Profit,30,5,master,30,34588.0,393.0
193900,New York University,"Private, nonprofit",Private Non-Profit,30,5,master,30,83464.0,949.0
199102,North Carolina A & T State University,Public,Public,30,6,doctoral,30,64325.0,732.0
199193,North Carolina State University at Raleigh,Public,Public,30,5,master,30,20403.0,232.0
167358,Northeastern University,"Private, nonprofit",Private Non-Profit,30,5,master,30,38158.0,434.0
482705,Northeastern University Professional Programs,"Private, nonprofit",Private Non-Profit,30,5,master,30,38158.0,434.0
236133,Northwest University,"Private, nonprofit",Private Non-Profit,30,5,master,30,29751.0,338.0
487603,Northwest University-Center for Online and Extended Education,"Private, nonprofit",Private Non-Profit,30,5,master,30,29751.0,338.0
136215,Nova Southeastern University,"Private, nonprofit",Private Non-Profit,30,6,doctoral,30,143978.0,1638.0
214777,Pennsylvania State University-Main Campus,Public,Public,30,5,master,30,36373.5,414.0
214607,Pennsylvania State University-Penn State Great Valley,Public,Public,30,5,master,30,27600.0,314.0
479956,Pennsylvania State University-World Campus,Public,Public,30,5,master,30,27600.0,314.0
121150,Pepperdine University,"Private, nonprofit",Private Non-Profit,30,5,master,30,98500.0,1120.0
486433,Presidio Graduate School,"Private, nonprofit",Private Non-Profit,30,5,master,30,74004.0,842.0
489779,Purdue University Global,Public,Public,30,5,master,30,47692.0,543.0
127918,Regis University,"Private, nonprofit",Private Non-Profit,30,5,master,30,51026.0,580.0
148511,Rush University,"Private, nonprofit",Private Non-Profit,30,5,master,30,66700.0,759.0
195128,Russell Sage College,"Private, nonprofit",Private Non-Profit,30,5,master,30,40790.0,464.0
186371,Rutgers University-Camden,Public,Public,30,5,master,30,41000.0,466.0
186380,Rutgers University-New Brunswick,Public,Public,30,5,master,30,38500.0,438.0
186399,Rutgers University-Newark,Public,Public,30,5,master,30,41000.0,466.0
231068,SIT Graduate Institute,"Private, nonprofit",Private Non-Profit,30,5,master,30,53851.0,613.0
196185,SUNY Oneonta,Public,Public,30,5,master,30,35599.0,405.0
179159,Saint Louis University,"Private, nonprofit",Private Non-Profit,30,5,master,30,29931.0,340.0
123095,Saybrook University,"Private, nonprofit",Private Non-Profit,30,5,master,30,77265.0,879.0
123095,Saybrook University,"Private, nonprofit",Private Non-Profit,30,6,doctoral,30,155168.0,1765.0
197151,School of Visual Arts,"Private, for-profit",Private For-Profit,30,5,master,30,94288.0,1073.0
228246,Southern Methodist University,"Private, nonprofit",Private Non-Profit,30,5,master,30,42000.0,478.0
196468,Teachers College at Columbia University,"Private, nonprofit",Private Non-Profit,30,5,master,30,86022.0,979.0
229115,Texas Tech University,Public,Public,30,5,master,30,23471.0,267.0
229179,Texas Woman's University,Public,Public,30,5,master,30,20500.0,233.0
193654,The New School,"Private, nonprofit",Private Non-Profit,30,5,master,30,34598.0,394.0
228787,The University of Texas at Dallas,Public,Public,30,5,master,30,36670.0,417.0
196592,Touro University,"Private, nonprofit",Private Non-Profit,30,5,master,30,50356.0,573.0
168148,Tufts University,"Private, nonprofit",Private Non-Profit,30,5,master,30,54531.0,620.5
206279,Union Institute & University,"Private, nonprofit",Private Non-Profit,30,6,doctoral,30,123000.0,1399.0
100663,University of Alabama at Birmingham,Public,Public,30,5,master,30,35696.0,406.0
161873,University of Baltimore,Public,Public,30,5,master,30,61500.0,700.0
110635,University of California-Berkeley,Public,Public,30,5,master,30,41000.0,466.0
110653,University of California-Irvine,Public,Public,30,5,master,30,55000.0,626.0
126580,University of Colorado Colorado Springs,Public,Public,30,5,master,30,36790.0,418.0
145600,University of Illinois Chicago,Public,Public,30,5,master,30,49374.0,562.0
163268,University of Maryland-Baltimore County,Public,Public,30,5,master,30,28537.0,325.0
163286,University of Maryland-College Park,Public,Public,30,5,master,30,34451.0,392.0
170976,University of Michigan-Ann Arbor,Public,Public,30,5,master,30,49559.0,564.0
174066,University of Minnesota-Twin Cities,Public,Public,30,5,master,30,40730.0,463.0
178396,University of Missouri-Columbia,Public,Public,30,5,master,30,19542.0,222.0
199120,University of North Carolina at Chapel Hill,Public,Public,30,5,master,30,75336.0,857.0
199148,University of North Carolina at Greensboro,Public,Public,30,5,master,30,34694.0,395.0
227216,University of North Texas,Public,Public,30,5,master,30,29500.0,336.0
152080,University of Notre Dame,"Private, nonprofit",Private Non-Profit,30,5,master,30,50500.0,574.0
207500,University of Oklahoma-Norman Campus,Public,Public,30,5,master,30,20500.0,233.0
215062,University of Pennsylvania,"Private, nonprofit",Private Non-Profit,30,5,master,30,60487.0,688.0
130314,University of Saint Joseph,"Private, nonprofit",Private Non-Profit,30,5,master,30,20500.0,233.0
122436,University of San Diego,"Private, nonprofit",Private Non-Profit,30,5,master,30,56673.0,645.0
122612,University of San Francisco,"Private, nonprofit",Private Non-Profit,30,5,master,30,40972.5,466.0
137351,University of South Florida,Public,Public,30,5,master,30,29657.0,337.0
123961,University of Southern California,"Private, nonprofit",Private Non-Profit,30,5,master,30,66250.0,754.0
230764,University of Utah,Public,Public,30,5,master,30,36566.0,415.5
236948,University of Washington-Seattle Campus,Public,Public,30,5,master,30,60514.0,688.5
234030,Virginia Commonwealth University,Public,Public,30,5,master,30,43799.0,498.0
179867,Washington University in St Louis,"Private, nonprofit",Private Non-Profit,30,5,master,30,96748.0,1101.0
188429,Adelphi University,"Private, nonprofit",Private Non-Profit,31,5,master,31,41000.0,466.0
100654,Alabama A & M University,Public,Public,31,5,master,31,48369.0,550.0
449339,American Public University System,"Private, for-profit",Private For-Profit,31,5,master,31,35798.0,407.0
131159,American University,"Private, nonprofit",Private Non-Profit,31,5,master,31,49264.0,560.0
197869,Appalachian State University,Public,Public,31,5,master,31,30738.0,350.0
104151,Arizona State University Campus Immersion,Public,Public,31,5,master,31,62816.0,715.0
106458,Arkansas State University,Public,Public,31,5,master,31,20012.0,228.0
132471,Barry University,"Private, nonprofit",Private Non-Profit,31,5,master,31,57541.0,655.0
223232,Baylor University,"Private, nonprofit",Private Non-Profit,31,5,master,31,30674.0,349.0
175421,Belhaven University,"Private, nonprofit",Private Non-Profit,31,5,master,31,45053.0,512.0
219709,Belmont University,"Private, nonprofit",Private Non-Profit,31,5,master,31,41000.0,466.0
110361,California Baptist University,"Private, nonprofit",Private Non-Profit,31,5,master,31,23309.0,265.0
110565,California State University-Fullerton,Public,Public,31,5,master,31,30500.0,347.0
110583,California State University-Long Beach,Public,Public,31,5,master,31,25602.0,291.0
189705,Canisius University,"Private, nonprofit",Private Non-Profit,31,5,master,31,30913.0,352.0
169248,Central Michigan University,Public,Public,31,5,master,31,30750.0,350.0
234827,Central Washington University,Public,Public,31,5,master,31,23950.0,272.0
217882,Clemson University,Public,Public,31,5,master,31,27416.5,312.0
202134,Cleveland State University,Public,Public,31,5,master,31,23426.0,266.0
190150,Columbia University in the City of New York,"Private, nonprofit",Private Non-Profit,31,5,master,31,92058.0,1047.0
144351,Concordia University-Chicago,"Private, nonprofit",Private Non-Profit,31,5,master,31,21612.0,246.0
112075,Concordia University-Irvine,"Private, nonprofit",Private Non-Profit,31,5,master,31,29290.0,333.0
180984,Concordia University-Nebraska,"Private, nonprofit",Private Non-Profit,31,5,master,31,26256.0,299.0
173328,Concordia University-Saint Paul,"Private, nonprofit",Private Non-Profit,31,5,master,31,32175.0,366.0
198464,East Carolina University,Public,Public,31,5,master,31,36612.0,416.0
212115,East Stroudsburg University of Pennsylvania,Public,Public,31,5,master,31,20500.0,233.0
220075,East Tennessee State University,Public,Public,31,5,master,31,27245.0,310.0
224554,East Texas A&M University,Public,Public,31,5,master,31,22372.0,254.0
144892,Eastern Illinois University,Public,Public,31,5,master,31,15601.0,177.0
133650,Florida Agricultural and Mechanical University,Public,Public,31,5,master,31,33875.0,385.0
134097,Florida State University,Public,Public,31,5,master,31,30750.0,350.0
131496,Georgetown University,"Private, nonprofit",Private Non-Profit,31,5,master,31,55935.0,636.0
139931,Georgia Southern University,Public,Public,31,5,master,31,22625.0,257.0
139940,Georgia State University,Public,Public,31,5,master,31,30650.0,349.0
235316,Gonzaga University,"Private, nonprofit",Private Non-Profit,31,5,master,31,31125.0,354.0
159009,Grambling State University,Public,Public,31,5,master,31,43432.0,494.0
225247,Hardin-Simmons University,"Private, nonprofit",Private Non-Profit,31,5,master,31,22459.0,255.0
145813,Illinois State University,Public,Public,31,5,master,31,13000.0,148.0
151324,Indiana State University,Public,Public,31,5,master,31,21813.0,248.0
213020,Indiana University of Pennsylvania,Public,Public,31,5,master,31,29025.0,330.0
151351,Indiana University-Bloomington,Public,Public,31,5,master,31,33250.0,378.0
175856,Jackson State University,Public,Public,31,5,master,31,46125.0,525.0
101480,Jacksonville State University,Public,Public,31,5,master,31,22440.0,255.0
134945,Jacksonville University,"Private, nonprofit",Private Non-Profit,31,5,master,31,27835.0,317.0
232423,James Madison University,Public,Public,31,5,master,31,18092.0,206.0
166391,Lasell University,"Private, nonprofit",Private Non-Profit,31,5,master,31,34160.0,389.0
232557,Liberty University,"Private, nonprofit",Private Non-Profit,31,5,master,31,29153.0,332.0
177986,Logan University,"Private, nonprofit",Private Non-Profit,31,5,master,31,41699.0,474.0
159717,McNeese State University,Public,Public,31,5,master,31,30128.0,343.0
204024,Miami University-Oxford,Public,Public,31,5,master,31,26119.0,297.0
220978,Middle Tennessee State University,Public,Public,31,5,master,31,21883.0,249.0
226833,Midwestern State University,Public,Public,31,5,master,31,30750.0,350.0
173920,Minnesota State University-Mankato,Public,Public,31,5,master,31,19344.0,220.0
119605,National University,"Private, nonprofit",Private Non-Profit,31,5,master,31,41000.0,466.0
199157,North Carolina Central University,Public,Public,31,5,master,31,49394.0,562.0
199193,North Carolina State University at Raleigh,Public,Public,31,5,master,31,36000.0,410.0
167358,Northeastern University,"Private, nonprofit",Private Non-Profit,31,5,master,31,37375.0,425.0
482705,Northeastern University Professional Programs,"Private, nonprofit",Private Non-Profit,31,5,master,31,37375.0,425.0
178624,Northwest Missouri State University,Public,Public,31,5,master,31,17000.0,193.0
147767,Northwestern University,"Private, nonprofit",Private Non-Profit,31,5,master,31,38772.0,441.0
204796,Ohio State University-Main Campus,Public,Public,31,5,master,31,31086.0,354.0
204857,Ohio University-Main Campus,Public,Public,31,5,master,31,38107.0,433.0
498571,Pennsylvania Western University,Public,Public,31,5,master,31,30500.0,347.0
121309,Point Loma Nazarene University,"Private, nonprofit",Private Non-Profit,31,5,master,31,28266.0,322.0
186380,Rutgers University-New Brunswick,Public,Public,31,5,master,31,30750.0,350.0
123554,Saint Mary's College of California,"Private, nonprofit",Private Non-Profit,31,5,master,31,35233.0,401.0
227881,Sam Houston State University,Public,Public,31,5,master,31,30583.0,348.0
160612,Southeastern Louisiana University,Public,Public,31,5,master,31,20394.0,232.0
207847,Southeastern Oklahoma State University,Public,Public,31,5,master,31,23272.0,265.0
149231,Southern Illinois University Edwardsville,Public,Public,31,5,master,31,20500.0,233.0
206862,Southern Nazarene University,"Private, nonprofit",Private Non-Profit,31,5,master,31,39394.0,448.0
183026,Southern New Hampshire University,"Private, nonprofit",Private Non-Profit,31,5,master,31,41000.0,466.0
167899,Springfield College,"Private, nonprofit",Private Non-Profit,31,5,master,31,41000.0,466.0
475273,"Springfield College-Regional, Online, and Continuing Education","Private, nonprofit",Private Non-Profit,31,5,master,31,41000.0,466.0
195809,St. John's University-New York,"Private, nonprofit",Private Non-Profit,31,5,master,31,55462.0,631.0
196149,State University of New York at Cortland,Public,Public,31,5,master,31,27333.0,311.0
228431,Stephen F Austin State University,Public,Public,31,5,master,31,31047.0,353.0
228501,Sul Ross State University,Public,Public,31,5,master,31,13538.0,154.0
216339,Temple University,Public,Public,31,5,master,31,39500.0,449.0
228723,Texas A&M University-College Station,Public,Public,31,5,master,31,24412.0,278.0
228459,Texas State University,Public,Public,31,5,master,31,30500.0,347.0
229115,Texas Tech University,Public,Public,31,5,master,31,17550.0,200.0
229179,Texas Woman's University,Public,Public,31,5,master,31,29525.0,336.0
221759,The University of Tennessee-Knoxville,Public,Public,31,5,master,31,36269.0,413.0
229027,The University of Texas at San Antonio,Public,Public,31,5,master,31,30700.0,349.0
206048,Tiffin University,"Private, nonprofit",Private Non-Profit,31,5,master,31,35361.0,402.0
102395,United States Sports University,"Private, nonprofit",Private Non-Profit,31,5,master,31,28488.0,324.0
200800,University of Akron Main Campus,Public,Public,31,5,master,31,17085.0,194.0
176965,University of Central Missouri,Public,Public,31,5,master,31,19975.0,227.0
201885,University of Cincinnati-Main Campus,Public,Public,31,5,master,31,24050.0,274.0
134130,University of Florida,Public,Public,31,5,master,31,31447.0,358.0
139959,University of Georgia,Public,Public,31,5,master,31,38216.0,435.0
145637,University of Illinois Urbana-Champaign,Public,Public,31,5,master,31,30099.0,342.0
159993,University of Louisiana at Monroe,Public,Public,31,5,master,31,24984.0,284.0
157289,University of Louisville,Public,Public,31,5,master,31,39650.0,451.0
226471,University of Mary Hardin-Baylor,"Private, nonprofit",Private Non-Profit,31,5,master,31,29000.0,330.0
220862,University of Memphis,Public,Public,31,5,master,31,28579.0,325.0
135726,University of Miami,"Private, nonprofit",Private Non-Profit,31,5,master,31,62230.0,708.0
170976,University of Michigan-Ann Arbor,Public,Public,31,5,master,31,30750.0,350.0
482680,University of North Georgia,Public,Public,31,5,master,31,19590.0,223.0
127741,University of Northern Colorado,Public,Public,31,5,master,31,27138.0,309.0
154095,University of Northern Iowa,Public,Public,31,5,master,31,13250.0,151.0
122612,University of San Francisco,"Private, nonprofit",Private Non-Profit,31,5,master,31,51250.0,583.0
218663,University of South Carolina-Columbia,Public,Public,31,5,master,31,30110.0,343.0
137351,University of South Florida,Public,Public,31,5,master,31,25778.0,293.0
234076,University of Virginia-Main Campus,Public,Public,31,5,master,31,33776.0,384.0
210438,University of Western States,"Private, nonprofit",Private Non-Profit,31,5,master,31,41000.0,466.0
240471,University of Wisconsin-River Falls,Public,Public,31,5,master,31,20500.0,233.0
188182,University of the Southwest,"Private, nonprofit",Private Non-Profit,31,5,master,31,27363.0,311.0
234030,Virginia Commonwealth University,Public,Public,31,5,master,31,20500.0,233.0
234155,Virginia State University,Public,Public,31,5,master,31,43707.0,497.0
172644,Wayne State University,Public,Public,31,5,master,31,30750.0,350.0
149772,Western Illinois University,Public,Public,31,5,master,31,28530.0,325.0
157951,Western Kentucky University,Public,Public,31,5,master,31,41000.0,466.0
156125,Wichita State University,Public,Public,31,5,master,31,24877.0,283.0
206622,Xavier University,"Private, nonprofit",Private Non-Profit,31,5,master,31,20500.0,233.0
175342,Alcorn State University,Public,Public,32,5,master,32,79412.0,903.0
131159,American University,"Private, nonprofit",Private Non-Profit,38,5,master,38,42373.0,482.0
110097,Biola University,"Private, nonprofit",Private Non-Profit,38,5,master,38,44920.5,511.0
489937,Carolina University,"Private, nonprofit",Private Non-Profit,38,6,doctoral,38,56798.0,646.0
112251,Claremont Graduate University,"Private, nonprofit",Private Non-Profit,38,6,doctoral,38,189344.0,2154.0
174862,Crown College,"Private, nonprofit",Private Non-Profit,38,5,master,38,20500.0,233.0
193894,New York Theological Seminary,"Private, nonprofit",Private Non-Profit,38,6,doctoral,38,62719.0,713.0
131973,Wesley Theological Seminary,"Private, nonprofit",Private Non-Profit,38,5,master,38,43300.0,493.0
194161,Alliance University,"Private, nonprofit",Private Non-Profit,39,5,master,39,61750.0,702.0
156222,Asbury Theological Seminary,"Private, nonprofit",Private Non-Profit,39,5,master,39,39774.0,452.0
201104,Ashland University,"Private, nonprofit",Private Non-Profit,39,5,master,39,53598.0,610.0
109785,Azusa Pacific University,"Private, nonprofit",Private Non-Profit,39,5,master,39,65304.0,743.0
223232,Baylor University,"Private, nonprofit",Private Non-Profit,39,5,master,39,40158.0,457.0
262022,Bethel Seminary-San Diego,"Private, nonprofit",Private Non-Profit,39,5,master,39,49775.0,566.5
173160,Bethel University,"Private, nonprofit",Private Non-Profit,39,5,master,39,49775.0,566.5
110097,Biola University,"Private, nonprofit",Private Non-Profit,39,5,master,39,32027.0,364.0
164924,Boston College,"Private, nonprofit",Private Non-Profit,39,5,master,39,30860.0,351.0
450304,Brite Divinity School,"Private, nonprofit",Private Non-Profit,39,5,master,39,72411.0,824.0
198136,Campbell University,"Private, nonprofit",Private Non-Profit,39,5,master,39,41000.0,466.0
144014,Chicago Theological Seminary,"Private, nonprofit",Private Non-Profit,39,5,master,39,62566.0,712.0
126669,Colorado Christian University,"Private, nonprofit",Private Non-Profit,39,5,master,39,35980.0,409.0
139348,Columbia Theological Seminary,"Private, nonprofit",Private Non-Profit,39,5,master,39,37354.0,425.0
177092,Concordia Seminary,"Private, nonprofit",Private Non-Profit,39,5,master,39,13910.0,158.0
150288,Concordia Theological Seminary,"Private, nonprofit",Private Non-Profit,39,5,master,39,33254.0,378.0
177126,Covenant Theological Seminary,"Private, nonprofit",Private Non-Profit,39,5,master,39,25000.0,284.0
224226,Dallas Baptist University,"Private, nonprofit",Private Non-Profit,39,5,master,39,51250.0,583.0
224305,Dallas Theological Seminary,"Private, nonprofit",Private Non-Profit,39,5,master,39,32186.0,366.5
126979,Denver Seminary,"Private, nonprofit",Private Non-Profit,39,5,master,39,39208.0,446.0
184348,Drew University,"Private, nonprofit",Private Non-Profit,39,5,master,39,53003.0,603.0
198419,Duke University,"Private, nonprofit",Private Non-Profit,39,5,master,39,53550.0,609.0
198419,Duke University,"Private, nonprofit",Private Non-Profit,39,6,doctoral,39,25583.0,291.0
212133,Eastern University,"Private, nonprofit",Private Non-Profit,39,5,master,39,53614.0,610.0
177278,Eden Theological Seminary,"Private, nonprofit",Private Non-Profit,39,5,master,39,37510.0,427.0
139658,Emory University,"Private, nonprofit",Private Non-Profit,39,5,master,39,58657.0,667.0
224712,Episcopal Theological Seminary of the Southwest,"Private, nonprofit",Private Non-Profit,39,5,master,39,35500.0,404.0
177339,Evangel University,"Private, nonprofit",Private Non-Profit,39,5,master,39,35210.0,401.0
205957,Franciscan University of Steubenville,"Private, nonprofit",Private Non-Profit,39,5,master,39,35552.0,404.0
114840,Fuller Theological Seminary,"Private, nonprofit",Private Non-Profit,39,5,master,39,46515.5,529.0
145275,Garrett-Evangelical Theological Seminary,"Private, nonprofit",Private Non-Profit,39,5,master,39,41000.0,466.0
208822,George Fox University,"Private, nonprofit",Private Non-Profit,39,5,master,39,35240.0,401.0
208822,George Fox University,"Private, nonprofit",Private Non-Profit,39,6,doctoral,39,30750.0,350.0
165945,Gordon-Conwell Theological Seminary,"Private, nonprofit",Private Non-Profit,39,5,master,39,40000.0,455.0
104717,Grand Canyon University,"Private, for-profit",Private For-Profit,39,5,master,39,32954.0,375.0
166027,Harvard University,"Private, nonprofit",Private Non-Profit,39,5,master,39,25632.0,292.0
203067,Hebrew Union College-Jewish Institute of Religion,"Private, nonprofit",Private Non-Profit,39,5,master,39,101250.0,1152.0
166054,Hellenic College-Holy Cross Greek Orthodox School of Theology,"Private, nonprofit",Private Non-Profit,39,5,master,39,23157.0,263.0
443076,Hood Theological Seminary,"Private, nonprofit",Private Non-Profit,39,5,master,39,60530.0,689.0
120537,Hope International University,"Private, nonprofit",Private Non-Profit,39,5,master,39,42124.0,479.0
225399,Houston Christian University,"Private, nonprofit",Private Non-Profit,39,5,master,39,41000.0,466.0
127273,Iliff School of Theology,"Private, nonprofit",Private Non-Profit,39,5,master,39,61500.0,700.0
151801,Indiana Wesleyan University-Marion,"Private, nonprofit",Private Non-Profit,39,5,master,39,39944.0,454.5
488679,Indiana Wesleyan University-National & Global,"Private, nonprofit",Private Non-Profit,39,5,master,39,39944.0,454.5
140146,Interdenominational Theological Center,"Private, nonprofit",Private Non-Profit,39,5,master,39,82000.0,933.0
140146,Interdenominational Theological Center,"Private, nonprofit",Private Non-Profit,39,6,doctoral,39,41000.0,466.0
220473,Johnson University,"Private, nonprofit",Private Non-Profit,39,5,master,39,20343.0,231.0
232557,Liberty University,"Private, nonprofit",Private Non-Profit,39,5,master,39,37380.0,425.5
232557,Liberty University,"Private, nonprofit",Private Non-Profit,39,6,doctoral,39,86863.0,988.0
117104,Life Pacific University,"Private, nonprofit",Private Non-Profit,39,5,master,39,18000.0,205.0
146667,Lincoln Christian University,"Private, nonprofit",Private Non-Profit,39,5,master,39,29075.0,331.0
163046,Loyola University Maryland,"Private, nonprofit",Private Non-Profit,39,5,master,39,68868.0,783.0
135364,Luther Rice College & Seminary,"Private, nonprofit",Private Non-Profit,39,5,master,39,41000.0,466.0
173896,Luther Seminary,"Private, nonprofit",Private Non-Profit,39,5,master,39,41000.0,466.0
147031,Meadville Theological School of Lombard College,"Private, nonprofit",Private Non-Profit,39,5,master,39,60500.0,688.0
140447,Mercer University,"Private, nonprofit",Private Non-Profit,39,5,master,39,71061.0,808.0
178208,Midwestern Baptist Theological Seminary,"Private, nonprofit",Private Non-Profit,39,5,master,39,27450.0,312.0
147369,Moody Bible Institute,"Private, nonprofit",Private Non-Profit,39,5,master,39,21721.0,247.0
209287,Multnomah University,"Private, nonprofit",Private Non-Profit,39,5,master,39,63700.0,725.0
228325,Nelson University,"Private, nonprofit",Private Non-Profit,39,5,master,39,51686.0,588.0
185758,New Brunswick Theological Seminary,"Private, nonprofit",Private Non-Profit,39,5,master,39,64000.0,728.0
193894,New York Theological Seminary,"Private, nonprofit",Private Non-Profit,39,5,master,39,67650.0,770.0
439817,Northeastern Seminary,"Private, nonprofit",Private Non-Profit,39,5,master,39,41000.0,466.0
201964,Ohio Christian University,"Private, nonprofit",Private Non-Profit,39,5,master,39,22288.0,254.0
204990,Payne Theological Seminary,"Private, nonprofit",Private Non-Profit,39,5,master,39,54236.0,617.0
204990,Payne Theological Seminary,"Private, nonprofit",Private Non-Profit,39,6,doctoral,39,47170.0,537.0
186122,Princeton Theological Seminary,"Private, nonprofit",Private Non-Profit,39,5,master,39,31935.0,363.0
231651,Regent University,"Private, nonprofit",Private Non-Profit,39,5,master,39,58925.0,670.0
137032,Saint Leo University,"Private, nonprofit",Private Non-Profit,39,5,master,39,50526.0,575.0
102049,Samford University,"Private, nonprofit",Private Non-Profit,39,5,master,39,49054.0,558.0
199643,Shaw University,"Private, nonprofit",Private Non-Profit,39,5,master,39,82000.0,933.0
139579,South University-Savannah,"Private, for-profit",Private For-Profit,39,6,doctoral,39,73168.0,832.0
137564,Southeastern University,"Private, nonprofit",Private Non-Profit,39,5,master,39,32666.0,372.0
228246,Southern Methodist University,"Private, nonprofit",Private Non-Profit,39,5,master,39,66844.0,760.0
228875,Texas Christian University,"Private, nonprofit",Private Non-Profit,39,5,master,39,72411.0,824.0
439701,The King's University,"Private, nonprofit",Private Non-Profit,39,5,master,39,41000.0,466.0
117751,The Master's University and Seminary,"Private, nonprofit",Private Non-Profit,39,5,master,39,24402.0,278.0
221892,Trevecca Nazarene University,"Private, nonprofit",Private Non-Profit,39,5,master,39,30750.0,350.0
135610,Trinity International University-Florida,"Private, nonprofit",Private Non-Profit,39,5,master,39,42922.0,488.0
149514,Trinity International University-Illinois,"Private, nonprofit",Private Non-Profit,39,5,master,39,42922.0,488.0
196884,Union Theological Seminary in the City of New York,"Private, nonprofit",Private Non-Profit,39,5,master,39,60020.0,683.0
175139,United Theological Seminary of the Twin Cities,"Private, nonprofit",Private Non-Profit,39,5,master,39,44825.0,510.0
144050,University of Chicago,"Private, nonprofit",Private Non-Profit,39,5,master,39,62708.0,713.0
174491,University of Northwestern-St Paul,"Private, nonprofit",Private Non-Profit,39,5,master,39,24443.0,278.0
221999,Vanderbilt University,"Private, nonprofit",Private Non-Profit,39,5,master,39,43343.0,493.0
199847,Wake Forest University,"Private, nonprofit",Private Non-Profit,39,5,master,39,59016.0,671.0
154536,Wartburg Theological Seminary,"Private, nonprofit",Private Non-Profit,39,5,master,39,21119.0,240.0
210368,Western Seminary,"Private, nonprofit",Private Non-Profit,39,5,master,39,16100.0,183.0
216816,Westminster Theological Seminary,"Private, nonprofit",Private Non-Profit,39,5,master,39,31632.0,360.0
125718,Westminster Theological Seminary in California,"Private, nonprofit",Private Non-Profit,39,5,master,39,42960.0,489.0
130794,Yale University,"Private, nonprofit",Private Non-Profit,39,5,master,39,39785.0,453.0
201441,Bowling Green State University-Main Campus,Public,Public,40,5,master,40,26595.0,303.0
162928,Johns Hopkins University,"Private, nonprofit",Private Non-Profit,40,5,master,40,37837.0,430.0
176080,Mississippi State University,Public,Public,40,5,master,40,29609.0,337.0
193900,New York University,"Private, nonprofit",Private Non-Profit,40,5,master,40,118813.0,1352.0
228723,Texas A&M University-College Station,Public,Public,40,5,master,40,32799.0,373.0
225511,University of Houston,Public,Public,40,5,master,40,34875.0,397.0
160658,University of Louisiana at Lafayette,Public,Public,40,5,master,40,20500.0,233.0
199218,University of North Carolina Wilmington,Public,Public,40,5,master,40,24355.0,277.0
222178,Abilene Christian University,"Private, nonprofit",Private Non-Profit,42,5,master,42,63621.0,724.0
126182,Adams State University,Public,Public,42,5,master,42,50683.0,577.0
188429,Adelphi University,"Private, nonprofit",Private Non-Profit,42,6,doctoral,42,144795.0,1647.0
374024,Adler Graduate School,"Private, nonprofit",Private Non-Profit,42,5,master,42,51250.0,583.0
142832,Adler University,"Private, nonprofit",Private Non-Profit,42,5,master,42,56885.5,647.0
142832,Adler University,"Private, nonprofit",Private Non-Profit,42,6,doctoral,42,293305.0,3336.0
100654,Alabama A & M University,Public,Public,42,5,master,42,62047.0,706.0
132842,Albizu University-Miami,"Private, nonprofit",Private Non-Profit,42,6,doctoral,42,151353.0,1722.0
241331,Albizu University-San Juan,"Private, nonprofit",Private Non-Profit,42,6,doctoral,42,151353.0,1722.0
110468,Alliant International University-San Diego,"Private, for-profit",Private For-Profit,42,5,master,42,61500.0,700.0
110468,Alliant International University-San Diego,"Private, for-profit",Private For-Profit,42,6,doctoral,42,195866.0,2228.0
238193,Alverno College,"Private, nonprofit",Private Non-Profit,42,5,master,42,50549.0,575.0
164447,American International College,"Private, nonprofit",Private Non-Profit,42,5,master,42,51388.0,585.0
449339,American Public University System,"Private, for-profit",Private For-Profit,42,5,master,42,37184.0,423.0
222831,Angelo State University,Public,Public,42,5,master,42,29460.0,335.0
245892,Antioch University,"Private, nonprofit",Private Non-Profit,42,5,master,42,75165.0,855.0
245892,Antioch University,"Private, nonprofit",Private Non-Profit,42,6,doctoral,42,235607.0,2680.0
245838,Antioch University-Los Angeles,"Private, nonprofit",Private Non-Profit,42,5,master,42,75165.0,855.0
245865,Antioch University-New England,"Private, nonprofit",Private Non-Profit,42,5,master,42,75165.0,855.0
245847,Antioch University-Santa Barbara,"Private, nonprofit",Private Non-Profit,42,5,master,42,75165.0,855.0
211088,Arcadia University,"Private, nonprofit",Private Non-Profit,42,5,master,42,35750.0,407.0
104151,Arizona State University Campus Immersion,Public,Public,42,5,master,42,35033.0,398.5
104151,Arizona State University Campus Immersion,Public,Public,42,6,doctoral,42,111811.0,1272.0
483124,Arizona State University Digital Immersion,Public,Public,42,5,master,42,35033.0,398.5
483124,Arizona State University Digital Immersion,Public,Public,42,6,doctoral,42,111811.0,1272.0
156222,Asbury Theological Seminary,"Private, nonprofit",Private Non-Profit,42,5,master,42,43560.0,496.0
201104,Ashland University,"Private, nonprofit",Private Non-Profit,42,5,master,42,43620.0,496.0
454829,Aspen University,"Private, for-profit",Private For-Profit,42,5,master,42,47429.0,540.0
164562,Assumption University,"Private, nonprofit",Private Non-Profit,42,5,master,42,43569.0,496.0
143118,Aurora University,"Private, nonprofit",Private Non-Profit,42,5,master,42,27588.0,314.0
176628,Avila University,"Private, nonprofit",Private Non-Profit,42,5,master,42,37772.0,430.0
109785,Azusa Pacific University,"Private, nonprofit",Private Non-Profit,42,5,master,42,56128.0,638.5
109785,Azusa Pacific University,"Private, nonprofit",Private Non-Profit,42,6,doctoral,42,223308.0,2540.0
150136,Ball State University,Public,Public,42,5,master,42,36910.0,420.0
150136,Ball State University,Public,Public,42,6,doctoral,42,53575.0,609.0
132471,Barry University,"Private, nonprofit",Private Non-Profit,42,5,master,42,82000.0,933.0
235547,Bastyr University,"Private, nonprofit",Private Non-Profit,42,5,master,42,101182.0,1151.0
164632,Bay Path University,"Private, nonprofit",Private Non-Profit,42,5,master,42,38712.0,440.0
145619,Benedictine University,"Private, nonprofit",Private Non-Profit,42,5,master,42,66788.0,760.0
110097,Biola University,"Private, nonprofit",Private Non-Profit,42,6,doctoral,42,152555.0,1735.0
164988,Boston University,"Private, nonprofit",Private Non-Profit,42,5,master,42,72250.0,822.0
139199,Brenau University,"Private, nonprofit",Private Non-Profit,42,5,master,42,56275.0,640.0
153001,Buena Vista University,"Private, nonprofit",Private Non-Profit,42,5,master,42,60404.0,687.0
209409,Bushnell University,"Private, nonprofit",Private Non-Profit,42,5,master,42,61500.0,700.0
190512,CUNY Bernard M Baruch College,Public,Public,42,5,master,42,28245.0,321.0
190549,CUNY Brooklyn College,Public,Public,42,5,master,42,24750.0,282.0
190576,CUNY Graduate School and University Center,Public,Public,42,5,master,42,18128.0,206.0
190600,CUNY John Jay College of Criminal Justice,Public,Public,42,5,master,42,32747.0,373.0
190664,CUNY Queens College,Public,Public,42,5,master,42,33941.0,386.0
110361,California Baptist University,"Private, nonprofit",Private Non-Profit,42,5,master,42,61500.0,700.0
110316,California Institute of Integral Studies,"Private, nonprofit",Private Non-Profit,42,5,master,42,92000.0,1047.0
110413,California Lutheran University,"Private, nonprofit",Private Non-Profit,42,6,doctoral,42,181467.0,2064.0
115755,California State Polytechnic University-Humboldt,Public,Public,42,5,master,42,38684.0,440.0
110538,California State University-Chico,Public,Public,42,5,master,42,34125.0,388.0
110565,California State University-Fullerton,Public,Public,42,5,master,42,37058.0,422.0
110583,California State University-Long Beach,Public,Public,42,5,master,42,25500.0,290.0
110608,California State University-Northridge,Public,Public,42,5,master,42,41000.0,466.0
110510,California State University-San Bernardino,Public,Public,42,5,master,42,23985.0,273.0
165167,Cambridge College,"Private, nonprofit",Private Non-Profit,42,5,master,42,26500.0,301.0
206914,Cameron University,Public,Public,42,5,master,42,39536.0,450.0
156365,Campbellsville University,"Private, nonprofit",Private Non-Profit,42,5,master,42,47110.0,536.0
413413,Capella University,"Private, for-profit",Private For-Profit,42,5,master,42,39899.5,453.5
413413,Capella University,"Private, for-profit",Private For-Profit,42,6,doctoral,42,111385.0,1267.0
128771,Central Connecticut State University,Public,Public,42,5,master,42,53260.0,606.0
445267,Central Methodist University-College of Graduate and Extended Studies,"Private, nonprofit",Private Non-Profit,42,5,master,42,56615.0,644.0
176947,Central Methodist University-College of Liberal Arts and Sciences,"Private, nonprofit",Private Non-Profit,42,5,master,42,56615.0,644.0
141486,Chaminade University of Honolulu,"Private, nonprofit",Private Non-Profit,42,5,master,42,51455.0,585.0
211556,Chatham University,"Private, nonprofit",Private Non-Profit,42,5,master,42,55134.0,627.5
211583,Chestnut Hill College,"Private, nonprofit",Private Non-Profit,42,5,master,42,51375.0,584.0
234915,City University of Seattle,"Private, nonprofit",Private Non-Profit,42,5,master,42,49878.0,567.0
112251,Claremont Graduate University,"Private, nonprofit",Private Non-Profit,42,5,master,42,120011.0,1365.0
112251,Claremont Graduate University,"Private, nonprofit",Private Non-Profit,42,6,doctoral,42,98030.0,1115.0
202134,Cleveland State University,Public,Public,42,5,master,42,52162.0,593.5
126669,Colorado Christian University,"Private, nonprofit",Private Non-Profit,42,5,master,42,50979.0,580.0
126818,Colorado State University-Fort Collins,Public,Public,42,5,master,42,45260.0,515.0
144351,Concordia University-Chicago,"Private, nonprofit",Private Non-Profit,42,5,master,42,53872.0,613.0
112075,Concordia University-Irvine,"Private, nonprofit",Private Non-Profit,42,5,master,42,45965.0,523.0
238616,Concordia University-Wisconsin,"Private, nonprofit",Private Non-Profit,42,5,master,42,45945.0,523.0
170037,Cornerstone University,"Private, nonprofit",Private Non-Profit,42,5,master,42,45100.0,513.0
177126,Covenant Theological Seminary,"Private, nonprofit",Private Non-Profit,42,5,master,42,22500.0,256.0
174862,Crown College,"Private, nonprofit",Private Non-Profit,42,5,master,42,32823.0,373.0
224226,Dallas Baptist University,"Private, nonprofit",Private Non-Profit,42,5,master,42,49000.0,557.0
211981,Delaware Valley University,"Private, nonprofit",Private Non-Profit,42,5,master,42,50650.0,576.0
126979,Denver Seminary,"Private, nonprofit",Private Non-Profit,42,5,master,42,41930.0,477.0
181020,Doane University,"Private, nonprofit",Private Non-Profit,42,5,master,42,43266.0,492.0
113698,Dominican University of California,"Private, nonprofit",Private Non-Profit,42,5,master,42,61500.0,700.0
212054,Drexel University,"Private, nonprofit",Private Non-Profit,42,5,master,42,42821.0,487.0
212106,Duquesne University,"Private, nonprofit",Private Non-Profit,42,6,doctoral,42,96778.0,1101.0
144892,Eastern Illinois University,Public,Public,42,5,master,42,20226.0,230.0
169798,Eastern Michigan University,Public,Public,42,5,master,42,41000.0,466.0
212133,Eastern University,"Private, nonprofit",Private Non-Profit,42,5,master,42,57683.0,656.0
235097,Eastern Washington University,Public,Public,42,5,master,42,54184.0,616.0
144962,Elmhurst University,"Private, nonprofit",Private Non-Profit,42,5,master,42,30520.0,347.0
133553,Embry-Riddle Aeronautical University-Daytona Beach,"Private, nonprofit",Private Non-Profit,42,5,master,42,52313.0,595.0
426314,Embry-Riddle Aeronautical University-Worldwide,"Private, nonprofit",Private Non-Profit,42,5,master,42,52313.0,595.0
155025,Emporia State University,Public,Public,42,5,master,42,34104.0,388.0
177339,Evangel University,"Private, nonprofit",Private Non-Profit,42,5,master,42,41000.0,466.0
184694,Fairleigh Dickinson University-Florham Campus,"Private, nonprofit",Private Non-Profit,42,5,master,42,42425.0,483.0
184603,Fairleigh Dickinson University-Metropolitan Campus,"Private, nonprofit",Private Non-Profit,42,5,master,42,42425.0,483.0
114549,Fielding Graduate University,"Private, nonprofit",Private Non-Profit,42,6,doctoral,42,182333.0,2074.0
133650,Florida Agricultural and Mechanical University,Public,Public,42,5,master,42,51180.0,582.0
133881,Florida Institute of Technology,"Private, nonprofit",Private Non-Profit,42,5,master,42,20500.0,233.0
133881,Florida Institute of Technology,"Private, nonprofit",Private Non-Profit,42,6,doctoral,42,187256.0,2130.0
133951,Florida International University,Public,Public,42,5,master,42,47034.0,535.0
134097,Florida State University,Public,Public,42,5,master,42,32458.0,369.0
191241,Fordham University,"Private, nonprofit",Private Non-Profit,42,6,doctoral,42,83264.0,947.0
155061,Fort Hays State University,Public,Public,42,5,master,42,36500.0,415.0
205957,Franciscan University of Steubenville,"Private, nonprofit",Private Non-Profit,42,5,master,42,51250.0,583.0
202806,Franklin University,"Private, nonprofit",Private Non-Profit,42,5,master,42,34067.0,388.0
114840,Fuller Theological Seminary,"Private, nonprofit",Private Non-Profit,42,6,doctoral,42,193914.0,2206.0
212656,Geneva College,"Private, nonprofit",Private Non-Profit,42,5,master,42,43251.0,492.0
208822,George Fox University,"Private, nonprofit",Private Non-Profit,42,5,master,42,62317.0,709.0
208822,George Fox University,"Private, nonprofit",Private Non-Profit,42,6,doctoral,42,178980.0,2036.0
232186,George Mason University,Public,Public,42,5,master,42,46514.0,529.0
131469,George Washington University,"Private, nonprofit",Private Non-Profit,42,5,master,42,49750.0,566.0
131469,George Washington University,"Private, nonprofit",Private Non-Profit,42,6,doctoral,42,148723.0,1692.0
139940,Georgia State University,Public,Public,42,5,master,42,40952.0,466.0
184773,Georgian Court University,"Private, nonprofit",Private Non-Profit,42,5,master,42,41711.0,474.0
145336,Governors State University,Public,Public,42,5,master,42,47477.0,540.0
104717,Grand Canyon University,"Private, for-profit",Private For-Profit,42,5,master,42,30180.0,343.0
104717,Grand Canyon University,"Private, for-profit",Private For-Profit,42,6,doctoral,42,65634.0,747.0
170082,Grand Valley State University,Public,Public,42,5,master,42,45696.0,520.0
191649,Hofstra University,"Private, nonprofit",Private Non-Profit,42,5,master,42,48162.0,548.0
191649,Hofstra University,"Private, nonprofit",Private Non-Profit,42,6,doctoral,42,109995.0,1251.0
212984,Holy Family University,"Private, nonprofit",Private Non-Profit,42,5,master,42,63320.0,720.0
115728,Holy Names University,"Private, nonprofit",Private Non-Profit,42,5,master,42,82000.0,933.0
120537,Hope International University,"Private, nonprofit",Private Non-Profit,42,5,master,42,55602.0,632.0
225399,Houston Christian University,"Private, nonprofit",Private Non-Profit,42,5,master,42,52610.0,598.5
150941,Huntington University,"Private, nonprofit",Private Non-Profit,42,5,master,42,50003.0,569.0
213011,Immaculata University,"Private, nonprofit",Private Non-Profit,42,5,master,42,61600.0,701.0
213011,Immaculata University,"Private, nonprofit",Private Non-Profit,42,6,doctoral,42,143763.0,1635.0
151290,Indiana Institute of Technology,"Private, nonprofit",Private Non-Profit,42,5,master,42,33201.0,378.0
242626,Inter American University of Puerto Rico-Aguadilla,"Private, nonprofit",Private Non-Profit,42,5,master,42,33833.0,385.0
242653,Inter American University of Puerto Rico-Metro,"Private, nonprofit",Private Non-Profit,42,5,master,42,33667.0,383.0
191931,Iona University,"Private, nonprofit",Private Non-Profit,42,5,master,42,53475.0,608.5
146339,Judson University,"Private, nonprofit",Private Non-Profit,42,5,master,42,50877.0,579.0
185262,Kean University,Public,Public,42,5,master,42,37620.0,428.0
135081,Keiser University-Ft Lauderdale,"Private, nonprofit",Private Non-Profit,42,5,master,42,50318.5,572.5
203517,Kent State University at Kent,Public,Public,42,6,doctoral,42,37087.0,422.0
213349,Kutztown University of Pennsylvania,Public,Public,42,5,master,42,58032.0,660.0
213367,La Salle University,"Private, nonprofit",Private Non-Profit,42,5,master,42,61500.0,700.0
213367,La Salle University,"Private, nonprofit",Private Non-Profit,42,6,doctoral,42,179718.0,2044.0
226091,Lamar University,Public,Public,42,5,master,42,29355.0,334.0
226231,LeTourneau University,"Private, nonprofit",Private Non-Profit,42,5,master,42,68334.0,777.0
220613,Lee University,"Private, nonprofit",Private Non-Profit,42,5,master,42,42100.0,479.0
232557,Liberty University,"Private, nonprofit",Private Non-Profit,42,5,master,42,50911.0,579.0
232557,Liberty University,"Private, nonprofit",Private Non-Profit,42,6,doctoral,42,63056.0,717.0
146667,Lincoln Christian University,"Private, nonprofit",Private Non-Profit,42,5,master,42,33075.0,376.0
213598,Lincoln University,Public,Public,42,5,master,42,41000.0,466.0
157216,Lindsey Wilson University,"Private, nonprofit",Private Non-Profit,42,5,master,42,42874.0,488.0
219976,Lipscomb University,"Private, nonprofit",Private Non-Profit,42,5,master,42,58215.0,662.0
117636,Loma Linda University,"Private, nonprofit",Private Non-Profit,42,6,doctoral,42,235323.0,2677.0
192448,Long Island University,"Private, nonprofit",Private Non-Profit,42,5,master,42,95082.0,1082.0
474863,Los Angeles Pacific University,"Private, nonprofit",Private Non-Profit,42,5,master,42,19788.0,225.0
159391,Louisiana State University and Agricultural & Mechanical College,Public,Public,42,6,doctoral,42,39000.0,444.0
146719,Loyola University Chicago,"Private, nonprofit",Private Non-Profit,42,5,master,42,59490.0,677.0
146719,Loyola University Chicago,"Private, nonprofit",Private Non-Profit,42,6,doctoral,42,92394.0,1051.0
163046,Loyola University Maryland,"Private, nonprofit",Private Non-Profit,42,5,master,42,51250.0,583.0
226383,Lubbock Christian University,"Private, nonprofit",Private Non-Profit,42,5,master,42,63947.0,727.0
132657,Lynn University,"Private, nonprofit",Private Non-Profit,42,5,master,42,30750.0,350.0
237525,Marshall University,Public,Public,42,5,master,42,49667.5,565.0
151810,Martin University,"Private, nonprofit",Private Non-Profit,42,5,master,42,68416.0,778.0
232706,Marymount University,"Private, nonprofit",Private Non-Profit,42,5,master,42,54818.0,624.0
213826,Marywood University,"Private, nonprofit",Private Non-Profit,42,5,master,42,66179.0,753.0
159717,McNeese State University,Public,Public,42,5,master,42,35378.0,402.0
140447,Mercer University,"Private, nonprofit",Private Non-Profit,42,5,master,42,59916.0,682.0
140447,Mercer University,"Private, nonprofit",Private Non-Profit,42,6,doctoral,42,151050.0,1718.0
193016,Mercy University,"Private, nonprofit",Private Non-Profit,42,5,master,42,51250.0,583.0
169220,Michigan School of Psychology,"Private, nonprofit",Private Non-Profit,42,5,master,42,54000.0,614.0
245953,Mid-America Christian University,"Private, nonprofit",Private Non-Profit,42,5,master,42,61500.0,700.0
155520,MidAmerica Nazarene University,"Private, nonprofit",Private Non-Profit,42,5,master,42,54667.0,622.0
220978,Middle Tennessee State University,Public,Public,42,5,master,42,31136.0,354.0
143853,Midwestern University-Downers Grove,"Private, nonprofit",Private Non-Profit,42,6,doctoral,42,263152.0,2993.0
176053,Mississippi Christian University,"Private, nonprofit",Private Non-Profit,42,6,doctoral,42,81707.0,929.0
185590,Montclair State University,Public,Public,42,5,master,42,36500.0,415.0
239390,Mount Mary University,"Private, nonprofit",Private Non-Profit,42,5,master,42,51247.0,583.0
119173,Mount Saint Mary's University,"Private, nonprofit",Private Non-Profit,42,5,master,42,61500.0,700.0
127653,Naropa University,"Private, nonprofit",Private Non-Profit,42,5,master,42,104815.0,1192.0
147536,National Louis University,"Private, nonprofit",Private Non-Profit,42,5,master,42,43378.5,493.0
147536,National Louis University,"Private, nonprofit",Private Non-Profit,42,6,doctoral,42,12623.0,144.0
119605,National University,"Private, nonprofit",Private Non-Profit,42,5,master,42,32451.0,369.0
185129,New Jersey City University,Public,Public,42,5,master,42,41971.0,477.0
193900,New York University,"Private, nonprofit",Private Non-Profit,42,5,master,42,124403.0,1415.0
159966,Nicholls State University,Public,Public,42,5,master,42,41772.0,475.0
199157,North Carolina Central University,Public,Public,42,5,master,42,76881.0,875.0
199193,North Carolina State University at Raleigh,Public,Public,42,6,doctoral,42,26317.0,299.0
147679,North Park University,"Private, nonprofit",Private Non-Profit,42,5,master,42,32780.0,373.0
444130,Northcentral University,"Private, nonprofit",Private Non-Profit,42,5,master,42,35354.0,402.0
444130,Northcentral University,"Private, nonprofit",Private Non-Profit,42,6,doctoral,42,84513.0,961.0
207263,Northeastern State University,Public,Public,42,5,master,42,40699.0,463.0
167358,Northeastern University,"Private, nonprofit",Private Non-Profit,42,5,master,42,41000.0,466.0
482705,Northeastern University Professional Programs,"Private, nonprofit",Private Non-Profit,42,5,master,42,41000.0,466.0
105330,Northern Arizona University,Public,Public,42,5,master,42,37263.0,424.0
236133,Northwest University,"Private, nonprofit",Private Non-Profit,42,5,master,42,41000.0,466.0
147767,Northwestern University,"Private, nonprofit",Private Non-Profit,42,5,master,42,153657.0,1748.0
120184,Notre Dame de Namur University,"Private, nonprofit",Private Non-Profit,42,5,master,42,81798.0,930.0
136215,Nova Southeastern University,"Private, nonprofit",Private Non-Profit,42,5,master,42,61201.0,696.0
171571,Oakland University,Public,Public,42,5,master,42,36414.0,414.0
207458,Oklahoma City University,"Private, nonprofit",Private Non-Profit,42,5,master,42,27500.0,313.0
207388,Oklahoma State University-Main Campus,Public,Public,42,6,doctoral,42,51001.0,580.0
155636,Ottawa University-Kansas City,"Private, nonprofit",Private Non-Profit,42,5,master,42,62936.0,716.0
428259,Ottawa University-Milwaukee,"Private, nonprofit",Private Non-Profit,42,5,master,42,62936.0,716.0
454582,Ottawa University-Online,"Private, nonprofit",Private Non-Profit,42,5,master,42,62936.0,716.0
155627,Ottawa University-Ottawa,"Private, nonprofit",Private Non-Profit,42,5,master,42,62936.0,716.0
105367,Ottawa University-Phoenix,"Private, nonprofit",Private Non-Profit,42,5,master,42,62936.0,716.0
464226,Ottawa University-Surprise,"Private, nonprofit",Private Non-Profit,42,5,master,42,62936.0,716.0
227331,Our Lady of the Lake University,"Private, nonprofit",Private Non-Profit,42,5,master,42,61491.0,699.0
209612,Pacific University,"Private, nonprofit",Private Non-Profit,42,5,master,42,101251.0,1152.0
209612,Pacific University,"Private, nonprofit",Private Non-Profit,42,6,doctoral,42,256017.0,2912.0
115746,Pacifica Graduate Institute,"Private, for-profit",Private For-Profit,42,5,master,42,114634.5,1304.0
115746,Pacifica Graduate Institute,"Private, for-profit",Private For-Profit,42,6,doctoral,42,202354.0,2302.0
120698,Palo Alto University,"Private, nonprofit",Private Non-Profit,42,5,master,42,99711.0,1134.0
120698,Palo Alto University,"Private, nonprofit",Private Non-Profit,42,6,doctoral,42,286181.0,3255.0
214777,Pennsylvania State University-Main Campus,Public,Public,42,5,master,42,42625.0,484.5
214591,Pennsylvania State University-Penn State Erie-Behrend College,Public,Public,42,5,master,42,44250.0,503.0
214713,Pennsylvania State University-Penn State Harrisburg,Public,Public,42,5,master,42,44250.0,503.0
479956,Pennsylvania State University-World Campus,Public,Public,42,5,master,42,41000.0,466.0
121150,Pepperdine University,"Private, nonprofit",Private Non-Profit,42,5,master,42,72360.0,823.0
121150,Pepperdine University,"Private, nonprofit",Private Non-Profit,42,6,doctoral,42,193904.0,2206.0
215123,Philadelphia College of Osteopathic Medicine,"Private, nonprofit",Private Non-Profit,42,6,doctoral,42,168943.0,1922.0
440794,Pillar College,"Private, nonprofit",Private Non-Profit,42,5,master,42,51250.0,583.0
121309,Point Loma Nazarene University,"Private, nonprofit",Private Non-Profit,42,5,master,42,58316.0,663.0
241395,Pontifical Catholic University of Puerto Rico-Arecibo,"Private, nonprofit",Private Non-Profit,42,6,doctoral,42,113951.0,1296.0
241410,Pontifical Catholic University of Puerto Rico-Ponce,"Private, nonprofit",Private Non-Profit,42,6,doctoral,42,113951.0,1296.0
227526,Prairie View A & M University,Public,Public,42,5,master,42,45487.0,517.0
489779,Purdue University Global,Public,Public,42,5,master,42,56440.5,642.0
233277,Radford University,Public,Public,42,5,master,42,31722.0,361.0
231651,Regent University,"Private, nonprofit",Private Non-Profit,42,5,master,42,37358.0,425.0
231651,Regent University,"Private, nonprofit",Private Non-Profit,42,6,doctoral,42,148589.0,1690.0
167598,Regis College,"Private, nonprofit",Private Non-Profit,42,5,master,42,41000.0,466.0
186283,Rider University,"Private, nonprofit",Private Non-Profit,42,5,master,42,41000.0,466.0
217518,Roger Williams University,"Private, nonprofit",Private Non-Profit,42,5,master,42,60331.0,686.0
136950,Rollins College,"Private, nonprofit",Private Non-Profit,42,5,master,42,61500.0,700.0
148487,Roosevelt University,"Private, nonprofit",Private Non-Profit,42,5,master,42,55400.0,630.0
148487,Roosevelt University,"Private, nonprofit",Private Non-Profit,42,6,doctoral,42,127304.0,1448.0
215691,Rosemont College,"Private, nonprofit",Private Non-Profit,42,5,master,42,55550.0,632.0
184782,Rowan University,Public,Public,42,5,master,42,35000.0,398.0
195128,Russell Sage College,"Private, nonprofit",Private Non-Profit,42,5,master,42,38374.0,437.0
186371,Rutgers University-Camden,Public,Public,42,5,master,42,41000.0,466.0
186380,Rutgers University-New Brunswick,Public,Public,42,5,master,42,37583.5,427.5
186380,Rutgers University-New Brunswick,Public,Public,42,6,doctoral,42,63346.0,721.0
186399,Rutgers University-Newark,Public,Public,42,5,master,42,41000.0,466.0
186399,Rutgers University-Newark,Public,Public,42,6,doctoral,42,63346.0,721.0
130253,Sacred Heart University,"Private, nonprofit",Private Non-Profit,42,5,master,42,34167.0,389.0
174783,Saint Cloud State University,Public,Public,42,5,master,42,35507.0,404.0
236452,Saint Martin's University,"Private, nonprofit",Private Non-Profit,42,5,master,42,82000.0,933.0
174817,Saint Mary's University of Minnesota,"Private, nonprofit",Private Non-Profit,42,5,master,42,46087.0,524.0
174817,Saint Mary's University of Minnesota,"Private, nonprofit",Private Non-Profit,42,6,doctoral,42,118146.0,1344.0
167729,Salem State University,Public,Public,42,5,master,42,32512.0,370.0
217536,Salve Regina University,"Private, nonprofit",Private Non-Profit,42,5,master,42,31188.0,355.0
227881,Sam Houston State University,Public,Public,42,5,master,42,41000.0,466.0
122409,San Diego State University,Public,Public,42,5,master,42,30710.0,349.0
122931,Santa Clara University,"Private, nonprofit",Private Non-Profit,42,5,master,42,61500.0,700.0
123095,Saybrook University,"Private, nonprofit",Private Non-Profit,42,5,master,42,136987.0,1558.0
123095,Saybrook University,"Private, nonprofit",Private Non-Profit,42,6,doctoral,42,242174.0,2755.0
236577,Seattle Pacific University,"Private, nonprofit",Private Non-Profit,42,5,master,42,57680.0,656.0
236595,Seattle University,"Private, nonprofit",Private Non-Profit,42,5,master,42,59729.0,679.5
186584,Seton Hall University,"Private, nonprofit",Private Non-Profit,42,5,master,42,55666.0,633.0
167783,Simmons University,"Private, nonprofit",Private Non-Profit,42,5,master,42,50276.0,572.0
216038,Slippery Rock University of Pennsylvania,Public,Public,42,5,master,42,49371.0,562.0
219356,South Dakota State University,Public,Public,42,5,master,42,40952.0,466.0
179557,Southeast Missouri State University,Public,Public,42,5,master,42,30189.0,343.0
221661,Southern Adventist University,"Private, nonprofit",Private Non-Profit,42,5,master,42,54950.0,625.0
130493,Southern Connecticut State University,Public,Public,42,5,master,42,25262.0,287.0
206862,Southern Nazarene University,"Private, nonprofit",Private Non-Profit,42,5,master,42,51250.0,583.0
183026,Southern New Hampshire University,"Private, nonprofit",Private Non-Profit,42,5,master,42,40872.0,465.0
440916,Southern University Law Center,Public,Public,42,5,master,42,67308.0,766.0
160621,Southern University and A & M College,Public,Public,42,5,master,42,67308.0,766.0
207865,Southwestern Oklahoma State University,Public,Public,42,5,master,42,22396.0,255.0
157757,Spalding University,"Private, nonprofit",Private Non-Profit,42,6,doctoral,42,113200.0,1288.0
172334,Spring Arbor University,"Private, nonprofit",Private Non-Profit,42,5,master,42,54666.0,622.0
195809,St. John's University-New York,"Private, nonprofit",Private Non-Profit,42,6,doctoral,42,66669.0,758.0
228149,St. Mary's University,"Private, nonprofit",Private Non-Profit,42,5,master,42,52375.0,596.0
196194,State University of New York at Oswego,Public,Public,42,5,master,42,41000.0,466.0
196097,Stony Brook University,Public,Public,42,5,master,42,22014.0,250.0
228529,Tarleton State University,Public,Public,42,5,master,42,36420.0,414.0
196468,Teachers College at Columbia University,"Private, nonprofit",Private Non-Profit,42,5,master,42,70313.5,800.0
216339,Temple University,Public,Public,42,5,master,42,50627.0,576.0
228723,Texas A&M University-College Station,Public,Public,42,5,master,42,27126.0,309.0
228723,Texas A&M University-College Station,Public,Public,42,6,doctoral,42,53833.0,612.0
225502,Texas A&M University-Victoria,Public,Public,42,5,master,42,41000.0,466.0
228459,Texas State University,Public,Public,42,5,master,42,36860.0,419.5
229160,Texas Wesleyan University,"Private, nonprofit",Private Non-Profit,42,5,master,42,73500.0,836.0
455433,The Chicago School at Anaheim,"Private, nonprofit",Private Non-Profit,42,5,master,42,72521.0,825.0
143978,The Chicago School at Chicago,"Private, nonprofit",Private Non-Profit,42,5,master,42,72521.0,825.0
143978,The Chicago School at Chicago,"Private, nonprofit",Private Non-Profit,42,6,doctoral,42,206673.0,2351.0
492607,The Chicago School at Dallas,"Private, nonprofit",Private Non-Profit,42,5,master,42,82748.0,941.0
492607,The Chicago School at Dallas,"Private, nonprofit",Private Non-Profit,42,6,doctoral,42,206673.0,2351.0
455664,The Chicago School at Los Angeles,"Private, nonprofit",Private Non-Profit,42,5,master,42,72521.0,825.0
455664,The Chicago School at Los Angeles,"Private, nonprofit",Private Non-Profit,42,6,doctoral,42,182774.0,2079.0
491190,The Chicago School at San Diego,"Private, nonprofit",Private Non-Profit,42,5,master,42,82748.0,941.0
459745,The Chicago School at Washington DC,"Private, nonprofit",Private Non-Profit,42,5,master,42,82748.0,941.0
459745,The Chicago School at Washington DC,"Private, nonprofit",Private Non-Profit,42,6,doctoral,42,182774.0,2079.0
193654,The New School,"Private, nonprofit",Private Non-Profit,42,5,master,42,41000.0,466.0
441131,The Seattle School of Theology & Psychology,"Private, nonprofit",Private Non-Profit,42,5,master,42,61500.0,700.0
100751,The University of Alabama,Public,Public,42,5,master,42,32500.0,370.0
154022,The University of Arizona Global Campus,"Private, for-profit",Private For-Profit,42,5,master,42,41000.0,466.0
221740,The University of Tennessee-Chattanooga,Public,Public,42,5,master,42,28500.0,324.0
221759,The University of Tennessee-Knoxville,Public,Public,42,5,master,42,41000.0,466.0
227368,The University of Texas Rio Grande Valley,Public,Public,42,5,master,42,29158.0,332.0
228778,The University of Texas at Austin,Public,Public,42,5,master,42,55242.0,628.0
228778,The University of Texas at Austin,Public,Public,42,6,doctoral,42,34533.0,393.0
228787,The University of Texas at Dallas,Public,Public,42,5,master,42,39943.0,454.0
229027,The University of Texas at San Antonio,Public,Public,42,5,master,42,45869.0,522.0
228802,The University of Texas at Tyler,Public,Public,42,5,master,42,31316.0,356.0
126012,The Wright Institute,"Private, nonprofit",Private Non-Profit,42,5,master,42,74882.0,852.0
126012,The Wright Institute,"Private, nonprofit",Private Non-Profit,42,6,doctoral,42,225886.0,2569.0
216366,Thomas Jefferson University,"Private, nonprofit",Private Non-Profit,42,5,master,42,81740.0,930.0
206048,Tiffin University,"Private, nonprofit",Private Non-Profit,42,5,master,42,35320.0,401.5
196592,Touro University,"Private, nonprofit",Private Non-Profit,42,5,master,42,37615.0,428.0
459727,Touro University Worldwide,"Private, nonprofit",Private Non-Profit,42,5,master,42,27075.0,308.0
164076,Towson University,Public,Public,42,5,master,42,35468.0,403.0
221892,Trevecca Nazarene University,"Private, nonprofit",Private Non-Profit,42,5,master,42,62017.0,705.0
149505,Trinity Christian College,"Private, nonprofit",Private Non-Profit,42,5,master,42,48006.0,546.0
102368,Troy University,Public,Public,42,5,master,42,50710.0,577.0
168148,Tufts University,"Private, nonprofit",Private Non-Profit,42,5,master,42,62900.0,715.0
241739,Universidad Ana G. Mendez-Cupey Campus,"Private, nonprofit",Private Non-Profit,42,5,master,42,57088.0,649.0
243601,Universidad Ana G. Mendez-Gurabo Campus,"Private, nonprofit",Private Non-Profit,42,5,master,42,49861.0,567.0
104179,University of Arizona,Public,Public,42,6,doctoral,42,35217.0,401.0
161873,University of Baltimore,Public,Public,42,5,master,42,58938.0,670.0
110653,University of California-Irvine,Public,Public,42,5,master,42,41000.0,466.0
132903,University of Central Florida,Public,Public,42,5,master,42,40798.0,464.0
176965,University of Central Missouri,Public,Public,42,5,master,42,35668.0,406.0
206941,University of Central Oklahoma,Public,Public,42,5,master,42,52096.0,593.0
201885,University of Cincinnati-Main Campus,Public,Public,42,5,master,42,33020.0,376.0
129020,University of Connecticut,Public,Public,42,5,master,42,36904.0,420.0
436827,University of Connecticut-Avery Point,Public,Public,42,5,master,42,36904.0,420.0
463056,University of Connecticut-Hartford Campus,Public,Public,42,5,master,42,36904.0,420.0
436836,University of Connecticut-Stamford,Public,Public,42,5,master,42,36904.0,420.0
436818,University of Connecticut-Waterbury Campus,Public,Public,42,5,master,42,36904.0,420.0
202480,University of Dayton,"Private, nonprofit",Private Non-Profit,42,5,master,42,29476.0,335.0
127060,University of Denver,"Private, nonprofit",Private Non-Profit,42,5,master,42,114824.5,1306.0
127060,University of Denver,"Private, nonprofit",Private Non-Profit,42,6,doctoral,42,168425.0,1916.0
169716,University of Detroit Mercy,"Private, nonprofit",Private Non-Profit,42,5,master,42,57763.0,657.0
139959,University of Georgia,Public,Public,42,5,master,42,41000.0,466.0
139959,University of Georgia,Public,Public,42,6,doctoral,42,78462.0,893.0
129525,University of Hartford,"Private, nonprofit",Private Non-Profit,42,6,doctoral,42,122364.0,1392.0
225414,University of Houston-Clear Lake,Public,Public,42,5,master,42,35111.0,399.0
148654,University of Illinois Springfield,Public,Public,42,5,master,42,46366.0,527.0
151263,University of Indianapolis,"Private, nonprofit",Private Non-Profit,42,5,master,42,73368.0,835.0
151263,University of Indianapolis,"Private, nonprofit",Private Non-Profit,42,6,doctoral,42,168537.0,1917.0
155317,University of Kansas,Public,Public,42,5,master,42,41000.0,466.0
155317,University of Kansas,Public,Public,42,6,doctoral,42,59400.0,676.0
157085,University of Kentucky,Public,Public,42,5,master,42,21557.0,245.0
159993,University of Louisiana at Monroe,Public,Public,42,5,master,42,29679.0,338.0
262086,University of Massachusetts Global,Public,Public,42,5,master,42,61500.0,700.0
167987,University of Massachusetts-Dartmouth,Public,Public,42,5,master,42,53580.0,609.0
220862,University of Memphis,Public,Public,42,6,doctoral,42,73743.0,839.0
135726,University of Miami,"Private, nonprofit",Private Non-Profit,42,5,master,42,60384.0,687.0
174066,University of Minnesota-Twin Cities,Public,Public,42,5,master,42,55787.0,635.0
178420,University of Missouri-St Louis,Public,Public,42,5,master,42,42593.0,485.0
181464,University of Nebraska-Lincoln,Public,Public,42,6,doctoral,42,38100.0,433.0
182290,University of Nevada-Reno,Public,Public,42,5,master,42,30750.0,350.0
129941,University of New Haven,"Private, nonprofit",Private Non-Profit,42,5,master,42,41000.0,466.0
199218,University of North Carolina Wilmington,Public,Public,42,5,master,42,29717.0,338.0
200280,University of North Dakota,Public,Public,42,5,master,42,30220.0,344.0
482680,University of North Georgia,Public,Public,42,5,master,42,42843.0,487.0
227216,University of North Texas,Public,Public,42,5,master,42,32709.0,372.0
127741,University of Northern Colorado,Public,Public,42,5,master,42,42776.0,487.0
127741,University of Northern Colorado,Public,Public,42,6,doctoral,42,73745.0,839.0
154095,University of Northern Iowa,Public,Public,42,5,master,42,37130.0,422.0
215062,University of Pennsylvania,"Private, nonprofit",Private Non-Profit,42,5,master,42,65297.0,742.5
484613,University of Phoenix-Arizona,"Private, for-profit",Private For-Profit,42,5,master,42,37228.0,423.0
484613,University of Phoenix-Arizona,"Private, for-profit",Private For-Profit,42,6,doctoral,42,96212.0,1094.0
215293,University of Pittsburgh-Pittsburgh Campus,Public,Public,42,5,master,42,41000.0,466.0
130314,University of Saint Joseph,"Private, nonprofit",Private Non-Profit,42,5,master,42,51250.0,583.0
155812,University of Saint Mary,"Private, nonprofit",Private Non-Profit,42,5,master,42,54710.0,622.0
122436,University of San Diego,"Private, nonprofit",Private Non-Profit,42,5,master,42,100657.0,1145.0
122612,University of San Francisco,"Private, nonprofit",Private Non-Profit,42,5,master,42,79057.0,899.0
215929,University of Scranton,"Private, nonprofit",Private Non-Profit,42,5,master,42,46445.0,528.0
219471,University of South Dakota,Public,Public,42,5,master,42,41595.0,473.0
137351,University of South Florida,Public,Public,42,5,master,42,29010.5,330.0
123961,University of Southern California,"Private, nonprofit",Private Non-Profit,42,5,master,42,61632.0,701.0
174914,University of St Thomas,"Private, nonprofit",Private Non-Profit,42,5,master,42,48861.0,556.0
206084,University of Toledo,Public,Public,42,5,master,42,22600.0,257.0
230764,University of Utah,Public,Public,42,5,master,42,26100.0,297.0
234076,University of Virginia-Main Campus,Public,Public,42,5,master,42,27000.0,307.0
236948,University of Washington-Seattle Campus,Public,Public,42,5,master,42,35261.0,401.0
138354,University of West Florida,Public,Public,42,5,master,42,35765.0,407.0
141334,University of West Georgia,Public,Public,42,5,master,42,33302.0,379.0
240329,University of Wisconsin-La Crosse,Public,Public,42,5,master,42,20272.0,231.0
240444,University of Wisconsin-Madison,Public,Public,42,5,master,42,25900.0,295.0
240453,University of Wisconsin-Milwaukee,Public,Public,42,5,master,42,41000.0,466.0
240471,University of Wisconsin-River Falls,Public,Public,42,5,master,42,33493.0,381.0
240417,University of Wisconsin-Stout,Public,Public,42,5,master,42,31805.0,362.0
156541,University of the Cumberlands,"Private, nonprofit",Private Non-Profit,42,5,master,42,43350.0,493.0
120883,University of the Pacific,"Private, nonprofit",Private Non-Profit,42,6,doctoral,42,94868.0,1079.0
154493,Upper Iowa University,"Private, nonprofit",Private Non-Profit,42,5,master,42,54686.0,622.0
230728,Utah State University,Public,Public,42,5,master,42,20934.0,238.0
152600,Valparaiso University,"Private, nonprofit",Private Non-Profit,42,5,master,42,63264.0,720.0
125231,Walden University,"Private, for-profit",Private For-Profit,42,5,master,42,41000.0,466.0
125231,Walden University,"Private, for-profit",Private For-Profit,42,6,doctoral,42,156798.0,1783.5
162210,Washington Adventist University,"Private, nonprofit",Private Non-Profit,42,5,master,42,46125.0,525.0
229780,Wayland Baptist University,"Private, nonprofit",Private Non-Profit,42,5,master,42,41000.0,466.0
172644,Wayne State University,Public,Public,42,5,master,42,40245.0,458.0
216694,Waynesburg University,"Private, nonprofit",Private Non-Profit,42,5,master,42,40813.0,464.0
179894,Webster University,"Private, nonprofit",Private Non-Profit,42,5,master,42,61283.0,697.0
130776,Western Connecticut State University,Public,Public,42,5,master,42,23203.0,264.0
157951,Western Kentucky University,Public,Public,42,5,master,42,41000.0,466.0
172699,Western Michigan University,Public,Public,42,5,master,42,49498.0,563.0
172699,Western Michigan University,Public,Public,42,6,doctoral,42,68549.0,780.0
168263,Westfield State University,Public,Public,42,5,master,42,36914.0,420.0
149781,Wheaton College,"Private, nonprofit",Private Non-Profit,42,5,master,42,40125.0,456.0
149781,Wheaton College,"Private, nonprofit",Private Non-Profit,42,6,doctoral,42,129614.0,1474.0
216852,Widener University,"Private, nonprofit",Private Non-Profit,42,5,master,42,99000.0,1126.0
216852,Widener University,"Private, nonprofit",Private Non-Profit,42,6,doctoral,42,165000.0,1877.0
231624,William & Mary,Public,Public,42,5,master,42,20500.0,233.0
166717,William James College,"Private, nonprofit",Private Non-Profit,42,5,master,42,64360.0,732.0
166717,William James College,"Private, nonprofit",Private Non-Profit,42,6,doctoral,42,193747.0,2204.0
122728,William Jessup University,"Private, nonprofit",Private Non-Profit,42,5,master,42,41000.0,466.0
218964,Winthrop University,Public,Public,42,5,master,42,42315.0,481.0
206604,Wright State University-Main Campus,Public,Public,42,5,master,42,55825.0,635.0
206604,Wright State University-Main Campus,Public,Public,42,6,doctoral,42,146178.0,1663.0
197708,Yeshiva University,"Private, nonprofit",Private Non-Profit,42,6,doctoral,42,131500.0,1496.0
206695,Youngstown State University,Public,Public,42,5,master,42,41000.0,466.0
128498,Albertus Magnus College,"Private, nonprofit",Private Non-Profit,43,5,master,43,39658.0,451.0
449339,American Public University System,"Private, for-profit",Private For-Profit,43,5,master,43,37857.0,431.0
131159,American University,"Private, nonprofit",Private Non-Profit,43,5,master,43,41000.0,466.0
104151,Arizona State University Campus Immersion,Public,Public,43,5,master,43,36725.5,418.0
483124,Arizona State University Digital Immersion,Public,Public,43,5,master,43,36725.5,418.0
180814,Bellevue University,"Private, nonprofit",Private Non-Profit,43,5,master,43,41000.0,466.0
219718,Bethel University,"Private, nonprofit",Private Non-Profit,43,5,master,43,41000.0,466.0
164988,Boston University,"Private, nonprofit",Private Non-Profit,43,5,master,43,72566.5,825.5
190600,CUNY John Jay College of Criminal Justice,Public,Public,43,5,master,43,25801.0,293.0
110583,California State University-Long Beach,Public,Public,43,5,master,43,27000.0,307.0
110592,California State University-Los Angeles,Public,Public,43,5,master,43,17079.0,194.0
413413,Capella University,"Private, for-profit",Private For-Profit,43,5,master,43,42081.0,479.0
413413,Capella University,"Private, for-profit",Private For-Profit,43,6,doctoral,43,115500.0,1313.5
211431,Carlow University,"Private, nonprofit",Private Non-Profit,43,5,master,43,34166.0,389.0
230852,Champlain College,"Private, nonprofit",Private Non-Profit,43,5,master,43,35971.0,409.0
144005,Chicago State University,Public,Public,43,5,master,43,54493.0,620.0
476975,Colorado State University Global,Public,Public,43,5,master,43,47837.0,544.0
126827,Colorado Technical University-Colorado Springs,"Private, for-profit",Private For-Profit,43,5,master,43,41000.0,466.0
177065,Columbia College,"Private, nonprofit",Private Non-Profit,43,5,master,43,52896.0,602.0
217934,Columbia College,"Private, nonprofit",Private Non-Profit,43,5,master,43,14405.0,164.0
450933,Columbia Southern University,"Private, for-profit",Private For-Profit,43,5,master,43,38330.0,436.0
173328,Concordia University-Saint Paul,"Private, nonprofit",Private Non-Profit,43,5,master,43,24701.0,281.0
212106,Duquesne University,"Private, nonprofit",Private Non-Profit,43,5,master,43,20500.0,233.0
156620,Eastern Kentucky University,Public,Public,43,5,master,43,36016.5,409.5
184603,Fairleigh Dickinson University-Metropolitan Campus,"Private, nonprofit",Private Non-Profit,43,5,master,43,26812.0,305.0
237367,Fairmont State University,Public,Public,43,5,master,43,17850.0,203.0
101189,Faulkner University,"Private, nonprofit",Private Non-Profit,43,5,master,43,20497.0,233.0
169910,Ferris State University,Public,Public,43,5,master,43,23810.0,271.0
133951,Florida International University,Public,Public,43,5,master,43,35094.0,399.5
134097,Florida State University,Public,Public,43,5,master,43,41000.0,466.0
232186,George Mason University,Public,Public,43,5,master,43,41000.0,466.0
131469,George Washington University,"Private, nonprofit",Private Non-Profit,43,5,master,43,50326.0,572.5
131496,Georgetown University,"Private, nonprofit",Private Non-Profit,43,5,master,43,62182.0,707.0
159009,Grambling State University,Public,Public,43,5,master,43,64461.0,733.0
104717,Grand Canyon University,"Private, for-profit",Private For-Profit,43,5,master,43,34588.0,393.0
191621,Hilbert College,"Private, nonprofit",Private Non-Profit,43,5,master,43,21216.0,241.0
151801,Indiana Wesleyan University-Marion,"Private, nonprofit",Private Non-Profit,43,5,master,43,45296.0,515.0
488679,Indiana Wesleyan University-National & Global,"Private, nonprofit",Private Non-Profit,43,5,master,43,45296.0,515.0
242653,Inter American University of Puerto Rico-Metro,"Private, nonprofit",Private Non-Profit,43,5,master,43,20000.0,228.0
191931,Iona University,"Private, nonprofit",Private Non-Profit,43,5,master,43,30861.0,351.0
135081,Keiser University-Ft Lauderdale,"Private, nonprofit",Private Non-Profit,43,5,master,43,61500.0,700.0
203517,Kent State University at Kent,Public,Public,43,5,master,43,38616.0,439.0
226091,Lamar University,Public,Public,43,5,master,43,17207.0,196.0
146612,Lewis University,"Private, nonprofit",Private Non-Profit,43,5,master,43,41000.0,466.0
232557,Liberty University,"Private, nonprofit",Private Non-Profit,43,5,master,43,30969.0,352.0
166692,Massachusetts Maritime Academy,Public,Public,43,5,master,43,33263.0,378.0
159717,McNeese State University,Public,Public,43,5,master,43,36052.0,410.0
171100,Michigan State University,Public,Public,43,5,master,43,29134.0,331.5
193308,Monroe University,"Private, for-profit",Private For-Profit,43,5,master,43,33013.0,376.0
154013,Mount Mercy University,"Private, nonprofit",Private Non-Profit,43,5,master,43,28246.0,321.0
119605,National University,"Private, nonprofit",Private Non-Profit,43,5,master,43,35096.0,399.5
199157,North Carolina Central University,Public,Public,43,5,master,43,49707.0,565.0
207263,Northeastern State University,Public,Public,43,5,master,43,28383.0,323.0
167358,Northeastern University,"Private, nonprofit",Private Non-Profit,43,5,master,43,36067.0,410.0
482705,Northeastern University Professional Programs,"Private, nonprofit",Private Non-Profit,43,5,master,43,36067.0,410.0
136215,Nova Southeastern University,"Private, nonprofit",Private Non-Profit,43,5,master,43,51250.0,583.0
136215,Nova Southeastern University,"Private, nonprofit",Private Non-Profit,43,6,doctoral,43,107358.0,1221.0
194310,Pace University,"Private, nonprofit",Private Non-Profit,43,5,master,43,52769.0,600.0
214777,Pennsylvania State University-Main Campus,Public,Public,43,5,master,43,32931.0,375.0
214713,Pennsylvania State University-Penn State Harrisburg,Public,Public,43,5,master,43,32931.0,375.0
479956,Pennsylvania State University-World Campus,Public,Public,43,5,master,43,32931.0,375.0
498571,Pennsylvania Western University,Public,Public,43,6,doctoral,43,44383.0,505.0
215123,Philadelphia College of Osteopathic Medicine,"Private, nonprofit",Private Non-Profit,43,5,master,43,56055.0,638.0
489779,Purdue University Global,Public,Public,43,5,master,43,38702.5,440.0
231651,Regent University,"Private, nonprofit",Private Non-Profit,43,5,master,43,41000.0,466.0
186371,Rutgers University-Camden,Public,Public,43,5,master,43,30750.0,350.0
186380,Rutgers University-New Brunswick,Public,Public,43,5,master,43,30750.0,350.0
186399,Rutgers University-Newark,Public,Public,43,5,master,43,30750.0,350.0
154235,Saint Ambrose University,"Private, nonprofit",Private Non-Profit,43,5,master,43,22054.0,251.0
137032,Saint Leo University,"Private, nonprofit",Private Non-Profit,43,5,master,43,56375.0,641.0
217536,Salve Regina University,"Private, nonprofit",Private Non-Profit,43,5,master,43,18729.0,213.0
227881,Sam Houston State University,Public,Public,43,5,master,43,32265.0,367.0
236595,Seattle University,"Private, nonprofit",Private Non-Profit,43,5,master,43,41000.0,466.0
480073,South University-Austin,"Private, for-profit",Private For-Profit,43,5,master,43,41000.0,466.0
251312,South University-Columbia,"Private, for-profit",Private For-Profit,43,5,master,43,41000.0,466.0
101116,South University-Montgomery,"Private, for-profit",Private For-Profit,43,5,master,43,41000.0,466.0
459259,South University-Richmond,"Private, for-profit",Private For-Profit,43,5,master,43,41000.0,466.0
139579,South University-Savannah,"Private, for-profit",Private For-Profit,43,5,master,43,41000.0,466.0
475121,South University-Savannah Online,"Private, for-profit",Private For-Profit,43,5,master,43,41000.0,466.0
449898,South University-Tampa,"Private, for-profit",Private For-Profit,43,5,master,43,41000.0,466.0
459268,South University-Virginia Beach,"Private, for-profit",Private For-Profit,43,5,master,43,41000.0,466.0
133465,South University-West Palm Beach,"Private, for-profit",Private For-Profit,43,5,master,43,41000.0,466.0
183026,Southern New Hampshire University,"Private, nonprofit",Private Non-Profit,43,5,master,43,39304.0,447.0
440916,Southern University Law Center,Public,Public,43,5,master,43,36250.0,412.0
160621,Southern University and A & M College,Public,Public,43,5,master,43,36250.0,412.0
160630,Southern University at New Orleans,Public,Public,43,5,master,43,48318.0,550.0
195809,St. John's University-New York,"Private, nonprofit",Private Non-Profit,43,5,master,43,29573.0,336.0
164173,Stevenson University,"Private, nonprofit",Private Non-Profit,43,5,master,43,41000.0,466.0
228529,Tarleton State University,Public,Public,43,5,master,43,30573.0,348.0
154022,The University of Arizona Global Campus,"Private, for-profit",Private For-Profit,43,5,master,43,41000.0,466.0
228769,The University of Texas at Arlington,Public,Public,43,5,master,43,36251.0,412.0
229027,The University of Texas at San Antonio,Public,Public,43,5,master,43,38942.0,443.0
206048,Tiffin University,"Private, nonprofit",Private Non-Profit,43,5,master,43,30405.0,346.0
152567,Trine University,"Private, nonprofit",Private Non-Profit,43,5,master,43,22500.0,256.0
414878,Trine University-Regional/Non-Traditional Campuses,"Private, nonprofit",Private Non-Profit,43,5,master,43,22500.0,256.0
102368,Troy University,Public,Public,43,5,master,43,47711.0,543.0
160755,Tulane University of Louisiana,"Private, nonprofit",Private Non-Profit,43,5,master,43,26350.0,300.0
243346,Universidad Ana G. Mendez-Carolina Campus,"Private, nonprofit",Private Non-Profit,43,5,master,43,40321.0,459.0
243601,Universidad Ana G. Mendez-Gurabo Campus,"Private, nonprofit",Private Non-Profit,43,5,master,43,37819.0,430.0
161873,University of Baltimore,Public,Public,43,5,master,43,41175.0,468.0
132903,University of Central Florida,Public,Public,43,5,master,43,39367.0,448.0
176965,University of Central Missouri,Public,Public,43,5,master,43,36946.0,420.0
144050,University of Chicago,"Private, nonprofit",Private Non-Profit,43,5,master,43,59772.0,680.0
201885,University of Cincinnati-Main Campus,Public,Public,43,5,master,43,38151.0,434.0
225432,University of Houston-Downtown,Public,Public,43,5,master,43,40760.0,464.0
157289,University of Louisville,Public,Public,43,5,master,43,30500.0,347.0
163204,University of Maryland Global Campus,Public,Public,43,5,master,43,39520.0,450.0
166513,University of Massachusetts-Lowell,Public,Public,43,5,master,43,20500.0,233.0
181394,University of Nebraska at Omaha,Public,Public,43,5,master,43,39068.0,444.0
129941,University of New Haven,"Private, nonprofit",Private Non-Profit,43,5,master,43,38094.0,433.5
484613,University of Phoenix-Arizona,"Private, for-profit",Private For-Profit,43,5,master,43,33238.0,378.0
484631,University of Phoenix-California,"Private, for-profit",Private For-Profit,43,5,master,43,33238.0,378.0
122436,University of San Diego,"Private, nonprofit",Private Non-Profit,43,5,master,43,39997.5,455.0
137351,University of South Florida,Public,Public,43,5,master,43,30034.5,341.5
240462,University of Wisconsin-Platteville,Public,Public,43,5,master,43,31763.0,361.0
156541,University of the Cumberlands,"Private, nonprofit",Private Non-Profit,43,5,master,43,27405.0,312.0
197045,Utica University,"Private, nonprofit",Private Non-Profit,43,5,master,43,37052.5,421.5
125231,Walden University,"Private, for-profit",Private For-Profit,43,5,master,43,42985.5,489.0
125231,Walden University,"Private, for-profit",Private For-Profit,43,6,doctoral,43,102504.0,1166.0
172644,Wayne State University,Public,Public,43,5,master,43,32746.0,372.0
238032,West Virginia University,Public,Public,43,5,master,43,29500.0,336.0
149772,Western Illinois University,Public,Public,43,5,master,43,36796.0,419.0
156125,Wichita State University,Public,Public,43,5,master,43,26994.0,307.0
131113,Wilmington University,"Private, nonprofit",Private Non-Profit,43,5,master,43,30029.0,341.5
206622,Xavier University,"Private, nonprofit",Private Non-Profit,43,5,master,43,30750.0,350.0
188429,Adelphi University,"Private, nonprofit",Private Non-Profit,44,5,master,44,50286.0,572.0
100654,Alabama A & M University,Public,Public,44,5,master,44,41000.0,466.0
138716,Albany State University,Public,Public,44,5,master,44,31155.0,354.0
188641,Alfred University,"Private, nonprofit",Private Non-Profit,44,5,master,44,19140.0,218.0
449339,American Public University System,"Private, for-profit",Private For-Profit,44,5,master,44,43726.0,497.0
131159,American University,"Private, nonprofit",Private Non-Profit,44,5,master,44,54993.0,625.5
168740,Andrews University,"Private, nonprofit",Private Non-Profit,44,5,master,44,61500.0,700.0
164492,Anna Maria College,"Private, nonprofit",Private Non-Profit,44,5,master,44,24079.5,274.0
197869,Appalachian State University,Public,Public,44,5,master,44,21342.5,243.0
104151,Arizona State University Campus Immersion,Public,Public,44,5,master,44,50603.5,575.5
483124,Arizona State University Digital Immersion,Public,Public,44,5,master,44,50603.5,575.5
106458,Arkansas State University,Public,Public,44,5,master,44,31713.0,361.0
173045,Augsburg University,"Private, nonprofit",Private Non-Profit,44,5,master,44,39933.0,454.0
482149,Augusta University,Public,Public,44,5,master,44,31699.0,361.0
143118,Aurora University,"Private, nonprofit",Private Non-Profit,44,5,master,44,30695.0,349.0
219602,Austin Peay State University,Public,Public,44,5,master,44,20500.0,233.0
109785,Azusa Pacific University,"Private, nonprofit",Private Non-Profit,44,5,master,44,48971.0,557.0
132471,Barry University,"Private, nonprofit",Private Non-Profit,44,5,master,44,41000.0,466.0
223232,Baylor University,"Private, nonprofit",Private Non-Profit,44,5,master,44,37754.0,429.0
175421,Belhaven University,"Private, nonprofit",Private Non-Profit,44,5,master,44,44784.0,509.0
180814,Bellevue University,"Private, nonprofit",Private Non-Profit,44,5,master,44,38286.0,436.0
196079,Binghamton University,Public,Public,44,5,master,44,34750.0,395.0
142115,Boise State University,Public,Public,44,5,master,44,26301.0,299.0
164924,Boston College,"Private, nonprofit",Private Non-Profit,44,5,master,44,51250.0,583.0
164988,Boston University,"Private, nonprofit",Private Non-Profit,44,5,master,44,53395.0,607.0
162007,Bowie State University,Public,Public,44,5,master,44,39924.0,454.0
201441,Bowling Green State University-Main Campus,Public,Public,44,5,master,44,39253.0,447.0
165015,Brandeis University,"Private, nonprofit",Private Non-Profit,44,5,master,44,41000.0,466.0
156356,Brescia University,"Private, nonprofit",Private Non-Profit,44,5,master,44,26796.0,305.0
165024,Bridgewater State University,Public,Public,44,5,master,44,40772.0,464.0
230038,Brigham Young University,"Private, nonprofit",Private Non-Profit,44,5,master,44,21000.0,238.5
217156,Brown University,"Private, nonprofit",Private Non-Profit,44,5,master,44,47500.0,540.0
211273,Bryn Mawr College,"Private, nonprofit",Private Non-Profit,44,5,master,44,39516.0,450.0
190512,CUNY Bernard M Baruch College,Public,Public,44,5,master,44,27150.0,309.0
190594,CUNY Hunter College,Public,Public,44,5,master,44,41000.0,466.0
190600,CUNY John Jay College of Criminal Justice,Public,Public,44,5,master,44,34350.0,391.0
190637,CUNY Lehman College,Public,Public,44,5,master,44,29986.0,341.0
190691,CUNY York College,Public,Public,44,5,master,44,20500.0,233.0
110361,California Baptist University,"Private, nonprofit",Private Non-Profit,44,5,master,44,36000.5,409.5
115755,California State Polytechnic University-Humboldt,Public,Public,44,5,master,44,29654.0,337.0
110538,California State University-Chico,Public,Public,44,5,master,44,18968.0,216.0
110547,California State University-Dominguez Hills,Public,Public,44,5,master,44,39775.0,452.5
110574,California State University-East Bay,Public,Public,44,5,master,44,35447.0,403.5
110556,California State University-Fresno,Public,Public,44,5,master,44,23688.0,269.0
110565,California State University-Fullerton,Public,Public,44,5,master,44,31100.0,354.0
110583,California State University-Long Beach,Public,Public,44,5,master,44,26775.0,304.5
110592,California State University-Los Angeles,Public,Public,44,5,master,44,29646.0,337.5
409698,California State University-Monterey Bay,Public,Public,44,5,master,44,25500.0,290.0
110608,California State University-Northridge,Public,Public,44,5,master,44,34651.0,394.5
110617,California State University-Sacramento,Public,Public,44,5,master,44,33556.0,382.0
110510,California State University-San Bernardino,Public,Public,44,5,master,44,37200.0,423.0
366711,California State University-San Marcos,Public,Public,44,5,master,44,41000.0,466.0
110495,California State University-Stanislaus,Public,Public,44,5,master,44,35500.0,404.0
156365,Campbellsville University,"Private, nonprofit",Private Non-Profit,44,5,master,44,27275.0,310.0
413413,Capella University,"Private, for-profit",Private For-Profit,44,5,master,44,40561.0,461.0
413413,Capella University,"Private, for-profit",Private For-Profit,44,6,doctoral,44,94756.0,1078.0
211440,Carnegie Mellon University,"Private, nonprofit",Private Non-Profit,44,5,master,44,40886.0,465.0
201645,Case Western Reserve University,"Private, nonprofit",Private Non-Profit,44,5,master,44,95735.0,1089.0
169248,Central Michigan University,Public,Public,44,5,master,44,35575.0,405.0
211583,Chestnut Hill College,"Private, nonprofit",Private Non-Profit,44,5,master,44,41000.0,466.0
144005,Chicago State University,Public,Public,44,5,master,44,66359.0,755.0
138947,Clark Atlanta University,"Private, nonprofit",Private Non-Profit,44,5,master,44,66031.5,751.0
153126,Clarke University,"Private, nonprofit",Private Non-Profit,44,5,master,44,35850.0,408.0
217882,Clemson University,Public,Public,44,5,master,44,46000.0,523.0
202134,Cleveland State University,Public,Public,44,5,master,44,32250.0,367.0
217819,College of Charleston,Public,Public,44,5,master,44,40493.0,461.0
190558,College of Staten Island CUNY,Public,Public,44,5,master,44,31250.0,355.0
126818,Colorado State University-Fort Collins,Public,Public,44,5,master,44,40400.0,460.0
450933,Columbia Southern University,"Private, for-profit",Private For-Profit,44,5,master,44,40144.0,457.0
190150,Columbia University in the City of New York,"Private, nonprofit",Private Non-Profit,44,5,master,44,76575.0,871.0
237330,Concord University,Public,Public,44,5,master,44,26750.0,304.0
144351,Concordia University-Chicago,"Private, nonprofit",Private Non-Profit,44,5,master,44,37433.0,426.0
173328,Concordia University-Saint Paul,"Private, nonprofit",Private Non-Profit,44,5,master,44,41000.0,466.0
190415,Cornell University,"Private, nonprofit",Private Non-Profit,44,5,master,44,51608.0,587.0
190725,Daemen University,"Private, nonprofit",Private Non-Profit,44,5,master,44,20500.0,233.0
144740,DePaul University,"Private, nonprofit",Private Non-Profit,44,5,master,44,57695.0,656.5
130934,Delaware State University,Public,Public,44,5,master,44,31272.0,356.0
148496,Dominican University,"Private, nonprofit",Private Non-Profit,44,5,master,44,41167.0,468.0
153269,Drake University,"Private, nonprofit",Private Non-Profit,44,5,master,44,20075.0,228.0
198419,Duke University,"Private, nonprofit",Private Non-Profit,44,5,master,44,66331.0,755.0
198464,East Carolina University,Public,Public,44,5,master,44,29026.0,330.0
207041,East Central University,Public,Public,44,5,master,44,40270.0,458.0
220075,East Tennessee State University,Public,Public,44,5,master,44,44220.0,503.0
224554,East Texas A&M University,Public,Public,44,5,master,44,22727.0,259.0
156620,Eastern Kentucky University,Public,Public,44,5,master,44,35323.0,402.0
169798,Eastern Michigan University,Public,Public,44,5,master,44,45844.0,521.0
235097,Eastern Washington University,Public,Public,44,5,master,44,40783.0,464.0
184694,Fairleigh Dickinson University-Florham Campus,"Private, nonprofit",Private Non-Profit,44,5,master,44,41000.0,466.0
184603,Fairleigh Dickinson University-Metropolitan Campus,"Private, nonprofit",Private Non-Profit,44,5,master,44,41000.0,466.0
198543,Fayetteville State University,Public,Public,44,5,master,44,32182.0,366.0
169910,Ferris State University,Public,Public,44,5,master,44,24600.0,280.0
133650,Florida Agricultural and Mechanical University,Public,Public,44,5,master,44,41000.0,466.0
433660,Florida Gulf Coast University,Public,Public,44,5,master,44,25500.0,290.0
133951,Florida International University,Public,Public,44,5,master,44,38413.0,437.0
134097,Florida State University,Public,Public,44,5,master,44,26000.0,296.0
191241,Fordham University,"Private, nonprofit",Private Non-Profit,44,5,master,44,50500.0,574.0
202806,Franklin University,"Private, nonprofit",Private Non-Profit,44,5,master,44,39532.0,450.0
131450,Gallaudet University,"Private, nonprofit",Private Non-Profit,44,5,master,44,34922.0,397.0
208822,George Fox University,"Private, nonprofit",Private Non-Profit,44,5,master,44,35500.0,404.0
232186,George Mason University,Public,Public,44,5,master,44,41000.0,466.0
131469,George Washington University,"Private, nonprofit",Private Non-Profit,44,5,master,44,50110.5,570.0
131496,Georgetown University,"Private, nonprofit",Private Non-Profit,44,5,master,44,99635.0,1133.0
139940,Georgia State University,Public,Public,44,5,master,44,32500.0,370.0
115083,Golden Gate University,"Private, nonprofit",Private Non-Profit,44,5,master,44,41000.0,466.0
145336,Governors State University,Public,Public,44,5,master,44,41000.0,466.0
159009,Grambling State University,Public,Public,44,5,master,44,63238.0,719.5
104717,Grand Canyon University,"Private, for-profit",Private For-Profit,44,5,master,44,33315.0,379.0
170082,Grand Valley State University,Public,Public,44,5,master,44,38722.0,440.5
173665,Hamline University,"Private, nonprofit",Private Non-Profit,44,5,master,44,33398.0,380.0
166027,Harvard University,"Private, nonprofit",Private Non-Profit,44,5,master,44,70605.0,803.0
131520,Howard University,"Private, nonprofit",Private Non-Profit,44,5,master,44,86750.0,987.0
142276,Idaho State University,Public,Public,44,5,master,44,20500.0,233.0
145813,Illinois State University,Public,Public,44,5,master,44,31382.0,357.0
151351,Indiana University-Bloomington,Public,Public,44,5,master,44,36248.5,412.0
151111,Indiana University-Indianapolis,Public,Public,44,5,master,44,33903.0,385.5
151360,Indiana University-Northwest,Public,Public,44,5,master,44,38890.0,442.0
151342,Indiana University-South Bend,Public,Public,44,5,master,44,31271.0,356.0
151801,Indiana Wesleyan University-Marion,"Private, nonprofit",Private Non-Profit,44,5,master,44,43124.5,491.0
488679,Indiana Wesleyan University-National & Global,"Private, nonprofit",Private Non-Profit,44,5,master,44,43124.5,491.0
242653,Inter American University of Puerto Rico-Metro,"Private, nonprofit",Private Non-Profit,44,5,master,44,20500.0,233.0
175856,Jackson State University,Public,Public,44,5,master,44,61500.0,700.0
101480,Jacksonville State University,Public,Public,44,5,master,44,31841.0,362.0
162928,Johns Hopkins University,"Private, nonprofit",Private Non-Profit,44,5,master,44,35707.5,406.0
198756,Johnson C Smith University,"Private, nonprofit",Private Non-Profit,44,5,master,44,41000.0,466.0
185262,Kean University,Public,Public,44,5,master,44,41000.0,466.0
486840,Kennesaw State University,Public,Public,44,5,master,44,39750.0,452.0
203517,Kent State University at Kent,Public,Public,44,5,master,44,35655.0,406.0
192192,Keuka College,"Private, nonprofit",Private Non-Profit,44,5,master,44,41000.0,466.0
213349,Kutztown University of Pennsylvania,Public,Public,44,5,master,44,41000.0,466.0
198835,Lenoir-Rhyne University,"Private, nonprofit",Private Non-Profit,44,5,master,44,33755.0,384.0
146612,Lewis University,"Private, nonprofit",Private Non-Profit,44,5,master,44,20500.0,233.0
232557,Liberty University,"Private, nonprofit",Private Non-Profit,44,5,master,44,29275.0,333.0
213598,Lincoln University,Public,Public,44,5,master,44,27573.0,314.0
117636,Loma Linda University,"Private, nonprofit",Private Non-Profit,44,5,master,44,61500.0,700.0
192448,Long Island University,"Private, nonprofit",Private Non-Profit,44,5,master,44,69411.0,790.0
159391,Louisiana State University and Agricultural & Mechanical College,Public,Public,44,5,master,44,37946.5,431.5
146719,Loyola University Chicago,"Private, nonprofit",Private Non-Profit,44,5,master,44,59888.0,681.0
170806,Madonna University,"Private, nonprofit",Private Non-Profit,44,5,master,44,25500.0,290.0
192819,Marist University,"Private, nonprofit",Private Non-Profit,44,5,master,44,30625.0,348.0
237525,Marshall University,Public,Public,44,5,master,44,23077.0,263.0
213826,Marywood University,"Private, nonprofit",Private Non-Profit,44,5,master,44,51250.0,583.0
166850,Merrimack College,"Private, nonprofit",Private Non-Profit,44,5,master,44,20500.0,233.0
174020,Metropolitan State University,Public,Public,44,5,master,44,40966.0,466.0
127565,Metropolitan State University of Denver,Public,Public,44,5,master,44,38640.0,440.0
204024,Miami University-Oxford,Public,Public,44,5,master,44,32232.0,367.0
171100,Michigan State University,Public,Public,44,5,master,44,53886.0,613.0
220978,Middle Tennessee State University,Public,Public,44,5,master,44,20374.0,232.0
230959,Middlebury College,"Private, nonprofit",Private Non-Profit,44,5,master,44,80881.0,920.0
119058,Middlebury Institute of International Studies at Monterey,"Private, nonprofit",Private Non-Profit,44,5,master,44,80881.0,920.0
214041,Millersville University of Pennsylvania,Public,Public,44,5,master,44,25678.0,292.0
173920,Minnesota State University-Mankato,Public,Public,44,5,master,44,27558.0,313.0
179566,Missouri State University-Springfield,Public,Public,44,5,master,44,25296.0,288.0
185572,Monmouth University,"Private, nonprofit",Private Non-Profit,44,5,master,44,41000.0,466.0
185590,Montclair State University,Public,Public,44,5,master,44,35842.0,408.0
163453,Morgan State University,Public,Public,44,5,master,44,41000.0,466.0
157401,Murray State University,Public,Public,44,5,master,44,39986.0,455.0
119605,National University,"Private, nonprofit",Private Non-Profit,44,5,master,44,33712.0,383.0
193584,Nazareth University,"Private, nonprofit",Private Non-Profit,44,5,master,44,40750.0,464.0
188030,New Mexico State University-Main Campus,Public,Public,44,5,master,44,29153.0,332.0
193900,New York University,"Private, nonprofit",Private Non-Profit,44,5,master,44,76871.0,874.5
155335,Newman University,"Private, nonprofit",Private Non-Profit,44,5,master,44,51406.0,585.0
232937,Norfolk State University,Public,Public,44,5,master,44,41000.0,466.0
199102,North Carolina A & T State University,Public,Public,44,5,master,44,27260.0,310.0
199157,North Carolina Central University,Public,Public,44,5,master,44,53073.0,603.5
199193,North Carolina State University at Raleigh,Public,Public,44,5,master,44,32470.0,369.5
147776,Northeastern Illinois University,Public,Public,44,5,master,44,19914.0,227.0
207263,Northeastern State University,Public,Public,44,5,master,44,20000.0,228.0
167358,Northeastern University,"Private, nonprofit",Private Non-Profit,44,5,master,44,41000.0,466.0
482705,Northeastern University Professional Programs,"Private, nonprofit",Private Non-Profit,44,5,master,44,41000.0,466.0
105330,Northern Arizona University,Public,Public,44,5,master,44,30756.0,350.0
147703,Northern Illinois University,Public,Public,44,5,master,44,30500.0,347.0
157447,Northern Kentucky University,Public,Public,44,5,master,44,32038.0,364.0
142461,Northwest Nazarene University,"Private, nonprofit",Private Non-Profit,44,5,master,44,47834.0,544.0
147767,Northwestern University,"Private, nonprofit",Private Non-Profit,44,5,master,44,56789.5,646.0
230995,Norwich University,"Private, nonprofit",Private Non-Profit,44,5,master,44,39094.0,445.0
136215,Nova Southeastern University,"Private, nonprofit",Private Non-Profit,44,5,master,44,60985.0,694.0
171571,Oakland University,Public,Public,44,5,master,44,46967.0,534.0
204796,Ohio State University-Main Campus,Public,Public,44,5,master,44,35834.5,407.5
204857,Ohio University-Main Campus,Public,Public,44,5,master,44,30750.0,349.5
232982,Old Dominion University,Public,Public,44,5,master,44,39794.0,453.0
227331,Our Lady of the Lake University,"Private, nonprofit",Private Non-Profit,44,5,master,44,53897.0,613.0
209612,Pacific University,"Private, nonprofit",Private Non-Profit,44,5,master,44,70328.0,800.0
178721,Park University,"Private, nonprofit",Private Non-Profit,44,5,master,44,35253.0,401.0
214777,Pennsylvania State University-Main Campus,Public,Public,44,5,master,44,44968.5,511.5
214713,Pennsylvania State University-Penn State Harrisburg,Public,Public,44,5,master,44,41000.0,466.0
479956,Pennsylvania State University-World Campus,Public,Public,44,5,master,44,44968.5,511.5
498571,Pennsylvania Western University,Public,Public,44,5,master,44,40697.0,463.0
121150,Pepperdine University,"Private, nonprofit",Private Non-Profit,44,5,master,44,60660.0,690.0
209807,Portland State University,Public,Public,44,5,master,44,44392.0,505.0
130183,Post University,"Private, for-profit",Private For-Profit,44,5,master,44,54814.0,623.5
489779,Purdue University Global,Public,Public,44,5,master,44,46896.5,533.5
130226,Quinnipiac University,"Private, nonprofit",Private Non-Profit,44,5,master,44,54800.0,623.0
233277,Radford University,Public,Public,44,5,master,44,41000.0,466.0
186201,Ramapo College of New Jersey,Public,Public,44,5,master,44,40750.0,464.0
217420,Rhode Island College,Public,Public,44,5,master,44,32666.0,372.0
194958,Roberts Wesleyan University,"Private, nonprofit",Private Non-Profit,44,5,master,44,38717.0,440.0
217518,Roger Williams University,"Private, nonprofit",Private Non-Profit,44,5,master,44,34500.0,392.0
186371,Rutgers University-Camden,Public,Public,44,5,master,44,41000.0,466.0
186380,Rutgers University-New Brunswick,Public,Public,44,5,master,44,41000.0,466.0
186399,Rutgers University-Newark,Public,Public,44,5,master,44,44452.5,505.5
196121,SUNY Brockport,Public,Public,44,5,master,44,31443.0,358.0
130253,Sacred Heart University,"Private, nonprofit",Private Non-Profit,44,5,master,44,41000.0,466.0
172051,Saginaw Valley State University,Public,Public,44,5,master,44,31793.5,362.0
154235,Saint Ambrose University,"Private, nonprofit",Private Non-Profit,44,5,master,44,43492.0,495.0
174783,Saint Cloud State University,Public,Public,44,5,master,44,23636.0,269.0
137032,Saint Leo University,"Private, nonprofit",Private Non-Profit,44,5,master,44,57174.5,650.0
179159,Saint Louis University,"Private, nonprofit",Private Non-Profit,44,5,master,44,53322.0,607.0
167729,Salem State University,Public,Public,44,5,master,44,40594.0,462.0
163851,Salisbury University,Public,Public,44,5,master,44,29730.0,338.0
102049,Samford University,"Private, nonprofit",Private Non-Profit,44,5,master,44,46834.0,533.0
122409,San Diego State University,Public,Public,44,5,master,44,25336.5,288.5
122597,San Francisco State University,Public,Public,44,5,master,44,24776.0,281.5
140960,Savannah State University,Public,Public,44,5,master,44,41000.0,466.0
236595,Seattle University,"Private, nonprofit",Private Non-Profit,44,5,master,44,45674.5,520.0
186584,Seton Hall University,"Private, nonprofit",Private Non-Profit,44,5,master,44,60500.0,688.0
216010,Shippensburg University of Pennsylvania,Public,Public,44,5,master,44,28606.0,325.0
167783,Simmons University,"Private, nonprofit",Private Non-Profit,44,5,master,44,81180.0,923.0
167835,Smith College,"Private, nonprofit",Private Non-Profit,44,5,master,44,60256.0,685.0
251312,South University-Columbia,"Private, for-profit",Private For-Profit,44,5,master,44,52542.0,598.0
101116,South University-Montgomery,"Private, for-profit",Private For-Profit,44,5,master,44,52542.0,598.0
139579,South University-Savannah,"Private, for-profit",Private For-Profit,44,5,master,44,52542.0,598.0
475121,South University-Savannah Online,"Private, for-profit",Private For-Profit,44,5,master,44,52542.0,598.0
459268,South University-Virginia Beach,"Private, for-profit",Private For-Profit,44,5,master,44,52542.0,598.0
137564,Southeastern University,"Private, nonprofit",Private Non-Profit,44,5,master,44,20500.0,233.0
221661,Southern Adventist University,"Private, nonprofit",Private Non-Profit,44,5,master,44,30750.0,350.0
130493,Southern Connecticut State University,Public,Public,44,5,master,44,41000.0,466.0
149231,Southern Illinois University Edwardsville,Public,Public,44,5,master,44,27953.5,318.0
149222,Southern Illinois University-Carbondale,Public,Public,44,5,master,44,29951.0,341.0
440916,Southern University Law Center,Public,Public,44,5,master,44,45137.0,513.0
160621,Southern University and A & M College,Public,Public,44,5,master,44,45137.0,513.0
160630,Southern University at New Orleans,Public,Public,44,5,master,44,41000.0,466.0
230603,Southern Utah University,Public,Public,44,5,master,44,17000.0,193.0
157757,Spalding University,"Private, nonprofit",Private Non-Profit,44,5,master,44,31688.0,360.0
172334,Spring Arbor University,"Private, nonprofit",Private Non-Profit,44,5,master,44,20500.0,233.0
167899,Springfield College,"Private, nonprofit",Private Non-Profit,44,5,master,44,51250.0,583.0
195544,St. Joseph's University-New York,"Private, nonprofit",Private Non-Profit,44,5,master,44,39275.0,447.0
228431,Stephen F Austin State University,Public,Public,44,5,master,44,23906.0,272.0
186876,Stockton University,Public,Public,44,5,master,44,20500.0,233.0
196097,Stony Brook University,Public,Public,44,5,master,44,28207.0,321.0
450377,Strayer University-Alabama,"Private, for-profit",Private For-Profit,44,5,master,44,81723.0,930.0
458885,Strayer University-Arkansas,"Private, for-profit",Private For-Profit,44,5,master,44,81723.0,930.0
450298,Strayer University-Delaware,"Private, for-profit",Private For-Profit,44,5,master,44,81723.0,930.0
131803,Strayer University-District of Columbia,"Private, for-profit",Private For-Profit,44,5,master,44,81723.0,930.0
449038,Strayer University-Florida,"Private, for-profit",Private For-Profit,44,5,master,44,81723.0,930.0
458919,Strayer University-Georgia,"Private, for-profit",Private For-Profit,44,5,master,44,81723.0,930.0
459994,Strayer University-Global Region,"Private, for-profit",Private For-Profit,44,5,master,44,81723.0,930.0
430184,Strayer University-Maryland,"Private, for-profit",Private For-Profit,44,5,master,44,81723.0,930.0
458955,Strayer University-Mississippi,"Private, for-profit",Private For-Profit,44,5,master,44,81723.0,930.0
453215,Strayer University-New Jersey,"Private, for-profit",Private For-Profit,44,5,master,44,81723.0,930.0
453163,Strayer University-North Carolina,"Private, for-profit",Private For-Profit,44,5,master,44,81723.0,930.0
443784,Strayer University-Pennsylvania,"Private, for-profit",Private For-Profit,44,5,master,44,81723.0,930.0
458964,Strayer University-South Carolina,"Private, for-profit",Private For-Profit,44,5,master,44,81723.0,930.0
443766,Strayer University-Tennessee,"Private, for-profit",Private For-Profit,44,5,master,44,81723.0,930.0
458973,Strayer University-Texas,"Private, for-profit",Private For-Profit,44,5,master,44,81723.0,930.0
233684,Strayer University-Virginia,"Private, for-profit",Private For-Profit,44,5,master,44,81723.0,930.0
456621,Strayer University-West Virginia,"Private, for-profit",Private For-Profit,44,5,master,44,81723.0,930.0
168005,Suffolk University,"Private, nonprofit",Private Non-Profit,44,5,master,44,41000.0,466.0
196413,Syracuse University,"Private, nonprofit",Private Non-Profit,44,5,master,44,57134.5,650.0
228529,Tarleton State University,Public,Public,44,5,master,44,28098.5,319.5
196468,Teachers College at Columbia University,"Private, nonprofit",Private Non-Profit,44,5,master,44,41599.0,473.0
216339,Temple University,Public,Public,44,5,master,44,43889.5,499.5
221838,Tennessee State University,Public,Public,44,5,master,44,36290.0,413.0
224147,Texas A & M University-Corpus Christi,Public,Public,44,5,master,44,37812.0,430.0
228723,Texas A&M University-College Station,Public,Public,44,5,master,44,33765.0,384.0
228705,Texas A&M University-Kingsville,Public,Public,44,5,master,44,22585.0,257.0
229063,Texas Southern University,Public,Public,44,5,master,44,52147.0,593.0
228459,Texas State University,Public,Public,44,5,master,44,26581.0,302.0
229115,Texas Tech University,Public,Public,44,5,master,44,25650.0,292.0
195234,The College of Saint Rose,"Private, nonprofit",Private Non-Profit,44,5,master,44,20500.0,233.0
174899,The College of Saint Scholastica,"Private, nonprofit",Private Non-Profit,44,5,master,44,40097.0,456.0
193654,The New School,"Private, nonprofit",Private Non-Profit,44,5,master,44,61796.0,703.0
100751,The University of Alabama,Public,Public,44,5,master,44,30750.0,350.0
154022,The University of Arizona Global Campus,"Private, for-profit",Private For-Profit,44,5,master,44,35875.0,408.0
180489,The University of Montana,Public,Public,44,5,master,44,40013.5,455.5
221740,The University of Tennessee-Chattanooga,Public,Public,44,5,master,44,39484.0,449.0
221759,The University of Tennessee-Knoxville,Public,Public,44,5,master,44,39967.0,455.0
227368,The University of Texas Rio Grande Valley,Public,Public,44,5,master,44,20632.5,235.0
228769,The University of Texas at Arlington,Public,Public,44,5,master,44,31942.0,363.0
228778,The University of Texas at Austin,Public,Public,44,5,master,44,38937.5,443.0
229027,The University of Texas at San Antonio,Public,Public,44,5,master,44,43820.5,498.5
196592,Touro University,"Private, nonprofit",Private Non-Profit,44,5,master,44,61500.0,700.0
459727,Touro University Worldwide,"Private, nonprofit",Private Non-Profit,44,5,master,44,20500.0,233.0
102368,Troy University,Public,Public,44,5,master,44,36317.5,413.0
160755,Tulane University of Louisiana,"Private, nonprofit",Private Non-Profit,44,5,master,44,69307.0,788.0
221971,Union University,"Private, nonprofit",Private Non-Profit,44,5,master,44,39435.0,449.0
243346,Universidad Ana G. Mendez-Carolina Campus,"Private, nonprofit",Private Non-Profit,44,5,master,44,40580.0,462.0
243601,Universidad Ana G. Mendez-Gurabo Campus,"Private, nonprofit",Private Non-Profit,44,5,master,44,20500.0,233.0
196060,University at Albany,Public,Public,44,5,master,44,32737.0,372.5
196088,University at Buffalo,Public,Public,44,5,master,44,41000.0,466.0
200800,University of Akron Main Campus,Public,Public,44,5,master,44,37500.0,427.0
100663,University of Alabama at Birmingham,Public,Public,44,5,master,44,36487.0,415.0
102553,University of Alaska Anchorage,Public,Public,44,5,master,44,34773.0,396.0
104179,University of Arizona,Public,Public,44,5,master,44,34798.0,396.0
106397,University of Arkansas,Public,Public,44,5,master,44,26170.0,298.0
106245,University of Arkansas at Little Rock,Public,Public,44,5,master,44,31473.0,358.0
161873,University of Baltimore,Public,Public,44,5,master,44,61500.0,700.0
110653,University of California-Irvine,Public,Public,44,5,master,44,41000.0,466.0
110662,University of California-Los Angeles,Public,Public,44,5,master,44,47291.5,538.0
110671,University of California-Riverside,Public,Public,44,5,master,44,41775.0,475.0
110680,University of California-San Diego,Public,Public,44,5,master,44,33242.0,378.0
132903,University of Central Florida,Public,Public,44,5,master,44,37943.5,431.5
144050,University of Chicago,"Private, nonprofit",Private Non-Profit,44,5,master,44,77272.5,879.0
201885,University of Cincinnati-Main Campus,Public,Public,44,5,master,44,38950.0,443.0
126580,University of Colorado Colorado Springs,Public,Public,44,5,master,44,47944.0,545.0
126562,University of Colorado Denver/Anschutz Medical Campus,Public,Public,44,5,master,44,32448.0,369.0
129020,University of Connecticut,Public,Public,44,5,master,44,34659.0,394.0
436827,University of Connecticut-Avery Point,Public,Public,44,5,master,44,34659.0,394.0
463056,University of Connecticut-Hartford Campus,Public,Public,44,5,master,44,34659.0,394.0
436836,University of Connecticut-Stamford,Public,Public,44,5,master,44,34659.0,394.0
436818,University of Connecticut-Waterbury Campus,Public,Public,44,5,master,44,34659.0,394.0
127060,University of Denver,"Private, nonprofit",Private Non-Profit,44,5,master,44,79000.0,899.0
139959,University of Georgia,Public,Public,44,5,master,44,35049.0,398.5
141574,University of Hawaii at Manoa,Public,Public,44,5,master,44,35797.0,407.0
225511,University of Houston,Public,Public,44,5,master,44,39264.0,447.0
145600,University of Illinois Chicago,Public,Public,44,5,master,44,38453.5,437.0
148654,University of Illinois Springfield,Public,Public,44,5,master,44,36014.0,410.0
145637,University of Illinois Urbana-Champaign,Public,Public,44,5,master,44,45732.0,520.0
151263,University of Indianapolis,"Private, nonprofit",Private Non-Profit,44,5,master,44,36189.0,412.0
153658,University of Iowa,Public,Public,44,5,master,44,43291.0,492.0
155317,University of Kansas,Public,Public,44,5,master,44,30578.5,348.0
157085,University of Kentucky,Public,Public,44,5,master,44,41000.0,466.0
159993,University of Louisiana at Monroe,Public,Public,44,5,master,44,25948.0,295.0
157289,University of Louisville,Public,Public,44,5,master,44,35024.0,398.0
161253,University of Maine,Public,Public,44,5,master,44,41000.0,466.0
163259,"University of Maryland, Baltimore",Public,Public,44,5,master,44,51234.0,583.0
163286,University of Maryland-College Park,Public,Public,44,5,master,44,30821.0,351.0
262086,University of Massachusetts Global,Public,Public,44,5,master,44,34920.0,397.0
220862,University of Memphis,Public,Public,44,5,master,44,48295.0,549.0
135726,University of Miami,"Private, nonprofit",Private Non-Profit,44,5,master,44,87205.0,992.0
170976,University of Michigan-Ann Arbor,Public,Public,44,5,master,44,41000.0,466.0
171146,University of Michigan-Flint,Public,Public,44,5,master,44,41000.0,466.0
174233,University of Minnesota-Duluth,Public,Public,44,5,master,44,37319.0,425.0
174066,University of Minnesota-Twin Cities,Public,Public,44,5,master,44,41000.0,466.0
178396,University of Missouri-Columbia,Public,Public,44,5,master,44,26841.5,305.5
178402,University of Missouri-Kansas City,Public,Public,44,5,master,44,35469.0,403.5
178420,University of Missouri-St Louis,Public,Public,44,5,master,44,35579.0,405.0
181394,University of Nebraska at Omaha,Public,Public,44,5,master,44,29410.0,334.5
182281,University of Nevada-Las Vegas,Public,Public,44,5,master,44,44330.0,504.5
182290,University of Nevada-Reno,Public,Public,44,5,master,44,31938.0,363.0
161457,University of New England,"Private, nonprofit",Private Non-Profit,44,5,master,44,53099.0,604.0
183044,University of New Hampshire-Main Campus,Public,Public,44,5,master,44,51250.0,583.0
187985,University of New Mexico-Main Campus,Public,Public,44,5,master,44,41889.0,476.0
199218,University of North Carolina Wilmington,Public,Public,44,5,master,44,30123.0,342.5
199120,University of North Carolina at Chapel Hill,Public,Public,44,5,master,44,51634.5,587.5
199139,University of North Carolina at Charlotte,Public,Public,44,5,master,44,28534.0,324.5
199148,University of North Carolina at Greensboro,Public,Public,44,5,master,44,22801.5,259.5
199281,University of North Carolina at Pembroke,Public,Public,44,5,master,44,39412.5,448.5
200280,University of North Dakota,Public,Public,44,5,master,44,31000.0,353.0
227216,University of North Texas,Public,Public,44,5,master,44,28370.5,322.5
154095,University of Northern Iowa,Public,Public,44,5,master,44,25795.0,293.0
207500,University of Oklahoma-Norman Campus,Public,Public,44,5,master,44,33203.0,377.5
215062,University of Pennsylvania,"Private, nonprofit",Private Non-Profit,44,5,master,44,53922.5,613.0
484613,University of Phoenix-Arizona,"Private, for-profit",Private For-Profit,44,5,master,44,32572.0,371.0
243221,University of Puerto Rico-Rio Piedras,Public,Public,44,5,master,44,14700.0,167.0
130314,University of Saint Joseph,"Private, nonprofit",Private Non-Profit,44,5,master,44,41000.0,466.0
122612,University of San Francisco,"Private, nonprofit",Private Non-Profit,44,5,master,44,48010.0,546.0
218663,University of South Carolina-Columbia,Public,Public,44,5,master,44,41000.0,466.0
219471,University of South Dakota,Public,Public,44,5,master,44,34542.0,393.0
137351,University of South Florida,Public,Public,44,5,master,44,31525.0,358.5
123961,University of Southern California,"Private, nonprofit",Private Non-Profit,44,5,master,44,78701.5,895.0
123961,University of Southern California,"Private, nonprofit",Private Non-Profit,44,6,doctoral,44,116557.0,1326.0
161554,University of Southern Maine,Public,Public,44,5,master,44,31710.5,360.5
176372,University of Southern Mississippi,Public,Public,44,5,master,44,33632.0,383.0
148584,University of St Francis,"Private, nonprofit",Private Non-Profit,44,5,master,44,35303.0,402.0
174914,University of St Thomas,"Private, nonprofit",Private Non-Profit,44,5,master,44,41000.0,466.0
174914,University of St Thomas,"Private, nonprofit",Private Non-Profit,44,6,doctoral,44,65830.0,749.0
206084,University of Toledo,Public,Public,44,5,master,44,30500.0,347.0
230764,University of Utah,Public,Public,44,5,master,44,27781.5,316.0
231174,University of Vermont,Public,Public,44,5,master,44,55303.0,629.0
234076,University of Virginia-Main Campus,Public,Public,44,5,master,44,37240.0,424.0
377555,University of Washington-Bothell Campus,Public,Public,44,5,master,44,22821.0,260.0
236948,University of Washington-Seattle Campus,Public,Public,44,5,master,44,46652.0,531.0
377564,University of Washington-Tacoma Campus,Public,Public,44,5,master,44,51250.0,583.0
141334,University of West Georgia,Public,Public,44,5,master,44,29312.0,333.0
240277,University of Wisconsin-Green Bay,Public,Public,44,5,master,44,20500.0,233.0
240444,University of Wisconsin-Madison,Public,Public,44,5,master,44,24606.5,280.0
240453,University of Wisconsin-Milwaukee,Public,Public,44,5,master,44,30750.0,350.0
240365,University of Wisconsin-Oshkosh,Public,Public,44,5,master,44,19712.0,224.0
240189,University of Wisconsin-Whitewater,Public,Public,44,5,master,44,20500.0,233.0
120883,University of the Pacific,"Private, nonprofit",Private Non-Profit,44,5,master,44,45850.0,522.0
154493,Upper Iowa University,"Private, nonprofit",Private Non-Profit,44,5,master,44,50069.0,570.0
230728,Utah State University,Public,Public,44,5,master,44,20500.0,233.0
230737,Utah Valley University,Public,Public,44,5,master,44,29164.0,332.0
141264,Valdosta State University,Public,Public,44,5,master,44,40227.5,457.5
221999,Vanderbilt University,"Private, nonprofit",Private Non-Profit,44,5,master,44,40732.0,463.0
216597,Villanova University,"Private, nonprofit",Private Non-Profit,44,5,master,44,38458.0,437.0
234030,Virginia Commonwealth University,Public,Public,44,5,master,44,33802.0,384.5
125231,Walden University,"Private, for-profit",Private For-Profit,44,5,master,44,43814.0,498.0
125231,Walden University,"Private, for-profit",Private For-Profit,44,6,doctoral,44,138500.0,1575.0
236896,Walla Walla University,"Private, nonprofit",Private Non-Profit,44,5,master,44,43141.0,491.0
210304,Warner Pacific University,"Private, nonprofit",Private Non-Profit,44,5,master,44,41000.0,466.0
480198,Warner Pacific University Professional and Graduate Studies,"Private, nonprofit",Private Non-Profit,44,5,master,44,41000.0,466.0
156082,Washburn University,Public,Public,44,5,master,44,35756.0,407.0
179867,Washington University in St Louis,"Private, nonprofit",Private Non-Profit,44,5,master,44,57052.0,649.0
229780,Wayland Baptist University,"Private, nonprofit",Private Non-Profit,44,5,master,44,38823.0,442.0
172644,Wayne State University,Public,Public,44,5,master,44,40250.0,457.5
179894,Webster University,"Private, nonprofit",Private Non-Profit,44,5,master,44,53984.0,614.0
238032,West Virginia University,Public,Public,44,5,master,44,37871.0,431.0
200004,Western Carolina University,Public,Public,44,5,master,44,25903.5,295.0
157951,Western Kentucky University,Public,Public,44,5,master,44,24648.0,280.0
172699,Western Michigan University,Public,Public,44,5,master,44,44318.5,504.5
188304,Western New Mexico University,Public,Public,44,5,master,44,39487.0,449.0
168263,Westfield State University,Public,Public,44,5,master,44,35461.0,403.0
156125,Wichita State University,Public,Public,44,5,master,44,27282.0,310.0
216852,Widener University,"Private, nonprofit",Private Non-Profit,44,5,master,44,82000.0,933.0
131113,Wilmington University,"Private, nonprofit",Private Non-Profit,44,5,master,44,28506.0,324.0
218964,Winthrop University,Public,Public,44,5,master,44,41000.0,466.0
206604,Wright State University-Main Campus,Public,Public,44,5,master,44,31630.5,360.0
197708,Yeshiva University,"Private, nonprofit",Private Non-Profit,44,5,master,44,41678.0,474.0
206695,Youngstown State University,Public,Public,44,5,master,44,35338.0,402.0
449339,American Public University System,"Private, for-profit",Private For-Profit,45,5,master,45,35416.0,403.0
131159,American University,"Private, nonprofit",Private Non-Profit,45,5,master,45,53804.0,612.0
104151,Arizona State University Campus Immersion,Public,Public,45,5,master,45,40642.0,462.0
483124,Arizona State University Digital Immersion,Public,Public,45,5,master,45,40642.0,462.0
109785,Azusa Pacific University,"Private, nonprofit",Private Non-Profit,45,5,master,45,37557.0,427.0
180814,Bellevue University,"Private, nonprofit",Private Non-Profit,45,5,master,45,65092.0,740.0
196079,Binghamton University,Public,Public,45,5,master,45,41000.0,466.0
164988,Boston University,"Private, nonprofit",Private Non-Profit,45,5,master,45,86165.0,980.0
201441,Bowling Green State University-Main Campus,Public,Public,45,5,master,45,26541.0,302.0
165015,Brandeis University,"Private, nonprofit",Private Non-Profit,45,5,master,45,28500.0,324.0
190594,CUNY Hunter College,Public,Public,45,5,master,45,28918.0,329.0
190664,CUNY Queens College,Public,Public,45,5,master,45,27792.0,316.0
110583,California State University-Long Beach,Public,Public,45,5,master,45,20500.0,233.0
110592,California State University-Los Angeles,Public,Public,45,5,master,45,54074.0,615.0
413413,Capella University,"Private, for-profit",Private For-Profit,45,5,master,45,48012.0,546.0
413413,Capella University,"Private, for-profit",Private For-Profit,45,6,doctoral,45,139251.0,1584.0
190150,Columbia University in the City of New York,"Private, nonprofit",Private Non-Profit,45,5,master,45,76879.5,874.5
162283,Coppin State University,Public,Public,45,5,master,45,47114.0,536.0
144740,DePaul University,"Private, nonprofit",Private Non-Profit,45,5,master,45,32951.5,374.5
224554,East Texas A&M University,Public,Public,45,5,master,45,31050.0,353.0
133650,Florida Agricultural and Mechanical University,Public,Public,45,5,master,45,26138.0,297.0
134097,Florida State University,Public,Public,45,5,master,45,24837.5,282.5
232186,George Mason University,Public,Public,45,5,master,45,34250.0,390.0
131469,George Washington University,"Private, nonprofit",Private Non-Profit,45,5,master,45,56634.0,644.0
131496,Georgetown University,"Private, nonprofit",Private Non-Profit,45,5,master,45,69649.0,792.0
139940,Georgia State University,Public,Public,45,5,master,45,35049.0,399.0
159009,Grambling State University,Public,Public,45,5,master,45,55234.0,628.0
213020,Indiana University of Pennsylvania,Public,Public,45,5,master,45,30750.0,350.0
455804,Institute of World Politics,"Private, nonprofit",Private Non-Profit,45,5,master,45,60843.0,692.0
162928,Johns Hopkins University,"Private, nonprofit",Private Non-Profit,45,5,master,45,41000.0,466.0
166391,Lasell University,"Private, nonprofit",Private Non-Profit,45,5,master,45,26165.0,298.0
177968,Lindenwood University,"Private, nonprofit",Private Non-Profit,45,5,master,45,30672.0,349.0
140447,Mercer University,"Private, nonprofit",Private Non-Profit,45,5,master,45,34167.0,389.0
230959,Middlebury College,"Private, nonprofit",Private Non-Profit,45,5,master,45,74123.0,843.0
119058,Middlebury Institute of International Studies at Monterey,"Private, nonprofit",Private Non-Profit,45,5,master,45,74123.0,843.0
193900,New York University,"Private, nonprofit",Private Non-Profit,45,5,master,45,102482.0,1166.0
199193,North Carolina State University at Raleigh,Public,Public,45,5,master,45,33450.0,380.0
230995,Norwich University,"Private, nonprofit",Private Non-Profit,45,5,master,45,37167.0,423.0
204857,Ohio University-Main Campus,Public,Public,45,5,master,45,35154.0,400.0
498571,Pennsylvania Western University,Public,Public,45,5,master,45,26214.0,298.0
231651,Regent University,"Private, nonprofit",Private Non-Profit,45,5,master,45,33200.0,378.0
127918,Regis University,"Private, nonprofit",Private Non-Profit,45,5,master,45,43415.0,494.0
186380,Rutgers University-New Brunswick,Public,Public,45,5,master,45,34561.0,393.0
186399,Rutgers University-Newark,Public,Public,45,5,master,45,34561.0,393.0
215770,Saint Joseph's University - Philadelphia,"Private, nonprofit",Private Non-Profit,45,5,master,45,34166.0,389.0
174817,Saint Mary's University of Minnesota,"Private, nonprofit",Private Non-Profit,45,5,master,45,43193.0,491.0
215798,Saint Vincent College,"Private, nonprofit",Private Non-Profit,45,5,master,45,20500.0,233.0
122409,San Diego State University,Public,Public,45,5,master,45,29455.0,335.0
186584,Seton Hall University,"Private, nonprofit",Private Non-Profit,45,5,master,45,53152.0,605.0
183026,Southern New Hampshire University,"Private, nonprofit",Private Non-Profit,45,5,master,45,40315.0,458.5
195809,St. John's University-New York,"Private, nonprofit",Private Non-Profit,45,5,master,45,47055.0,535.0
186876,Stockton University,Public,Public,45,5,master,45,18678.0,212.0
196413,Syracuse University,"Private, nonprofit",Private Non-Profit,45,5,master,45,41744.0,475.0
196468,Teachers College at Columbia University,"Private, nonprofit",Private Non-Profit,45,5,master,45,51263.0,583.0
228723,Texas A&M University-College Station,Public,Public,45,5,master,45,30500.0,347.0
228705,Texas A&M University-Kingsville,Public,Public,45,5,master,45,30750.0,350.0
228459,Texas State University,Public,Public,45,5,master,45,34815.5,396.0
193654,The New School,"Private, nonprofit",Private Non-Profit,45,5,master,45,48671.0,554.0
180489,The University of Montana,Public,Public,45,5,master,45,66360.0,755.0
137847,The University of Tampa,"Private, nonprofit",Private Non-Profit,45,5,master,45,28070.0,319.0
228778,The University of Texas at Austin,Public,Public,45,5,master,45,42042.5,478.0
102368,Troy University,Public,Public,45,5,master,45,56375.0,641.0
168148,Tufts University,"Private, nonprofit",Private Non-Profit,45,5,master,45,47723.0,542.5
196060,University at Albany,Public,Public,45,5,master,45,23642.0,269.0
100663,University of Alabama at Birmingham,Public,Public,45,5,master,45,34166.0,389.0
104179,University of Arizona,Public,Public,45,5,master,45,37331.0,424.5
110653,University of California-Irvine,Public,Public,45,5,master,45,37396.0,425.0
110680,University of California-San Diego,Public,Public,45,5,master,45,44160.0,502.0
144050,University of Chicago,"Private, nonprofit",Private Non-Profit,45,5,master,45,40686.0,463.0
126562,University of Colorado Denver/Anschutz Medical Campus,Public,Public,45,5,master,45,65441.0,744.0
127060,University of Denver,"Private, nonprofit",Private Non-Profit,45,5,master,45,56942.0,648.0
148654,University of Illinois Springfield,Public,Public,45,5,master,45,30000.0,341.0
157085,University of Kentucky,Public,Public,45,5,master,45,30750.0,350.0
166513,University of Massachusetts-Lowell,Public,Public,45,5,master,45,19662.0,224.0
123961,University of Southern California,"Private, nonprofit",Private Non-Profit,45,5,master,45,58405.0,664.0
236948,University of Washington-Seattle Campus,Public,Public,45,5,master,45,33037.0,376.0
377564,University of Washington-Tacoma Campus,Public,Public,45,5,master,45,33037.0,376.0
240444,University of Wisconsin-Madison,Public,Public,45,5,master,45,27416.0,312.0
179894,Webster University,"Private, nonprofit",Private Non-Profit,45,5,master,45,41000.0,466.0
131113,Wilmington University,"Private, nonprofit",Private Non-Profit,45,5,master,45,30739.0,350.0
133553,Embry-Riddle Aeronautical University-Daytona Beach,"Private, nonprofit",Private Non-Profit,49,5,master,49,37674.0,429.0
104586,Embry-Riddle Aeronautical University-Prescott,"Private, nonprofit",Private Non-Profit,49,5,master,49,37674.0,429.0
426314,Embry-Riddle Aeronautical University-Worldwide,"Private, nonprofit",Private Non-Profit,49,5,master,49,37674.0,429.0
385619,Everglades University,"Private, nonprofit",Private Non-Profit,49,5,master,49,46629.0,530.0
108232,Academy of Art University,"Private, for-profit",Private For-Profit,50,5,master,50,99071.0,1127.0
108870,American Film Institute Conservatory,"Private, nonprofit",Private Non-Profit,50,5,master,50,164727.0,1874.0
131159,American University,"Private, nonprofit",Private Non-Profit,50,5,master,50,59904.0,681.0
104151,Arizona State University Campus Immersion,Public,Public,50,5,master,50,60449.0,688.0
104151,Arizona State University Campus Immersion,Public,Public,50,6,doctoral,50,62503.0,711.0
483124,Arizona State University Digital Immersion,Public,Public,50,5,master,50,60449.0,688.0
241216,Atlantic University,"Private, nonprofit",Private Non-Profit,50,5,master,50,16220.0,185.0
109785,Azusa Pacific University,"Private, nonprofit",Private Non-Profit,50,5,master,50,41000.0,466.0
189088,Bard College,"Private, nonprofit",Private Non-Profit,50,5,master,50,44500.0,506.0
219709,Belmont University,"Private, nonprofit",Private Non-Profit,50,5,master,50,51250.0,583.0
164748,Berklee College of Music,"Private, nonprofit",Private Non-Profit,50,5,master,50,39975.5,454.5
164988,Boston University,"Private, nonprofit",Private Non-Profit,50,5,master,50,39771.0,452.0
201441,Bowling Green State University-Main Campus,Public,Public,50,5,master,50,32465.0,369.0
190512,CUNY Bernard M Baruch College,Public,Public,50,5,master,50,28625.0,326.0
190549,CUNY Brooklyn College,Public,Public,50,5,master,50,41000.0,466.0
190567,CUNY City College,Public,Public,50,5,master,50,41000.0,466.0
190594,CUNY Hunter College,Public,Public,50,5,master,50,55875.0,636.0
110370,California College of the Arts,"Private, nonprofit",Private Non-Profit,50,5,master,50,51870.0,590.0
111081,California Institute of the Arts,"Private, nonprofit",Private Non-Profit,50,5,master,50,96000.0,1092.0
110583,California State University-Long Beach,Public,Public,50,5,master,50,47000.0,535.0
110592,California State University-Los Angeles,Public,Public,50,5,master,50,59716.0,679.0
110608,California State University-Northridge,Public,Public,50,5,master,50,41000.0,466.0
211440,Carnegie Mellon University,"Private, nonprofit",Private Non-Profit,50,5,master,50,67548.5,768.5
234827,Central Washington University,Public,Public,50,5,master,50,14817.0,169.0
111948,Chapman University,"Private, nonprofit",Private Non-Profit,50,5,master,50,141687.0,1611.5
112251,Claremont Graduate University,"Private, nonprofit",Private Non-Profit,50,5,master,50,111081.0,1263.5
202073,Cleveland Institute of Music,"Private, nonprofit",Private Non-Profit,50,5,master,50,39673.0,451.0
126818,Colorado State University-Fort Collins,Public,Public,50,5,master,50,35667.5,406.0
144281,Columbia College Chicago,"Private, nonprofit",Private Non-Profit,50,5,master,50,83900.0,954.0
190150,Columbia University in the City of New York,"Private, nonprofit",Private Non-Profit,50,5,master,50,147784.0,1681.0
202170,Columbus College of Art & Design,"Private, nonprofit",Private Non-Profit,50,5,master,50,63396.0,721.0
169424,Cranbrook Academy of Art,"Private, nonprofit",Private Non-Profit,50,5,master,50,66630.0,758.0
144740,DePaul University,"Private, nonprofit",Private Non-Profit,50,5,master,50,72729.0,827.0
212054,Drexel University,"Private, nonprofit",Private Non-Profit,50,5,master,50,36850.0,419.0
144892,Eastern Illinois University,Public,Public,50,5,master,50,14627.0,166.0
165662,Emerson College,"Private, nonprofit",Private Non-Profit,50,5,master,50,41000.0,466.0
134097,Florida State University,Public,Public,50,5,master,50,50319.0,572.0
134097,Florida State University,Public,Public,50,6,doctoral,50,52754.0,600.0
134237,Full Sail University,"Private, for-profit",Private For-Profit,50,5,master,50,40077.0,456.0
232186,George Mason University,Public,Public,50,5,master,50,42750.0,486.0
131469,George Washington University,"Private, nonprofit",Private Non-Profit,50,5,master,50,67497.5,768.0
139940,Georgia State University,Public,Public,50,5,master,50,39375.0,448.0
230889,Goddard College,"Private, nonprofit",Private Non-Profit,50,5,master,50,51529.0,586.0
145813,Illinois State University,Public,Public,50,5,master,50,31482.0,358.0
151351,Indiana University-Bloomington,Public,Public,50,5,master,50,38377.5,436.5
151351,Indiana University-Bloomington,Public,Public,50,6,doctoral,50,64754.0,737.0
162928,Johns Hopkins University,"Private, nonprofit",Private Non-Profit,50,5,master,50,57528.0,654.0
166452,Lesley University,"Private, nonprofit",Private Non-Profit,50,5,master,50,41000.0,466.0
232557,Liberty University,"Private, nonprofit",Private Non-Profit,50,5,master,50,32526.0,370.0
166489,Longy School of Music of Bard College,"Private, nonprofit",Private Non-Profit,50,5,master,50,48000.0,546.0
159391,Louisiana State University and Agricultural & Mechanical College,Public,Public,50,5,master,50,35102.0,399.0
159391,Louisiana State University and Agricultural & Mechanical College,Public,Public,50,6,doctoral,50,61500.0,700.0
117946,Loyola Marymount University,"Private, nonprofit",Private Non-Profit,50,5,master,50,114653.0,1304.0
153861,Maharishi International University,"Private, nonprofit",Private Non-Profit,50,5,master,50,62994.0,717.0
161509,Maine College of Art & Design,"Private, nonprofit",Private Non-Profit,50,5,master,50,83358.0,948.0
192712,Manhattan School of Music,"Private, nonprofit",Private Non-Profit,50,5,master,50,69402.0,789.0
163295,Maryland Institute College of Art,"Private, nonprofit",Private Non-Profit,50,5,master,50,69257.5,788.0
232706,Marymount University,"Private, nonprofit",Private Non-Profit,50,5,master,50,95211.0,1083.0
166674,Massachusetts College of Art and Design,Public,Public,50,5,master,50,41000.0,466.0
213996,Messiah University,"Private, nonprofit",Private Non-Profit,50,5,master,50,21472.0,244.0
171100,Michigan State University,Public,Public,50,5,master,50,30158.0,343.0
185590,Montclair State University,Public,Public,50,5,master,50,41000.0,466.0
461148,New York Film Academy,"Private, for-profit",Private For-Profit,50,5,master,50,114047.5,1297.0
193900,New York University,"Private, nonprofit",Private Non-Profit,50,5,master,50,100393.0,1142.0
147767,Northwestern University,"Private, nonprofit",Private Non-Profit,50,5,master,50,73654.0,838.0
230995,Norwich University,"Private, nonprofit",Private Non-Profit,50,5,master,50,49199.0,560.0
207458,Oklahoma City University,"Private, nonprofit",Private Non-Profit,50,5,master,50,39946.0,454.0
194310,Pace University,"Private, nonprofit",Private Non-Profit,50,5,master,50,146432.0,1666.0
209603,Pacific Northwest College of Art,"Private, nonprofit",Private Non-Profit,50,5,master,50,90387.0,1028.0
214971,Pennsylvania Academy of the Fine Arts,"Private, nonprofit",Private Non-Profit,50,5,master,50,74886.0,852.0
194578,Pratt Institute-Main,"Private, nonprofit",Private Non-Profit,50,5,master,50,124203.0,1413.0
231651,Regent University,"Private, nonprofit",Private Non-Profit,50,5,master,50,54182.5,616.0
217493,Rhode Island School of Design,"Private, nonprofit",Private Non-Profit,50,5,master,50,42005.0,478.0
227757,Rice University,"Private, nonprofit",Private Non-Profit,50,5,master,50,27000.0,307.0
186283,Rider University,"Private, nonprofit",Private Non-Profit,50,5,master,50,41000.0,466.0
148487,Roosevelt University,"Private, nonprofit",Private Non-Profit,50,5,master,50,39903.0,454.0
186380,Rutgers University-New Brunswick,Public,Public,50,5,master,50,30725.0,349.5
186399,Rutgers University-Newark,Public,Public,50,5,master,50,41000.0,466.0
196158,SUNY at Fredonia,Public,Public,50,5,master,50,23582.0,268.0
196219,SUNY at Purchase College,Public,Public,50,5,master,50,37812.0,430.0
123554,Saint Mary's College of California,"Private, nonprofit",Private Non-Profit,50,5,master,50,41000.0,466.0
122454,San Francisco Art Institute,"Private, nonprofit",Private Non-Profit,50,5,master,50,92624.0,1054.0
122506,San Francisco Conservatory of Music,"Private, nonprofit",Private Non-Profit,50,5,master,50,64250.0,731.0
140951,Savannah College of Art and Design,"Private, nonprofit",Private Non-Profit,50,5,master,50,81865.0,931.0
197151,School of Visual Arts,"Private, for-profit",Private For-Profit,50,5,master,50,72909.0,829.5
143048,School of the Art Institute of Chicago,"Private, nonprofit",Private Non-Profit,50,5,master,50,69783.0,794.0
488448,Seattle Film Institute,"Private, for-profit",Private For-Profit,50,5,master,50,52247.0,594.0
236595,Seattle University,"Private, nonprofit",Private Non-Profit,50,5,master,50,41000.0,466.0
481094,Sotheby's Institute of Art-NY,"Private, for-profit",Private For-Profit,50,5,master,50,84517.0,961.0
228431,Stephen F Austin State University,Public,Public,50,5,master,50,33236.0,378.0
179548,Stephens College,"Private, nonprofit",Private Non-Profit,50,5,master,50,41000.0,466.0
196097,Stony Brook University,Public,Public,50,6,doctoral,50,76688.0,872.0
196413,Syracuse University,"Private, nonprofit",Private Non-Profit,50,5,master,50,53086.0,604.0
216339,Temple University,Public,Public,50,5,master,50,39250.0,446.5
228459,Texas State University,Public,Public,50,5,master,50,33399.0,380.0
192110,The Juilliard School,"Private, nonprofit",Private Non-Profit,50,5,master,50,41000.0,466.0
167057,The New England Conservatory of Music,"Private, nonprofit",Private Non-Profit,50,5,master,50,41000.0,466.0
193654,The New School,"Private, nonprofit",Private Non-Profit,50,5,master,50,46389.5,527.5
221759,The University of Tennessee-Knoxville,Public,Public,50,5,master,50,34623.0,394.0
228778,The University of Texas at Austin,Public,Public,50,5,master,50,40666.0,463.0
168148,Tufts University,"Private, nonprofit",Private Non-Profit,50,5,master,50,41000.0,466.0
196060,University at Albany,Public,Public,50,5,master,50,20500.0,233.0
104179,University of Arizona,Public,Public,50,5,master,50,31459.0,357.5
110662,University of California-Los Angeles,Public,Public,50,5,master,50,65314.5,743.0
132903,University of Central Florida,Public,Public,50,5,master,50,54516.0,620.0
201885,University of Cincinnati-Main Campus,Public,Public,50,5,master,50,38500.0,438.0
201885,University of Cincinnati-Main Campus,Public,Public,50,6,doctoral,50,50591.0,575.0
126614,University of Colorado Boulder,Public,Public,50,5,master,50,41000.0,466.0
126614,University of Colorado Boulder,Public,Public,50,6,doctoral,50,33336.0,379.0
127060,University of Denver,"Private, nonprofit",Private Non-Profit,50,5,master,50,41000.0,466.0
134130,University of Florida,Public,Public,50,5,master,50,46536.0,529.0
139959,University of Georgia,Public,Public,50,5,master,50,29712.0,338.0
129525,University of Hartford,"Private, nonprofit",Private Non-Profit,50,5,master,50,19227.0,219.0
225511,University of Houston,Public,Public,50,5,master,50,27581.0,314.0
142285,University of Idaho,Public,Public,50,5,master,50,41000.0,466.0
145637,University of Illinois Urbana-Champaign,Public,Public,50,5,master,50,18500.0,210.0
145637,University of Illinois Urbana-Champaign,Public,Public,50,6,doctoral,50,60178.0,685.0
157085,University of Kentucky,Public,Public,50,5,master,50,32765.0,373.0
163286,University of Maryland-College Park,Public,Public,50,5,master,50,33000.0,375.0
220862,University of Memphis,Public,Public,50,5,master,50,24597.0,280.0
135726,University of Miami,"Private, nonprofit",Private Non-Profit,50,5,master,50,58918.0,670.0
170976,University of Michigan-Ann Arbor,Public,Public,50,5,master,50,41000.0,466.0
170976,University of Michigan-Ann Arbor,Public,Public,50,6,doctoral,50,41000.0,466.0
174066,University of Minnesota-Twin Cities,Public,Public,50,5,master,50,42700.0,486.0
178402,University of Missouri-Kansas City,Public,Public,50,5,master,50,32000.0,364.0
178402,University of Missouri-Kansas City,Public,Public,50,6,doctoral,50,39598.0,450.0
181215,University of Nebraska at Kearney,Public,Public,50,5,master,50,25237.0,287.0
187985,University of New Mexico-Main Campus,Public,Public,50,5,master,50,36470.5,415.0
199184,University of North Carolina School of the Arts,Public,Public,50,5,master,50,41000.0,466.0
199218,University of North Carolina Wilmington,Public,Public,50,5,master,50,20500.0,233.0
199148,University of North Carolina at Greensboro,Public,Public,50,5,master,50,29590.0,337.0
227216,University of North Texas,Public,Public,50,5,master,50,35608.0,405.0
227216,University of North Texas,Public,Public,50,6,doctoral,50,36476.0,415.0
127741,University of Northern Colorado,Public,Public,50,5,master,50,38046.0,433.0
207500,University of Oklahoma-Norman Campus,Public,Public,50,5,master,50,29500.0,336.0
209551,University of Oregon,Public,Public,50,5,master,50,33462.0,381.0
195030,University of Rochester,"Private, nonprofit",Private Non-Profit,50,5,master,50,44399.0,505.0
195030,University of Rochester,"Private, nonprofit",Private Non-Profit,50,6,doctoral,50,75030.0,853.0
218663,University of South Carolina-Columbia,Public,Public,50,5,master,50,38386.0,437.0
137351,University of South Florida,Public,Public,50,5,master,50,19504.0,222.0
123961,University of Southern California,"Private, nonprofit",Private Non-Profit,50,5,master,50,108033.0,1229.0
240444,University of Wisconsin-Madison,Public,Public,50,5,master,50,33102.0,377.0
234030,Virginia Commonwealth University,Public,Public,50,5,master,50,31145.0,354.0
130794,Yale University,"Private, nonprofit",Private Non-Profit,50,5,master,50,36700.0,417.0
177834,A T Still University of Health Sciences,"Private, nonprofit",Private Non-Profit,51,5,master,51,77562.0,882.0
177834,A T Still University of Health Sciences,"Private, nonprofit",Private Non-Profit,51,6,doctoral,51,107188.0,1219.5
429094,AOMA Graduate School of Integrative Medicine,"Private, for-profit",Private For-Profit,51,5,master,51,96363.0,1096.0
222178,Abilene Christian University,"Private, nonprofit",Private Non-Profit,51,5,master,51,55660.0,633.0
222178,Abilene Christian University,"Private, nonprofit",Private Non-Profit,51,6,doctoral,51,45439.0,517.0
384306,Acupuncture and Integrative Medicine College-Berkeley,"Private, nonprofit",Private Non-Profit,51,5,master,51,102806.0,1169.0
439969,Acupuncture and Massage College,"Private, for-profit",Private For-Profit,51,5,master,51,41000.0,466.0
188429,Adelphi University,"Private, nonprofit",Private Non-Profit,51,5,master,51,66844.0,760.5
142832,Adler University,"Private, nonprofit",Private Non-Profit,51,5,master,51,100506.5,1143.5
133872,AdventHealth University,"Private, nonprofit",Private Non-Profit,51,5,master,51,112861.5,1283.5
133872,AdventHealth University,"Private, nonprofit",Private Non-Profit,51,6,doctoral,51,168900.0,1921.0
100724,Alabama State University,Public,Public,51,5,master,51,54592.0,621.0
188580,Albany Medical College,"Private, nonprofit",Private Non-Profit,51,5,master,51,86028.5,978.5
237118,Alderson Broaddus University,"Private, nonprofit",Private Non-Profit,51,5,master,51,158896.0,1807.0
152798,Allen College,"Private, nonprofit",Private Non-Profit,51,5,master,51,42409.0,482.0
194161,Alliance University,"Private, nonprofit",Private Non-Profit,51,5,master,51,52625.0,599.0
110468,Alliant International University-San Diego,"Private, for-profit",Private For-Profit,51,5,master,51,107070.0,1218.0
110468,Alliant International University-San Diego,"Private, for-profit",Private For-Profit,51,6,doctoral,51,157500.0,1792.0
210775,Alvernia University,"Private, nonprofit",Private Non-Profit,51,5,master,51,65711.0,747.0
210775,Alvernia University,"Private, nonprofit",Private Non-Profit,51,6,doctoral,51,116150.0,1321.0
238193,Alverno College,"Private, nonprofit",Private Non-Profit,51,5,master,51,48157.0,548.0
443599,American College of Healthcare Sciences,"Private, for-profit",Private For-Profit,51,5,master,51,33492.0,381.0
445027,American InterContinental University System,"Private, for-profit",Private For-Profit,51,5,master,51,36555.0,416.0
438586,American InterContinental University-Atlanta,"Private, for-profit",Private For-Profit,51,5,master,51,36555.0,416.0
445133,American InterContinental University-Houston,"Private, for-profit",Private For-Profit,51,5,master,51,36555.0,416.0
164447,American International College,"Private, nonprofit",Private Non-Profit,51,5,master,51,79026.0,899.0
164447,American International College,"Private, nonprofit",Private Non-Profit,51,6,doctoral,51,174407.0,1984.0
449339,American Public University System,"Private, for-profit",Private For-Profit,51,5,master,51,46258.0,526.0
460738,American Sentinel College of Nursing and Health Sciences,"Private, for-profit",Private For-Profit,51,5,master,51,23305.0,265.0
460738,American Sentinel College of Nursing and Health Sciences,"Private, for-profit",Private For-Profit,51,6,doctoral,51,38862.0,442.0
217633,Anderson University,"Private, nonprofit",Private Non-Profit,51,5,master,51,30750.0,350.0
168740,Andrews University,"Private, nonprofit",Private Non-Profit,51,5,master,51,66491.0,756.0
168740,Andrews University,"Private, nonprofit",Private Non-Profit,51,6,doctoral,51,118500.0,1348.0
222831,Angelo State University,Public,Public,51,5,master,51,36107.0,411.0
245892,Antioch University,"Private, nonprofit",Private Non-Profit,51,5,master,51,94422.0,1074.0
245865,Antioch University-New England,"Private, nonprofit",Private Non-Profit,51,5,master,51,94422.0,1074.0
245883,Antioch University-Seattle,"Private, nonprofit",Private Non-Profit,51,5,master,51,94422.0,1074.0
449922,Appalachian College of Pharmacy,"Private, nonprofit",Private Non-Profit,51,6,doctoral,51,165335.0,1881.0
197869,Appalachian State University,Public,Public,51,5,master,51,36593.0,416.5
211088,Arcadia University,"Private, nonprofit",Private Non-Profit,51,5,master,51,105774.0,1203.0
211088,Arcadia University,"Private, nonprofit",Private Non-Profit,51,6,doctoral,51,87258.0,993.0
104151,Arizona State University Campus Immersion,Public,Public,51,5,master,51,36997.5,420.5
104151,Arizona State University Campus Immersion,Public,Public,51,6,doctoral,51,113484.0,1291.0
483124,Arizona State University Digital Immersion,Public,Public,51,5,master,51,32995.0,375.0
106458,Arkansas State University,Public,Public,51,5,master,51,44775.0,509.5
106458,Arkansas State University,Public,Public,51,6,doctoral,51,65000.0,739.0
454829,Aspen University,"Private, for-profit",Private For-Profit,51,5,master,51,26087.0,297.0
164562,Assumption University,"Private, nonprofit",Private Non-Profit,51,5,master,51,41000.0,466.0
439446,Atlantic Institute of Oriental Medicine,"Private, nonprofit",Private Non-Profit,51,5,master,51,61500.0,700.0
100858,Auburn University,Public,Public,51,5,master,51,40361.0,459.5
173045,Augsburg University,"Private, nonprofit",Private Non-Profit,51,5,master,51,121214.0,1379.0
173045,Augsburg University,"Private, nonprofit",Private Non-Profit,51,6,doctoral,51,75166.0,855.0
482149,Augusta University,Public,Public,51,5,master,51,57331.0,652.0
482149,Augusta University,Public,Public,51,6,doctoral,51,86440.5,983.5
219602,Austin Peay State University,Public,Public,51,5,master,51,32177.5,366.0
109785,Azusa Pacific University,"Private, nonprofit",Private Non-Profit,51,5,master,51,75813.0,862.5
109785,Azusa Pacific University,"Private, nonprofit",Private Non-Profit,51,6,doctoral,51,137739.0,1567.0
168847,Baker College,"Private, nonprofit",Private Non-Profit,51,5,master,51,47163.0,536.0
201195,Baldwin Wallace University,"Private, nonprofit",Private Non-Profit,51,5,master,51,99311.5,1129.5
150136,Ball State University,Public,Public,51,5,master,51,33092.0,376.0
177719,Barnes-Jewish College Goldfarb School of Nursing,"Private, nonprofit",Private Non-Profit,51,5,master,51,51642.0,587.0
132471,Barry University,"Private, nonprofit",Private Non-Profit,51,5,master,51,87000.0,990.0
132471,Barry University,"Private, nonprofit",Private Non-Profit,51,6,doctoral,51,82685.0,941.0
235547,Bastyr University,"Private, nonprofit",Private Non-Profit,51,5,master,51,174902.0,1989.5
235547,Bastyr University,"Private, nonprofit",Private Non-Profit,51,6,doctoral,51,300530.0,3419.0
164632,Bay Path University,"Private, nonprofit",Private Non-Profit,51,5,master,51,83544.0,950.0
223223,Baylor College of Medicine,"Private, nonprofit",Private Non-Profit,51,5,master,51,121593.5,1383.0
223232,Baylor University,"Private, nonprofit",Private Non-Profit,51,5,master,51,42969.0,489.0
223232,Baylor University,"Private, nonprofit",Private Non-Profit,51,6,doctoral,51,135762.0,1544.0
175421,Belhaven University,"Private, nonprofit",Private Non-Profit,51,5,master,51,41799.0,475.0
156286,Bellarmine University,"Private, nonprofit",Private Non-Profit,51,5,master,51,41000.0,466.0
156286,Bellarmine University,"Private, nonprofit",Private Non-Profit,51,6,doctoral,51,136158.0,1549.0
180814,Bellevue University,"Private, nonprofit",Private Non-Profit,51,5,master,51,41000.0,466.0
238324,Bellin College,"Private, nonprofit",Private Non-Profit,51,5,master,51,41000.0,466.0
219709,Belmont University,"Private, nonprofit",Private Non-Profit,51,5,master,51,78148.5,889.0
219709,Belmont University,"Private, nonprofit",Private Non-Profit,51,6,doctoral,51,184906.0,2103.0
145619,Benedictine University,"Private, nonprofit",Private Non-Profit,51,5,master,51,50854.5,578.5
173160,Bethel University,"Private, nonprofit",Private Non-Profit,51,5,master,51,61084.5,695.0
219718,Bethel University,"Private, nonprofit",Private Non-Profit,51,5,master,51,148345.0,1687.0
196079,Binghamton University,Public,Public,51,5,master,51,41000.0,466.0
110097,Biola University,"Private, nonprofit",Private Non-Profit,51,5,master,51,61525.0,700.0
142115,Boise State University,Public,Public,51,5,master,51,46475.0,529.0
164924,Boston College,"Private, nonprofit",Private Non-Profit,51,5,master,51,61353.0,697.5
164988,Boston University,"Private, nonprofit",Private Non-Profit,51,5,master,51,64509.0,734.0
164988,Boston University,"Private, nonprofit",Private Non-Profit,51,6,doctoral,51,61375.0,698.0
201441,Bowling Green State University-Main Campus,Public,Public,51,5,master,51,31347.5,356.5
143358,Bradley University,"Private, nonprofit",Private Non-Profit,51,5,master,51,61500.0,700.0
143358,Bradley University,"Private, nonprofit",Private Non-Profit,51,6,doctoral,51,70818.5,806.0
139199,Brenau University,"Private, nonprofit",Private Non-Profit,51,5,master,51,61417.0,699.0
139199,Brenau University,"Private, nonprofit",Private Non-Profit,51,6,doctoral,51,133717.0,1521.0
152992,Briar Cliff University,"Private, nonprofit",Private Non-Profit,51,6,doctoral,51,166358.0,1892.0
217156,Brown University,"Private, nonprofit",Private Non-Profit,51,5,master,51,58755.0,668.5
180878,Bryan College of Health Sciences,"Private, nonprofit",Private Non-Profit,51,6,doctoral,51,86150.0,980.0
217165,Bryant University,"Private, nonprofit",Private Non-Profit,51,5,master,51,118559.0,1349.0
150163,Butler University,"Private, nonprofit",Private Non-Profit,51,5,master,51,107199.0,1219.0
190512,CUNY Bernard M Baruch College,Public,Public,51,5,master,51,47411.0,539.0
190549,CUNY Brooklyn College,Public,Public,51,5,master,51,34897.5,397.0
190567,CUNY City College,Public,Public,51,5,master,51,114977.0,1308.0
190576,CUNY Graduate School and University Center,Public,Public,51,5,master,51,29631.0,337.0
190594,CUNY Hunter College,Public,Public,51,5,master,51,41000.0,466.0
190594,CUNY Hunter College,Public,Public,51,6,doctoral,51,54600.0,621.0
190600,CUNY John Jay College of Criminal Justice,Public,Public,51,5,master,51,30000.0,341.0
190637,CUNY Lehman College,Public,Public,51,5,master,51,22052.0,251.0
190664,CUNY Queens College,Public,Public,51,5,master,51,30000.0,341.0
190691,CUNY York College,Public,Public,51,5,master,51,51250.0,583.0
110361,California Baptist University,"Private, nonprofit",Private Non-Profit,51,5,master,51,82273.5,936.0
110316,California Institute of Integral Studies,"Private, nonprofit",Private Non-Profit,51,6,doctoral,51,112750.0,1283.0
110413,California Lutheran University,"Private, nonprofit",Private Non-Profit,51,5,master,51,44500.0,506.0
110538,California State University-Chico,Public,Public,51,5,master,51,30000.0,341.0
110547,California State University-Dominguez Hills,Public,Public,51,5,master,51,39187.0,446.0
110574,California State University-East Bay,Public,Public,51,5,master,51,38448.5,437.0
110556,California State University-Fresno,Public,Public,51,5,master,51,35368.0,402.0
110556,California State University-Fresno,Public,Public,51,6,doctoral,51,56428.5,642.0
110565,California State University-Fullerton,Public,Public,51,5,master,51,43193.5,491.0
110565,California State University-Fullerton,Public,Public,51,6,doctoral,51,40710.0,463.0
110583,California State University-Long Beach,Public,Public,51,5,master,51,28745.5,327.0
110583,California State University-Long Beach,Public,Public,51,6,doctoral,51,75421.0,858.0
110592,California State University-Los Angeles,Public,Public,51,5,master,51,32050.0,365.0
110608,California State University-Northridge,Public,Public,51,5,master,51,33256.0,378.0
110617,California State University-Sacramento,Public,Public,51,5,master,51,27829.5,316.5
110617,California State University-Sacramento,Public,Public,51,6,doctoral,51,78936.0,898.0
110510,California State University-San Bernardino,Public,Public,51,5,master,51,24864.5,283.0
366711,California State University-San Marcos,Public,Public,51,5,master,51,65375.0,744.0
169080,Calvin University,"Private, nonprofit",Private Non-Profit,51,5,master,51,36079.0,410.0
165167,Cambridge College,"Private, nonprofit",Private Non-Profit,51,5,master,51,41000.0,466.0
198136,Campbell University,"Private, nonprofit",Private Non-Profit,51,5,master,51,78500.0,893.0
189705,Canisius University,"Private, nonprofit",Private Non-Profit,51,5,master,51,57382.0,653.0
413413,Capella University,"Private, for-profit",Private For-Profit,51,5,master,51,34518.0,393.0
413413,Capella University,"Private, for-profit",Private For-Profit,51,6,doctoral,51,95200.0,1083.0
241377,Caribbean University-Bayamon,"Private, nonprofit",Private Non-Profit,51,5,master,51,18656.0,212.0
211431,Carlow University,"Private, nonprofit",Private Non-Profit,51,5,master,51,54600.5,621.0
238458,Carroll University,"Private, nonprofit",Private Non-Profit,51,5,master,51,71201.0,810.0
219806,Carson-Newman University,"Private, nonprofit",Private Non-Profit,51,5,master,51,41234.0,469.0
201645,Case Western Reserve University,"Private, nonprofit",Private Non-Profit,51,5,master,51,124668.0,1418.0
201654,Cedarville University,"Private, nonprofit",Private Non-Profit,51,5,master,51,36896.0,420.0
201654,Cedarville University,"Private, nonprofit",Private Non-Profit,51,6,doctoral,51,125673.0,1430.0
128771,Central Connecticut State University,Public,Public,51,5,master,51,54245.0,617.5
169248,Central Michigan University,Public,Public,51,5,master,51,58342.0,664.0
169248,Central Michigan University,Public,Public,51,6,doctoral,51,106319.5,1209.5
454227,Chamberlain University-Illinois,"Private, for-profit",Private For-Profit,51,5,master,51,33318.0,379.0
454227,Chamberlain University-Illinois,"Private, for-profit",Private For-Profit,51,6,doctoral,51,39000.0,444.0
111948,Chapman University,"Private, nonprofit",Private Non-Profit,51,5,master,51,103518.0,1177.5
111966,Charles R Drew University of Medicine and Science,"Private, nonprofit",Private Non-Profit,51,5,master,51,94100.0,1070.0
217688,Charleston Southern University,"Private, nonprofit",Private Non-Profit,51,5,master,51,125147.0,1424.0
211556,Chatham University,"Private, nonprofit",Private Non-Profit,51,5,master,51,102749.5,1169.0
211556,Chatham University,"Private, nonprofit",Private Non-Profit,51,6,doctoral,51,51119.5,581.5
144005,Chicago State University,Public,Public,51,5,master,51,61462.0,699.0
112251,Claremont Graduate University,"Private, nonprofit",Private Non-Profit,51,5,master,51,92618.0,1054.0
153126,Clarke University,"Private, nonprofit",Private Non-Profit,51,6,doctoral,51,68665.0,781.0
180832,Clarkson College,"Private, nonprofit",Private Non-Profit,51,5,master,51,51366.0,584.0
190044,Clarkson University,"Private, nonprofit",Private Non-Profit,51,5,master,51,155333.5,1767.0
139311,Clayton  State University,Public,Public,51,5,master,51,46096.5,524.0
217882,Clemson University,Public,Public,51,5,master,51,35034.0,399.0
202134,Cleveland State University,Public,Public,51,5,master,51,51250.0,583.0
177038,Cleveland University-Kansas City,"Private, nonprofit",Private Non-Profit,51,6,doctoral,51,228650.0,2601.0
181604,College of Saint Mary,"Private, nonprofit",Private Non-Profit,51,5,master,51,73646.0,838.0
190558,College of Staten Island CUNY,Public,Public,51,5,master,51,31000.0,353.0
190558,College of Staten Island CUNY,Public,Public,51,6,doctoral,51,50430.0,574.0
381352,Colorado Chinese Medicine University,"Private, for-profit",Private For-Profit,51,5,master,51,92815.0,1056.0
476975,Colorado State University Global,Public,Public,51,5,master,51,40909.0,465.0
128106,Colorado State University Pueblo,Public,Public,51,5,master,51,41000.0,466.0
126818,Colorado State University-Fort Collins,Public,Public,51,5,master,51,76334.0,868.0
126827,Colorado Technical University-Colorado Springs,"Private, for-profit",Private For-Profit,51,5,master,51,34003.0,386.5
241304,Columbia Central University-Caguas,"Private, for-profit",Private For-Profit,51,5,master,51,15124.0,172.0
144281,Columbia College Chicago,"Private, nonprofit",Private Non-Profit,51,5,master,51,67949.0,773.0
450933,Columbia Southern University,"Private, for-profit",Private For-Profit,51,5,master,51,39955.0,454.0
190150,Columbia University in the City of New York,"Private, nonprofit",Private Non-Profit,51,5,master,51,90000.0,1024.0
190150,Columbia University in the City of New York,"Private, nonprofit",Private Non-Profit,51,6,doctoral,51,175663.0,1998.0
139366,Columbus State University,Public,Public,51,5,master,51,36848.0,419.0
498562,Commonwealth University of Pennsylvania,Public,Public,51,5,master,51,45857.0,521.5
498562,Commonwealth University of Pennsylvania,Public,Public,51,6,doctoral,51,82000.0,933.0
169363,Concordia University Ann Arbor,"Private, nonprofit",Private Non-Profit,51,5,master,51,91592.0,1042.0
180984,Concordia University-Nebraska,"Private, nonprofit",Private Non-Profit,51,5,master,51,35457.0,403.0
173328,Concordia University-Saint Paul,"Private, nonprofit",Private Non-Profit,51,5,master,51,25780.0,293.0
173328,Concordia University-Saint Paul,"Private, nonprofit",Private Non-Profit,51,6,doctoral,51,75750.0,862.0
238616,Concordia University-Wisconsin,"Private, nonprofit",Private Non-Profit,51,5,master,51,41599.0,473.0
238616,Concordia University-Wisconsin,"Private, nonprofit",Private Non-Profit,51,6,doctoral,51,134831.5,1534.0
162283,Coppin State University,Public,Public,51,5,master,51,65049.0,740.0
190415,Cornell University,"Private, nonprofit",Private Non-Profit,51,5,master,51,98447.0,1120.0
176770,Cox College,"Private, nonprofit",Private Non-Profit,51,5,master,51,52888.5,601.5
181002,Creighton University,"Private, nonprofit",Private Non-Profit,51,5,master,51,53500.0,609.0
190716,D'Youville  University,"Private, nonprofit",Private Non-Profit,51,5,master,51,30750.0,349.5
190716,D'Youville  University,"Private, nonprofit",Private Non-Profit,51,6,doctoral,51,136022.0,1547.0
190725,Daemen University,"Private, nonprofit",Private Non-Profit,51,5,master,51,39022.5,444.0
190725,Daemen University,"Private, nonprofit",Private Non-Profit,51,6,doctoral,51,41000.0,466.0
455178,Daoist Traditions College of Chinese Medical Arts,"Private, for-profit",Private For-Profit,51,5,master,51,113632.0,1293.0
169479,Davenport University,"Private, nonprofit",Private Non-Profit,51,5,master,51,59125.0,673.0
144740,DePaul University,"Private, nonprofit",Private Non-Profit,51,5,master,51,74158.5,843.5
144740,DePaul University,"Private, nonprofit",Private Non-Profit,51,6,doctoral,51,98328.0,1118.0
210739,DeSales University,"Private, nonprofit",Private Non-Profit,51,5,master,51,51000.0,580.5
210739,DeSales University,"Private, nonprofit",Private Non-Profit,51,6,doctoral,51,111844.0,1272.0
154156,Des Moines University-Osteopathic Medical Center,"Private, nonprofit",Private Non-Profit,51,5,master,51,30736.0,350.0
443562,Dewey University-Hato Rey,"Private, nonprofit",Private Non-Profit,51,5,master,51,18584.0,211.0
449135,Dewey University-Juana Díaz,"Private, nonprofit",Private Non-Profit,51,5,master,51,18584.0,211.0
445869,Divine Mercy University,"Private, nonprofit",Private Non-Profit,51,5,master,51,71024.0,808.0
148496,Dominican University,"Private, nonprofit",Private Non-Profit,51,5,master,51,142027.0,1616.0
190761,Dominican University New York,"Private, nonprofit",Private Non-Profit,51,5,master,51,47833.0,544.0
190761,Dominican University New York,"Private, nonprofit",Private Non-Profit,51,6,doctoral,51,96439.0,1097.0
113698,Dominican University of California,"Private, nonprofit",Private Non-Profit,51,5,master,51,118045.5,1343.0
449481,Dragon Rises College of Oriental Medicine,"Private, nonprofit",Private Non-Profit,51,5,master,51,119680.0,1361.0
212054,Drexel University,"Private, nonprofit",Private Non-Profit,51,5,master,51,61917.0,704.0
212054,Drexel University,"Private, nonprofit",Private Non-Profit,51,6,doctoral,51,92500.0,1052.0
198419,Duke University,"Private, nonprofit",Private Non-Profit,51,5,master,51,86775.0,987.0
198419,Duke University,"Private, nonprofit",Private Non-Profit,51,6,doctoral,51,142262.0,1618.0
212106,Duquesne University,"Private, nonprofit",Private Non-Profit,51,5,master,51,43495.0,495.0
212106,Duquesne University,"Private, nonprofit",Private Non-Profit,51,6,doctoral,51,73412.0,835.0
248934,ECPI University,"Private, for-profit",Private For-Profit,51,5,master,51,27912.0,318.0
243832,EDP University of Puerto Rico Inc-San Juan,"Private, nonprofit",Private Non-Profit,51,5,master,51,27850.0,316.5
241836,EDP University of Puerto Rico Inc-San Sebastian,"Private, nonprofit",Private Non-Profit,51,5,master,51,30700.0,349.0
198464,East Carolina University,Public,Public,51,5,master,51,41000.0,466.0
198464,East Carolina University,Public,Public,51,6,doctoral,51,42854.5,487.5
212115,East Stroudsburg University of Pennsylvania,Public,Public,51,5,master,51,20500.0,233.0
220075,East Tennessee State University,Public,Public,51,5,master,51,35553.0,404.0
220075,East Tennessee State University,Public,Public,51,6,doctoral,51,73351.5,834.5
144892,Eastern Illinois University,Public,Public,51,5,master,51,34300.0,390.0
156620,Eastern Kentucky University,Public,Public,51,5,master,51,41976.0,477.5
156620,Eastern Kentucky University,Public,Public,51,6,doctoral,51,41000.0,466.0
232043,Eastern Mennonite University,"Private, nonprofit",Private Non-Profit,51,5,master,51,51250.0,583.0
169798,Eastern Michigan University,Public,Public,51,5,master,51,51642.0,587.0
187648,Eastern New Mexico University-Main Campus,Public,Public,51,5,master,51,44750.0,509.0
212133,Eastern University,"Private, nonprofit",Private Non-Profit,51,5,master,51,39842.0,453.0
231970,Eastern Virginia Medical School,Public,Public,51,5,master,51,65250.0,742.0
235097,Eastern Washington University,Public,Public,51,5,master,51,48432.5,550.5
235097,Eastern Washington University,Public,Public,51,6,doctoral,51,61500.0,700.0
238661,Edgewood University,"Private, nonprofit",Private Non-Profit,51,5,master,51,41000.0,466.0
212197,Elizabethtown College,"Private, nonprofit",Private Non-Profit,51,5,master,51,20500.0,233.0
144962,Elmhurst University,"Private, nonprofit",Private Non-Profit,51,5,master,51,41000.0,466.0
198516,Elon University,"Private, nonprofit",Private Non-Profit,51,5,master,51,131302.0,1494.0
165662,Emerson College,"Private, nonprofit",Private Non-Profit,51,5,master,51,54435.0,619.0
232025,Emory & Henry University,"Private, nonprofit",Private Non-Profit,51,5,master,51,96428.0,1097.0
232025,Emory & Henry University,"Private, nonprofit",Private Non-Profit,51,6,doctoral,51,138087.0,1571.0
139658,Emory University,"Private, nonprofit",Private Non-Profit,51,5,master,51,118450.5,1347.5
139658,Emory University,"Private, nonprofit",Private Non-Profit,51,6,doctoral,51,70165.0,798.0
114114,Emperor's College of Traditional Oriental Medicine,"Private, for-profit",Private For-Profit,51,5,master,51,108745.0,1237.0
114114,Emperor's College of Traditional Oriental Medicine,"Private, for-profit",Private For-Profit,51,6,doctoral,51,129910.0,1478.0
155025,Emporia State University,Public,Public,51,5,master,51,40654.5,462.0
385619,Everglades University,"Private, nonprofit",Private Non-Profit,51,5,master,51,41000.0,466.0
196680,Excelsior University,"Private, nonprofit",Private Non-Profit,51,5,master,51,27295.0,310.0
129242,Fairfield University,"Private, nonprofit",Private Non-Profit,51,5,master,51,51250.0,583.0
129242,Fairfield University,"Private, nonprofit",Private Non-Profit,51,6,doctoral,51,77946.0,887.0
184694,Fairleigh Dickinson University-Florham Campus,"Private, nonprofit",Private Non-Profit,51,5,master,51,40432.0,460.0
184603,Fairleigh Dickinson University-Metropolitan Campus,"Private, nonprofit",Private Non-Profit,51,5,master,51,40432.0,460.0
101189,Faulkner University,"Private, nonprofit",Private Non-Profit,51,5,master,51,58125.0,661.0
184612,Felician University,"Private, nonprofit",Private Non-Profit,51,5,master,51,37321.0,424.5
165820,Fitchburg State University,Public,Public,51,5,master,51,27215.0,310.0
114585,Five Branches University,"Private, for-profit",Private For-Profit,51,5,master,51,138800.0,1579.0
114585,Five Branches University,"Private, for-profit",Private For-Profit,51,6,doctoral,51,104250.0,1186.0
133650,Florida Agricultural and Mechanical University,Public,Public,51,5,master,51,66288.0,754.0
133669,Florida Atlantic University,Public,Public,51,5,master,51,36590.0,416.0
133669,Florida Atlantic University,Public,Public,51,6,doctoral,51,54476.0,620.0
434441,Florida College of Integrative Medicine,"Private, for-profit",Private For-Profit,51,5,master,51,61500.0,700.0
433660,Florida Gulf Coast University,Public,Public,51,5,master,51,94418.0,1074.0
433660,Florida Gulf Coast University,Public,Public,51,6,doctoral,51,61500.0,700.0
133881,Florida Institute of Technology,"Private, nonprofit",Private Non-Profit,51,5,master,51,41000.0,466.0
480569,Florida Institute of Technology-Online,"Private, nonprofit",Private Non-Profit,51,5,master,51,41000.0,466.0
133951,Florida International University,Public,Public,51,5,master,51,49462.0,563.0
408844,Florida National University-Main Campus,"Private, for-profit",Private For-Profit,51,5,master,51,29742.0,338.0
134079,Florida Southern College,"Private, nonprofit",Private Non-Profit,51,5,master,51,55500.0,631.0
134097,Florida State University,Public,Public,51,5,master,51,46389.5,527.5
134097,Florida State University,Public,Public,51,6,doctoral,51,68875.0,783.0
177418,Fontbonne University,"Private, nonprofit",Private Non-Profit,51,5,master,51,34990.0,398.0
191241,Fordham University,"Private, nonprofit",Private Non-Profit,51,5,master,51,70570.0,803.0
139719,Fort Valley State University,Public,Public,51,5,master,51,61500.0,700.0
218061,Francis Marion University,Public,Public,51,5,master,51,108339.0,1232.0
160074,Franciscan Missionaries of Our Lady University,"Private, nonprofit",Private Non-Profit,51,5,master,51,156243.0,1777.0
160074,Franciscan Missionaries of Our Lady University,"Private, nonprofit",Private Non-Profit,51,6,doctoral,51,183709.0,2090.0
205957,Franciscan University of Steubenville,"Private, nonprofit",Private Non-Profit,51,5,master,51,37537.0,427.0
182795,Franklin Pierce University,"Private, nonprofit",Private Non-Profit,51,5,master,51,180471.0,2053.0
182795,Franklin Pierce University,"Private, nonprofit",Private Non-Profit,51,6,doctoral,51,163023.0,1854.0
202806,Franklin University,"Private, nonprofit",Private Non-Profit,51,5,master,51,30750.0,350.0
114813,Fresno Pacific University,"Private, nonprofit",Private Non-Profit,51,5,master,51,34012.5,386.5
155089,Friends University,"Private, nonprofit",Private Non-Profit,51,5,master,51,47833.0,544.0
156727,Frontier Nursing University,"Private, nonprofit",Private Non-Profit,51,5,master,51,66638.0,758.0
156727,Frontier Nursing University,"Private, nonprofit",Private Non-Profit,51,6,doctoral,51,72973.0,830.0
114840,Fuller Theological Seminary,"Private, nonprofit",Private Non-Profit,51,5,master,51,50000.0,569.0
131450,Gallaudet University,"Private, nonprofit",Private Non-Profit,51,5,master,51,63242.0,719.0
212601,Gannon University,"Private, nonprofit",Private Non-Profit,51,5,master,51,41000.0,466.0
212601,Gannon University,"Private, nonprofit",Private Non-Profit,51,6,doctoral,51,133446.0,1518.0
198561,Gardner-Webb University,"Private, nonprofit",Private Non-Profit,51,5,master,51,55998.0,637.0
198561,Gardner-Webb University,"Private, nonprofit",Private Non-Profit,51,6,doctoral,51,32492.0,370.0
456542,Geisinger Commonwealth School of Medicine,"Private, nonprofit",Private Non-Profit,51,6,doctoral,51,273352.0,3109.0
208822,George Fox University,"Private, nonprofit",Private Non-Profit,51,5,master,51,63520.0,723.0
208822,George Fox University,"Private, nonprofit",Private Non-Profit,51,6,doctoral,51,123089.0,1400.0
232186,George Mason University,Public,Public,51,5,master,51,41000.0,466.0
232186,George Mason University,Public,Public,51,6,doctoral,51,57000.0,648.0
131469,George Washington University,"Private, nonprofit",Private Non-Profit,51,5,master,51,75171.0,855.0
131469,George Washington University,"Private, nonprofit",Private Non-Profit,51,6,doctoral,51,110819.5,1260.5
131496,Georgetown University,"Private, nonprofit",Private Non-Profit,51,5,master,51,87819.0,999.0
131496,Georgetown University,"Private, nonprofit",Private Non-Profit,51,6,doctoral,51,212494.0,2417.0
139861,Georgia College & State University,Public,Public,51,5,master,51,31600.0,359.0
139931,Georgia Southern University,Public,Public,51,5,master,51,31995.0,364.0
139931,Georgia Southern University,Public,Public,51,6,doctoral,51,67963.5,773.0
139764,Georgia Southwestern State University,Public,Public,51,5,master,51,36032.0,410.0
139940,Georgia State University,Public,Public,51,5,master,51,38830.0,442.0
139940,Georgia State University,Public,Public,51,6,doctoral,51,62829.0,715.0
235316,Gonzaga University,"Private, nonprofit",Private Non-Profit,51,5,master,51,54023.0,615.0
235316,Gonzaga University,"Private, nonprofit",Private Non-Profit,51,6,doctoral,51,79017.0,899.0
165945,Gordon-Conwell Theological Seminary,"Private, nonprofit",Private Non-Profit,51,5,master,51,34500.0,392.0
145336,Governors State University,Public,Public,51,5,master,51,55906.0,636.0
150677,Grace College and Theological Seminary,"Private, nonprofit",Private Non-Profit,51,5,master,51,55130.0,627.0
153366,Graceland University-Lamoni,"Private, nonprofit",Private Non-Profit,51,5,master,51,53964.0,614.0
104717,Grand Canyon University,"Private, for-profit",Private For-Profit,51,5,master,51,39259.0,446.5
104717,Grand Canyon University,"Private, for-profit",Private For-Profit,51,6,doctoral,51,43000.0,489.0
170082,Grand Valley State University,Public,Public,51,5,master,51,53532.5,609.0
170082,Grand Valley State University,Public,Public,51,6,doctoral,51,101032.0,1149.0
232265,Hampton University,"Private, nonprofit",Private Non-Profit,51,5,master,51,61999.0,705.5
232265,Hampton University,"Private, nonprofit",Private Non-Profit,51,6,doctoral,51,164906.5,1875.5
225247,Hardin-Simmons University,"Private, nonprofit",Private Non-Profit,51,5,master,51,134960.0,1535.0
225247,Hardin-Simmons University,"Private, nonprofit",Private Non-Profit,51,6,doctoral,51,61500.0,700.0
107044,Harding University,"Private, nonprofit",Private Non-Profit,51,5,master,51,57907.0,659.0
166027,Harvard University,"Private, nonprofit",Private Non-Profit,51,5,master,51,54840.5,624.0
173683,Hazelden Betty Ford Graduate School,"Private, nonprofit",Private Non-Profit,51,5,master,51,59214.0,674.0
107071,Henderson State University,Public,Public,51,5,master,51,66422.0,756.0
235422,Heritage University,"Private, nonprofit",Private Non-Profit,51,5,master,51,125678.0,1430.0
101365,Herzing University-Birmingham,"Private, nonprofit",Private Non-Profit,51,5,master,51,40934.0,466.0
459851,Herzing University-Brookfield,"Private, nonprofit",Private Non-Profit,51,5,master,51,40934.0,466.0
459842,Herzing University-Kenosha,"Private, nonprofit",Private Non-Profit,51,5,master,51,40934.0,466.0
240392,Herzing University-Madison,"Private, nonprofit",Private Non-Profit,51,5,master,51,40934.0,466.0
198695,High Point University,"Private, nonprofit",Private Non-Profit,51,5,master,51,112025.0,1274.0
367884,Hodges University,"Private, nonprofit",Private Non-Profit,51,5,master,51,49674.0,565.0
191649,Hofstra University,"Private, nonprofit",Private Non-Profit,51,5,master,51,57880.5,658.5
212984,Holy Family University,"Private, nonprofit",Private Non-Profit,51,5,master,51,32791.0,373.0
115728,Holy Names University,"Private, nonprofit",Private Non-Profit,51,5,master,51,52911.0,602.0
162760,Hood College,"Private, nonprofit",Private Non-Profit,51,5,master,51,46161.0,525.0
131520,Howard University,"Private, nonprofit",Private Non-Profit,51,5,master,51,87872.0,1000.0
150941,Huntington University,"Private, nonprofit",Private Non-Profit,51,6,doctoral,51,113655.0,1293.0
487524,Husson University,"Private, nonprofit",Private Non-Profit,51,5,master,51,41667.0,474.0
487524,Husson University,"Private, nonprofit",Private Non-Profit,51,6,doctoral,51,107670.5,1224.5
193405,Icahn School of Medicine at Mount Sinai,"Private, nonprofit",Private Non-Profit,51,6,doctoral,51,126350.0,1437.0
142276,Idaho State University,Public,Public,51,5,master,51,57360.0,652.0
142276,Idaho State University,Public,Public,51,6,doctoral,51,58370.0,664.0
145813,Illinois State University,Public,Public,51,5,master,51,23500.0,267.5
151324,Indiana State University,Public,Public,51,5,master,51,44211.0,503.0
151324,Indiana State University,Public,Public,51,6,doctoral,51,52067.0,592.0
213020,Indiana University of Pennsylvania,Public,Public,51,5,master,51,41000.0,466.0
151351,Indiana University-Bloomington,Public,Public,51,5,master,51,39549.5,450.0
151388,Indiana University-East,Public,Public,51,5,master,51,44962.0,511.0
151111,Indiana University-Indianapolis,Public,Public,51,5,master,51,47468.0,540.0
151333,Indiana University-Kokomo,Public,Public,51,5,master,51,42145.0,479.0
151342,Indiana University-South Bend,Public,Public,51,5,master,51,37451.0,426.0
151801,Indiana Wesleyan University-Marion,"Private, nonprofit",Private Non-Profit,51,5,master,51,46942.5,534.0
151801,Indiana Wesleyan University-Marion,"Private, nonprofit",Private Non-Profit,51,6,doctoral,51,113525.0,1291.0
488679,Indiana Wesleyan University-National & Global,"Private, nonprofit",Private Non-Profit,51,5,master,51,46942.5,534.0
242635,Inter American University of Puerto Rico-Arecibo,"Private, nonprofit",Private Non-Profit,51,5,master,51,53531.0,609.0
242699,Inter American University of Puerto Rico-Guayama,"Private, nonprofit",Private Non-Profit,51,5,master,51,23333.0,265.0
242653,Inter American University of Puerto Rico-Metro,"Private, nonprofit",Private Non-Profit,51,5,master,51,19699.0,224.0
191931,Iona University,"Private, nonprofit",Private Non-Profit,51,5,master,51,61500.0,700.0
191968,Ithaca College,"Private, nonprofit",Private Non-Profit,51,5,master,51,39024.0,444.0
191968,Ithaca College,"Private, nonprofit",Private Non-Profit,51,6,doctoral,51,70954.0,807.0
175856,Jackson State University,Public,Public,51,5,master,51,60065.0,683.5
101480,Jacksonville State University,Public,Public,51,5,master,51,44321.0,504.0
134945,Jacksonville University,"Private, nonprofit",Private Non-Profit,51,5,master,51,41000.0,466.0
232423,James Madison University,Public,Public,51,5,master,51,37959.0,432.0
107141,John Brown University,"Private, nonprofit",Private Non-Profit,51,5,master,51,52463.0,597.0
203368,John Carroll University,"Private, nonprofit",Private Non-Profit,51,5,master,51,52322.0,595.0
488776,John Patrick University of Health and Applied Sciences,"Private, for-profit",Private For-Profit,51,5,master,51,39544.0,450.0
162928,Johns Hopkins University,"Private, nonprofit",Private Non-Profit,51,5,master,51,62476.0,710.5
162928,Johns Hopkins University,"Private, nonprofit",Private Non-Profit,51,6,doctoral,51,58350.0,664.0
217235,Johnson & Wales University-Providence,"Private, nonprofit",Private Non-Profit,51,5,master,51,81279.0,924.5
185262,Kean University,Public,Public,51,5,master,51,47700.0,543.0
185262,Kean University,Public,Public,51,6,doctoral,51,71750.0,816.0
135081,Keiser University-Ft Lauderdale,"Private, nonprofit",Private Non-Profit,51,5,master,51,47680.0,542.5
486840,Kennesaw State University,Public,Public,51,5,master,51,35709.0,406.5
203526,Kent State University at Geauga,Public,Public,51,5,master,51,40875.0,465.0
203517,Kent State University at Kent,Public,Public,51,5,master,51,39394.5,448.0
157100,Kentucky Christian University,"Private, nonprofit",Private Non-Profit,51,5,master,51,41000.0,466.0
203544,Kettering College,"Private, nonprofit",Private Non-Profit,51,5,master,51,101004.0,1149.0
203544,Kettering College,"Private, nonprofit",Private Non-Profit,51,6,doctoral,51,134739.0,1533.0
192192,Keuka College,"Private, nonprofit",Private Non-Profit,51,5,master,51,30750.0,349.5
220516,King University,"Private, nonprofit",Private Non-Profit,51,5,master,51,51124.0,582.0
213321,King's College,"Private, nonprofit",Private Non-Profit,51,5,master,51,61300.0,697.0
213358,La Roche University,"Private, nonprofit",Private Non-Profit,51,5,master,51,105869.0,1204.0
213367,La Salle University,"Private, nonprofit",Private Non-Profit,51,5,master,51,85566.0,973.0
203580,Lake Erie College,"Private, nonprofit",Private Non-Profit,51,5,master,51,102960.0,1171.0
407629,Lake Erie College of Osteopathic Medicine,"Private, nonprofit",Private Non-Profit,51,5,master,51,42041.5,478.5
238980,Lakeland University,"Private, nonprofit",Private Non-Profit,51,5,master,51,59217.0,674.0
226091,Lamar University,Public,Public,51,5,master,51,36553.0,416.0
192323,Le Moyne College,"Private, nonprofit",Private Non-Profit,51,5,master,51,102941.0,1171.0
213507,Lebanon Valley College,"Private, nonprofit",Private Non-Profit,51,6,doctoral,51,51250.0,583.0
198835,Lenoir-Rhyne University,"Private, nonprofit",Private Non-Profit,51,5,master,51,72210.0,821.0
166452,Lesley University,"Private, nonprofit",Private Non-Profit,51,5,master,51,66083.0,752.0
209056,Lewis & Clark College,"Private, nonprofit",Private Non-Profit,51,5,master,51,119806.0,1363.0
146612,Lewis University,"Private, nonprofit",Private Non-Profit,51,5,master,51,47832.0,544.0
232557,Liberty University,"Private, nonprofit",Private Non-Profit,51,5,master,51,34974.0,398.0
232557,Liberty University,"Private, nonprofit",Private Non-Profit,51,6,doctoral,51,264232.0,3006.0
220631,Lincoln Memorial University,"Private, nonprofit",Private Non-Profit,51,5,master,51,106980.5,1217.0
177968,Lindenwood University,"Private, nonprofit",Private Non-Profit,51,5,master,51,38037.0,433.0
219976,Lipscomb University,"Private, nonprofit",Private Non-Profit,51,5,master,51,61583.0,701.0
177986,Logan University,"Private, nonprofit",Private Non-Profit,51,5,master,51,39247.0,446.0
177986,Logan University,"Private, nonprofit",Private Non-Profit,51,6,doctoral,51,172932.0,1967.0
117636,Loma Linda University,"Private, nonprofit",Private Non-Profit,51,5,master,51,98534.0,1121.0
117636,Loma Linda University,"Private, nonprofit",Private Non-Profit,51,6,doctoral,51,85387.0,971.0
192448,Long Island University,"Private, nonprofit",Private Non-Profit,51,5,master,51,73097.5,831.5
232566,Longwood University,Public,Public,51,5,master,51,47619.0,542.0
474863,Los Angeles Pacific University,"Private, nonprofit",Private Non-Profit,51,5,master,51,20500.0,233.0
159373,Louisiana State University Health Sciences Center-New Orleans,Public,Public,51,5,master,51,55615.0,633.0
159373,Louisiana State University Health Sciences Center-New Orleans,Public,Public,51,6,doctoral,51,109636.0,1247.0
435000,Louisiana State University Health Sciences Center-Shreveport,Public,Public,51,5,master,51,66217.0,753.0
435000,Louisiana State University Health Sciences Center-Shreveport,Public,Public,51,6,doctoral,51,84870.0,965.0
159391,Louisiana State University and Agricultural & Mechanical College,Public,Public,51,5,master,51,35622.0,405.0
159416,Louisiana State University-Shreveport,Public,Public,51,5,master,51,25179.0,286.0
159647,Louisiana Tech University,Public,Public,51,5,master,51,39967.0,455.0
203757,Lourdes University,"Private, nonprofit",Private Non-Profit,51,5,master,51,109952.0,1251.0
117946,Loyola Marymount University,"Private, nonprofit",Private Non-Profit,51,5,master,51,104931.0,1194.0
146719,Loyola University Chicago,"Private, nonprofit",Private Non-Profit,51,5,master,51,57731.5,657.0
163046,Loyola University Maryland,"Private, nonprofit",Private Non-Profit,51,5,master,51,41000.0,466.0
159656,Loyola University New Orleans,"Private, nonprofit",Private Non-Profit,51,5,master,51,65148.5,741.0
159656,Loyola University New Orleans,"Private, nonprofit",Private Non-Profit,51,6,doctoral,51,82000.0,933.0
226383,Lubbock Christian University,"Private, nonprofit",Private Non-Profit,51,5,master,51,40341.0,459.0
166869,MGH Institute of Health Professions,"Private, nonprofit",Private Non-Profit,51,5,master,51,168086.0,1912.0
170806,Madonna University,"Private, nonprofit",Private Non-Profit,51,5,master,51,50187.0,571.0
203775,Malone University,"Private, nonprofit",Private Non-Profit,51,5,master,51,52553.5,597.5
239080,Marian University,"Private, nonprofit",Private Non-Profit,51,5,master,51,42000.0,478.0
151786,Marian University,"Private, nonprofit",Private Non-Profit,51,6,doctoral,51,271140.0,3084.0
203845,Marietta College,"Private, nonprofit",Private Non-Profit,51,5,master,51,99204.0,1128.0
192819,Marist University,"Private, nonprofit",Private Non-Profit,51,5,master,51,136415.0,1552.0
239105,Marquette University,"Private, nonprofit",Private Non-Profit,51,5,master,51,59509.5,677.0
239105,Marquette University,"Private, nonprofit",Private Non-Profit,51,6,doctoral,51,41000.0,466.0
123943,Marshall B Ketchum University,"Private, nonprofit",Private Non-Profit,51,5,master,51,162878.0,1853.0
237525,Marshall University,Public,Public,51,5,master,51,38784.0,441.0
237525,Marshall University,Public,Public,51,6,doctoral,51,187960.0,2138.0
232672,Mary Baldwin University,"Private, nonprofit",Private Non-Profit,51,5,master,51,129505.0,1473.0
232672,Mary Baldwin University,"Private, nonprofit",Private Non-Profit,51,6,doctoral,51,144756.0,1647.0
232706,Marymount University,"Private, nonprofit",Private Non-Profit,51,5,master,51,73696.0,838.0
232706,Marymount University,"Private, nonprofit",Private Non-Profit,51,6,doctoral,51,153897.0,1751.0
178059,Maryville University of Saint Louis,"Private, nonprofit",Private Non-Profit,51,5,master,51,62004.0,705.5
178059,Maryville University of Saint Louis,"Private, nonprofit",Private Non-Profit,51,6,doctoral,51,75070.0,853.5
213826,Marywood University,"Private, nonprofit",Private Non-Profit,51,5,master,51,49133.0,559.0
166656,Massachusetts College of Pharmacy and Health Sciences,"Private, nonprofit",Private Non-Profit,51,5,master,51,47832.0,544.0
173957,Mayo Clinic College of Medicine and Science,"Private, nonprofit",Private Non-Profit,51,6,doctoral,51,95774.0,1089.5
159717,McNeese State University,Public,Public,51,5,master,51,40664.0,463.0
192925,Medaille University,"Private, nonprofit",Private Non-Profit,51,5,master,51,61500.0,700.0
239169,Medical College of Wisconsin,"Private, nonprofit",Private Non-Profit,51,5,master,51,151072.0,1718.0
218335,Medical University of South Carolina,Public,Public,51,5,master,51,101574.5,1155.5
218335,Medical University of South Carolina,Public,Public,51,6,doctoral,51,123122.0,1401.0
220792,Meharry Medical College,"Private, nonprofit",Private Non-Profit,51,5,master,51,64362.0,732.0
220792,Meharry Medical College,"Private, nonprofit",Private Non-Profit,51,6,doctoral,51,327105.0,3721.0
140447,Mercer University,"Private, nonprofit",Private Non-Profit,51,5,master,51,66000.0,751.0
140447,Mercer University,"Private, nonprofit",Private Non-Profit,51,6,doctoral,51,175359.0,1995.0
193016,Mercy University,"Private, nonprofit",Private Non-Profit,51,5,master,51,61500.0,700.0
193016,Mercy University,"Private, nonprofit",Private Non-Profit,51,6,doctoral,51,113348.0,1289.0
213987,Mercyhurst University,"Private, nonprofit",Private Non-Profit,51,5,master,51,134666.0,1532.0
166850,Merrimack College,"Private, nonprofit",Private Non-Profit,51,5,master,51,20500.0,233.0
213996,Messiah University,"Private, nonprofit",Private Non-Profit,51,5,master,51,58411.5,664.5
198969,Methodist University,"Private, nonprofit",Private Non-Profit,51,5,master,51,106463.0,1211.0
198969,Methodist University,"Private, nonprofit",Private Non-Profit,51,6,doctoral,51,141600.0,1611.0
190114,Metropolitan College of New York,"Private, nonprofit",Private Non-Profit,51,5,master,51,51250.0,583.0
174020,Metropolitan State University,Public,Public,51,5,master,51,50693.0,577.0
174020,Metropolitan State University,Public,Public,51,6,doctoral,51,76250.0,867.0
127565,Metropolitan State University of Denver,Public,Public,51,5,master,51,39098.0,445.0
451103,Miami Regional University,"Private, for-profit",Private For-Profit,51,5,master,51,34500.0,392.0
204024,Miami University-Oxford,Public,Public,51,5,master,51,25500.0,290.0
171100,Michigan State University,Public,Public,51,5,master,51,50773.5,577.5
482158,Middle Georgia State University,Public,Public,51,5,master,51,41000.0,466.0
220996,Middle Tennessee School of Anesthesia Inc,"Private, nonprofit",Private Non-Profit,51,5,master,51,131581.0,1497.0
220978,Middle Tennessee State University,Public,Public,51,5,master,51,39834.0,453.0
383020,Midwest College of Oriental Medicine-Racine,"Private, for-profit",Private For-Profit,51,5,master,51,85644.0,974.0
439020,Midwest College of Oriental Medicine-Skokie,"Private, for-profit",Private For-Profit,51,5,master,51,85644.0,974.0
178208,Midwestern Baptist Theological Seminary,"Private, nonprofit",Private Non-Profit,51,5,master,51,33305.0,379.0
226833,Midwestern State University,Public,Public,51,5,master,51,31545.0,359.0
143853,Midwestern University-Downers Grove,"Private, nonprofit",Private Non-Profit,51,5,master,51,148042.5,1684.0
143853,Midwestern University-Downers Grove,"Private, nonprofit",Private Non-Profit,51,6,doctoral,51,267742.0,3046.0
423643,Midwestern University-Glendale,"Private, nonprofit",Private Non-Profit,51,5,master,51,148042.5,1684.0
486901,Milligan University,"Private, nonprofit",Private Non-Profit,51,5,master,51,105946.0,1205.5
147244,Millikin University,"Private, nonprofit",Private Non-Profit,51,6,doctoral,51,140724.0,1601.0
174358,Minnesota State University Moorhead,Public,Public,51,5,master,51,40116.0,456.0
173920,Minnesota State University-Mankato,Public,Public,51,5,master,51,34700.0,395.0
200253,Minot State University,Public,Public,51,5,master,51,35300.0,402.0
214069,Misericordia University,"Private, nonprofit",Private Non-Profit,51,5,master,51,23953.5,272.5
214069,Misericordia University,"Private, nonprofit",Private Non-Profit,51,6,doctoral,51,82000.0,933.0
176053,Mississippi Christian University,"Private, nonprofit",Private Non-Profit,51,5,master,51,111530.5,1269.0
176035,Mississippi University for Women,Public,Public,51,5,master,51,29300.0,333.0
179566,Missouri State University-Springfield,Public,Public,51,5,master,51,40650.0,462.0
179566,Missouri State University-Springfield,Public,Public,51,6,doctoral,51,71179.5,810.0
193292,Molloy University,"Private, nonprofit",Private Non-Profit,51,5,master,51,43375.0,493.0
185572,Monmouth University,"Private, nonprofit",Private Non-Profit,51,5,master,51,66568.0,757.0
193308,Monroe University,"Private, for-profit",Private For-Profit,51,5,master,51,36439.0,414.0
180461,Montana State University,Public,Public,51,6,doctoral,51,55433.0,631.0
180179,Montana State University Billings,Public,Public,51,5,master,51,48207.0,548.0
180416,Montana Technological University,Public,Public,51,5,master,51,21023.0,239.0
185590,Montclair State University,Public,Public,51,5,master,51,44000.0,501.0
214157,Moravian University,"Private, nonprofit",Private Non-Profit,51,5,master,51,41000.0,466.0
140562,Morehouse School of Medicine,"Private, nonprofit",Private Non-Profit,51,5,master,51,79044.0,899.0
163453,Morgan State University,Public,Public,51,5,master,51,41000.0,466.0
154004,Morningside University,"Private, nonprofit",Private Non-Profit,51,5,master,51,27006.0,307.0
204176,Mount Carmel College of Nursing,"Private, nonprofit",Private Non-Profit,51,5,master,51,35963.0,409.0
219198,Mount Marty University,"Private, nonprofit",Private Non-Profit,51,5,master,51,88791.0,1010.0
219198,Mount Marty University,"Private, nonprofit",Private Non-Profit,51,6,doctoral,51,180125.0,2049.0
239390,Mount Mary University,"Private, nonprofit",Private Non-Profit,51,5,master,51,52515.0,597.0
154013,Mount Mercy University,"Private, nonprofit",Private Non-Profit,51,5,master,51,41000.0,466.0
119173,Mount Saint Mary's University,"Private, nonprofit",Private Non-Profit,51,6,doctoral,51,173420.0,1973.0
204200,Mount St. Joseph University,"Private, nonprofit",Private Non-Profit,51,5,master,51,81113.5,922.5
204200,Mount St. Joseph University,"Private, nonprofit",Private Non-Profit,51,6,doctoral,51,97414.0,1108.0
204194,Mount Vernon Nazarene University,"Private, nonprofit",Private Non-Profit,51,5,master,51,27971.0,318.0
157401,Murray State University,Public,Public,51,5,master,51,42000.0,478.0
157401,Murray State University,Public,Public,51,6,doctoral,51,92445.0,1052.0
242972,NUC University,"Private, for-profit",Private For-Profit,51,5,master,51,15124.0,172.0
147536,National Louis University,"Private, nonprofit",Private Non-Profit,51,5,master,51,41000.0,466.0
119605,National University,"Private, nonprofit",Private Non-Profit,51,5,master,51,50417.5,573.5
147590,National University of Health Sciences,"Private, nonprofit",Private Non-Profit,51,5,master,51,133129.0,1514.0
147590,National University of Health Sciences,"Private, nonprofit",Private Non-Profit,51,6,doctoral,51,196835.5,2239.0
209296,National University of Natural Medicine,"Private, nonprofit",Private Non-Profit,51,5,master,51,45046.0,512.0
193584,Nazareth University,"Private, nonprofit",Private Non-Profit,51,5,master,51,40113.0,456.0
193584,Nazareth University,"Private, nonprofit",Private Non-Profit,51,6,doctoral,51,65000.0,739.0
181297,Nebraska Methodist College of Nursing & Allied Health,"Private, nonprofit",Private Non-Profit,51,5,master,51,72646.0,826.0
181446,Nebraska Wesleyan University,"Private, nonprofit",Private Non-Profit,51,5,master,51,35739.0,407.0
214272,Neumann University,"Private, nonprofit",Private Non-Profit,51,6,doctoral,51,90526.0,1030.0
182980,New England College,"Private, nonprofit",Private Non-Profit,51,5,master,51,32680.0,372.0
217305,New England Institute of Technology,"Private, nonprofit",Private Non-Profit,51,5,master,51,47834.0,544.0
185129,New Jersey City University,Public,Public,51,5,master,51,36746.0,418.0
187897,New Mexico Highlands University,Public,Public,51,5,master,51,25000.0,284.0
188030,New Mexico State University-Main Campus,Public,Public,51,5,master,51,36175.0,411.0
439783,New York College of Traditional Chinese Medicine,"Private, nonprofit",Private Non-Profit,51,5,master,51,28384.0,323.0
194091,New York Institute of Technology,"Private, nonprofit",Private Non-Profit,51,5,master,51,141017.5,1604.5
193830,New York Medical College,"Private, nonprofit",Private Non-Profit,51,5,master,51,74239.0,844.0
193900,New York University,"Private, nonprofit",Private Non-Profit,51,5,master,51,114253.5,1299.5
193900,New York University,"Private, nonprofit",Private Non-Profit,51,6,doctoral,51,167958.0,1911.0
155335,Newman University,"Private, nonprofit",Private Non-Profit,51,5,master,51,105790.0,1203.0
159966,Nicholls State University,Public,Public,51,5,master,51,48211.0,548.0
199157,North Carolina Central University,Public,Public,51,5,master,51,72425.5,823.5
200332,North Dakota State University-Main Campus,Public,Public,51,5,master,51,24880.0,283.0
200332,North Dakota State University-Main Campus,Public,Public,51,6,doctoral,51,46124.0,525.0
218441,North Greenville University,"Private, nonprofit",Private Non-Profit,51,5,master,51,155106.0,1764.0
147679,North Park University,"Private, nonprofit",Private Non-Profit,51,5,master,51,26500.0,301.0
444130,Northcentral University,"Private, nonprofit",Private Non-Profit,51,5,master,51,50963.0,580.0
193751,Northeast College of Health Sciences,"Private, nonprofit",Private Non-Profit,51,5,master,51,28065.0,319.0
147776,Northeastern Illinois University,Public,Public,51,5,master,51,28707.0,327.0
207263,Northeastern State University,Public,Public,51,5,master,51,40174.5,457.0
167358,Northeastern University,"Private, nonprofit",Private Non-Profit,51,5,master,51,41000.0,466.0
482705,Northeastern University Professional Programs,"Private, nonprofit",Private Non-Profit,51,5,master,51,41000.0,466.0
105330,Northern Arizona University,Public,Public,51,5,master,51,42539.0,484.0
105330,Northern Arizona University,Public,Public,51,6,doctoral,51,87849.0,999.0
147703,Northern Illinois University,Public,Public,51,5,master,51,44299.5,504.0
147703,Northern Illinois University,Public,Public,51,6,doctoral,51,61500.0,700.0
157447,Northern Kentucky University,Public,Public,51,5,master,51,40975.0,466.0
157447,Northern Kentucky University,Public,Public,51,6,doctoral,51,63614.0,724.0
142461,Northwest Nazarene University,"Private, nonprofit",Private Non-Profit,51,5,master,51,44417.0,505.5
174507,Northwestern Health Sciences University,"Private, nonprofit",Private Non-Profit,51,5,master,51,105778.0,1203.0
160038,Northwestern State University of Louisiana,Public,Public,51,5,master,51,41000.0,466.0
147767,Northwestern University,"Private, nonprofit",Private Non-Profit,51,5,master,51,112106.0,1275.0
147767,Northwestern University,"Private, nonprofit",Private Non-Profit,51,6,doctoral,51,115796.0,1317.0
230995,Norwich University,"Private, nonprofit",Private Non-Profit,51,5,master,51,35211.0,401.0
120184,Notre Dame de Namur University,"Private, nonprofit",Private Non-Profit,51,5,master,51,90921.0,1034.0
136215,Nova Southeastern University,"Private, nonprofit",Private Non-Profit,51,5,master,51,80624.0,917.0
136215,Nova Southeastern University,"Private, nonprofit",Private Non-Profit,51,6,doctoral,51,207910.5,2365.0
149763,Oak Point University,"Private, nonprofit",Private Non-Profit,51,5,master,51,61500.0,700.0
171571,Oakland University,Public,Public,51,5,master,51,44928.0,511.0
171571,Oakland University,Public,Public,51,6,doctoral,51,93047.0,1058.0
204617,Ohio Dominican University,"Private, nonprofit",Private Non-Profit,51,5,master,51,122338.0,1392.0
204796,Ohio State University-Main Campus,Public,Public,51,5,master,51,40814.0,464.0
204796,Ohio State University-Main Campus,Public,Public,51,6,doctoral,51,50473.5,574.5
204857,Ohio University-Main Campus,Public,Public,51,5,master,51,41000.0,466.0
207458,Oklahoma City University,"Private, nonprofit",Private Non-Profit,51,5,master,51,134496.0,1530.0
207458,Oklahoma City University,"Private, nonprofit",Private Non-Profit,51,6,doctoral,51,84000.0,956.0
207388,Oklahoma State University-Main Campus,Public,Public,51,5,master,51,29960.5,341.0
206835,Oklahoma Wesleyan University,"Private, nonprofit",Private Non-Profit,51,5,master,51,36408.0,414.0
232982,Old Dominion University,Public,Public,51,5,master,51,41000.0,466.0
232982,Old Dominion University,Public,Public,51,6,doctoral,51,75732.0,861.0
147828,Olivet Nazarene University,"Private, nonprofit",Private Non-Profit,51,5,master,51,42454.0,483.0
369659,Oregon College of Oriental Medicine,"Private, nonprofit",Private Non-Profit,51,5,master,51,175882.0,2001.0
209490,Oregon Health & Science University,Public,Public,51,5,master,51,74294.5,845.0
209542,Oregon State University,Public,Public,51,5,master,51,36176.0,412.0
440828,Oregon State University-Cascades Campus,Public,Public,51,5,master,51,36176.0,412.0
204936,Otterbein University,"Private, nonprofit",Private Non-Profit,51,5,master,51,60824.0,692.0
227331,Our Lady of the Lake University,"Private, nonprofit",Private Non-Profit,51,5,master,51,48560.0,552.0
194310,Pace University,"Private, nonprofit",Private Non-Profit,51,5,master,51,73954.5,841.0
378576,Pacific College of Health and Science,"Private, for-profit",Private For-Profit,51,5,master,51,109746.0,1248.0
414595,Pacific College of Health and Science,"Private, for-profit",Private For-Profit,51,5,master,51,109746.0,1248.0
442842,Pacific College of Health and Science,"Private, for-profit",Private For-Profit,51,5,master,51,109746.0,1248.0
236230,Pacific Lutheran University,"Private, nonprofit",Private Non-Profit,51,5,master,51,77345.5,880.0
120768,Pacific Oaks College,"Private, nonprofit",Private Non-Profit,51,5,master,51,91562.0,1042.0
209612,Pacific University,"Private, nonprofit",Private Non-Profit,51,5,master,51,92127.0,1048.0
209612,Pacific University,"Private, nonprofit",Private Non-Profit,51,6,doctoral,51,191682.5,2180.5
136330,Palm Beach Atlantic University,"Private, nonprofit",Private Non-Profit,51,5,master,51,51043.0,581.0
136330,Palm Beach Atlantic University,"Private, nonprofit",Private Non-Profit,51,6,doctoral,51,146388.0,1665.5
120698,Palo Alto University,"Private, nonprofit",Private Non-Profit,51,5,master,51,75599.0,860.0
178721,Park University,"Private, nonprofit",Private Non-Profit,51,5,master,51,40650.0,462.0
214777,Pennsylvania State University-Main Campus,Public,Public,51,5,master,51,41000.0,466.0
214713,Pennsylvania State University-Penn State Harrisburg,Public,Public,51,5,master,51,44873.0,510.0
479956,Pennsylvania State University-World Campus,Public,Public,51,5,master,51,41000.0,466.0
498571,Pennsylvania Western University,Public,Public,51,5,master,51,41000.0,466.0
199306,Pfeiffer University,"Private, nonprofit",Private Non-Profit,51,5,master,51,50055.0,569.5
215123,Philadelphia College of Osteopathic Medicine,"Private, nonprofit",Private Non-Profit,51,5,master,51,52611.0,598.0
121309,Point Loma Nazarene University,"Private, nonprofit",Private Non-Profit,51,5,master,51,50562.0,575.0
243081,Ponce Health Sciences University,"Private, for-profit",Private For-Profit,51,5,master,51,48200.0,548.0
243081,Ponce Health Sciences University,"Private, for-profit",Private For-Profit,51,6,doctoral,51,232266.0,2642.0
241395,Pontifical Catholic University of Puerto Rico-Arecibo,"Private, nonprofit",Private Non-Profit,51,5,master,51,49396.0,562.0
243586,Pontifical Catholic University of Puerto Rico-Mayaguez,"Private, nonprofit",Private Non-Profit,51,5,master,51,49396.0,562.0
241410,Pontifical Catholic University of Puerto Rico-Ponce,"Private, nonprofit",Private Non-Profit,51,5,master,51,52116.0,593.0
209807,Portland State University,Public,Public,51,5,master,51,52500.0,597.0
227526,Prairie View A & M University,Public,Public,51,5,master,51,37430.0,426.0
194578,Pratt Institute-Main,"Private, nonprofit",Private Non-Profit,51,5,master,51,127547.0,1451.0
218539,Presbyterian College,"Private, nonprofit",Private Non-Profit,51,6,doctoral,51,213769.0,2432.0
105589,Prescott College,"Private, nonprofit",Private Non-Profit,51,5,master,51,71500.0,813.0
151102,Purdue University Fort Wayne,Public,Public,51,5,master,51,50646.0,576.0
489779,Purdue University Global,Public,Public,51,5,master,51,52657.5,599.0
489779,Purdue University Global,Public,Public,51,6,doctoral,51,89231.0,1015.0
490805,Purdue University Northwest,Public,Public,51,5,master,51,33564.0,382.0
243780,Purdue University-Main Campus,Public,Public,51,5,master,51,26529.0,301.5
199412,Queens University of Charlotte,"Private, nonprofit",Private Non-Profit,51,5,master,51,40827.0,464.0
130226,Quinnipiac University,"Private, nonprofit",Private Non-Profit,51,5,master,51,71500.0,813.0
130226,Quinnipiac University,"Private, nonprofit",Private Non-Profit,51,6,doctoral,51,76500.0,870.0
233277,Radford University,Public,Public,51,5,master,51,43089.0,490.0
233277,Radford University,Public,Public,51,6,doctoral,51,90018.0,1024.0
127909,Red Rocks Community College,Public,Public,51,5,master,51,101446.0,1154.0
231651,Regent University,"Private, nonprofit",Private Non-Profit,51,5,master,51,34166.0,389.0
167598,Regis College,"Private, nonprofit",Private Non-Profit,51,5,master,51,47833.0,544.0
127918,Regis University,"Private, nonprofit",Private Non-Profit,51,5,master,51,41000.0,466.0
127918,Regis University,"Private, nonprofit",Private Non-Profit,51,6,doctoral,51,178240.0,2027.5
178989,Research College of Nursing,"Private, for-profit",Private For-Profit,51,5,master,51,33095.0,376.0
217420,Rhode Island College,Public,Public,51,5,master,51,41000.0,466.0
441104,Richmont Graduate University,"Private, nonprofit",Private Non-Profit,51,5,master,51,58916.0,670.0
186283,Rider University,"Private, nonprofit",Private Non-Profit,51,5,master,51,50967.0,580.0
183211,Rivier University,"Private, nonprofit",Private Non-Profit,51,5,master,51,39441.0,449.0
215655,Robert Morris University,"Private, nonprofit",Private Non-Profit,51,5,master,51,33233.0,378.0
215655,Robert Morris University,"Private, nonprofit",Private Non-Profit,51,6,doctoral,51,82000.0,933.0
194958,Roberts Wesleyan University,"Private, nonprofit",Private Non-Profit,51,5,master,51,38750.0,441.0
195003,Rochester Institute of Technology,"Private, nonprofit",Private Non-Profit,51,5,master,51,20500.0,233.0
179043,Rockhurst University,"Private, nonprofit",Private Non-Profit,51,5,master,51,50102.0,570.0
179043,Rockhurst University,"Private, nonprofit",Private Non-Profit,51,6,doctoral,51,108000.0,1229.0
180595,Rocky Mountain College,"Private, nonprofit",Private Non-Profit,51,5,master,51,166205.0,1891.0
475495,Rocky Mountain University of Health Professions,"Private, for-profit",Private For-Profit,51,5,master,51,127068.0,1445.5
475495,Rocky Mountain University of Health Professions,"Private, for-profit",Private For-Profit,51,6,doctoral,51,82832.0,942.5
136950,Rollins College,"Private, nonprofit",Private Non-Profit,51,5,master,51,41000.0,466.0
148487,Roosevelt University,"Private, nonprofit",Private Non-Profit,51,5,master,51,59000.0,671.0
148487,Roosevelt University,"Private, nonprofit",Private Non-Profit,51,6,doctoral,51,162513.0,1849.0
145558,Rosalind Franklin University of Medicine and Science,"Private, nonprofit",Private Non-Profit,51,5,master,51,115548.5,1314.5
145558,Rosalind Franklin University of Medicine and Science,"Private, nonprofit",Private Non-Profit,51,6,doctoral,51,198121.5,2253.5
445735,Roseman University of Health Sciences,"Private, nonprofit",Private Non-Profit,51,6,doctoral,51,339431.0,3861.0
184782,Rowan University,Public,Public,51,5,master,51,59000.0,671.0
184782,Rowan University,Public,Public,51,6,doctoral,51,232655.0,2646.0
148511,Rush University,"Private, nonprofit",Private Non-Profit,51,5,master,51,82598.0,939.5
148511,Rush University,"Private, nonprofit",Private Non-Profit,51,6,doctoral,51,113423.5,1290.5
195128,Russell Sage College,"Private, nonprofit",Private Non-Profit,51,5,master,51,57819.5,658.0
186371,Rutgers University-Camden,Public,Public,51,5,master,51,30750.0,350.0
186371,Rutgers University-Camden,Public,Public,51,6,doctoral,51,77141.5,877.5
186380,Rutgers University-New Brunswick,Public,Public,51,5,master,51,41000.0,466.0
186380,Rutgers University-New Brunswick,Public,Public,51,6,doctoral,51,67500.0,768.0
186399,Rutgers University-Newark,Public,Public,51,5,master,51,38396.0,436.5
186399,Rutgers University-Newark,Public,Public,51,6,doctoral,51,67500.0,768.0
196255,SUNY Downstate Health Sciences University,Public,Public,51,5,master,51,47093.5,536.0
196255,SUNY Downstate Health Sciences University,Public,Public,51,6,doctoral,51,196615.0,2237.0
196112,SUNY Polytechnic Institute,Public,Public,51,5,master,51,42988.0,489.0
130253,Sacred Heart University,"Private, nonprofit",Private Non-Profit,51,5,master,51,52230.0,594.0
172051,Saginaw Valley State University,Public,Public,51,5,master,51,42733.5,486.0
154235,Saint Ambrose University,"Private, nonprofit",Private Non-Profit,51,5,master,51,62250.0,708.0
154235,Saint Ambrose University,"Private, nonprofit",Private Non-Profit,51,6,doctoral,51,104379.0,1187.0
174783,Saint Cloud State University,Public,Public,51,5,master,51,37572.0,427.0
227845,Saint Edward's University,"Private, nonprofit",Private Non-Profit,51,5,master,51,80891.0,920.0
148575,Saint Francis Medical Center College of Nursing,"Private, nonprofit",Private Non-Profit,51,5,master,51,40500.0,461.0
215743,Saint Francis University,"Private, nonprofit",Private Non-Profit,51,5,master,51,30750.0,350.0
215743,Saint Francis University,"Private, nonprofit",Private Non-Profit,51,6,doctoral,51,64750.0,737.0
161518,Saint Joseph's College of Maine,"Private, nonprofit",Private Non-Profit,51,5,master,51,37478.0,426.0
442356,Saint Joseph's University - Lancaster,"Private, nonprofit",Private Non-Profit,51,5,master,51,41000.0,466.0
215770,Saint Joseph's University - Philadelphia,"Private, nonprofit",Private Non-Profit,51,5,master,51,41000.0,466.0
179159,Saint Louis University,"Private, nonprofit",Private Non-Profit,51,5,master,51,54500.0,620.0
179159,Saint Louis University,"Private, nonprofit",Private Non-Profit,51,6,doctoral,51,41000.0,466.0
152390,Saint Mary's College,"Private, nonprofit",Private Non-Profit,51,5,master,51,41000.0,466.0
174817,Saint Mary's University of Minnesota,"Private, nonprofit",Private Non-Profit,51,5,master,51,49350.0,561.0
152381,Saint Mary-of-the-Woods College,"Private, nonprofit",Private Non-Profit,51,5,master,51,50547.0,575.0
215798,Saint Vincent College,"Private, nonprofit",Private Non-Profit,51,5,master,51,117526.0,1337.0
148627,Saint Xavier University,"Private, nonprofit",Private Non-Profit,51,5,master,51,36952.0,420.5
167729,Salem State University,Public,Public,51,5,master,51,39815.0,453.0
214564,Salus University,"Private, nonprofit",Private Non-Profit,51,5,master,51,106585.5,1212.5
214564,Salus University,"Private, nonprofit",Private Non-Profit,51,6,doctoral,51,92500.0,1052.0
102049,Samford University,"Private, nonprofit",Private Non-Profit,51,5,master,51,124631.0,1417.5
102049,Samford University,"Private, nonprofit",Private Non-Profit,51,6,doctoral,51,127958.0,1455.5
122296,Samuel Merritt University,"Private, nonprofit",Private Non-Profit,51,5,master,51,157396.5,1790.5
122296,Samuel Merritt University,"Private, nonprofit",Private Non-Profit,51,6,doctoral,51,166163.0,1890.0
122409,San Diego State University,Public,Public,51,5,master,51,38020.0,432.0
122409,San Diego State University,Public,Public,51,6,doctoral,51,74580.0,848.0
122597,San Francisco State University,Public,Public,51,5,master,51,33190.0,377.5
195304,Sarah Lawrence College,"Private, nonprofit",Private Non-Profit,51,5,master,51,41000.0,466.0
143048,School of the Art Institute of Chicago,"Private, nonprofit",Private Non-Profit,51,5,master,51,69198.0,787.0
236577,Seattle Pacific University,"Private, nonprofit",Private Non-Profit,51,5,master,51,61500.0,700.0
236595,Seattle University,"Private, nonprofit",Private Non-Profit,51,5,master,51,105629.0,1202.0
186584,Seton Hall University,"Private, nonprofit",Private Non-Profit,51,5,master,51,66263.0,754.0
186584,Seton Hall University,"Private, nonprofit",Private Non-Profit,51,6,doctoral,51,87695.0,998.0
215947,Seton Hill University,"Private, nonprofit",Private Non-Profit,51,5,master,51,93759.0,1066.5
205443,Shawnee State University,Public,Public,51,5,master,51,49400.0,562.0
233541,Shenandoah University,"Private, nonprofit",Private Non-Profit,51,5,master,51,58924.0,670.0
233541,Shenandoah University,"Private, nonprofit",Private Non-Profit,51,6,doctoral,51,114000.0,1297.0
172264,Siena Heights University,"Private, nonprofit",Private Non-Profit,51,5,master,51,56013.0,637.0
167783,Simmons University,"Private, nonprofit",Private Non-Profit,51,5,master,51,71750.0,816.0
167783,Simmons University,"Private, nonprofit",Private Non-Profit,51,6,doctoral,51,72750.0,828.0
216038,Slippery Rock University of Pennsylvania,Public,Public,51,5,master,51,63212.0,719.0
216038,Slippery Rock University of Pennsylvania,Public,Public,51,6,doctoral,51,76814.0,874.0
123572,Sonoma State University,Public,Public,51,5,master,51,41000.0,466.0
218733,South Carolina State University,Public,Public,51,5,master,51,48500.0,551.5
220552,South College,"Private, for-profit",Private For-Profit,51,5,master,51,100378.0,1141.5
219356,South Dakota State University,Public,Public,51,5,master,51,46000.0,523.0
480073,South University-Austin,"Private, for-profit",Private For-Profit,51,5,master,51,99359.5,1130.5
251312,South University-Columbia,"Private, for-profit",Private For-Profit,51,5,master,51,59405.0,676.0
481720,South University-High Point,"Private, for-profit",Private For-Profit,51,5,master,51,59405.0,676.0
101116,South University-Montgomery,"Private, for-profit",Private For-Profit,51,5,master,51,54215.0,617.0
459259,South University-Richmond,"Private, for-profit",Private For-Profit,51,5,master,51,62262.0,708.0
139579,South University-Savannah,"Private, for-profit",Private For-Profit,51,5,master,51,59405.0,676.0
139579,South University-Savannah,"Private, for-profit",Private For-Profit,51,6,doctoral,51,151100.5,1718.5
475121,South University-Savannah Online,"Private, for-profit",Private For-Profit,51,5,master,51,56433.0,642.0
449898,South University-Tampa,"Private, for-profit",Private For-Profit,51,5,master,51,59028.0,671.5
459268,South University-Virginia Beach,"Private, for-profit",Private For-Profit,51,5,master,51,56810.0,646.5
133465,South University-West Palm Beach,"Private, for-profit",Private For-Profit,51,5,master,51,62262.0,708.0
179557,Southeast Missouri State University,Public,Public,51,5,master,51,33488.0,381.0
160612,Southeastern Louisiana University,Public,Public,51,5,master,51,36643.0,417.0
137564,Southeastern University,"Private, nonprofit",Private Non-Profit,51,5,master,51,41000.0,466.0
221661,Southern Adventist University,"Private, nonprofit",Private Non-Profit,51,5,master,51,50978.0,580.0
117672,Southern California University of Health Sciences,"Private, nonprofit",Private Non-Profit,51,5,master,51,102750.0,1169.0
130493,Southern Connecticut State University,Public,Public,51,5,master,51,36998.0,420.5
149231,Southern Illinois University Edwardsville,Public,Public,51,5,master,51,26571.5,302.0
149231,Southern Illinois University Edwardsville,Public,Public,51,6,doctoral,51,70163.0,798.0
149222,Southern Illinois University-Carbondale,Public,Public,51,5,master,51,40700.0,463.0
228246,Southern Methodist University,"Private, nonprofit",Private Non-Profit,51,5,master,51,71062.0,808.0
206862,Southern Nazarene University,"Private, nonprofit",Private Non-Profit,51,5,master,51,41000.0,466.0
183026,Southern New Hampshire University,"Private, nonprofit",Private Non-Profit,51,5,master,51,36900.0,420.0
210146,Southern Oregon University,Public,Public,51,5,master,51,58517.0,666.0
440916,Southern University Law Center,Public,Public,51,5,master,51,44249.0,503.0
160621,Southern University and A & M College,Public,Public,51,5,master,51,44249.0,503.0
436261,Southwest Acupuncture College-Boulder,"Private, for-profit",Private For-Profit,51,5,master,51,114805.0,1306.0
366605,Southwest Acupuncture College-Santa Fe,"Private, for-profit",Private For-Profit,51,5,master,51,114805.0,1306.0
179326,Southwest Baptist University,"Private, nonprofit",Private Non-Profit,51,6,doctoral,51,115500.0,1314.0
207865,Southwestern Oklahoma State University,Public,Public,51,5,master,51,20500.0,233.0
157757,Spalding University,"Private, nonprofit",Private Non-Profit,51,5,master,51,54696.5,622.0
172334,Spring Arbor University,"Private, nonprofit",Private Non-Profit,51,5,master,51,53555.0,609.0
167899,Springfield College,"Private, nonprofit",Private Non-Profit,51,5,master,51,80688.5,918.0
167899,Springfield College,"Private, nonprofit",Private Non-Profit,51,6,doctoral,51,41000.0,466.0
175005,St Catherine University,"Private, nonprofit",Private Non-Profit,51,5,master,51,63997.0,728.0
175005,St Catherine University,"Private, nonprofit",Private Non-Profit,51,6,doctoral,51,74606.5,848.5
195720,St. John Fisher University,"Private, nonprofit",Private Non-Profit,51,5,master,51,54221.5,617.0
195809,St. John's University-New York,"Private, nonprofit",Private Non-Profit,51,5,master,51,78594.5,894.0
195544,St. Joseph's University-New York,"Private, nonprofit",Private Non-Profit,51,5,master,51,40517.5,461.0
228149,St. Mary's University,"Private, nonprofit",Private Non-Profit,51,5,master,51,58038.0,660.0
137476,St. Thomas University,"Private, nonprofit",Private Non-Profit,51,5,master,51,62519.0,711.0
446561,Stanbridge University,"Private, for-profit",Private For-Profit,51,5,master,51,100136.0,1139.0
196149,State University of New York at Cortland,Public,Public,51,5,master,51,41000.0,466.0
196176,State University of New York at New Paltz,Public,Public,51,5,master,51,40760.0,463.5
196194,State University of New York at Oswego,Public,Public,51,5,master,51,40308.0,459.0
196246,State University of New York at Plattsburgh,Public,Public,51,5,master,51,39000.0,444.0
228431,Stephen F Austin State University,Public,Public,51,5,master,51,34761.0,395.0
179548,Stephens College,"Private, nonprofit",Private Non-Profit,51,5,master,51,99443.0,1131.0
137546,Stetson University,"Private, nonprofit",Private Non-Profit,51,5,master,51,66500.0,756.0
164173,Stevenson University,"Private, nonprofit",Private Non-Profit,51,5,master,51,31017.0,353.0
186876,Stockton University,Public,Public,51,5,master,51,43350.0,493.0
186876,Stockton University,Public,Public,51,6,doctoral,51,61500.0,700.0
196097,Stony Brook University,Public,Public,51,5,master,51,37173.5,422.5
438498,Stratford University,"Private, for-profit",Private For-Profit,51,5,master,51,37229.0,423.0
450377,Strayer University-Alabama,"Private, for-profit",Private For-Profit,51,5,master,51,81207.0,924.0
458885,Strayer University-Arkansas,"Private, for-profit",Private For-Profit,51,5,master,51,81207.0,924.0
450298,Strayer University-Delaware,"Private, for-profit",Private For-Profit,51,5,master,51,81207.0,924.0
131803,Strayer University-District of Columbia,"Private, for-profit",Private For-Profit,51,5,master,51,81207.0,924.0
449038,Strayer University-Florida,"Private, for-profit",Private For-Profit,51,5,master,51,81207.0,924.0
458919,Strayer University-Georgia,"Private, for-profit",Private For-Profit,51,5,master,51,81207.0,924.0
459994,Strayer University-Global Region,"Private, for-profit",Private For-Profit,51,5,master,51,81207.0,924.0
430184,Strayer University-Maryland,"Private, for-profit",Private For-Profit,51,5,master,51,81207.0,924.0
458955,Strayer University-Mississippi,"Private, for-profit",Private For-Profit,51,5,master,51,81207.0,924.0
453215,Strayer University-New Jersey,"Private, for-profit",Private For-Profit,51,5,master,51,81207.0,924.0
453163,Strayer University-North Carolina,"Private, for-profit",Private For-Profit,51,5,master,51,81207.0,924.0
443784,Strayer University-Pennsylvania,"Private, for-profit",Private For-Profit,51,5,master,51,81207.0,924.0
458964,Strayer University-South Carolina,"Private, for-profit",Private For-Profit,51,5,master,51,81207.0,924.0
443766,Strayer University-Tennessee,"Private, for-profit",Private For-Profit,51,5,master,51,81207.0,924.0
458973,Strayer University-Texas,"Private, for-profit",Private For-Profit,51,5,master,51,81207.0,924.0
233684,Strayer University-Virginia,"Private, for-profit",Private For-Profit,51,5,master,51,81207.0,924.0
456621,Strayer University-West Virginia,"Private, for-profit",Private For-Profit,51,5,master,51,81207.0,924.0
168005,Suffolk University,"Private, nonprofit",Private Non-Profit,51,5,master,51,41081.0,467.0
157793,Sullivan University,"Private, for-profit",Private For-Profit,51,5,master,51,136444.0,1552.0
196413,Syracuse University,"Private, nonprofit",Private Non-Profit,51,5,master,51,115998.0,1319.0
196468,Teachers College at Columbia University,"Private, nonprofit",Private Non-Profit,51,5,master,51,103013.0,1172.0
216339,Temple University,Public,Public,51,5,master,51,72057.0,820.0
216339,Temple University,Public,Public,51,6,doctoral,51,130500.0,1484.0
221838,Tennessee State University,Public,Public,51,5,master,51,41000.0,466.0
221838,Tennessee State University,Public,Public,51,6,doctoral,51,77348.0,880.0
221847,Tennessee Technological University,Public,Public,51,5,master,51,28090.0,320.0
224147,Texas A & M University-Corpus Christi,Public,Public,51,5,master,51,45500.0,518.0
483036,Texas A&M University-Central Texas,Public,Public,51,5,master,51,45406.0,517.0
228723,Texas A&M University-College Station,Public,Public,51,5,master,51,48770.0,555.0
228705,Texas A&M University-Kingsville,Public,Public,51,5,master,51,37949.0,432.0
228866,Texas Chiropractic College Foundation Inc,"Private, nonprofit",Private Non-Profit,51,6,doctoral,51,200290.0,2278.0
228875,Texas Christian University,"Private, nonprofit",Private Non-Profit,51,5,master,51,34432.0,392.0
228875,Texas Christian University,"Private, nonprofit",Private Non-Profit,51,6,doctoral,51,82000.0,933.0
228459,Texas State University,Public,Public,51,5,master,51,34907.0,397.0
229337,Texas Tech University Health Sciences Center,Public,Public,51,5,master,51,50275.0,572.0
229337,Texas Tech University Health Sciences Center,Public,Public,51,6,doctoral,51,136167.0,1549.0
229160,Texas Wesleyan University,"Private, nonprofit",Private Non-Profit,51,5,master,51,147822.0,1681.0
229179,Texas Woman's University,Public,Public,51,5,master,51,38475.0,438.0
229179,Texas Woman's University,Public,Public,51,6,doctoral,51,72157.5,821.0
131283,The Catholic University of America,"Private, nonprofit",Private Non-Profit,51,5,master,51,61500.0,700.0
455433,The Chicago School at Anaheim,"Private, nonprofit",Private Non-Profit,51,5,master,51,108000.0,1229.0
143978,The Chicago School at Chicago,"Private, nonprofit",Private Non-Profit,51,5,master,51,108000.0,1229.0
492607,The Chicago School at Dallas,"Private, nonprofit",Private Non-Profit,51,5,master,51,108000.0,1229.0
455664,The Chicago School at Los Angeles,"Private, nonprofit",Private Non-Profit,51,5,master,51,108000.0,1229.0
491190,The Chicago School at San Diego,"Private, nonprofit",Private Non-Profit,51,5,master,51,108000.0,1229.0
459745,The Chicago School at Washington DC,"Private, nonprofit",Private Non-Profit,51,5,master,51,108000.0,1229.0
195234,The College of Saint Rose,"Private, nonprofit",Private Non-Profit,51,5,master,51,54415.5,619.0
174899,The College of Saint Scholastica,"Private, nonprofit",Private Non-Profit,51,5,master,51,84330.0,959.0
174899,The College of Saint Scholastica,"Private, nonprofit",Private Non-Profit,51,6,doctoral,51,78022.0,887.5
100751,The University of Alabama,Public,Public,51,5,master,51,30750.0,350.0
100751,The University of Alabama,Public,Public,51,6,doctoral,51,35680.0,406.0
154022,The University of Arizona Global Campus,"Private, for-profit",Private For-Profit,51,5,master,51,41000.0,466.0
202763,The University of Findlay,"Private, nonprofit",Private Non-Profit,51,5,master,51,66914.5,761.0
202763,The University of Findlay,"Private, nonprofit",Private Non-Profit,51,6,doctoral,51,106488.0,1211.0
180489,The University of Montana,Public,Public,51,5,master,51,59241.0,674.0
137847,The University of Tampa,"Private, nonprofit",Private Non-Profit,51,5,master,51,29996.5,341.0
487010,The University of Tennessee Health Science Center,Public,Public,51,5,master,51,50920.5,579.0
487010,The University of Tennessee Health Science Center,Public,Public,51,6,doctoral,51,83800.0,953.5
221740,The University of Tennessee-Chattanooga,Public,Public,51,5,master,51,49281.5,561.0
221740,The University of Tennessee-Chattanooga,Public,Public,51,6,doctoral,51,74500.0,847.0
221759,The University of Tennessee-Knoxville,Public,Public,51,5,master,51,61500.0,700.0
229300,The University of Texas Health Science Center at Houston,Public,Public,51,5,master,51,31640.0,360.0
229300,The University of Texas Health Science Center at Houston,Public,Public,51,6,doctoral,51,61500.0,700.0
228644,The University of Texas Health Science Center at San Antonio,Public,Public,51,5,master,51,60954.0,693.0
228644,The University of Texas Health Science Center at San Antonio,Public,Public,51,6,doctoral,51,76222.0,867.0
228653,The University of Texas Medical Branch at Galveston,Public,Public,51,5,master,51,41291.0,469.5
228653,The University of Texas Medical Branch at Galveston,Public,Public,51,6,doctoral,51,61500.0,700.0
227368,The University of Texas Rio Grande Valley,Public,Public,51,5,master,51,25578.0,291.0
228769,The University of Texas at Arlington,Public,Public,51,5,master,51,37274.0,424.0
228769,The University of Texas at Arlington,Public,Public,51,6,doctoral,51,46590.0,530.0
228778,The University of Texas at Austin,Public,Public,51,5,master,51,48233.0,549.0
228778,The University of Texas at Austin,Public,Public,51,6,doctoral,51,44117.0,502.0
228787,The University of Texas at Dallas,Public,Public,51,5,master,51,34835.0,396.5
228796,The University of Texas at El Paso,Public,Public,51,5,master,51,39600.5,450.5
228796,The University of Texas at El Paso,Public,Public,51,6,doctoral,51,44877.0,510.0
229027,The University of Texas at San Antonio,Public,Public,51,5,master,51,44193.0,503.0
228802,The University of Texas at Tyler,Public,Public,51,5,master,51,38076.0,433.0
216366,Thomas Jefferson University,"Private, nonprofit",Private Non-Profit,51,5,master,51,48031.0,546.0
216366,Thomas Jefferson University,"Private, nonprofit",Private Non-Profit,51,6,doctoral,51,94350.0,1073.0
141167,Thomas University,"Private, nonprofit",Private Non-Profit,51,5,master,51,53550.0,609.0
206048,Tiffin University,"Private, nonprofit",Private Non-Profit,51,5,master,51,36426.0,414.0
196592,Touro University,"Private, nonprofit",Private Non-Profit,51,5,master,51,57582.0,655.0
459736,Touro University California,"Private, nonprofit",Private Non-Profit,51,5,master,51,103199.0,1174.0
459824,Touro University Nevada,"Private, nonprofit",Private Non-Profit,51,5,master,51,52593.0,598.0
459727,Touro University Worldwide,"Private, nonprofit",Private Non-Profit,51,5,master,51,33943.5,386.0
164076,Towson University,Public,Public,51,5,master,51,41821.5,476.0
221892,Trevecca Nazarene University,"Private, nonprofit",Private Non-Profit,51,5,master,51,92234.0,1049.0
152567,Trine University,"Private, nonprofit",Private Non-Profit,51,6,doctoral,51,132916.0,1512.0
135610,Trinity International University-Florida,"Private, nonprofit",Private Non-Profit,51,5,master,51,66612.0,758.0
149514,Trinity International University-Illinois,"Private, nonprofit",Private Non-Profit,51,5,master,51,66612.0,758.0
229267,Trinity University,"Private, nonprofit",Private Non-Profit,51,5,master,51,77910.0,886.0
131876,Trinity Washington University,"Private, nonprofit",Private Non-Profit,51,5,master,51,71750.0,816.0
102368,Troy University,Public,Public,51,5,master,51,41000.0,466.0
178615,Truman State University,Public,Public,51,5,master,51,39851.0,453.0
168148,Tufts University,"Private, nonprofit",Private Non-Profit,51,5,master,51,96582.0,1099.0
160755,Tulane University of Louisiana,"Private, nonprofit",Private Non-Profit,51,5,master,51,87279.0,993.0
221953,Tusculum University,"Private, nonprofit",Private Non-Profit,51,5,master,51,39681.0,451.0
102377,Tuskegee University,"Private, nonprofit",Private Non-Profit,51,5,master,51,63555.0,723.0
181738,Union Adventist University,"Private, nonprofit",Private Non-Profit,51,5,master,51,167286.0,1903.0
221971,Union University,"Private, nonprofit",Private Non-Profit,51,5,master,51,45333.0,516.0
221971,Union University,"Private, nonprofit",Private Non-Profit,51,6,doctoral,51,180844.5,2057.5
447050,United States University,"Private, for-profit",Private For-Profit,51,5,master,51,46254.0,526.0
241191,Universidad Adventista de las Antillas,"Private, nonprofit",Private Non-Profit,51,5,master,51,57000.0,648.0
243346,Universidad Ana G. Mendez-Carolina Campus,"Private, nonprofit",Private Non-Profit,51,5,master,51,40450.0,460.0
241739,Universidad Ana G. Mendez-Cupey Campus,"Private, nonprofit",Private Non-Profit,51,5,master,51,36237.5,412.0
243601,Universidad Ana G. Mendez-Gurabo Campus,"Private, nonprofit",Private Non-Profit,51,5,master,51,40911.0,465.0
243601,Universidad Ana G. Mendez-Gurabo Campus,"Private, nonprofit",Private Non-Profit,51,6,doctoral,51,243668.0,2772.0
241225,Universidad Central de Bayamon,"Private, nonprofit",Private Non-Profit,51,5,master,51,23374.0,266.0
196060,University at Albany,Public,Public,51,5,master,51,34696.5,394.5
196088,University at Buffalo,Public,Public,51,5,master,51,41000.0,466.0
196088,University at Buffalo,Public,Public,51,6,doctoral,51,81851.5,931.5
200800,University of Akron Main Campus,Public,Public,51,5,master,51,41000.0,466.0
100663,University of Alabama at Birmingham,Public,Public,51,5,master,51,41000.0,466.0
100663,University of Alabama at Birmingham,Public,Public,51,6,doctoral,51,68980.0,785.0
100706,University of Alabama in Huntsville,Public,Public,51,5,master,51,28500.0,324.0
100706,University of Alabama in Huntsville,Public,Public,51,6,doctoral,51,34361.0,391.0
104179,University of Arizona,Public,Public,51,5,master,51,41000.0,466.0
104179,University of Arizona,Public,Public,51,6,doctoral,51,74625.0,849.0
106397,University of Arkansas,Public,Public,51,5,master,51,40632.5,462.5
106397,University of Arkansas,Public,Public,51,6,doctoral,51,55608.0,633.0
442569,University of Arkansas Grantham,Public,Public,51,5,master,51,32237.0,367.0
106245,University of Arkansas at Little Rock,Public,Public,51,5,master,51,63832.0,726.0
106263,University of Arkansas for Medical Sciences,Public,Public,51,5,master,51,45000.0,512.0
161873,University of Baltimore,Public,Public,51,5,master,51,60514.0,688.0
128744,University of Bridgeport,"Private, nonprofit",Private Non-Profit,51,5,master,51,133083.0,1514.0
128744,University of Bridgeport,"Private, nonprofit",Private Non-Profit,51,6,doctoral,51,173359.5,1972.0
110644,University of California-Davis,Public,Public,51,5,master,51,83771.5,953.0
110653,University of California-Irvine,Public,Public,51,5,master,51,85000.0,967.0
110662,University of California-Los Angeles,Public,Public,51,5,master,51,51478.0,586.0
110662,University of California-Los Angeles,Public,Public,51,6,doctoral,51,70000.0,796.0
110671,University of California-Riverside,Public,Public,51,6,doctoral,51,141628.0,1611.0
110680,University of California-San Diego,Public,Public,51,5,master,51,41000.0,466.0
110680,University of California-San Diego,Public,Public,51,6,doctoral,51,137223.0,1561.0
110699,University of California-San Francisco,Public,Public,51,5,master,51,55123.0,627.0
106704,University of Central Arkansas,Public,Public,51,5,master,51,37851.0,430.5
106704,University of Central Arkansas,Public,Public,51,6,doctoral,51,59486.0,677.0
132903,University of Central Florida,Public,Public,51,5,master,51,45474.0,517.0
132903,University of Central Florida,Public,Public,51,6,doctoral,51,84816.0,965.0
176965,University of Central Missouri,Public,Public,51,5,master,51,32562.0,370.5
206941,University of Central Oklahoma,Public,Public,51,5,master,51,37787.0,430.0
237312,University of Charleston,"Private, nonprofit",Private Non-Profit,51,5,master,51,148721.0,1692.0
237312,University of Charleston,"Private, nonprofit",Private Non-Profit,51,6,doctoral,51,227109.0,2583.0
201885,University of Cincinnati-Main Campus,Public,Public,51,5,master,51,44889.0,510.5
201885,University of Cincinnati-Main Campus,Public,Public,51,6,doctoral,51,89759.0,1021.0
126614,University of Colorado Boulder,Public,Public,51,5,master,51,68085.0,774.0
126580,University of Colorado Colorado Springs,Public,Public,51,5,master,51,54400.0,619.0
126562,University of Colorado Denver/Anschutz Medical Campus,Public,Public,51,5,master,51,51444.5,585.0
126562,University of Colorado Denver/Anschutz Medical Campus,Public,Public,51,6,doctoral,51,116633.0,1327.0
129020,University of Connecticut,Public,Public,51,5,master,51,41000.0,466.0
129020,University of Connecticut,Public,Public,51,6,doctoral,51,93690.5,1066.0
436827,University of Connecticut-Avery Point,Public,Public,51,5,master,51,41000.0,466.0
436827,University of Connecticut-Avery Point,Public,Public,51,6,doctoral,51,78910.0,898.0
463056,University of Connecticut-Hartford Campus,Public,Public,51,5,master,51,41000.0,466.0
463056,University of Connecticut-Hartford Campus,Public,Public,51,6,doctoral,51,78910.0,898.0
436836,University of Connecticut-Stamford,Public,Public,51,5,master,51,41000.0,466.0
436836,University of Connecticut-Stamford,Public,Public,51,6,doctoral,51,78910.0,898.0
436818,University of Connecticut-Waterbury Campus,Public,Public,51,5,master,51,41000.0,466.0
436818,University of Connecticut-Waterbury Campus,Public,Public,51,6,doctoral,51,78910.0,898.0
202480,University of Dayton,"Private, nonprofit",Private Non-Profit,51,5,master,51,83172.0,946.0
202480,University of Dayton,"Private, nonprofit",Private Non-Profit,51,6,doctoral,51,106940.0,1216.0
130943,University of Delaware,Public,Public,51,5,master,51,63245.0,719.0
130943,University of Delaware,Public,Public,51,6,doctoral,51,79718.0,907.0
127060,University of Denver,"Private, nonprofit",Private Non-Profit,51,5,master,51,39982.0,455.0
169716,University of Detroit Mercy,"Private, nonprofit",Private Non-Profit,51,5,master,51,88766.5,1009.5
153278,University of Dubuque,"Private, nonprofit",Private Non-Profit,51,5,master,51,102750.0,1169.0
150534,University of Evansville,"Private, nonprofit",Private Non-Profit,51,5,master,51,124111.0,1412.0
150534,University of Evansville,"Private, nonprofit",Private Non-Profit,51,6,doctoral,51,77330.0,880.0
134130,University of Florida,Public,Public,51,5,master,51,41000.0,466.0
139959,University of Georgia,Public,Public,51,5,master,51,38332.5,436.0
129525,University of Hartford,"Private, nonprofit",Private Non-Profit,51,5,master,51,41875.0,476.5
129525,University of Hartford,"Private, nonprofit",Private Non-Profit,51,6,doctoral,51,68142.0,775.0
141574,University of Hawaii at Manoa,Public,Public,51,5,master,51,93515.5,1064.0
141574,University of Hawaii at Manoa,Public,Public,51,6,doctoral,51,123979.0,1410.0
179265,University of Health Sciences and Pharmacy in St. Louis,"Private, nonprofit",Private Non-Profit,51,6,doctoral,51,134854.0,1534.0
160065,University of Holy Cross,"Private, nonprofit",Private Non-Profit,51,5,master,51,54667.0,622.0
225511,University of Houston,Public,Public,51,5,master,51,43386.0,493.5
225414,University of Houston-Clear Lake,Public,Public,51,5,master,51,38654.5,439.5
142285,University of Idaho,Public,Public,51,5,master,51,70750.0,805.0
145600,University of Illinois Chicago,Public,Public,51,5,master,51,64000.0,728.0
145600,University of Illinois Chicago,Public,Public,51,6,doctoral,51,48587.0,553.0
148654,University of Illinois Springfield,Public,Public,51,5,master,51,27620.0,314.0
145637,University of Illinois Urbana-Champaign,Public,Public,51,5,master,51,43582.5,496.0
151263,University of Indianapolis,"Private, nonprofit",Private Non-Profit,51,5,master,51,59556.0,677.5
153658,University of Iowa,Public,Public,51,5,master,51,45787.5,521.0
153658,University of Iowa,Public,Public,51,6,doctoral,51,97299.5,1107.0
200156,University of Jamestown,"Private, nonprofit",Private Non-Profit,51,6,doctoral,51,86648.0,986.0
155317,University of Kansas,Public,Public,51,5,master,51,40180.0,457.0
155317,University of Kansas,Public,Public,51,6,doctoral,51,61500.0,700.0
157085,University of Kentucky,Public,Public,51,5,master,51,39175.0,446.0
160658,University of Louisiana at Lafayette,Public,Public,51,5,master,51,33840.0,385.0
159993,University of Louisiana at Monroe,Public,Public,51,5,master,51,36515.0,415.0
157289,University of Louisville,Public,Public,51,5,master,51,55060.0,626.0
232609,University of Lynchburg,"Private, nonprofit",Private Non-Profit,51,5,master,51,117315.0,1334.0
232609,University of Lynchburg,"Private, nonprofit",Private Non-Profit,51,6,doctoral,51,41000.0,466.0
161253,University of Maine,Public,Public,51,5,master,51,39214.5,446.0
200217,University of Mary,"Private, nonprofit",Private Non-Profit,51,5,master,51,33763.5,384.0
200217,University of Mary,"Private, nonprofit",Private Non-Profit,51,6,doctoral,51,83055.5,945.0
226471,University of Mary Hardin-Baylor,"Private, nonprofit",Private Non-Profit,51,5,master,51,47400.0,539.0
226471,University of Mary Hardin-Baylor,"Private, nonprofit",Private Non-Profit,51,6,doctoral,51,51250.0,583.0
163204,University of Maryland Global Campus,Public,Public,51,5,master,51,41000.0,466.0
163259,"University of Maryland, Baltimore",Public,Public,51,5,master,51,58566.5,666.0
163286,University of Maryland-College Park,Public,Public,51,5,master,51,37610.0,428.0
166708,University of Massachusetts Chan Medical School,Public,Public,51,6,doctoral,51,129596.0,1474.0
166629,University of Massachusetts-Amherst,Public,Public,51,5,master,51,30775.0,350.0
166629,University of Massachusetts-Amherst,Public,Public,51,6,doctoral,51,57030.0,649.0
166638,University of Massachusetts-Boston,Public,Public,51,5,master,51,39565.0,450.0
166513,University of Massachusetts-Lowell,Public,Public,51,5,master,51,36160.5,411.5
166513,University of Massachusetts-Lowell,Public,Public,51,6,doctoral,51,61500.0,700.0
220862,University of Memphis,Public,Public,51,5,master,51,31244.0,355.0
135726,University of Miami,"Private, nonprofit",Private Non-Profit,51,5,master,51,64817.0,737.0
135726,University of Miami,"Private, nonprofit",Private Non-Profit,51,6,doctoral,51,179456.0,2041.5
170976,University of Michigan-Ann Arbor,Public,Public,51,5,master,51,53500.0,609.0
171146,University of Michigan-Flint,Public,Public,51,5,master,51,44856.0,510.0
171146,University of Michigan-Flint,Public,Public,51,6,doctoral,51,79149.5,900.5
174233,University of Minnesota-Duluth,Public,Public,51,5,master,51,49537.0,563.0
174066,University of Minnesota-Twin Cities,Public,Public,51,5,master,51,45315.0,515.0
174066,University of Minnesota-Twin Cities,Public,Public,51,6,doctoral,51,69736.5,793.0
176017,University of Mississippi,Public,Public,51,5,master,51,40999.0,466.0
176017,University of Mississippi,Public,Public,51,6,doctoral,51,172523.0,1962.0
178396,University of Missouri-Columbia,Public,Public,51,5,master,51,31435.5,357.5
178396,University of Missouri-Columbia,Public,Public,51,6,doctoral,51,28485.0,324.0
178402,University of Missouri-Kansas City,Public,Public,51,5,master,51,86505.0,984.0
178402,University of Missouri-Kansas City,Public,Public,51,6,doctoral,51,105723.0,1203.0
178420,University of Missouri-St Louis,Public,Public,51,6,doctoral,51,59000.0,671.0
101693,University of Mobile,"Private, nonprofit",Private Non-Profit,51,5,master,51,27700.0,315.0
204185,University of Mount Union,"Private, nonprofit",Private Non-Profit,51,5,master,51,109531.0,1246.0
204185,University of Mount Union,"Private, nonprofit",Private Non-Profit,51,6,doctoral,51,120926.0,1376.0
181428,University of Nebraska Medical Center,Public,Public,51,5,master,51,49506.0,563.0
181215,University of Nebraska at Kearney,Public,Public,51,5,master,51,38500.0,438.0
181464,University of Nebraska-Lincoln,Public,Public,51,5,master,51,37137.0,422.0
182281,University of Nevada-Las Vegas,Public,Public,51,5,master,51,40042.5,455.5
182281,University of Nevada-Las Vegas,Public,Public,51,6,doctoral,51,93500.0,1064.0
182290,University of Nevada-Reno,Public,Public,51,5,master,51,41000.0,466.0
161457,University of New England,"Private, nonprofit",Private Non-Profit,51,5,master,51,128043.5,1456.5
161457,University of New England,"Private, nonprofit",Private Non-Profit,51,6,doctoral,51,253897.0,2888.0
183257,University of New Hampshire College of Professional Studies Online,Public,Public,51,5,master,51,32458.0,369.0
183044,University of New Hampshire-Main Campus,Public,Public,51,5,master,51,32458.0,369.0
129941,University of New Haven,"Private, nonprofit",Private Non-Profit,51,5,master,51,39604.0,451.0
187985,University of New Mexico-Main Campus,Public,Public,51,5,master,51,61577.0,700.0
187985,University of New Mexico-Main Campus,Public,Public,51,6,doctoral,51,137228.5,1561.0
101879,University of North Alabama,Public,Public,51,5,master,51,20500.0,233.0
199218,University of North Carolina Wilmington,Public,Public,51,5,master,51,28810.0,328.0
199120,University of North Carolina at Chapel Hill,Public,Public,51,5,master,51,56414.0,642.0
199120,University of North Carolina at Chapel Hill,Public,Public,51,6,doctoral,51,75782.0,862.0
199139,University of North Carolina at Charlotte,Public,Public,51,5,master,51,37578.0,427.0
199148,University of North Carolina at Greensboro,Public,Public,51,5,master,51,32676.0,372.0
200280,University of North Dakota,Public,Public,51,5,master,51,43918.0,499.5
200280,University of North Dakota,Public,Public,51,6,doctoral,51,59500.0,677.0
136172,University of North Florida,Public,Public,51,5,master,51,32750.0,373.0
136172,University of North Florida,Public,Public,51,6,doctoral,51,58802.5,669.0
482680,University of North Georgia,Public,Public,51,5,master,51,20292.0,231.0
482680,University of North Georgia,Public,Public,51,6,doctoral,51,57164.0,650.0
227216,University of North Texas,Public,Public,51,5,master,51,35109.0,399.0
228909,University of North Texas Health Science Center,Public,Public,51,5,master,51,55026.0,626.0
127741,University of Northern Colorado,Public,Public,51,5,master,51,53682.0,611.0
154095,University of Northern Iowa,Public,Public,51,5,master,51,29955.0,341.0
209551,University of Oregon,Public,Public,51,5,master,51,72255.0,822.0
215062,University of Pennsylvania,"Private, nonprofit",Private Non-Profit,51,5,master,51,49400.0,562.0
215062,University of Pennsylvania,"Private, nonprofit",Private Non-Profit,51,6,doctoral,51,235745.5,2681.5
484613,University of Phoenix-Arizona,"Private, for-profit",Private For-Profit,51,5,master,51,32671.0,371.5
484613,University of Phoenix-Arizona,"Private, for-profit",Private For-Profit,51,6,doctoral,51,78719.0,895.0
484631,University of Phoenix-California,"Private, for-profit",Private For-Profit,51,5,master,51,31196.0,355.0
215293,University of Pittsburgh-Pittsburgh Campus,Public,Public,51,5,master,51,85261.5,969.5
215293,University of Pittsburgh-Pittsburgh Campus,Public,Public,51,6,doctoral,51,116596.0,1326.0
180258,University of Providence,"Private, nonprofit",Private Non-Profit,51,5,master,51,30750.0,350.0
243203,University of Puerto Rico-Medical Sciences,Public,Public,51,5,master,51,22689.0,258.0
243221,University of Puerto Rico-Rio Piedras,Public,Public,51,5,master,51,12000.0,137.0
236328,University of Puget Sound,"Private, nonprofit",Private Non-Profit,51,5,master,51,91387.0,1040.0
236328,University of Puget Sound,"Private, nonprofit",Private Non-Profit,51,6,doctoral,51,119487.0,1359.0
121691,University of Redlands,"Private, nonprofit",Private Non-Profit,51,5,master,51,79953.0,909.0
217484,University of Rhode Island,Public,Public,51,5,master,51,30750.0,350.0
217484,University of Rhode Island,Public,Public,51,6,doctoral,51,66446.0,756.0
195030,University of Rochester,"Private, nonprofit",Private Non-Profit,51,5,master,51,59732.0,679.5
152336,University of Saint Francis-Fort Wayne,"Private, nonprofit",Private Non-Profit,51,5,master,51,40945.0,466.0
130314,University of Saint Joseph,"Private, nonprofit",Private Non-Profit,51,5,master,51,87044.0,990.5
155812,University of Saint Mary,"Private, nonprofit",Private Non-Profit,51,5,master,51,36570.0,416.0
155812,University of Saint Mary,"Private, nonprofit",Private Non-Profit,51,6,doctoral,51,128629.0,1463.0
122436,University of San Diego,"Private, nonprofit",Private Non-Profit,51,5,master,51,107772.0,1226.0
122436,University of San Diego,"Private, nonprofit",Private Non-Profit,51,6,doctoral,51,105176.0,1196.0
122612,University of San Francisco,"Private, nonprofit",Private Non-Profit,51,5,master,51,78865.0,897.0
122612,University of San Francisco,"Private, nonprofit",Private Non-Profit,51,6,doctoral,51,95800.0,1090.0
215929,University of Scranton,"Private, nonprofit",Private Non-Profit,51,5,master,51,50865.0,579.0
215929,University of Scranton,"Private, nonprofit",Private Non-Profit,51,6,doctoral,51,76753.0,873.0
102094,University of South Alabama,Public,Public,51,5,master,51,57330.5,652.0
102094,University of South Alabama,Public,Public,51,6,doctoral,51,78905.0,897.5
218663,University of South Carolina-Columbia,Public,Public,51,5,master,51,54811.0,623.0
218663,University of South Carolina-Columbia,Public,Public,51,6,doctoral,51,86726.0,986.5
219471,University of South Dakota,Public,Public,51,5,master,51,44897.0,511.0
219471,University of South Dakota,Public,Public,51,6,doctoral,51,115835.0,1318.0
137351,University of South Florida,Public,Public,51,5,master,51,51743.0,588.5
137351,University of South Florida,Public,Public,51,6,doctoral,51,38646.0,440.0
123961,University of Southern California,"Private, nonprofit",Private Non-Profit,51,5,master,51,113629.5,1292.5
123961,University of Southern California,"Private, nonprofit",Private Non-Profit,51,6,doctoral,51,247236.0,2812.5
151306,University of Southern Indiana,Public,Public,51,5,master,51,25350.0,288.5
161554,University of Southern Maine,Public,Public,51,5,master,51,55945.0,636.5
176372,University of Southern Mississippi,Public,Public,51,5,master,51,31313.5,356.0
176372,University of Southern Mississippi,Public,Public,51,6,doctoral,51,143995.0,1638.0
148584,University of St Francis,"Private, nonprofit",Private Non-Profit,51,5,master,51,49000.0,557.0
367954,University of St. Augustine for Health Sciences,"Private, for-profit",Private For-Profit,51,5,master,51,62582.0,712.0
367954,University of St. Augustine for Health Sciences,"Private, for-profit",Private For-Profit,51,6,doctoral,51,135411.0,1540.0
228635,University of Texas Southwestern Medical Center,Public,Public,51,6,doctoral,51,47500.0,540.0
206084,University of Toledo,Public,Public,51,5,master,51,46582.5,529.5
206084,University of Toledo,Public,Public,51,6,doctoral,51,67670.5,770.0
230764,University of Utah,Public,Public,51,5,master,51,56015.0,637.0
230764,University of Utah,Public,Public,51,6,doctoral,51,80368.0,914.0
231174,University of Vermont,Public,Public,51,5,master,51,61074.0,695.0
231174,University of Vermont,Public,Public,51,6,doctoral,51,121008.0,1376.5
234076,University of Virginia-Main Campus,Public,Public,51,5,master,51,55606.0,633.0
234076,University of Virginia-Main Campus,Public,Public,51,6,doctoral,51,56522.0,643.0
377555,University of Washington-Bothell Campus,Public,Public,51,5,master,51,41941.0,477.0
236948,University of Washington-Seattle Campus,Public,Public,51,5,master,51,67326.5,766.0
236948,University of Washington-Seattle Campus,Public,Public,51,6,doctoral,51,125906.0,1432.0
377564,University of Washington-Tacoma Campus,Public,Public,51,5,master,51,33752.0,384.0
138354,University of West Florida,Public,Public,51,5,master,51,29083.0,331.0
141334,University of West Georgia,Public,Public,51,5,master,51,30300.5,344.5
210438,University of Western States,"Private, nonprofit",Private Non-Profit,51,5,master,51,39394.0,448.0
240268,University of Wisconsin-Eau Claire,Public,Public,51,5,master,51,41000.0,466.0
240268,University of Wisconsin-Eau Claire,Public,Public,51,6,doctoral,51,52094.0,593.0
240329,University of Wisconsin-La Crosse,Public,Public,51,5,master,51,39410.5,448.0
240329,University of Wisconsin-La Crosse,Public,Public,51,6,doctoral,51,56065.0,638.0
240444,University of Wisconsin-Madison,Public,Public,51,5,master,51,40210.5,457.5
240453,University of Wisconsin-Milwaukee,Public,Public,51,5,master,51,40712.0,463.0
240365,University of Wisconsin-Oshkosh,Public,Public,51,6,doctoral,51,59326.0,675.0
240471,University of Wisconsin-River Falls,Public,Public,51,5,master,51,41000.0,466.0
240480,University of Wisconsin-Stevens Point,Public,Public,51,5,master,51,38238.0,435.0
240417,University of Wisconsin-Stout,Public,Public,51,5,master,51,33151.0,377.0
240189,University of Wisconsin-Whitewater,Public,Public,51,5,master,51,41000.0,466.0
240727,University of Wyoming,Public,Public,51,5,master,51,40773.5,463.5
240727,University of Wyoming,Public,Public,51,6,doctoral,51,58273.0,663.0
156541,University of the Cumberlands,"Private, nonprofit",Private Non-Profit,51,5,master,51,77562.0,882.5
131399,University of the District of Columbia,Public,Public,51,5,master,51,81908.0,932.0
225627,University of the Incarnate Word,"Private, nonprofit",Private Non-Profit,51,5,master,51,49215.0,560.0
120883,University of the Pacific,"Private, nonprofit",Private Non-Profit,51,5,master,51,143344.5,1630.5
188182,University of the Southwest,"Private, nonprofit",Private Non-Profit,51,5,master,51,71750.0,816.0
196307,Upstate Medical University,Public,Public,51,5,master,51,71994.5,819.0
206349,Ursuline College,"Private, nonprofit",Private Non-Profit,51,5,master,51,73071.0,831.0
230728,Utah State University,Public,Public,51,5,master,51,17625.0,200.5
197045,Utica University,"Private, nonprofit",Private Non-Profit,51,5,master,51,46105.5,524.5
141264,Valdosta State University,Public,Public,51,5,master,51,41000.0,466.0
152600,Valparaiso University,"Private, nonprofit",Private Non-Profit,51,5,master,51,29055.0,331.0
221999,Vanderbilt University,"Private, nonprofit",Private Non-Profit,51,5,master,51,84340.5,959.5
216597,Villanova University,"Private, nonprofit",Private Non-Profit,51,5,master,51,69358.0,789.0
234030,Virginia Commonwealth University,Public,Public,51,5,master,51,39375.0,447.5
234030,Virginia Commonwealth University,Public,Public,51,6,doctoral,51,87006.0,989.5
490106,Virginia University of Integrative Medicine,"Private, nonprofit",Private Non-Profit,51,5,master,51,38500.0,438.0
240107,Viterbo University,"Private, nonprofit",Private Non-Profit,51,5,master,51,42780.0,487.0
240107,Viterbo University,"Private, nonprofit",Private Non-Profit,51,6,doctoral,51,59630.0,678.0
197197,Wagner College,"Private, nonprofit",Private Non-Profit,51,5,master,51,45932.5,522.5
199847,Wake Forest University,"Private, nonprofit",Private Non-Profit,51,5,master,51,116251.5,1322.0
125231,Walden University,"Private, for-profit",Private For-Profit,51,5,master,51,53686.0,611.0
125231,Walden University,"Private, for-profit",Private For-Profit,51,6,doctoral,51,129841.0,1477.0
206437,Walsh University,"Private, nonprofit",Private Non-Profit,51,5,master,51,49456.0,563.0
206437,Walsh University,"Private, nonprofit",Private Non-Profit,51,6,doctoral,51,87211.0,992.0
156082,Washburn University,Public,Public,51,5,master,51,41000.0,466.0
156082,Washburn University,Public,Public,51,6,doctoral,51,60268.0,686.0
236939,Washington State University,Public,Public,51,5,master,51,43945.0,500.0
236939,Washington State University,Public,Public,51,6,doctoral,51,64792.0,737.0
179867,Washington University in St Louis,"Private, nonprofit",Private Non-Profit,51,5,master,51,48630.0,553.0
172644,Wayne State University,Public,Public,51,5,master,51,46173.0,525.0
172644,Wayne State University,Public,Public,51,6,doctoral,51,87014.0,990.0
230782,Weber State University,Public,Public,51,5,master,51,35500.0,404.0
179894,Webster University,"Private, nonprofit",Private Non-Profit,51,5,master,51,109007.5,1240.0
458210,West Coast University-Anaheim-Orange County,"Private, for-profit",Private For-Profit,51,5,master,51,27261.0,310.0
489858,West Coast University-Center for Graduate Studies,"Private, for-profit",Private For-Profit,51,5,master,51,91074.0,1036.0
443331,West Coast University-Texas,"Private, for-profit",Private For-Profit,51,5,master,51,29289.0,333.0
477039,West Coast University-Texas,"Private, for-profit",Private For-Profit,51,5,master,51,27261.0,310.0
443331,West Coast University-Texas,"Private, for-profit",Private For-Profit,51,6,doctoral,51,186625.0,2122.5
238032,West Virginia University,Public,Public,51,5,master,51,43072.0,490.0
237969,West Virginia Wesleyan College,"Private, nonprofit",Private Non-Profit,51,5,master,51,39002.0,444.0
200004,Western Carolina University,Public,Public,51,5,master,51,36847.0,419.0
200004,Western Carolina University,Public,Public,51,6,doctoral,51,69085.0,786.0
433387,Western Governors University,"Private, nonprofit",Private Non-Profit,51,5,master,51,13596.0,154.5
149772,Western Illinois University,Public,Public,51,5,master,51,27407.0,312.0
157951,Western Kentucky University,Public,Public,51,5,master,51,42706.0,486.0
157951,Western Kentucky University,Public,Public,51,6,doctoral,51,76623.5,871.5
172699,Western Michigan University,Public,Public,51,5,master,51,41608.0,473.0
490373,Western Michigan University Homer Stryker M.D. School of Medicine,"Private, nonprofit",Private Non-Profit,51,6,doctoral,51,219714.0,2499.0
168254,Western New England University,"Private, nonprofit",Private Non-Profit,51,6,doctoral,51,154796.0,1761.0
210368,Western Seminary,"Private, nonprofit",Private Non-Profit,51,5,master,51,40000.0,455.0
112525,Western University of Health Sciences,"Private, nonprofit",Private Non-Profit,51,5,master,51,128873.0,1466.0
237011,Western Washington University,Public,Public,51,5,master,51,38104.0,433.0
230807,Westminster University,"Private, nonprofit",Private Non-Profit,51,5,master,51,60328.0,686.0
237066,Whitworth University,"Private, nonprofit",Private Non-Profit,51,5,master,51,60101.0,684.0
156125,Wichita State University,Public,Public,51,5,master,51,52755.0,600.0
156125,Wichita State University,Public,Public,51,6,doctoral,51,62632.0,712.5
216852,Widener University,"Private, nonprofit",Private Non-Profit,51,5,master,51,61608.5,700.5
216852,Widener University,"Private, nonprofit",Private Non-Profit,51,6,doctoral,51,97000.0,1103.0
216931,Wilkes University,"Private, nonprofit",Private Non-Profit,51,5,master,51,41390.0,471.0
216931,Wilkes University,"Private, nonprofit",Private Non-Profit,51,6,doctoral,51,37070.0,422.0
187444,William Paterson University of New Jersey,Public,Public,51,5,master,51,40758.0,464.0
179964,William Woods University,"Private, nonprofit",Private Non-Profit,51,5,master,51,25736.0,293.0
131113,Wilmington University,"Private, nonprofit",Private Non-Profit,51,5,master,51,54614.0,621.0
199962,Wingate University,"Private, nonprofit",Private Non-Profit,51,5,master,51,126291.0,1437.0
175272,Winona State University,Public,Public,51,6,doctoral,51,44750.0,509.0
199999,Winston-Salem State University,Public,Public,51,5,master,51,30904.0,352.0
199999,Winston-Salem State University,Public,Public,51,6,doctoral,51,61191.0,696.0
168430,Worcester State University,Public,Public,51,5,master,51,21166.0,241.0
206604,Wright State University-Main Campus,Public,Public,51,5,master,51,40567.0,461.5
206604,Wright State University-Main Campus,Public,Public,51,6,doctoral,51,219471.0,2497.0
206622,Xavier University,"Private, nonprofit",Private Non-Profit,51,5,master,51,42750.0,486.0
160904,Xavier University of Louisiana,"Private, nonprofit",Private Non-Profit,51,6,doctoral,51,141015.0,1604.0
130794,Yale University,"Private, nonprofit",Private Non-Profit,51,5,master,51,118849.0,1352.0
130794,Yale University,"Private, nonprofit",Private Non-Profit,51,6,doctoral,51,64839.0,737.5
197708,Yeshiva University,"Private, nonprofit",Private Non-Profit,51,5,master,51,90895.0,1034.0
217059,York College of Pennsylvania,"Private, nonprofit",Private Non-Profit,51,5,master,51,59250.0,674.0
206695,Youngstown State University,Public,Public,51,5,master,51,34047.0,387.0
206695,Youngstown State University,Public,Public,51,6,doctoral,51,58087.0,661.0
222178,Abilene Christian University,"Private, nonprofit",Private Non-Profit,52,5,master,52,36818.0,419.0
126182,Adams State University,Public,Public,52,5,master,52,31166.0,355.0
188429,Adelphi University,"Private, nonprofit",Private Non-Profit,52,5,master,52,40500.0,461.0
100654,Alabama A & M University,Public,Public,52,5,master,52,43588.0,496.0
100724,Alabama State University,Public,Public,52,5,master,52,19383.0,220.0
138716,Albany State University,Public,Public,52,5,master,52,35875.0,408.0
128498,Albertus Magnus College,"Private, nonprofit",Private Non-Profit,52,5,master,52,41000.0,466.0
175342,Alcorn State University,Public,Public,52,5,master,52,59845.0,681.0
188641,Alfred University,"Private, nonprofit",Private Non-Profit,52,5,master,52,32196.0,366.0
194161,Alliance University,"Private, nonprofit",Private Non-Profit,52,5,master,52,30750.0,350.0
110468,Alliant International University-San Diego,"Private, for-profit",Private For-Profit,52,5,master,52,64250.0,731.0
110468,Alliant International University-San Diego,"Private, for-profit",Private For-Profit,52,6,doctoral,52,126526.0,1439.0
210775,Alvernia University,"Private, nonprofit",Private Non-Profit,52,5,master,52,37677.0,429.0
238193,Alverno College,"Private, nonprofit",Private Non-Profit,52,5,master,52,38974.0,443.0
445027,American InterContinental University System,"Private, for-profit",Private For-Profit,52,5,master,52,36141.0,411.0
438586,American InterContinental University-Atlanta,"Private, for-profit",Private For-Profit,52,5,master,52,36141.0,411.0
445133,American InterContinental University-Houston,"Private, for-profit",Private For-Profit,52,5,master,52,36141.0,411.0
164447,American International College,"Private, nonprofit",Private Non-Profit,52,5,master,52,27370.0,311.0
449339,American Public University System,"Private, for-profit",Private For-Profit,52,5,master,52,35128.5,400.0
131159,American University,"Private, nonprofit",Private Non-Profit,52,5,master,52,70341.5,800.0
100690,Amridge University,"Private, nonprofit",Private Non-Profit,52,5,master,52,59817.0,680.0
483595,Ana G. Mendez University,"Private, nonprofit",Private Non-Profit,52,5,master,52,51250.0,583.0
150066,Anderson University,"Private, nonprofit",Private Non-Profit,52,5,master,52,31107.0,354.0
217633,Anderson University,"Private, nonprofit",Private Non-Profit,52,5,master,52,34707.0,395.0
222831,Angelo State University,Public,Public,52,5,master,52,15700.0,179.0
197869,Appalachian State University,Public,Public,52,5,master,52,22755.5,259.0
104151,Arizona State University Campus Immersion,Public,Public,52,5,master,52,40737.5,463.5
483124,Arizona State University Digital Immersion,Public,Public,52,5,master,52,47828.0,544.0
106458,Arkansas State University,Public,Public,52,5,master,52,25501.0,290.0
201104,Ashland University,"Private, nonprofit",Private Non-Profit,52,5,master,52,29090.0,331.0
164562,Assumption University,"Private, nonprofit",Private Non-Profit,52,5,master,52,23547.0,268.0
100812,Athens State University,Public,Public,52,5,master,52,37866.0,431.0
485768,Atlantis University,"Private, for-profit",Private For-Profit,52,5,master,52,22400.0,255.0
100858,Auburn University,Public,Public,52,5,master,52,31468.5,358.0
173045,Augsburg University,"Private, nonprofit",Private Non-Profit,52,5,master,52,41000.0,466.0
143118,Aurora University,"Private, nonprofit",Private Non-Profit,52,5,master,52,26992.0,307.0
231420,Averett University,"Private, nonprofit",Private Non-Profit,52,5,master,52,40047.0,455.5
176628,Avila University,"Private, nonprofit",Private Non-Profit,52,5,master,52,31501.0,358.0
109785,Azusa Pacific University,"Private, nonprofit",Private Non-Profit,52,5,master,52,37004.0,421.0
164580,Babson College,"Private, nonprofit",Private Non-Profit,52,5,master,52,50194.0,571.0
168847,Baker College,"Private, nonprofit",Private Non-Profit,52,5,master,52,48195.0,548.0
154688,Baker University,"Private, nonprofit",Private Non-Profit,52,5,master,52,39979.0,455.0
201195,Baldwin Wallace University,"Private, nonprofit",Private Non-Profit,52,5,master,52,31500.0,358.0
150136,Ball State University,Public,Public,52,5,master,52,23417.0,266.0
189088,Bard College,"Private, nonprofit",Private Non-Profit,52,5,master,52,51485.0,586.0
132471,Barry University,"Private, nonprofit",Private Non-Profit,52,5,master,52,41000.0,466.0
197911,Barton College,"Private, nonprofit",Private Non-Profit,52,5,master,52,28500.0,324.0
164632,Bay Path University,"Private, nonprofit",Private Non-Profit,52,5,master,52,31510.0,358.5
223232,Baylor University,"Private, nonprofit",Private Non-Profit,52,5,master,52,38220.0,435.0
175421,Belhaven University,"Private, nonprofit",Private Non-Profit,52,5,master,52,44630.0,508.0
156286,Bellarmine University,"Private, nonprofit",Private Non-Profit,52,5,master,52,26735.0,304.0
180814,Bellevue University,"Private, nonprofit",Private Non-Profit,52,5,master,52,42184.0,480.0
219709,Belmont University,"Private, nonprofit",Private Non-Profit,52,5,master,52,53160.0,605.0
145619,Benedictine University,"Private, nonprofit",Private Non-Profit,52,5,master,52,55140.5,627.5
164739,Bentley University,"Private, nonprofit",Private Non-Profit,52,5,master,52,26130.0,297.0
183789,Berkeley College-Woodland Park,"Private, for-profit",Private For-Profit,52,5,master,52,33038.0,376.0
150145,Bethel University,"Private, nonprofit",Private Non-Profit,52,5,master,52,21442.0,244.0
173160,Bethel University,"Private, nonprofit",Private Non-Profit,52,5,master,52,37584.0,428.0
219718,Bethel University,"Private, nonprofit",Private Non-Profit,52,5,master,52,41000.0,466.0
196079,Binghamton University,Public,Public,52,5,master,52,20500.0,233.0
110097,Biola University,"Private, nonprofit",Private Non-Profit,52,5,master,52,20500.0,233.0
201371,Bluffton University,"Private, nonprofit",Private Non-Profit,52,5,master,52,37330.0,425.0
142115,Boise State University,Public,Public,52,5,master,52,29144.0,331.5
164924,Boston College,"Private, nonprofit",Private Non-Profit,52,5,master,52,48000.0,546.0
164988,Boston University,"Private, nonprofit",Private Non-Profit,52,5,master,52,36916.0,420.0
162007,Bowie State University,Public,Public,52,5,master,52,41000.0,466.0
201441,Bowling Green State University-Main Campus,Public,Public,52,5,master,52,30750.0,349.5
165015,Brandeis University,"Private, nonprofit",Private Non-Profit,52,5,master,52,48240.0,549.0
139199,Brenau University,"Private, nonprofit",Private Non-Profit,52,5,master,52,43570.0,496.0
165024,Bridgewater State University,Public,Public,52,5,master,52,17089.0,194.0
230038,Brigham Young University,"Private, nonprofit",Private Non-Profit,52,5,master,52,41000.0,466.0
219790,Bryan College-Dayton,"Private, nonprofit",Private Non-Profit,52,5,master,52,18424.0,210.0
217165,Bryant University,"Private, nonprofit",Private Non-Profit,52,5,master,52,14194.0,161.0
153001,Buena Vista University,"Private, nonprofit",Private Non-Profit,52,5,master,52,29291.0,333.0
209409,Bushnell University,"Private, nonprofit",Private Non-Profit,52,5,master,52,23257.0,265.0
190512,CUNY Bernard M Baruch College,Public,Public,52,5,master,52,19762.0,225.0
190549,CUNY Brooklyn College,Public,Public,52,5,master,52,20442.0,233.0
190576,CUNY Graduate School and University Center,Public,Public,52,5,master,52,23753.0,270.0
190637,CUNY Lehman College,Public,Public,52,5,master,52,23006.0,262.0
190664,CUNY Queens College,Public,Public,52,5,master,52,14925.0,170.0
110361,California Baptist University,"Private, nonprofit",Private Non-Profit,52,5,master,52,27300.5,310.5
110370,California College of the Arts,"Private, nonprofit",Private Non-Profit,52,5,master,52,81257.0,924.0
110413,California Lutheran University,"Private, nonprofit",Private Non-Profit,52,5,master,52,41000.0,466.0
110422,California Polytechnic State University-San Luis Obispo,Public,Public,52,5,master,52,20500.0,233.0
115755,California State Polytechnic University-Humboldt,Public,Public,52,5,master,52,20500.0,233.0
110538,California State University-Chico,Public,Public,52,5,master,52,18750.0,213.0
110547,California State University-Dominguez Hills,Public,Public,52,5,master,52,20500.0,233.0
110574,California State University-East Bay,Public,Public,52,5,master,52,29439.0,335.0
110556,California State University-Fresno,Public,Public,52,5,master,52,37198.0,423.0
110565,California State University-Fullerton,Public,Public,52,5,master,52,33175.0,377.0
110583,California State University-Long Beach,Public,Public,52,5,master,52,30750.0,349.5
110592,California State University-Los Angeles,Public,Public,52,5,master,52,34322.0,390.0
409698,California State University-Monterey Bay,Public,Public,52,5,master,52,41069.0,467.0
110608,California State University-Northridge,Public,Public,52,5,master,52,37597.5,427.5
110617,California State University-Sacramento,Public,Public,52,5,master,52,33324.0,379.0
110510,California State University-San Bernardino,Public,Public,52,5,master,52,32689.5,371.5
366711,California State University-San Marcos,Public,Public,52,5,master,52,36990.0,421.0
110495,California State University-Stanislaus,Public,Public,52,5,master,52,28372.0,323.0
165167,Cambridge College,"Private, nonprofit",Private Non-Profit,52,5,master,52,33494.0,381.0
198136,Campbell University,"Private, nonprofit",Private Non-Profit,52,5,master,52,31100.0,354.0
156365,Campbellsville University,"Private, nonprofit",Private Non-Profit,52,5,master,52,26980.0,307.0
189705,Canisius University,"Private, nonprofit",Private Non-Profit,52,5,master,52,30959.5,352.5
413413,Capella University,"Private, for-profit",Private For-Profit,52,5,master,52,45512.5,517.5
413413,Capella University,"Private, for-profit",Private For-Profit,52,6,doctoral,52,86947.0,989.0
201548,Capital University,"Private, nonprofit",Private Non-Profit,52,5,master,52,42583.0,484.0
238430,Cardinal Stritch University,"Private, nonprofit",Private Non-Profit,52,5,master,52,39367.0,448.0
241377,Caribbean University-Bayamon,"Private, nonprofit",Private Non-Profit,52,5,master,52,24356.0,277.0
241386,Caribbean University-Carolina,"Private, nonprofit",Private Non-Profit,52,5,master,52,24356.0,277.0
363907,Caribbean University-Ponce,"Private, nonprofit",Private Non-Profit,52,5,master,52,24356.0,277.0
363916,Caribbean University-Vega Baja,"Private, nonprofit",Private Non-Profit,52,5,master,52,24356.0,277.0
211431,Carlow University,"Private, nonprofit",Private Non-Profit,52,5,master,52,41000.0,466.0
211440,Carnegie Mellon University,"Private, nonprofit",Private Non-Profit,52,5,master,52,95693.5,1088.5
219806,Carson-Newman University,"Private, nonprofit",Private Non-Profit,52,5,master,52,18133.0,206.0
238476,Carthage College,"Private, nonprofit",Private Non-Profit,52,5,master,52,20500.0,233.0
201645,Case Western Reserve University,"Private, nonprofit",Private Non-Profit,52,5,master,52,44573.0,507.0
183974,Centenary University,"Private, nonprofit",Private Non-Profit,52,5,master,52,39633.0,451.0
128771,Central Connecticut State University,Public,Public,52,5,master,52,21760.0,248.0
169248,Central Michigan University,Public,Public,52,5,master,52,33949.0,386.0
180948,Chadron State College,Public,Public,52,5,master,52,21466.0,244.0
141486,Chaminade University of Honolulu,"Private, nonprofit",Private Non-Profit,52,5,master,52,41000.0,466.0
230852,Champlain College,"Private, nonprofit",Private Non-Profit,52,5,master,52,31090.0,354.0
111948,Chapman University,"Private, nonprofit",Private Non-Profit,52,5,master,52,79168.0,901.0
217688,Charleston Southern University,"Private, nonprofit",Private Non-Profit,52,5,master,52,41239.0,469.0
128780,Charter Oak State College,Public,Public,52,5,master,52,30906.0,352.0
211556,Chatham University,"Private, nonprofit",Private Non-Profit,52,5,master,52,36163.0,411.0
219833,Christian Brothers University,"Private, nonprofit",Private Non-Profit,52,5,master,52,27554.0,313.0
217864,Citadel Military College of South Carolina,Public,Public,52,5,master,52,29192.0,332.0
234915,City University of Seattle,"Private, nonprofit",Private Non-Profit,52,5,master,52,46125.0,525.0
112251,Claremont Graduate University,"Private, nonprofit",Private Non-Profit,52,5,master,52,111000.0,1263.0
488387,Claremont Lincoln University,"Private, nonprofit",Private Non-Profit,52,5,master,52,15160.0,172.0
138947,Clark Atlanta University,"Private, nonprofit",Private Non-Profit,52,5,master,52,57519.0,654.0
165334,Clark University,"Private, nonprofit",Private Non-Profit,52,5,master,52,32550.0,370.0
190044,Clarkson University,"Private, nonprofit",Private Non-Profit,52,5,master,52,42610.0,485.0
139311,Clayton  State University,Public,Public,52,5,master,52,41000.0,466.0
169327,Cleary University,"Private, nonprofit",Private Non-Profit,52,5,master,52,25928.0,295.0
217882,Clemson University,Public,Public,52,5,master,52,30106.0,342.5
202134,Cleveland State University,Public,Public,52,5,master,52,35325.0,402.0
218724,Coastal Carolina University,Public,Public,52,5,master,52,22493.0,256.0
217907,Coker University,"Private, nonprofit",Private Non-Profit,52,5,master,52,28382.0,323.0
217819,College of Charleston,Public,Public,52,5,master,52,28308.0,322.0
126669,Colorado Christian University,"Private, nonprofit",Private Non-Profit,52,5,master,52,31387.0,357.0
476975,Colorado State University Global,Public,Public,52,5,master,52,42940.0,488.5
126818,Colorado State University-Fort Collins,Public,Public,52,5,master,52,31309.0,356.0
126827,Colorado Technical University-Colorado Springs,"Private, for-profit",Private For-Profit,52,5,master,52,40618.0,462.0
126827,Colorado Technical University-Colorado Springs,"Private, for-profit",Private For-Profit,52,6,doctoral,52,82000.0,933.0
241304,Columbia Central University-Caguas,"Private, for-profit",Private For-Profit,52,5,master,52,20736.5,236.0
177065,Columbia College,"Private, nonprofit",Private Non-Profit,52,5,master,52,45860.0,522.0
217934,Columbia College,"Private, nonprofit",Private Non-Profit,52,5,master,52,18579.0,211.0
450933,Columbia Southern University,"Private, for-profit",Private For-Profit,52,5,master,52,39043.0,444.0
190150,Columbia University in the City of New York,"Private, nonprofit",Private Non-Profit,52,5,master,52,61315.0,697.5
139366,Columbus State University,Public,Public,52,5,master,52,33994.0,387.0
498562,Commonwealth University of Pennsylvania,Public,Public,52,5,master,52,22820.0,260.0
169363,Concordia University Ann Arbor,"Private, nonprofit",Private Non-Profit,52,5,master,52,28832.5,328.0
224004,Concordia University Texas,"Private, nonprofit",Private Non-Profit,52,5,master,52,41000.0,466.0
144351,Concordia University-Chicago,"Private, nonprofit",Private Non-Profit,52,5,master,52,33625.0,382.0
112075,Concordia University-Irvine,"Private, nonprofit",Private Non-Profit,52,5,master,52,28038.0,319.0
180984,Concordia University-Nebraska,"Private, nonprofit",Private Non-Profit,52,5,master,52,33972.0,386.0
173328,Concordia University-Saint Paul,"Private, nonprofit",Private Non-Profit,52,5,master,52,29250.0,332.5
238616,Concordia University-Wisconsin,"Private, nonprofit",Private Non-Profit,52,5,master,52,28832.5,328.0
190415,Cornell University,"Private, nonprofit",Private Non-Profit,52,5,master,52,87206.0,992.0
170037,Cornerstone University,"Private, nonprofit",Private Non-Profit,52,5,master,52,34635.0,394.0
181002,Creighton University,"Private, nonprofit",Private Non-Profit,52,5,master,52,40725.0,463.0
174862,Crown College,"Private, nonprofit",Private Non-Profit,52,5,master,52,32500.0,370.0
219949,Cumberland University,"Private, nonprofit",Private Non-Profit,52,5,master,52,24420.0,278.0
165529,Curry College,"Private, nonprofit",Private Non-Profit,52,5,master,52,41000.0,466.0
190716,D'Youville  University,"Private, nonprofit",Private Non-Profit,52,5,master,52,30750.0,350.0
224226,Dallas Baptist University,"Private, nonprofit",Private Non-Profit,52,5,master,52,50930.0,579.0
182670,Dartmouth College,"Private, nonprofit",Private Non-Profit,52,5,master,52,41000.0,466.0
169479,Davenport University,"Private, nonprofit",Private Non-Profit,52,5,master,52,30000.5,341.5
144740,DePaul University,"Private, nonprofit",Private Non-Profit,52,5,master,52,48164.5,548.0
210739,DeSales University,"Private, nonprofit",Private Non-Profit,52,5,master,52,35731.0,406.0
482413,DeVry College of New York,"Private, for-profit",Private For-Profit,52,5,master,52,45210.5,514.5
482422,DeVry University-Arizona,"Private, for-profit",Private For-Profit,52,5,master,52,45210.5,514.5
482431,DeVry University-California,"Private, for-profit",Private For-Profit,52,5,master,52,45210.5,514.5
482440,DeVry University-Colorado,"Private, for-profit",Private For-Profit,52,5,master,52,45210.5,514.5
482459,DeVry University-Florida,"Private, for-profit",Private For-Profit,52,5,master,52,45210.5,514.5
482468,DeVry University-Georgia,"Private, for-profit",Private For-Profit,52,5,master,52,45210.5,514.5
482477,DeVry University-Illinois,"Private, for-profit",Private For-Profit,52,5,master,52,45210.5,514.5
482538,DeVry University-Missouri,"Private, for-profit",Private For-Profit,52,5,master,52,45210.5,514.5
482547,DeVry University-Nevada,"Private, for-profit",Private For-Profit,52,5,master,52,45210.5,514.5
482556,DeVry University-New Jersey,"Private, for-profit",Private For-Profit,52,5,master,52,44529.0,507.0
482565,DeVry University-North Carolina,"Private, for-profit",Private For-Profit,52,5,master,52,45210.5,514.5
482574,DeVry University-Ohio,"Private, for-profit",Private For-Profit,52,5,master,52,45210.5,514.5
482608,DeVry University-Pennsylvania,"Private, for-profit",Private For-Profit,52,5,master,52,45210.5,514.5
482617,DeVry University-Tennessee,"Private, for-profit",Private For-Profit,52,5,master,52,45210.5,514.5
482635,DeVry University-Texas,"Private, for-profit",Private For-Profit,52,5,master,52,45210.5,514.5
482653,DeVry University-Virginia,"Private, for-profit",Private For-Profit,52,5,master,52,45210.5,514.5
211981,Delaware Valley University,"Private, nonprofit",Private Non-Profit,52,5,master,52,20908.0,238.0
175616,Delta State University,Public,Public,52,5,master,52,26702.0,304.0
181020,Doane University,"Private, nonprofit",Private Non-Profit,52,5,master,52,24437.5,278.0
148496,Dominican University,"Private, nonprofit",Private Non-Profit,52,5,master,52,35603.0,405.0
113698,Dominican University of California,"Private, nonprofit",Private Non-Profit,52,5,master,52,43632.0,496.0
212054,Drexel University,"Private, nonprofit",Private Non-Profit,52,5,master,52,43562.0,496.0
177214,Drury University,"Private, nonprofit",Private Non-Profit,52,5,master,52,17968.0,204.0
198419,Duke University,"Private, nonprofit",Private Non-Profit,52,5,master,52,80630.0,917.0
212106,Duquesne University,"Private, nonprofit",Private Non-Profit,52,5,master,52,30625.0,348.5
248934,ECPI University,"Private, for-profit",Private For-Profit,52,5,master,52,26156.0,298.0
198464,East Carolina University,Public,Public,52,5,master,52,27571.5,313.5
220075,East Tennessee State University,Public,Public,52,5,master,52,20500.0,233.0
224554,East Texas A&M University,Public,Public,52,5,master,52,31018.0,353.0
144892,Eastern Illinois University,Public,Public,52,5,master,52,25546.0,291.0
169798,Eastern Michigan University,Public,Public,52,5,master,52,34223.0,389.0
165644,Eastern Nazarene College,"Private, nonprofit",Private Non-Profit,52,5,master,52,33000.0,375.0
187648,Eastern New Mexico University-Main Campus,Public,Public,52,5,master,52,27848.0,317.0
208646,Eastern Oregon University,Public,Public,52,5,master,52,37146.0,423.0
212133,Eastern University,"Private, nonprofit",Private Non-Profit,52,5,master,52,37675.0,429.0
235097,Eastern Washington University,Public,Public,52,5,master,52,20500.0,233.0
238661,Edgewood University,"Private, nonprofit",Private Non-Profit,52,5,master,52,49409.0,562.0
212197,Elizabethtown College,"Private, nonprofit",Private Non-Profit,52,5,master,52,26273.0,299.0
144962,Elmhurst University,"Private, nonprofit",Private Non-Profit,52,5,master,52,26905.0,306.0
198516,Elon University,"Private, nonprofit",Private Non-Profit,52,5,master,52,60825.0,692.0
133553,Embry-Riddle Aeronautical University-Daytona Beach,"Private, nonprofit",Private Non-Profit,52,5,master,52,35011.5,398.5
426314,Embry-Riddle Aeronautical University-Worldwide,"Private, nonprofit",Private Non-Profit,52,5,master,52,35011.5,398.5
165662,Emerson College,"Private, nonprofit",Private Non-Profit,52,5,master,52,41000.0,466.0
139658,Emory University,"Private, nonprofit",Private Non-Profit,52,5,master,52,53657.5,610.5
177339,Evangel University,"Private, nonprofit",Private Non-Profit,52,5,master,52,25734.0,293.0
385619,Everglades University,"Private, nonprofit",Private Non-Profit,52,5,master,52,35500.0,404.0
196680,Excelsior University,"Private, nonprofit",Private Non-Profit,52,5,master,52,30750.0,350.0
129242,Fairfield University,"Private, nonprofit",Private Non-Profit,52,5,master,52,28450.0,324.0
184694,Fairleigh Dickinson University-Florham Campus,"Private, nonprofit",Private Non-Profit,52,5,master,52,26421.0,300.5
184603,Fairleigh Dickinson University-Metropolitan Campus,"Private, nonprofit",Private Non-Profit,52,5,master,52,26421.0,300.5
237367,Fairmont State University,Public,Public,52,5,master,52,23636.0,269.0
101189,Faulkner University,"Private, nonprofit",Private Non-Profit,52,5,master,52,24812.5,282.0
198543,Fayetteville State University,Public,Public,52,5,master,52,31571.0,359.0
184612,Felician University,"Private, nonprofit",Private Non-Profit,52,5,master,52,38500.0,438.0
114549,Fielding Graduate University,"Private, nonprofit",Private Non-Profit,52,6,doctoral,52,124042.0,1411.0
165820,Fitchburg State University,Public,Public,52,5,master,52,18703.0,213.0
133650,Florida Agricultural and Mechanical University,Public,Public,52,5,master,52,38655.0,440.0
133669,Florida Atlantic University,Public,Public,52,5,master,52,36200.0,412.0
133881,Florida Institute of Technology,"Private, nonprofit",Private Non-Profit,52,5,master,52,37584.0,428.0
480569,Florida Institute of Technology-Online,"Private, nonprofit",Private Non-Profit,52,5,master,52,37584.0,428.0
133951,Florida International University,Public,Public,52,5,master,52,41000.0,466.0
134097,Florida State University,Public,Public,52,5,master,52,27096.0,308.0
177418,Fontbonne University,"Private, nonprofit",Private Non-Profit,52,5,master,52,41000.0,466.0
191241,Fordham University,"Private, nonprofit",Private Non-Profit,52,5,master,52,37000.0,421.0
155061,Fort Hays State University,Public,Public,52,5,master,52,24697.0,281.0
205957,Franciscan University of Steubenville,"Private, nonprofit",Private Non-Profit,52,5,master,52,20571.0,234.0
202806,Franklin University,"Private, nonprofit",Private Non-Profit,52,5,master,52,38225.5,434.5
372073,Fremont University,"Private, for-profit",Private For-Profit,52,5,master,52,28711.0,327.0
114813,Fresno Pacific University,"Private, nonprofit",Private Non-Profit,52,5,master,52,31538.0,359.0
155089,Friends University,"Private, nonprofit",Private Non-Profit,52,5,master,52,41000.0,466.0
162584,Frostburg State University,Public,Public,52,5,master,52,20500.0,233.0
134237,Full Sail University,"Private, for-profit",Private For-Profit,52,5,master,52,35671.0,406.0
212601,Gannon University,"Private, nonprofit",Private Non-Profit,52,5,master,52,37433.0,426.0
198561,Gardner-Webb University,"Private, nonprofit",Private Non-Profit,52,5,master,52,28673.0,326.5
198561,Gardner-Webb University,"Private, nonprofit",Private Non-Profit,52,6,doctoral,52,51147.0,582.0
212656,Geneva College,"Private, nonprofit",Private Non-Profit,52,5,master,52,44063.0,501.0
208822,George Fox University,"Private, nonprofit",Private Non-Profit,52,5,master,52,41000.0,466.0
232186,George Mason University,Public,Public,52,5,master,52,38186.0,434.0
131469,George Washington University,"Private, nonprofit",Private Non-Profit,52,5,master,52,48125.0,547.5
131496,Georgetown University,"Private, nonprofit",Private Non-Profit,52,5,master,52,76514.0,870.5
139861,Georgia College & State University,Public,Public,52,5,master,52,32164.0,366.0
139755,Georgia Institute of Technology-Main Campus,Public,Public,52,5,master,52,55122.0,627.0
139931,Georgia Southern University,Public,Public,52,5,master,52,25744.5,292.5
139764,Georgia Southwestern State University,Public,Public,52,5,master,52,18107.0,206.0
139940,Georgia State University,Public,Public,52,5,master,52,40117.5,456.0
184773,Georgian Court University,"Private, nonprofit",Private Non-Profit,52,5,master,52,28083.0,319.0
115083,Golden Gate University,"Private, nonprofit",Private Non-Profit,52,5,master,52,41941.0,477.0
235316,Gonzaga University,"Private, nonprofit",Private Non-Profit,52,5,master,52,29037.0,330.0
129154,Goodwin University,"Private, nonprofit",Private Non-Profit,52,5,master,52,20500.0,233.0
145336,Governors State University,Public,Public,52,5,master,52,49932.0,568.0
150677,Grace College and Theological Seminary,"Private, nonprofit",Private Non-Profit,52,5,master,52,25203.0,287.0
104717,Grand Canyon University,"Private, for-profit",Private For-Profit,52,5,master,52,33911.0,386.0
170082,Grand Valley State University,Public,Public,52,5,master,52,25078.0,285.5
212832,Gwynedd Mercy University,"Private, nonprofit",Private Non-Profit,52,5,master,52,30250.0,344.0
173665,Hamline University,"Private, nonprofit",Private Non-Profit,52,5,master,52,37725.0,429.0
232265,Hampton University,"Private, nonprofit",Private Non-Profit,52,5,master,52,27777.0,316.0
107044,Harding University,"Private, nonprofit",Private Non-Profit,52,5,master,52,25230.0,287.0
166027,Harvard University,"Private, nonprofit",Private Non-Profit,52,5,master,52,24396.5,277.5
140340,Herzing University-Atlanta,"Private, nonprofit",Private Non-Profit,52,5,master,52,41000.0,466.0
101365,Herzing University-Birmingham,"Private, nonprofit",Private Non-Profit,52,5,master,52,41000.0,466.0
459851,Herzing University-Brookfield,"Private, nonprofit",Private Non-Profit,52,5,master,52,41000.0,466.0
459842,Herzing University-Kenosha,"Private, nonprofit",Private Non-Profit,52,5,master,52,41000.0,466.0
240392,Herzing University-Madison,"Private, nonprofit",Private Non-Profit,52,5,master,52,41000.0,466.0
174154,Herzing University-Minneapolis,"Private, nonprofit",Private Non-Profit,52,5,master,52,41000.0,466.0
499149,Herzing University-Nashville,"Private, nonprofit",Private Non-Profit,52,5,master,52,41000.0,466.0
433536,Herzing University-New Orleans,"Private, nonprofit",Private Non-Profit,52,5,master,52,41000.0,466.0
386472,Herzing University-Orlando,"Private, nonprofit",Private Non-Profit,52,5,master,52,41000.0,466.0
496973,Herzing University-Tampa,"Private, nonprofit",Private Non-Profit,52,5,master,52,41000.0,466.0
367884,Hodges University,"Private, nonprofit",Private Non-Profit,52,5,master,52,28361.0,323.0
191649,Hofstra University,"Private, nonprofit",Private Non-Profit,52,5,master,52,39100.0,444.5
212984,Holy Family University,"Private, nonprofit",Private Non-Profit,52,5,master,52,36259.0,412.0
225399,Houston Christian University,"Private, nonprofit",Private Non-Profit,52,5,master,52,40849.0,464.5
225548,Howard Payne University,"Private, nonprofit",Private Non-Profit,52,5,master,52,17000.0,193.0
131520,Howard University,"Private, nonprofit",Private Non-Profit,52,5,master,52,76816.0,874.0
164368,Hult International Business School,"Private, nonprofit",Private Non-Profit,52,5,master,52,73590.0,837.0
487524,Husson University,"Private, nonprofit",Private Non-Profit,52,5,master,52,26291.0,299.0
142276,Idaho State University,Public,Public,52,5,master,52,15202.0,173.0
145813,Illinois State University,Public,Public,52,5,master,52,20166.5,229.0
151290,Indiana Institute of Technology,"Private, nonprofit",Private Non-Profit,52,5,master,52,35398.0,402.5
151290,Indiana Institute of Technology,"Private, nonprofit",Private Non-Profit,52,6,doctoral,52,80210.0,912.0
151324,Indiana State University,Public,Public,52,5,master,52,30294.0,345.0
213020,Indiana University of Pennsylvania,Public,Public,52,5,master,52,23356.5,265.5
151351,Indiana University-Bloomington,Public,Public,52,5,master,52,41000.0,466.0
151111,Indiana University-Indianapolis,Public,Public,52,5,master,52,33389.5,379.5
151360,Indiana University-Northwest,Public,Public,52,5,master,52,35074.0,399.0
151801,Indiana Wesleyan University-Marion,"Private, nonprofit",Private Non-Profit,52,5,master,52,43694.0,497.0
488679,Indiana Wesleyan University-National & Global,"Private, nonprofit",Private Non-Profit,52,5,master,52,43694.0,497.0
242653,Inter American University of Puerto Rico-Metro,"Private, nonprofit",Private Non-Profit,52,5,master,52,20581.0,234.0
191931,Iona University,"Private, nonprofit",Private Non-Profit,52,5,master,52,33443.0,380.0
153603,Iowa State University,Public,Public,52,5,master,52,22707.0,258.0
175856,Jackson State University,Public,Public,52,5,master,52,39564.0,450.0
134945,Jacksonville University,"Private, nonprofit",Private Non-Profit,52,5,master,52,41000.0,466.0
232423,James Madison University,Public,Public,52,5,master,52,22625.0,257.5
107141,John Brown University,"Private, nonprofit",Private Non-Profit,52,5,master,52,23552.0,268.0
203368,John Carroll University,"Private, nonprofit",Private Non-Profit,52,5,master,52,20500.0,233.0
162928,Johns Hopkins University,"Private, nonprofit",Private Non-Profit,52,5,master,52,50975.0,580.0
445708,Johnson & Wales University-Charlotte,"Private, nonprofit",Private Non-Profit,52,5,master,52,34341.0,391.0
460349,Johnson & Wales University-Online,"Private, nonprofit",Private Non-Profit,52,5,master,52,34341.0,391.0
217235,Johnson & Wales University-Providence,"Private, nonprofit",Private Non-Profit,52,5,master,52,34341.0,391.0
146339,Judson University,"Private, nonprofit",Private Non-Profit,52,5,master,52,30750.0,350.0
155399,Kansas State University,Public,Public,52,5,master,52,25234.0,287.0
155414,Kansas Wesleyan University,"Private, nonprofit",Private Non-Profit,52,5,master,52,20500.0,233.0
185262,Kean University,Public,Public,52,5,master,52,37593.0,428.0
135081,Keiser University-Ft Lauderdale,"Private, nonprofit",Private Non-Profit,52,5,master,52,57891.0,658.5
486840,Kennesaw State University,Public,Public,52,5,master,52,30362.5,345.5
203517,Kent State University at Kent,Public,Public,52,5,master,52,28013.0,319.0
203465,Kent State University at Stark,Public,Public,52,5,master,52,28013.0,319.0
169983,Kettering University,"Private, nonprofit",Private Non-Profit,52,5,master,52,29182.0,332.0
192192,Keuka College,"Private, nonprofit",Private Non-Profit,52,5,master,52,30750.0,350.0
220516,King University,"Private, nonprofit",Private Non-Profit,52,5,master,52,40000.0,455.0
192271,LIM College,"Private, for-profit",Private For-Profit,52,5,master,52,38584.5,438.5
213367,La Salle University,"Private, nonprofit",Private Non-Profit,52,5,master,52,30922.0,351.5
117627,La Sierra University,"Private, nonprofit",Private Non-Profit,52,5,master,52,46762.0,532.0
203580,Lake Erie College,"Private, nonprofit",Private Non-Profit,52,5,master,52,41000.0,466.0
146490,Lake Forest Graduate School of Management,"Private, nonprofit",Private Non-Profit,52,5,master,52,42302.0,481.0
238980,Lakeland University,"Private, nonprofit",Private Non-Profit,52,5,master,52,36321.0,413.0
226091,Lamar University,Public,Public,52,5,master,52,29799.0,339.0
166391,Lasell University,"Private, nonprofit",Private Non-Profit,52,5,master,52,24432.0,278.0
170675,Lawrence Technological University,"Private, nonprofit",Private Non-Profit,52,5,master,52,82000.0,933.0
192323,Le Moyne College,"Private, nonprofit",Private Non-Profit,52,5,master,52,18192.0,207.0
226231,LeTourneau University,"Private, nonprofit",Private Non-Profit,52,5,master,52,41000.0,466.0
220613,Lee University,"Private, nonprofit",Private Non-Profit,52,5,master,52,25950.0,295.0
198835,Lenoir-Rhyne University,"Private, nonprofit",Private Non-Profit,52,5,master,52,30164.0,343.0
146612,Lewis University,"Private, nonprofit",Private Non-Profit,52,5,master,52,34166.0,389.0
232557,Liberty University,"Private, nonprofit",Private Non-Profit,52,5,master,52,32851.5,374.0
218238,Limestone University,"Private, nonprofit",Private Non-Profit,52,5,master,52,35014.0,398.0
220631,Lincoln Memorial University,"Private, nonprofit",Private Non-Profit,52,5,master,52,34145.0,388.0
213598,Lincoln University,Public,Public,52,5,master,52,27334.0,311.0
177968,Lindenwood University,"Private, nonprofit",Private Non-Profit,52,5,master,52,32728.0,372.0
219976,Lipscomb University,"Private, nonprofit",Private Non-Profit,52,5,master,52,41000.0,466.0
192448,Long Island University,"Private, nonprofit",Private Non-Profit,52,5,master,52,62229.0,708.0
474863,Los Angeles Pacific University,"Private, nonprofit",Private Non-Profit,52,5,master,52,17747.0,202.0
159391,Louisiana State University and Agricultural & Mechanical College,Public,Public,52,5,master,52,30728.0,350.0
159416,Louisiana State University-Shreveport,Public,Public,52,5,master,52,21230.0,241.0
159647,Louisiana Tech University,Public,Public,52,5,master,52,17100.0,195.0
117946,Loyola Marymount University,"Private, nonprofit",Private Non-Profit,52,5,master,52,99813.0,1135.0
146719,Loyola University Chicago,"Private, nonprofit",Private Non-Profit,52,5,master,52,61207.0,696.5
163046,Loyola University Maryland,"Private, nonprofit",Private Non-Profit,52,5,master,52,37185.0,423.0
159656,Loyola University New Orleans,"Private, nonprofit",Private Non-Profit,52,5,master,52,32157.0,366.0
132657,Lynn University,"Private, nonprofit",Private Non-Profit,52,5,master,52,29624.0,337.0
203775,Malone University,"Private, nonprofit",Private Non-Profit,52,5,master,52,26739.0,304.0
192703,Manhattan University,"Private, nonprofit",Private Non-Profit,52,5,master,52,27355.0,311.0
192819,Marist University,"Private, nonprofit",Private Non-Profit,52,5,master,52,41310.0,470.0
239105,Marquette University,"Private, nonprofit",Private Non-Profit,52,5,master,52,38819.0,442.0
237525,Marshall University,Public,Public,52,5,master,52,28366.5,322.5
232706,Marymount University,"Private, nonprofit",Private Non-Profit,52,5,master,52,48463.0,551.0
178059,Maryville University of Saint Louis,"Private, nonprofit",Private Non-Profit,52,5,master,52,37467.0,426.0
213826,Marywood University,"Private, nonprofit",Private Non-Profit,52,5,master,52,33334.0,379.0
166683,Massachusetts Institute of Technology,"Private, nonprofit",Private Non-Profit,52,5,master,52,41000.0,466.0
147013,McKendree University,"Private, nonprofit",Private Non-Profit,52,5,master,52,22696.0,258.0
192925,Medaille University,"Private, nonprofit",Private Non-Profit,52,5,master,52,40500.0,461.0
140447,Mercer University,"Private, nonprofit",Private Non-Profit,52,5,master,52,37415.0,426.0
193016,Mercy University,"Private, nonprofit",Private Non-Profit,52,5,master,52,30750.0,349.5
166850,Merrimack College,"Private, nonprofit",Private Non-Profit,52,5,master,52,20500.0,233.0
190114,Metropolitan College of New York,"Private, nonprofit",Private Non-Profit,52,5,master,52,51712.0,588.5
174020,Metropolitan State University,Public,Public,52,5,master,52,38159.0,434.0
127565,Metropolitan State University of Denver,Public,Public,52,5,master,52,30750.0,350.0
204024,Miami University-Oxford,Public,Public,52,5,master,52,41000.0,466.0
171100,Michigan State University,Public,Public,52,5,master,52,35859.5,407.5
171128,Michigan Technological University,Public,Public,52,5,master,52,19750.0,225.0
245953,Mid-America Christian University,"Private, nonprofit",Private Non-Profit,52,5,master,52,41000.0,466.0
155520,MidAmerica Nazarene University,"Private, nonprofit",Private Non-Profit,52,5,master,52,32556.0,370.0
220978,Middle Tennessee State University,Public,Public,52,5,master,52,24000.0,273.0
181330,Midland University,"Private, nonprofit",Private Non-Profit,52,5,master,52,22208.0,253.0
157377,Midway University,"Private, nonprofit",Private Non-Profit,52,5,master,52,26478.0,301.0
226833,Midwestern State University,Public,Public,52,5,master,52,22000.0,250.0
486901,Milligan University,"Private, nonprofit",Private Non-Profit,52,5,master,52,26596.0,303.0
147244,Millikin University,"Private, nonprofit",Private Non-Profit,52,5,master,52,41000.0,466.0
214069,Misericordia University,"Private, nonprofit",Private Non-Profit,52,5,master,52,28837.0,328.0
176053,Mississippi Christian University,"Private, nonprofit",Private Non-Profit,52,5,master,52,26750.0,304.0
176080,Mississippi State University,Public,Public,52,5,master,52,22953.5,261.0
178244,Missouri Baptist University,"Private, nonprofit",Private Non-Profit,52,5,master,52,32145.0,366.0
179566,Missouri State University-Springfield,Public,Public,52,5,master,52,13500.0,153.5
178387,Missouri Western State University,Public,Public,52,5,master,52,21606.0,246.0
193292,Molloy University,"Private, nonprofit",Private Non-Profit,52,5,master,52,20500.0,233.0
185572,Monmouth University,"Private, nonprofit",Private Non-Profit,52,5,master,52,27684.0,315.0
193308,Monroe University,"Private, for-profit",Private For-Profit,52,5,master,52,31155.0,354.0
180461,Montana State University,Public,Public,52,5,master,52,16345.0,186.0
185590,Montclair State University,Public,Public,52,5,master,52,37409.0,426.0
157386,Morehead State University,Public,Public,52,5,master,52,26654.0,303.0
163453,Morgan State University,Public,Public,52,5,master,52,33500.0,381.0
214166,Mount Aloysius College,"Private, nonprofit",Private Non-Profit,52,5,master,52,20830.0,237.0
154013,Mount Mercy University,"Private, nonprofit",Private Non-Profit,52,5,master,52,34594.0,394.0
119173,Mount Saint Mary's University,"Private, nonprofit",Private Non-Profit,52,5,master,52,41000.0,466.0
204200,Mount St. Joseph University,"Private, nonprofit",Private Non-Profit,52,5,master,52,30239.0,344.0
163462,Mount St. Mary's University,"Private, nonprofit",Private Non-Profit,52,5,master,52,20712.0,236.0
204194,Mount Vernon Nazarene University,"Private, nonprofit",Private Non-Profit,52,5,master,52,28852.0,328.0
157401,Murray State University,Public,Public,52,5,master,52,28786.0,327.0
242972,NUC University,"Private, for-profit",Private For-Profit,52,5,master,52,20623.0,235.0
219204,National American University-Rapid City,"Private, for-profit",Private For-Profit,52,5,master,52,32001.0,364.0
147536,National Louis University,"Private, nonprofit",Private Non-Profit,52,5,master,52,41000.0,466.0
119605,National University,"Private, nonprofit",Private Non-Profit,52,5,master,52,38036.5,433.0
181446,Nebraska Wesleyan University,"Private, nonprofit",Private Non-Profit,52,5,master,52,27304.0,311.0
228325,Nelson University,"Private, nonprofit",Private Non-Profit,52,5,master,52,25553.0,291.0
214272,Neumann University,"Private, nonprofit",Private Non-Profit,52,5,master,52,34166.0,389.0
182980,New England College,"Private, nonprofit",Private Non-Profit,52,5,master,52,40227.0,458.0
185129,New Jersey City University,Public,Public,52,5,master,52,30213.5,344.0
185828,New Jersey Institute of Technology,Public,Public,52,5,master,52,49426.0,562.0
187897,New Mexico Highlands University,Public,Public,52,5,master,52,28531.0,325.0
188030,New Mexico State University-Main Campus,Public,Public,52,5,master,52,25297.0,288.0
194091,New York Institute of Technology,"Private, nonprofit",Private Non-Profit,52,5,master,52,41510.0,472.0
193900,New York University,"Private, nonprofit",Private Non-Profit,52,5,master,52,84767.0,964.0
119775,Newschool of Architecture and Design,"Private, for-profit",Private For-Profit,52,5,master,52,36584.0,416.0
193973,Niagara University,"Private, nonprofit",Private Non-Profit,52,5,master,52,24570.5,279.5
159966,Nicholls State University,Public,Public,52,5,master,52,19884.0,226.0
167260,Nichols College,"Private, nonprofit",Private Non-Profit,52,5,master,52,29640.0,337.0
199102,North Carolina A & T State University,Public,Public,52,5,master,52,39996.0,455.0
199157,North Carolina Central University,Public,Public,52,5,master,52,59393.0,676.0
199193,North Carolina State University at Raleigh,Public,Public,52,5,master,52,30750.0,349.5
147660,North Central College,"Private, nonprofit",Private Non-Profit,52,5,master,52,31918.0,363.0
218441,North Greenville University,"Private, nonprofit",Private Non-Profit,52,5,master,52,30648.0,349.0
147679,North Park University,"Private, nonprofit",Private Non-Profit,52,5,master,52,31800.0,362.0
444130,Northcentral University,"Private, nonprofit",Private Non-Profit,52,5,master,52,37054.0,421.0
444130,Northcentral University,"Private, nonprofit",Private Non-Profit,52,6,doctoral,52,79172.0,901.0
207263,Northeastern State University,Public,Public,52,5,master,52,16000.0,182.0
167358,Northeastern University,"Private, nonprofit",Private Non-Profit,52,5,master,52,38957.0,443.0
482705,Northeastern University Professional Programs,"Private, nonprofit",Private Non-Profit,52,5,master,52,37553.5,427.0
105330,Northern Arizona University,Public,Public,52,5,master,52,30500.0,347.0
147703,Northern Illinois University,Public,Public,52,5,master,52,26725.0,304.0
157447,Northern Kentucky University,Public,Public,52,5,master,52,35267.5,401.0
178624,Northwest Missouri State University,Public,Public,52,5,master,52,20499.0,233.0
142461,Northwest Nazarene University,"Private, nonprofit",Private Non-Profit,52,5,master,52,35838.0,408.0
236133,Northwest University,"Private, nonprofit",Private Non-Profit,52,5,master,52,29436.0,335.0
487603,Northwest University-Center for Online and Extended Education,"Private, nonprofit",Private Non-Profit,52,5,master,52,29436.0,335.0
147767,Northwestern University,"Private, nonprofit",Private Non-Profit,52,5,master,52,76735.0,873.0
171492,Northwood University,"Private, nonprofit",Private Non-Profit,52,5,master,52,41000.0,466.0
230995,Norwich University,"Private, nonprofit",Private Non-Profit,52,5,master,52,36575.0,416.0
120184,Notre Dame de Namur University,"Private, nonprofit",Private Non-Profit,52,5,master,52,51250.0,583.0
136215,Nova Southeastern University,"Private, nonprofit",Private Non-Profit,52,5,master,52,52792.0,601.0
152099,Oakland City University,"Private, nonprofit",Private Non-Profit,52,5,master,52,33639.0,383.0
171571,Oakland University,Public,Public,52,5,master,52,24400.0,277.5
201964,Ohio Christian University,"Private, nonprofit",Private Non-Profit,52,5,master,52,28060.0,319.0
204617,Ohio Dominican University,"Private, nonprofit",Private Non-Profit,52,5,master,52,31425.0,357.5
204635,Ohio Northern University,"Private, nonprofit",Private Non-Profit,52,5,master,52,20500.0,233.0
204796,Ohio State University-Main Campus,Public,Public,52,5,master,52,43265.0,492.0
204857,Ohio University-Main Campus,Public,Public,52,5,master,52,40750.0,464.0
207458,Oklahoma City University,"Private, nonprofit",Private Non-Profit,52,5,master,52,28456.5,323.5
207388,Oklahoma State University-Main Campus,Public,Public,52,5,master,52,18682.0,213.0
206835,Oklahoma Wesleyan University,"Private, nonprofit",Private Non-Profit,52,5,master,52,32950.0,375.0
232982,Old Dominion University,Public,Public,52,5,master,52,20400.0,232.0
147828,Olivet Nazarene University,"Private, nonprofit",Private Non-Profit,52,5,master,52,31367.0,357.0
207582,Oral Roberts University,"Private, nonprofit",Private Non-Profit,52,5,master,52,20003.0,228.0
209542,Oregon State University,Public,Public,52,5,master,52,46000.0,523.0
440828,Oregon State University-Cascades Campus,Public,Public,52,5,master,52,46000.0,523.0
155636,Ottawa University-Kansas City,"Private, nonprofit",Private Non-Profit,52,5,master,52,32624.0,371.0
428259,Ottawa University-Milwaukee,"Private, nonprofit",Private Non-Profit,52,5,master,52,32624.0,371.0
454582,Ottawa University-Online,"Private, nonprofit",Private Non-Profit,52,5,master,52,32624.0,371.0
155627,Ottawa University-Ottawa,"Private, nonprofit",Private Non-Profit,52,5,master,52,32624.0,371.0
105367,Ottawa University-Phoenix,"Private, nonprofit",Private Non-Profit,52,5,master,52,32624.0,371.0
464226,Ottawa University-Surprise,"Private, nonprofit",Private Non-Profit,52,5,master,52,32624.0,371.0
227331,Our Lady of the Lake University,"Private, nonprofit",Private Non-Profit,52,5,master,52,41000.0,466.0
227331,Our Lady of the Lake University,"Private, nonprofit",Private Non-Profit,52,6,doctoral,52,86192.0,980.0
194310,Pace University,"Private, nonprofit",Private Non-Profit,52,5,master,52,29750.0,338.5
236230,Pacific Lutheran University,"Private, nonprofit",Private Non-Profit,52,5,master,52,39150.0,445.0
120768,Pacific Oaks College,"Private, nonprofit",Private Non-Profit,52,5,master,52,50332.0,573.0
209612,Pacific University,"Private, nonprofit",Private Non-Profit,52,5,master,52,44500.0,506.0
136330,Palm Beach Atlantic University,"Private, nonprofit",Private Non-Profit,52,5,master,52,33225.0,378.0
178721,Park University,"Private, nonprofit",Private Non-Profit,52,5,master,52,41000.0,466.0
214883,Peirce College,"Private, nonprofit",Private Non-Profit,52,5,master,52,39041.0,444.0
214777,Pennsylvania State University-Main Campus,Public,Public,52,5,master,52,31250.0,355.5
214591,Pennsylvania State University-Penn State Erie-Behrend College,Public,Public,52,5,master,52,30750.0,349.5
214607,Pennsylvania State University-Penn State Great Valley,Public,Public,52,5,master,52,21500.0,245.0
214713,Pennsylvania State University-Penn State Harrisburg,Public,Public,52,5,master,52,31250.0,355.5
479956,Pennsylvania State University-World Campus,Public,Public,52,5,master,52,31250.0,355.5
498571,Pennsylvania Western University,Public,Public,52,5,master,52,30750.0,350.0
121150,Pepperdine University,"Private, nonprofit",Private Non-Profit,52,5,master,52,83379.0,948.5
199306,Pfeiffer University,"Private, nonprofit",Private Non-Profit,52,5,master,52,38829.0,442.0
140818,Piedmont University,"Private, nonprofit",Private Non-Profit,52,5,master,52,17832.0,203.0
155681,Pittsburg State University,Public,Public,52,5,master,52,23152.0,263.0
183080,Plymouth State University,Public,Public,52,5,master,52,31326.0,356.0
121309,Point Loma Nazarene University,"Private, nonprofit",Private Non-Profit,52,5,master,52,34519.0,393.0
215442,Point Park University,"Private, nonprofit",Private Non-Profit,52,5,master,52,35228.0,401.0
209807,Portland State University,Public,Public,52,5,master,52,39144.0,445.0
130183,Post University,"Private, for-profit",Private For-Profit,52,5,master,52,41907.5,476.5
227526,Prairie View A & M University,Public,Public,52,5,master,52,34448.0,392.0
217402,Providence College,"Private, nonprofit",Private Non-Profit,52,5,master,52,20500.0,233.0
151102,Purdue University Fort Wayne,Public,Public,52,5,master,52,19974.0,227.0
489779,Purdue University Global,Public,Public,52,5,master,52,48204.0,548.0
490805,Purdue University Northwest,Public,Public,52,5,master,52,41226.0,469.0
243780,Purdue University-Main Campus,Public,Public,52,5,master,52,46277.5,526.0
199412,Queens University of Charlotte,"Private, nonprofit",Private Non-Profit,52,5,master,52,51189.0,582.0
130226,Quinnipiac University,"Private, nonprofit",Private Non-Profit,52,5,master,52,32450.0,369.0
186201,Ramapo College of New Jersey,Public,Public,52,5,master,52,20500.0,233.0
231651,Regent University,"Private, nonprofit",Private Non-Profit,52,5,master,52,44288.5,503.5
231651,Regent University,"Private, nonprofit",Private Non-Profit,52,6,doctoral,52,98595.0,1122.0
127918,Regis University,"Private, nonprofit",Private Non-Profit,52,5,master,52,37878.5,430.5
227757,Rice University,"Private, nonprofit",Private Non-Profit,52,5,master,52,41000.0,466.0
186283,Rider University,"Private, nonprofit",Private Non-Profit,52,5,master,52,29959.5,341.0
215655,Robert Morris University,"Private, nonprofit",Private Non-Profit,52,5,master,52,31582.0,359.0
194958,Roberts Wesleyan University,"Private, nonprofit",Private Non-Profit,52,5,master,52,41000.0,466.0
195003,Rochester Institute of Technology,"Private, nonprofit",Private Non-Profit,52,5,master,52,37545.0,427.0
148405,Rockford University,"Private, nonprofit",Private Non-Profit,52,5,master,52,32450.0,369.0
179043,Rockhurst University,"Private, nonprofit",Private Non-Profit,52,5,master,52,30895.5,351.5
217518,Roger Williams University,"Private, nonprofit",Private Non-Profit,52,5,master,52,29000.0,330.0
136950,Rollins College,"Private, nonprofit",Private Non-Profit,52,5,master,52,41000.0,466.0
148487,Roosevelt University,"Private, nonprofit",Private Non-Profit,52,5,master,52,40879.0,465.0
215691,Rosemont College,"Private, nonprofit",Private Non-Profit,52,5,master,52,26900.0,306.0
184782,Rowan University,Public,Public,52,5,master,52,41000.0,466.0
195128,Russell Sage College,"Private, nonprofit",Private Non-Profit,52,5,master,52,35864.0,408.0
186371,Rutgers University-Camden,Public,Public,52,5,master,52,36224.0,412.0
186380,Rutgers University-New Brunswick,Public,Public,52,5,master,52,34130.0,388.0
186399,Rutgers University-Newark,Public,Public,52,5,master,52,36224.0,412.0
196130,SUNY Buffalo State University,Public,Public,52,5,master,52,34771.0,396.0
196291,SUNY Maritime College,Public,Public,52,5,master,52,31312.0,356.0
196112,SUNY Polytechnic Institute,Public,Public,52,5,master,52,20737.5,236.0
130253,Sacred Heart University,"Private, nonprofit",Private Non-Profit,52,5,master,52,31434.0,358.0
154235,Saint Ambrose University,"Private, nonprofit",Private Non-Profit,52,5,master,52,29574.0,336.0
174783,Saint Cloud State University,Public,Public,52,5,master,52,20500.0,233.0
227845,Saint Edward's University,"Private, nonprofit",Private Non-Profit,52,5,master,52,43696.5,497.0
215743,Saint Francis University,"Private, nonprofit",Private Non-Profit,52,5,master,52,32862.0,373.5
215770,Saint Joseph's University - Philadelphia,"Private, nonprofit",Private Non-Profit,52,5,master,52,39696.0,451.5
137032,Saint Leo University,"Private, nonprofit",Private Non-Profit,52,5,master,52,48687.5,553.5
137032,Saint Leo University,"Private, nonprofit",Private Non-Profit,52,6,doctoral,52,87125.0,991.0
179159,Saint Louis University,"Private, nonprofit",Private Non-Profit,52,5,master,52,46053.0,524.0
123554,Saint Mary's College of California,"Private, nonprofit",Private Non-Profit,52,5,master,52,45970.0,522.5
174817,Saint Mary's University of Minnesota,"Private, nonprofit",Private Non-Profit,52,5,master,52,34166.0,389.0
152381,Saint Mary-of-the-Woods College,"Private, nonprofit",Private Non-Profit,52,5,master,52,18000.0,205.0
186432,Saint Peter's University,"Private, nonprofit",Private Non-Profit,52,5,master,52,49332.0,561.0
148627,Saint Xavier University,"Private, nonprofit",Private Non-Profit,52,5,master,52,42715.0,485.5
237783,Salem University,"Private, for-profit",Private For-Profit,52,5,master,52,30117.0,343.0
163851,Salisbury University,Public,Public,52,5,master,52,20250.0,230.0
217536,Salve Regina University,"Private, nonprofit",Private Non-Profit,52,5,master,52,18574.0,211.0
227881,Sam Houston State University,Public,Public,52,5,master,52,28173.0,320.5
122409,San Diego State University,Public,Public,52,5,master,52,37920.0,431.5
122597,San Francisco State University,Public,Public,52,5,master,52,46558.0,530.0
122931,Santa Clara University,"Private, nonprofit",Private Non-Profit,52,5,master,52,59170.0,673.0
140960,Savannah State University,Public,Public,52,5,master,52,35152.0,400.0
228042,Schreiner University,"Private, nonprofit",Private Non-Profit,52,5,master,52,20500.0,233.0
236595,Seattle University,"Private, nonprofit",Private Non-Profit,52,5,master,52,41000.0,466.0
186584,Seton Hall University,"Private, nonprofit",Private Non-Profit,52,5,master,52,30625.0,348.0
215947,Seton Hill University,"Private, nonprofit",Private Non-Profit,52,5,master,52,31325.0,356.0
233541,Shenandoah University,"Private, nonprofit",Private Non-Profit,52,5,master,52,39115.0,445.0
237792,Shepherd University,Public,Public,52,5,master,52,27490.0,313.0
216010,Shippensburg University of Pennsylvania,Public,Public,52,5,master,52,22025.0,250.5
140988,Shorter University,"Private, nonprofit",Private Non-Profit,52,5,master,52,27370.5,311.5
172264,Siena Heights University,"Private, nonprofit",Private Non-Profit,52,5,master,52,33876.0,385.0
195474,Siena University,"Private, nonprofit",Private Non-Profit,52,5,master,52,20500.0,233.0
167783,Simmons University,"Private, nonprofit",Private Non-Profit,52,5,master,52,81874.0,931.0
216038,Slippery Rock University of Pennsylvania,Public,Public,52,5,master,52,20500.0,233.0
123572,Sonoma State University,Public,Public,52,5,master,52,36736.0,418.0
480073,South University-Austin,"Private, for-profit",Private For-Profit,52,5,master,52,46193.0,525.0
251312,South University-Columbia,"Private, for-profit",Private For-Profit,52,5,master,52,46193.0,525.0
101116,South University-Montgomery,"Private, for-profit",Private For-Profit,52,5,master,52,46193.0,525.0
459259,South University-Richmond,"Private, for-profit",Private For-Profit,52,5,master,52,46193.0,525.0
139579,South University-Savannah,"Private, for-profit",Private For-Profit,52,5,master,52,46193.0,525.0
475121,South University-Savannah Online,"Private, for-profit",Private For-Profit,52,5,master,52,46193.0,525.0
449898,South University-Tampa,"Private, for-profit",Private For-Profit,52,5,master,52,46193.0,525.0
459268,South University-Virginia Beach,"Private, for-profit",Private For-Profit,52,5,master,52,46193.0,525.0
133465,South University-West Palm Beach,"Private, for-profit",Private For-Profit,52,5,master,52,46193.0,525.0
160612,Southeastern Louisiana University,Public,Public,52,5,master,52,17851.0,203.0
207847,Southeastern Oklahoma State University,Public,Public,52,5,master,52,25592.0,291.0
137564,Southeastern University,"Private, nonprofit",Private Non-Profit,52,5,master,52,30201.0,344.0
107983,Southern Arkansas University Main Campus,Public,Public,52,5,master,52,29480.0,335.0
130493,Southern Connecticut State University,Public,Public,52,5,master,52,29500.0,336.0
149231,Southern Illinois University Edwardsville,Public,Public,52,5,master,52,17807.0,202.5
149222,Southern Illinois University-Carbondale,Public,Public,52,5,master,52,26635.5,303.0
228246,Southern Methodist University,"Private, nonprofit",Private Non-Profit,52,5,master,52,61040.0,694.5
206862,Southern Nazarene University,"Private, nonprofit",Private Non-Profit,52,5,master,52,38939.0,443.0
183026,Southern New Hampshire University,"Private, nonprofit",Private Non-Profit,52,5,master,52,42950.0,488.5
210146,Southern Oregon University,Public,Public,52,5,master,52,41000.0,466.0
440916,Southern University Law Center,Public,Public,52,5,master,52,49378.0,562.0
160621,Southern University and A & M College,Public,Public,52,5,master,52,49378.0,562.0
230603,Southern Utah University,Public,Public,52,5,master,52,14739.0,168.0
217776,Southern Wesleyan University,"Private, nonprofit",Private Non-Profit,52,5,master,52,29166.5,332.0
155900,Southwestern College,"Private, nonprofit",Private Non-Profit,52,5,master,52,37287.0,424.0
207865,Southwestern Oklahoma State University,Public,Public,52,5,master,52,15973.0,182.0
157757,Spalding University,"Private, nonprofit",Private Non-Profit,52,5,master,52,28160.0,320.0
172334,Spring Arbor University,"Private, nonprofit",Private Non-Profit,52,5,master,52,35440.0,403.0
167899,Springfield College,"Private, nonprofit",Private Non-Profit,52,5,master,52,26839.0,305.0
475273,"Springfield College-Regional, Online, and Continuing Education","Private, nonprofit",Private Non-Profit,52,5,master,52,26839.0,305.0
195164,St Bonaventure University,"Private, nonprofit",Private Non-Profit,52,5,master,52,26262.0,299.0
175005,St Catherine University,"Private, nonprofit",Private Non-Profit,52,5,master,52,43423.0,494.0
195720,St. John Fisher University,"Private, nonprofit",Private Non-Profit,52,5,master,52,31625.0,360.0
195720,St. John Fisher University,"Private, nonprofit",Private Non-Profit,52,6,doctoral,52,97204.0,1106.0
195809,St. John's University-New York,"Private, nonprofit",Private Non-Profit,52,5,master,52,28372.5,322.5
195544,St. Joseph's University-New York,"Private, nonprofit",Private Non-Profit,52,5,master,52,29568.5,336.5
228149,St. Mary's University,"Private, nonprofit",Private Non-Profit,52,5,master,52,41000.0,466.0
137476,St. Thomas University,"Private, nonprofit",Private Non-Profit,52,5,master,52,34734.5,395.0
243744,Stanford University,"Private, nonprofit",Private Non-Profit,52,5,master,52,57458.0,654.0
196176,State University of New York at New Paltz,Public,Public,52,5,master,52,20500.0,233.0
196194,State University of New York at Oswego,Public,Public,52,5,master,52,21309.0,242.5
228431,Stephen F Austin State University,Public,Public,52,5,master,52,17860.0,203.0
137546,Stetson University,"Private, nonprofit",Private Non-Profit,52,5,master,52,41000.0,466.0
186867,Stevens Institute of Technology,"Private, nonprofit",Private Non-Profit,52,5,master,52,40246.0,458.0
186876,Stockton University,Public,Public,52,5,master,52,20105.0,229.0
196097,Stony Brook University,Public,Public,52,5,master,52,25235.0,287.0
438498,Stratford University,"Private, for-profit",Private For-Profit,52,5,master,52,42813.0,487.0
450377,Strayer University-Alabama,"Private, for-profit",Private For-Profit,52,5,master,52,80164.0,912.0
458885,Strayer University-Arkansas,"Private, for-profit",Private For-Profit,52,5,master,52,80164.0,912.0
450298,Strayer University-Delaware,"Private, for-profit",Private For-Profit,52,5,master,52,80164.0,912.0
131803,Strayer University-District of Columbia,"Private, for-profit",Private For-Profit,52,5,master,52,80164.0,912.0
449038,Strayer University-Florida,"Private, for-profit",Private For-Profit,52,5,master,52,80164.0,912.0
458919,Strayer University-Georgia,"Private, for-profit",Private For-Profit,52,5,master,52,80164.0,912.0
459994,Strayer University-Global Region,"Private, for-profit",Private For-Profit,52,5,master,52,80164.0,912.0
430184,Strayer University-Maryland,"Private, for-profit",Private For-Profit,52,5,master,52,80164.0,912.0
458955,Strayer University-Mississippi,"Private, for-profit",Private For-Profit,52,5,master,52,80164.0,912.0
453215,Strayer University-New Jersey,"Private, for-profit",Private For-Profit,52,5,master,52,80164.0,912.0
453163,Strayer University-North Carolina,"Private, for-profit",Private For-Profit,52,5,master,52,80164.0,912.0
443784,Strayer University-Pennsylvania,"Private, for-profit",Private For-Profit,52,5,master,52,80164.0,912.0
458964,Strayer University-South Carolina,"Private, for-profit",Private For-Profit,52,5,master,52,80164.0,912.0
443766,Strayer University-Tennessee,"Private, for-profit",Private For-Profit,52,5,master,52,80164.0,912.0
458973,Strayer University-Texas,"Private, for-profit",Private For-Profit,52,5,master,52,80164.0,912.0
233684,Strayer University-Virginia,"Private, for-profit",Private For-Profit,52,5,master,52,80164.0,912.0
456621,Strayer University-West Virginia,"Private, for-profit",Private For-Profit,52,5,master,52,80164.0,912.0
168005,Suffolk University,"Private, nonprofit",Private Non-Profit,52,5,master,52,39146.5,445.0
228501,Sul Ross State University,Public,Public,52,5,master,52,14000.0,159.0
157793,Sullivan University,"Private, for-profit",Private For-Profit,52,5,master,52,41000.0,466.0
196413,Syracuse University,"Private, nonprofit",Private Non-Profit,52,5,master,52,58146.0,661.0
228529,Tarleton State University,Public,Public,52,5,master,52,26281.0,299.0
216339,Temple University,Public,Public,52,5,master,52,36400.0,414.0
221838,Tennessee State University,Public,Public,52,5,master,52,26500.0,301.0
221847,Tennessee Technological University,Public,Public,52,5,master,52,19050.0,217.0
226152,Texas A & M International University,Public,Public,52,5,master,52,20346.0,231.0
224147,Texas A & M University-Corpus Christi,Public,Public,52,5,master,52,16327.0,186.0
483036,Texas A&M University-Central Texas,Public,Public,52,5,master,52,23430.0,267.0
228723,Texas A&M University-College Station,Public,Public,52,5,master,52,28624.0,325.5
228705,Texas A&M University-Kingsville,Public,Public,52,5,master,52,20500.0,233.0
459949,Texas A&M University-San Antonio,Public,Public,52,5,master,52,21866.5,248.5
224545,Texas A&M University-Texarkana,Public,Public,52,5,master,52,22165.0,252.0
225502,Texas A&M University-Victoria,Public,Public,52,5,master,52,33483.0,381.0
228875,Texas Christian University,"Private, nonprofit",Private Non-Profit,52,5,master,52,30750.0,349.5
228981,Texas Lutheran University,"Private, nonprofit",Private Non-Profit,52,5,master,52,16104.0,183.0
229063,Texas Southern University,Public,Public,52,5,master,52,55500.0,631.0
228459,Texas State University,Public,Public,52,5,master,52,20258.5,230.5
229115,Texas Tech University,Public,Public,52,5,master,52,26951.5,306.5
229160,Texas Wesleyan University,"Private, nonprofit",Private Non-Profit,52,5,master,52,35875.0,408.0
229179,Texas Woman's University,Public,Public,52,5,master,52,32237.0,367.0
131283,The Catholic University of America,"Private, nonprofit",Private Non-Profit,52,5,master,52,34250.0,390.0
455433,The Chicago School at Anaheim,"Private, nonprofit",Private Non-Profit,52,6,doctoral,52,145288.0,1653.0
143978,The Chicago School at Chicago,"Private, nonprofit",Private Non-Profit,52,6,doctoral,52,145288.0,1653.0
492607,The Chicago School at Dallas,"Private, nonprofit",Private Non-Profit,52,6,doctoral,52,145288.0,1653.0
455664,The Chicago School at Los Angeles,"Private, nonprofit",Private Non-Profit,52,6,doctoral,52,145288.0,1653.0
459745,The Chicago School at Washington DC,"Private, nonprofit",Private Non-Profit,52,6,doctoral,52,145288.0,1653.0
174899,The College of Saint Scholastica,"Private, nonprofit",Private Non-Profit,52,5,master,52,34134.0,388.0
193654,The New School,"Private, nonprofit",Private Non-Profit,52,5,master,52,56349.0,641.0
100751,The University of Alabama,Public,Public,52,5,master,52,27000.0,307.0
154022,The University of Arizona Global Campus,"Private, for-profit",Private For-Profit,52,5,master,52,41721.0,475.0
154022,The University of Arizona Global Campus,"Private, for-profit",Private For-Profit,52,6,doctoral,52,18885.0,214.5
202763,The University of Findlay,"Private, nonprofit",Private Non-Profit,52,5,master,52,29055.0,331.0
180489,The University of Montana,Public,Public,52,5,master,52,23411.0,266.0
137847,The University of Tampa,"Private, nonprofit",Private Non-Profit,52,5,master,52,28340.0,322.5
221740,The University of Tennessee-Chattanooga,Public,Public,52,5,master,52,29420.0,335.0
221759,The University of Tennessee-Knoxville,Public,Public,52,5,master,52,31504.0,358.0
229018,The University of Texas Permian Basin,Public,Public,52,5,master,52,19250.0,219.0
227368,The University of Texas Rio Grande Valley,Public,Public,52,5,master,52,19048.5,216.5
228769,The University of Texas at Arlington,Public,Public,52,5,master,52,28321.5,322.5
228778,The University of Texas at Austin,Public,Public,52,5,master,52,53416.0,608.0
228787,The University of Texas at Dallas,Public,Public,52,5,master,52,28548.0,325.0
228796,The University of Texas at El Paso,Public,Public,52,5,master,52,22543.0,256.0
229027,The University of Texas at San Antonio,Public,Public,52,5,master,52,22659.5,257.5
228802,The University of Texas at Tyler,Public,Public,52,5,master,52,33104.0,376.5
161563,Thomas College,"Private, nonprofit",Private Non-Profit,52,5,master,52,20500.0,233.0
187046,Thomas Edison State University,Public,Public,52,5,master,52,27768.0,316.0
216366,Thomas Jefferson University,"Private, nonprofit",Private Non-Profit,52,5,master,52,53701.0,611.0
157809,Thomas More University,"Private, nonprofit",Private Non-Profit,52,5,master,52,25320.0,288.0
206048,Tiffin University,"Private, nonprofit",Private Non-Profit,52,5,master,52,34431.5,392.0
459727,Touro University Worldwide,"Private, nonprofit",Private Non-Profit,52,5,master,52,24045.0,274.0
164076,Towson University,Public,Public,52,5,master,52,29074.0,331.0
221892,Trevecca Nazarene University,"Private, nonprofit",Private Non-Profit,52,5,master,52,35750.0,407.0
152567,Trine University,"Private, nonprofit",Private Non-Profit,52,5,master,52,13800.0,157.0
414878,Trine University-Regional/Non-Traditional Campuses,"Private, nonprofit",Private Non-Profit,52,5,master,52,13800.0,157.0
131876,Trinity Washington University,"Private, nonprofit",Private Non-Profit,52,5,master,52,41001.0,466.0
102368,Troy University,Public,Public,52,5,master,52,35797.0,407.0
178615,Truman State University,Public,Public,52,5,master,52,14185.0,161.0
160755,Tulane University of Louisiana,"Private, nonprofit",Private Non-Profit,52,5,master,52,81742.0,929.5
221953,Tusculum University,"Private, nonprofit",Private Non-Profit,52,5,master,52,19962.5,227.0
206279,Union Institute & University,"Private, nonprofit",Private Non-Profit,52,5,master,52,30750.0,350.0
221971,Union University,"Private, nonprofit",Private Non-Profit,52,5,master,52,51250.0,583.0
243346,Universidad Ana G. Mendez-Carolina Campus,"Private, nonprofit",Private Non-Profit,52,5,master,52,39797.0,453.0
241739,Universidad Ana G. Mendez-Cupey Campus,"Private, nonprofit",Private Non-Profit,52,5,master,52,34902.0,397.0
243601,Universidad Ana G. Mendez-Gurabo Campus,"Private, nonprofit",Private Non-Profit,52,5,master,52,28002.5,318.5
196060,University at Albany,Public,Public,52,5,master,52,20500.0,233.0
196088,University at Buffalo,Public,Public,52,5,master,52,28059.5,319.0
200800,University of Akron Main Campus,Public,Public,52,5,master,52,29568.0,336.0
100663,University of Alabama at Birmingham,Public,Public,52,5,master,52,34459.0,392.0
100706,University of Alabama in Huntsville,Public,Public,52,5,master,52,17000.0,193.0
442930,University of Antelope Valley,"Private, for-profit",Private For-Profit,52,5,master,52,24003.0,273.0
104179,University of Arizona,Public,Public,52,5,master,52,30750.0,349.5
106397,University of Arkansas,Public,Public,52,5,master,52,36654.0,417.0
442569,University of Arkansas Grantham,Public,Public,52,5,master,52,32987.0,375.0
106245,University of Arkansas at Little Rock,Public,Public,52,5,master,52,34523.0,393.0
161873,University of Baltimore,Public,Public,52,5,master,52,50238.0,571.0
128744,University of Bridgeport,"Private, nonprofit",Private Non-Profit,52,5,master,52,41000.0,466.0
110644,University of California-Davis,Public,Public,52,5,master,52,77263.0,879.0
110653,University of California-Irvine,Public,Public,52,5,master,52,40020.0,455.0
110662,University of California-Los Angeles,Public,Public,52,5,master,52,92986.0,1057.5
110671,University of California-Riverside,Public,Public,52,5,master,52,76591.5,871.5
110680,University of California-San Diego,Public,Public,52,5,master,52,92221.0,1049.0
106704,University of Central Arkansas,Public,Public,52,5,master,52,16000.0,182.0
132903,University of Central Florida,Public,Public,52,5,master,52,35213.0,400.5
176965,University of Central Missouri,Public,Public,52,5,master,52,20240.0,230.0
206941,University of Central Oklahoma,Public,Public,52,5,master,52,24200.0,275.0
237312,University of Charleston,"Private, nonprofit",Private Non-Profit,52,5,master,52,26379.0,300.0
237312,University of Charleston,"Private, nonprofit",Private Non-Profit,52,6,doctoral,52,32897.0,374.0
144050,University of Chicago,"Private, nonprofit",Private Non-Profit,52,5,master,52,72287.0,822.5
201885,University of Cincinnati-Main Campus,Public,Public,52,5,master,52,28979.0,330.0
126614,University of Colorado Boulder,Public,Public,52,5,master,52,37158.0,422.5
126580,University of Colorado Colorado Springs,Public,Public,52,5,master,52,36448.0,415.0
126562,University of Colorado Denver/Anschutz Medical Campus,Public,Public,52,5,master,52,34612.0,394.0
129020,University of Connecticut,Public,Public,52,5,master,52,38073.0,433.0
436827,University of Connecticut-Avery Point,Public,Public,52,5,master,52,38073.0,433.0
463056,University of Connecticut-Hartford Campus,Public,Public,52,5,master,52,38073.0,433.0
436836,University of Connecticut-Stamford,Public,Public,52,5,master,52,38073.0,433.0
436818,University of Connecticut-Waterbury Campus,Public,Public,52,5,master,52,38073.0,433.0
224323,University of Dallas,"Private, nonprofit",Private Non-Profit,52,5,master,52,53425.0,607.5
202480,University of Dayton,"Private, nonprofit",Private Non-Profit,52,5,master,52,25625.0,291.0
130943,University of Delaware,Public,Public,52,5,master,52,28282.0,322.0
127060,University of Denver,"Private, nonprofit",Private Non-Profit,52,5,master,52,46301.0,526.5
169716,University of Detroit Mercy,"Private, nonprofit",Private Non-Profit,52,5,master,52,39187.0,446.0
153278,University of Dubuque,"Private, nonprofit",Private Non-Profit,52,5,master,52,13362.0,152.0
134130,University of Florida,Public,Public,52,5,master,52,29557.5,336.5
139959,University of Georgia,Public,Public,52,5,master,52,20500.0,233.0
129525,University of Hartford,"Private, nonprofit",Private Non-Profit,52,5,master,52,26383.0,300.0
141574,University of Hawaii at Manoa,Public,Public,52,5,master,52,48682.0,554.0
225511,University of Houston,Public,Public,52,5,master,52,22512.5,256.0
225414,University of Houston-Clear Lake,Public,Public,52,5,master,52,27020.0,307.0
225432,University of Houston-Downtown,Public,Public,52,5,master,52,41000.0,466.0
145600,University of Illinois Chicago,Public,Public,52,5,master,52,40722.5,463.5
145637,University of Illinois Urbana-Champaign,Public,Public,52,5,master,52,34141.0,388.5
151263,University of Indianapolis,"Private, nonprofit",Private Non-Profit,52,5,master,52,27533.0,313.0
153658,University of Iowa,Public,Public,52,5,master,52,36373.0,414.0
155317,University of Kansas,Public,Public,52,5,master,52,26411.0,300.5
157085,University of Kentucky,Public,Public,52,5,master,52,26323.0,299.5
160658,University of Louisiana at Lafayette,Public,Public,52,5,master,52,21952.0,250.0
157289,University of Louisville,Public,Public,52,5,master,52,31966.5,363.5
161253,University of Maine,Public,Public,52,5,master,52,20500.0,233.0
200217,University of Mary,"Private, nonprofit",Private Non-Profit,52,5,master,52,20500.0,233.0
226471,University of Mary Hardin-Baylor,"Private, nonprofit",Private Non-Profit,52,5,master,52,31000.0,353.0
232681,University of Mary Washington,Public,Public,52,5,master,52,30151.0,343.0
163204,University of Maryland Global Campus,Public,Public,52,5,master,52,41084.0,467.0
163286,University of Maryland-College Park,Public,Public,52,5,master,52,50731.5,577.0
262086,University of Massachusetts Global,Public,Public,52,5,master,52,37390.5,425.5
166629,University of Massachusetts-Amherst,Public,Public,52,5,master,52,25222.0,287.0
166638,University of Massachusetts-Boston,Public,Public,52,5,master,52,28763.0,327.0
167987,University of Massachusetts-Dartmouth,Public,Public,52,5,master,52,26807.0,305.0
166513,University of Massachusetts-Lowell,Public,Public,52,5,master,52,22547.5,256.5
220862,University of Memphis,Public,Public,52,5,master,52,27252.5,310.0
135726,University of Miami,"Private, nonprofit",Private Non-Profit,52,5,master,52,52902.0,602.0
170976,University of Michigan-Ann Arbor,Public,Public,52,5,master,52,38716.0,440.5
171137,University of Michigan-Dearborn,Public,Public,52,5,master,52,42330.0,482.0
171146,University of Michigan-Flint,Public,Public,52,5,master,52,49260.0,560.0
174066,University of Minnesota-Twin Cities,Public,Public,52,5,master,52,42259.0,481.0
176017,University of Mississippi,Public,Public,52,5,master,52,25000.0,284.5
178396,University of Missouri-Columbia,Public,Public,52,5,master,52,25726.0,292.5
178402,University of Missouri-Kansas City,Public,Public,52,5,master,52,21000.0,238.5
178420,University of Missouri-St Louis,Public,Public,52,5,master,52,23675.0,269.5
199069,University of Mount Olive,"Private, nonprofit",Private Non-Profit,52,5,master,52,33650.0,383.0
181394,University of Nebraska at Omaha,Public,Public,52,5,master,52,28617.0,326.0
181464,University of Nebraska-Lincoln,Public,Public,52,5,master,52,23813.0,271.0
182281,University of Nevada-Las Vegas,Public,Public,52,5,master,52,30410.0,345.5
182290,University of Nevada-Reno,Public,Public,52,5,master,52,30115.0,343.0
183044,University of New Hampshire-Main Campus,Public,Public,52,5,master,52,22046.0,251.0
129941,University of New Haven,"Private, nonprofit",Private Non-Profit,52,5,master,52,34548.5,393.0
187985,University of New Mexico-Main Campus,Public,Public,52,5,master,52,26402.0,300.5
159939,University of New Orleans,Public,Public,52,5,master,52,30085.5,342.0
101879,University of North Alabama,Public,Public,52,5,master,52,27500.0,313.0
199218,University of North Carolina Wilmington,Public,Public,52,5,master,52,20500.0,233.0
199120,University of North Carolina at Chapel Hill,Public,Public,52,5,master,52,74812.0,851.0
199139,University of North Carolina at Charlotte,Public,Public,52,5,master,52,25700.0,292.0
199148,University of North Carolina at Greensboro,Public,Public,52,5,master,52,33363.0,380.0
199281,University of North Carolina at Pembroke,Public,Public,52,5,master,52,25064.0,285.0
200280,University of North Dakota,Public,Public,52,5,master,52,20220.0,230.0
136172,University of North Florida,Public,Public,52,5,master,52,25293.0,288.0
482680,University of North Georgia,Public,Public,52,5,master,52,20493.0,233.0
227216,University of North Texas,Public,Public,52,5,master,52,22594.0,257.0
204486,University of Northwestern Ohio,"Private, nonprofit",Private Non-Profit,52,5,master,52,39500.0,449.0
174491,University of Northwestern-St Paul,"Private, nonprofit",Private Non-Profit,52,5,master,52,32500.0,370.0
207500,University of Oklahoma-Norman Campus,Public,Public,52,5,master,52,35957.0,409.0
209551,University of Oregon,Public,Public,52,5,master,52,49709.0,565.5
215062,University of Pennsylvania,"Private, nonprofit",Private Non-Profit,52,5,master,52,41000.0,466.0
484613,University of Phoenix-Arizona,"Private, for-profit",Private For-Profit,52,5,master,52,39027.0,444.0
484613,University of Phoenix-Arizona,"Private, for-profit",Private For-Profit,52,6,doctoral,52,76637.5,871.5
484631,University of Phoenix-California,"Private, for-profit",Private For-Profit,52,5,master,52,39027.0,444.0
420042,University of Phoenix-Hawaii,"Private, for-profit",Private For-Profit,52,5,master,52,30432.0,346.0
484710,University of Phoenix-Nevada,"Private, for-profit",Private For-Profit,52,5,master,52,40705.0,463.0
484756,University of Phoenix-Texas,"Private, for-profit",Private For-Profit,52,5,master,52,37145.5,422.5
215293,University of Pittsburgh-Pittsburgh Campus,Public,Public,52,5,master,52,20500.0,233.0
209825,University of Portland,"Private, nonprofit",Private Non-Profit,52,5,master,52,44281.0,504.0
243221,University of Puerto Rico-Rio Piedras,Public,Public,52,5,master,52,13750.0,156.0
121691,University of Redlands,"Private, nonprofit",Private Non-Profit,52,5,master,52,37491.0,426.5
217484,University of Rhode Island,Public,Public,52,5,master,52,21646.5,246.0
233374,University of Richmond,"Private, nonprofit",Private Non-Profit,52,5,master,52,22000.0,250.0
195030,University of Rochester,"Private, nonprofit",Private Non-Profit,52,5,master,52,43460.5,494.5
152336,University of Saint Francis-Fort Wayne,"Private, nonprofit",Private Non-Profit,52,5,master,52,23689.0,269.0
155812,University of Saint Mary,"Private, nonprofit",Private Non-Profit,52,5,master,52,34703.0,395.0
122436,University of San Diego,"Private, nonprofit",Private Non-Profit,52,5,master,52,48756.0,555.0
122612,University of San Francisco,"Private, nonprofit",Private Non-Profit,52,5,master,52,44856.5,510.0
215929,University of Scranton,"Private, nonprofit",Private Non-Profit,52,5,master,52,35011.0,398.0
219383,University of Sioux Falls,"Private, nonprofit",Private Non-Profit,52,5,master,52,20500.0,233.0
218645,University of South Carolina Aiken,Public,Public,52,5,master,52,30750.0,350.0
218663,University of South Carolina-Columbia,Public,Public,52,5,master,52,41000.0,466.0
219471,University of South Dakota,Public,Public,52,5,master,52,25845.0,294.0
137351,University of South Florida,Public,Public,52,5,master,52,25978.0,295.5
137351,University of South Florida,Public,Public,52,6,doctoral,52,98636.0,1122.0
123961,University of Southern California,"Private, nonprofit",Private Non-Profit,52,5,master,52,55843.0,635.5
151306,University of Southern Indiana,Public,Public,52,5,master,52,18311.0,208.0
161554,University of Southern Maine,Public,Public,52,5,master,52,30648.0,349.0
176372,University of Southern Mississippi,Public,Public,52,5,master,52,20500.0,233.0
148584,University of St Francis,"Private, nonprofit",Private Non-Profit,52,5,master,52,28347.0,322.0
174914,University of St Thomas,"Private, nonprofit",Private Non-Profit,52,5,master,52,61317.0,697.0
227863,University of St Thomas,"Private, nonprofit",Private Non-Profit,52,5,master,52,50257.0,572.0
206084,University of Toledo,Public,Public,52,5,master,52,29490.0,335.5
230764,University of Utah,Public,Public,52,5,master,52,35875.0,408.0
231174,University of Vermont,Public,Public,52,5,master,52,37862.5,431.0
234076,University of Virginia-Main Campus,Public,Public,52,5,master,52,61118.0,695.0
377555,University of Washington-Bothell Campus,Public,Public,52,5,master,52,39276.0,446.5
236948,University of Washington-Seattle Campus,Public,Public,52,5,master,52,27000.0,307.0
377564,University of Washington-Tacoma Campus,Public,Public,52,5,master,52,58052.0,660.0
101587,University of West Alabama,Public,Public,52,5,master,52,27332.0,311.0
138354,University of West Florida,Public,Public,52,5,master,52,28000.0,319.0
141334,University of West Georgia,Public,Public,52,5,master,52,20500.0,233.0
240268,University of Wisconsin-Eau Claire,Public,Public,52,5,master,52,31909.0,363.0
240444,University of Wisconsin-Madison,Public,Public,52,5,master,52,35673.5,405.5
240453,University of Wisconsin-Milwaukee,Public,Public,52,5,master,52,28500.0,324.0
240365,University of Wisconsin-Oshkosh,Public,Public,52,5,master,52,41000.0,466.0
240462,University of Wisconsin-Platteville,Public,Public,52,5,master,52,31133.0,354.0
240189,University of Wisconsin-Whitewater,Public,Public,52,5,master,52,22801.0,259.5
240727,University of Wyoming,Public,Public,52,5,master,52,32072.0,365.0
156541,University of the Cumberlands,"Private, nonprofit",Private Non-Profit,52,5,master,52,16263.0,185.0
156541,University of the Cumberlands,"Private, nonprofit",Private Non-Profit,52,6,doctoral,52,32333.0,368.0
225627,University of the Incarnate Word,"Private, nonprofit",Private Non-Profit,52,5,master,52,34843.0,396.0
154493,Upper Iowa University,"Private, nonprofit",Private Non-Profit,52,5,master,52,42158.0,480.0
230728,Utah State University,Public,Public,52,5,master,52,30700.0,349.0
230171,Utah Tech University,Public,Public,52,5,master,52,16500.0,188.0
230737,Utah Valley University,Public,Public,52,5,master,52,22257.0,253.0
197045,Utica University,"Private, nonprofit",Private Non-Profit,52,5,master,52,29182.0,332.0
141264,Valdosta State University,Public,Public,52,5,master,52,27590.0,314.0
221999,Vanderbilt University,"Private, nonprofit",Private Non-Profit,52,5,master,52,60500.0,688.0
216597,Villanova University,"Private, nonprofit",Private Non-Profit,52,5,master,52,39491.0,449.0
234030,Virginia Commonwealth University,Public,Public,52,5,master,52,41000.0,466.0
233921,Virginia Polytechnic Institute and State University,Public,Public,52,5,master,52,25435.5,289.0
234155,Virginia State University,Public,Public,52,5,master,52,45870.0,522.0
234173,Virginia Wesleyan University,"Private, nonprofit",Private Non-Profit,52,5,master,52,19726.0,224.0
240107,Viterbo University,"Private, nonprofit",Private Non-Profit,52,5,master,52,30017.0,341.0
199847,Wake Forest University,"Private, nonprofit",Private Non-Profit,52,5,master,52,50885.0,579.0
125231,Walden University,"Private, for-profit",Private For-Profit,52,5,master,52,41000.0,466.0
125231,Walden University,"Private, for-profit",Private For-Profit,52,6,doctoral,52,115920.0,1319.0
154518,Waldorf University,"Private, for-profit",Private For-Profit,52,5,master,52,32862.0,374.0
172608,Walsh College,"Private, nonprofit",Private Non-Profit,52,5,master,52,31965.0,364.0
206437,Walsh University,"Private, nonprofit",Private Non-Profit,52,5,master,52,35500.0,404.0
138275,Warner University,"Private, nonprofit",Private Non-Profit,52,5,master,52,51250.0,583.0
156082,Washburn University,Public,Public,52,5,master,52,26200.0,298.0
236939,Washington State University,Public,Public,52,5,master,52,53547.0,609.0
179867,Washington University in St Louis,"Private, nonprofit",Private Non-Profit,52,5,master,52,81700.0,929.0
229780,Wayland Baptist University,"Private, nonprofit",Private Non-Profit,52,5,master,52,40085.0,456.0
181783,Wayne State College,Public,Public,52,5,master,52,17274.0,196.0
172644,Wayne State University,Public,Public,52,5,master,52,30962.0,352.0
216694,Waynesburg University,"Private, nonprofit",Private Non-Profit,52,5,master,52,23951.0,272.0
230782,Weber State University,Public,Public,52,5,master,52,23600.0,268.0
179894,Webster University,"Private, nonprofit",Private Non-Profit,52,5,master,52,54686.0,622.0
168227,Wentworth Institute of Technology,"Private, nonprofit",Private Non-Profit,52,5,master,52,34166.0,389.0
237932,West Liberty University,Public,Public,52,5,master,52,20218.0,230.0
238032,West Virginia University,Public,Public,52,5,master,52,34223.5,389.5
200004,Western Carolina University,Public,Public,52,5,master,52,22818.0,260.0
433387,Western Governors University,"Private, nonprofit",Private Non-Profit,52,5,master,52,12750.0,145.0
149772,Western Illinois University,Public,Public,52,5,master,52,21230.0,241.0
157951,Western Kentucky University,Public,Public,52,5,master,52,25269.0,287.0
172699,Western Michigan University,Public,Public,52,5,master,52,31640.0,359.5
237011,Western Washington University,Public,Public,52,5,master,52,26611.0,303.0
230807,Westminster University,"Private, nonprofit",Private Non-Profit,52,5,master,52,47399.0,539.0
237066,Whitworth University,"Private, nonprofit",Private Non-Profit,52,5,master,52,41000.0,466.0
156125,Wichita State University,Public,Public,52,5,master,52,20585.0,234.0
216852,Widener University,"Private, nonprofit",Private Non-Profit,52,5,master,52,61500.0,700.0
216931,Wilkes University,"Private, nonprofit",Private Non-Profit,52,5,master,52,39600.0,450.0
210401,Willamette University,"Private, nonprofit",Private Non-Profit,52,5,master,52,72115.0,820.0
231624,William & Mary,Public,Public,52,5,master,52,47562.5,541.0
122728,William Jessup University,"Private, nonprofit",Private Non-Profit,52,5,master,52,37540.0,427.0
187444,William Paterson University of New Jersey,Public,Public,52,5,master,52,21066.0,240.0
154590,William Penn University,"Private, nonprofit",Private Non-Profit,52,5,master,52,27059.0,308.0
179964,William Woods University,"Private, nonprofit",Private Non-Profit,52,5,master,52,23082.0,263.0
131113,Wilmington University,"Private, nonprofit",Private Non-Profit,52,5,master,52,30850.0,351.0
218964,Winthrop University,Public,Public,52,5,master,52,26375.0,300.0
125897,Woodbury University,"Private, nonprofit",Private Non-Profit,52,5,master,52,51250.0,583.0
206604,Wright State University-Main Campus,Public,Public,52,5,master,52,32101.0,365.0
206622,Xavier University,"Private, nonprofit",Private Non-Profit,52,5,master,52,41530.0,472.0
130794,Yale University,"Private, nonprofit",Private Non-Profit,52,5,master,52,59278.0,674.0
217059,York College of Pennsylvania,"Private, nonprofit",Private Non-Profit,52,5,master,52,20500.0,233.0
206695,Youngstown State University,Public,Public,52,5,master,52,30750.0,350.0
449339,American Public University System,"Private, for-profit",Private For-Profit,54,5,master,54,40538.0,461.0
131159,American University,"Private, nonprofit",Private Non-Profit,54,5,master,54,41000.0,466.0
104151,Arizona State University Campus Immersion,Public,Public,54,5,master,54,38969.0,443.0
483124,Arizona State University Digital Immersion,Public,Public,54,5,master,54,38969.0,443.0
110565,California State University-Fullerton,Public,Public,54,5,master,54,44181.0,503.0
110592,California State University-Los Angeles,Public,Public,54,5,master,54,30734.0,350.0
110608,California State University-Northridge,Public,Public,54,5,master,54,26579.0,302.0
110617,California State University-Sacramento,Public,Public,54,5,master,54,33556.0,382.0
190150,Columbia University in the City of New York,"Private, nonprofit",Private Non-Profit,54,5,master,54,66561.0,757.0
232557,Liberty University,"Private, nonprofit",Private Non-Profit,54,5,master,54,31075.0,353.0
230995,Norwich University,"Private, nonprofit",Private Non-Profit,54,5,master,54,40898.0,465.0
186371,Rutgers University-Camden,Public,Public,54,5,master,54,40763.0,464.0
186380,Rutgers University-New Brunswick,Public,Public,54,5,master,54,40763.0,464.0
186399,Rutgers University-Newark,Public,Public,54,5,master,54,40763.0,464.0
167783,Simmons University,"Private, nonprofit",Private Non-Profit,54,5,master,54,59676.0,679.0
216038,Slippery Rock University of Pennsylvania,Public,Public,54,5,master,54,30875.0,351.0
183026,Southern New Hampshire University,"Private, nonprofit",Private Non-Profit,54,5,master,54,40644.0,462.0
228459,Texas State University,Public,Public,54,5,master,54,29575.0,336.0
181215,University of Nebraska at Kearney,Public,Public,54,5,master,54,26307.0,299.0
177834,A T Still University of Health Sciences,"Private, nonprofit",Private Non-Profit,5104,7,professional,dentistry,431585.0,4909.0
482149,Augusta University,Public,Public,5104,7,professional,dentistry,232467.0,2644.0
164988,Boston University,"Private, nonprofit",Private Non-Profit,5104,7,professional,dentistry,310944.0,3537.0
201645,Case Western Reserve University,"Private, nonprofit",Private Non-Profit,5104,7,professional,dentistry,360396.0,4100.0
190150,Columbia University in the City of New York,"Private, nonprofit",Private Non-Profit,5104,7,professional,dentistry,324057.0,3686.0
181002,Creighton University,"Private, nonprofit",Private Non-Profit,5104,7,professional,dentistry,297323.0,3382.0
198464,East Carolina University,Public,Public,5104,7,professional,dentistry,126524.0,1439.0
166027,Harvard University,"Private, nonprofit",Private Non-Profit,5104,7,professional,dentistry,184220.0,2096.0
131520,Howard University,"Private, nonprofit",Private Non-Profit,5104,7,professional,dentistry,316095.0,3596.0
151111,Indiana University-Indianapolis,Public,Public,5104,7,professional,dentistry,257402.0,2928.0
407629,Lake Erie College of Osteopathic Medicine,"Private, nonprofit",Private Non-Profit,5104,7,professional,dentistry,356049.0,4050.0
117636,Loma Linda University,"Private, nonprofit",Private Non-Profit,5104,7,professional,dentistry,365728.0,4160.0
159373,Louisiana State University Health Sciences Center-New Orleans,Public,Public,5104,7,professional,dentistry,225325.0,2563.0
239105,Marquette University,"Private, nonprofit",Private Non-Profit,5104,7,professional,dentistry,229890.0,2615.0
218335,Medical University of South Carolina,Public,Public,5104,7,professional,dentistry,357444.0,4066.0
204796,Ohio State University-Main Campus,Public,Public,5104,7,professional,dentistry,207650.0,2362.0
209490,Oregon Health & Science University,Public,Public,5104,7,professional,dentistry,312308.0,3553.0
186380,Rutgers University-New Brunswick,Public,Public,5104,7,professional,dentistry,254122.0,2891.0
149231,Southern Illinois University Edwardsville,Public,Public,5104,7,professional,dentistry,252399.0,2871.0
196097,Stony Brook University,Public,Public,5104,7,professional,dentistry,268332.0,3052.0
216339,Temple University,Public,Public,5104,7,professional,dentistry,296851.0,3377.0
228723,Texas A&M University-College Station,Public,Public,5104,7,professional,dentistry,170918.0,1944.0
487010,The University of Tennessee Health Science Center,Public,Public,5104,7,professional,dentistry,250824.0,2853.0
229300,The University of Texas Health Science Center at Houston,Public,Public,5104,7,professional,dentistry,168997.0,1922.0
228644,The University of Texas Health Science Center at San Antonio,Public,Public,5104,7,professional,dentistry,192648.0,2191.0
196592,Touro University,"Private, nonprofit",Private Non-Profit,5104,7,professional,dentistry,362539.0,4124.0
168148,Tufts University,"Private, nonprofit",Private Non-Profit,5104,7,professional,dentistry,368587.0,4193.0
196088,University at Buffalo,Public,Public,5104,7,professional,dentistry,196586.0,2236.0
110662,University of California-Los Angeles,Public,Public,5104,7,professional,dentistry,222633.0,2532.0
110699,University of California-San Francisco,Public,Public,5104,7,professional,dentistry,202253.0,2301.0
126562,University of Colorado Denver/Anschutz Medical Campus,Public,Public,5104,7,professional,dentistry,242379.0,2757.0
129020,University of Connecticut,Public,Public,5104,7,professional,dentistry,143655.0,1634.0
436827,University of Connecticut-Avery Point,Public,Public,5104,7,professional,dentistry,143655.0,1634.0
463056,University of Connecticut-Hartford Campus,Public,Public,5104,7,professional,dentistry,143655.0,1634.0
436836,University of Connecticut-Stamford,Public,Public,5104,7,professional,dentistry,143655.0,1634.0
436818,University of Connecticut-Waterbury Campus,Public,Public,5104,7,professional,dentistry,143655.0,1634.0
169716,University of Detroit Mercy,"Private, nonprofit",Private Non-Profit,5104,7,professional,dentistry,366862.0,4173.0
134130,University of Florida,Public,Public,5104,7,professional,dentistry,237788.0,2705.0
145600,University of Illinois Chicago,Public,Public,5104,7,professional,dentistry,323938.0,3685.0
153658,University of Iowa,Public,Public,5104,7,professional,dentistry,241115.0,2743.0
157085,University of Kentucky,Public,Public,5104,7,professional,dentistry,249454.0,2838.0
157289,University of Louisville,Public,Public,5104,7,professional,dentistry,305953.0,3480.0
163259,"University of Maryland, Baltimore",Public,Public,5104,7,professional,dentistry,258834.0,2944.0
170976,University of Michigan-Ann Arbor,Public,Public,5104,7,professional,dentistry,224000.0,2548.0
174066,University of Minnesota-Twin Cities,Public,Public,5104,7,professional,dentistry,272055.0,3095.0
178402,University of Missouri-Kansas City,Public,Public,5104,7,professional,dentistry,220937.0,2513.0
181428,University of Nebraska Medical Center,Public,Public,5104,7,professional,dentistry,201388.0,2291.0
182281,University of Nevada-Las Vegas,Public,Public,5104,7,professional,dentistry,317068.0,3607.0
199120,University of North Carolina at Chapel Hill,Public,Public,5104,7,professional,dentistry,214834.0,2444.0
207342,University of Oklahoma-Health Sciences Center,Public,Public,5104,7,professional,dentistry,272159.0,3096.0
207500,University of Oklahoma-Norman Campus,Public,Public,5104,7,professional,dentistry,272159.0,3096.0
215293,University of Pittsburgh-Pittsburgh Campus,Public,Public,5104,7,professional,dentistry,235835.0,2683.0
243203,University of Puerto Rico-Medical Sciences,Public,Public,5104,7,professional,dentistry,123473.0,1405.0
123961,University of Southern California,"Private, nonprofit",Private Non-Profit,5104,7,professional,dentistry,439325.0,4997.0
230764,University of Utah,Public,Public,5104,7,professional,dentistry,261254.0,2972.0
236948,University of Washington-Seattle Campus,Public,Public,5104,7,professional,dentistry,282467.0,3213.0
120883,University of the Pacific,"Private, nonprofit",Private Non-Profit,5104,7,professional,dentistry,349063.0,3971.0
234030,Virginia Commonwealth University,Public,Public,5104,7,professional,dentistry,273400.0,3110.0
238032,West Virginia University,Public,Public,5104,7,professional,dentistry,189776.0,2159.0
112525,Western University of Health Sciences,"Private, nonprofit",Private Non-Profit,5104,7,professional,dentistry,421897.0,4799.0
131159,American University,"Private, nonprofit",Private Non-Profit,2201,7,professional,law,161696.0,1839.0
432348,Appalachian School of Law,"Private, nonprofit",Private Non-Profit,2201,7,professional,law,123970.0,1410.0
138929,Atlanta's John Marshall Law School,"Private, for-profit",Private For-Profit,2201,7,professional,law,193041.0,2196.0
442295,Ave Maria School of Law,"Private, nonprofit",Private Non-Profit,2201,7,professional,law,144259.0,1641.0
132471,Barry University,"Private, nonprofit",Private Non-Profit,2201,7,professional,law,154477.0,1757.0
164924,Boston College,"Private, nonprofit",Private Non-Profit,2201,7,professional,law,123000.0,1399.0
164988,Boston University,"Private, nonprofit",Private Non-Profit,2201,7,professional,law,117740.0,1339.0
189501,Brooklyn Law School,"Private, nonprofit",Private Non-Profit,2201,7,professional,law,96951.0,1103.0
190682,CUNY School of Law,Public,Public,2201,7,professional,law,81666.0,929.0
111391,California Western School of Law,"Private, nonprofit",Private Non-Profit,2201,7,professional,law,179866.0,2046.0
198136,Campbell University,"Private, nonprofit",Private Non-Profit,2201,7,professional,law,135880.0,1546.0
201548,Capital University,"Private, nonprofit",Private Non-Profit,2201,7,professional,law,106377.0,1210.0
201645,Case Western Reserve University,"Private, nonprofit",Private Non-Profit,2201,7,professional,law,98460.0,1120.0
111948,Chapman University,"Private, nonprofit",Private Non-Profit,2201,7,professional,law,170800.0,1943.0
451510,Charleston School of Law,"Private, for-profit",Private For-Profit,2201,7,professional,law,152981.0,1740.0
202134,Cleveland State University,Public,Public,2201,7,professional,law,71500.0,813.0
190150,Columbia University in the City of New York,"Private, nonprofit",Private Non-Profit,2201,7,professional,law,198924.0,2263.0
181002,Creighton University,"Private, nonprofit",Private Non-Profit,2201,7,professional,law,128182.0,1458.0
144740,DePaul University,"Private, nonprofit",Private Non-Profit,2201,7,professional,law,131463.0,1495.0
153269,Drake University,"Private, nonprofit",Private Non-Profit,2201,7,professional,law,83526.0,950.0
212054,Drexel University,"Private, nonprofit",Private Non-Profit,2201,7,professional,law,72191.0,821.0
212106,Duquesne University,"Private, nonprofit",Private Non-Profit,2201,7,professional,law,72500.0,825.0
198516,Elon University,"Private, nonprofit",Private Non-Profit,2201,7,professional,law,119023.0,1354.0
139658,Emory University,"Private, nonprofit",Private Non-Profit,2201,7,professional,law,134617.0,1531.0
101189,Faulkner University,"Private, nonprofit",Private Non-Profit,2201,7,professional,law,137560.0,1565.0
133650,Florida Agricultural and Mechanical University,Public,Public,2201,7,professional,law,115500.0,1314.0
134097,Florida State University,Public,Public,2201,7,professional,law,66707.0,759.0
191241,Fordham University,"Private, nonprofit",Private Non-Profit,2201,7,professional,law,147561.0,1679.0
232186,George Mason University,Public,Public,2201,7,professional,law,65077.0,740.0
131469,George Washington University,"Private, nonprofit",Private Non-Profit,2201,7,professional,law,176325.0,2006.0
131496,Georgetown University,"Private, nonprofit",Private Non-Profit,2201,7,professional,law,162286.0,1846.0
139940,Georgia State University,Public,Public,2201,7,professional,law,72563.0,825.0
115083,Golden Gate University,"Private, nonprofit",Private Non-Profit,2201,7,professional,law,154813.0,1761.0
235316,Gonzaga University,"Private, nonprofit",Private Non-Profit,2201,7,professional,law,110687.0,1259.0
166027,Harvard University,"Private, nonprofit",Private Non-Profit,2201,7,professional,law,93235.0,1061.0
191649,Hofstra University,"Private, nonprofit",Private Non-Profit,2201,7,professional,law,163347.0,1858.0
131520,Howard University,"Private, nonprofit",Private Non-Profit,2201,7,professional,law,185348.0,2108.0
145725,Illinois Institute of Technology,"Private, nonprofit",Private Non-Profit,2201,7,professional,law,97727.0,1112.0
151351,Indiana University-Bloomington,Public,Public,2201,7,professional,law,92000.0,1047.0
151111,Indiana University-Indianapolis,Public,Public,2201,7,professional,law,97806.0,1113.0
242723,Inter American University of Puerto Rico-School of Law,"Private, nonprofit",Private Non-Profit,2201,7,professional,law,110693.0,1259.0
220631,Lincoln Memorial University,"Private, nonprofit",Private Non-Profit,2201,7,professional,law,108228.0,1231.0
159391,Louisiana State University and Agricultural & Mechanical College,Public,Public,2201,7,professional,law,88622.0,1008.0
117946,Loyola Marymount University,"Private, nonprofit",Private Non-Profit,2201,7,professional,law,155436.0,1768.0
146719,Loyola University Chicago,"Private, nonprofit",Private Non-Profit,2201,7,professional,law,119367.0,1358.0
239105,Marquette University,"Private, nonprofit",Private Non-Profit,2201,7,professional,law,137200.0,1561.0
171100,Michigan State University,Public,Public,2201,7,professional,law,103630.0,1179.0
176053,Mississippi Christian University,"Private, nonprofit",Private Non-Profit,2201,7,professional,law,143299.0,1630.0
175281,Mitchell Hamline School of Law,"Private, nonprofit",Private Non-Profit,2201,7,professional,law,101761.0,1158.0
167215,New England Law-Boston,"Private, nonprofit",Private Non-Profit,2201,7,professional,law,126248.0,1436.0
193821,New York Law School,"Private, nonprofit",Private Non-Profit,2201,7,professional,law,142500.0,1621.0
199157,North Carolina Central University,Public,Public,2201,7,professional,law,117597.0,1338.0
167358,Northeastern University,"Private, nonprofit",Private Non-Profit,2201,7,professional,law,70571.0,803.0
147703,Northern Illinois University,Public,Public,2201,7,professional,law,75688.0,861.0
157447,Northern Kentucky University,Public,Public,2201,7,professional,law,101097.0,1150.0
147767,Northwestern University,"Private, nonprofit",Private Non-Profit,2201,7,professional,law,154286.0,1755.0
136215,Nova Southeastern University,"Private, nonprofit",Private Non-Profit,2201,7,professional,law,162455.0,1848.0
204635,Ohio Northern University,"Private, nonprofit",Private Non-Profit,2201,7,professional,law,61500.0,700.0
204796,Ohio State University-Main Campus,Public,Public,2201,7,professional,law,91529.0,1041.0
207458,Oklahoma City University,"Private, nonprofit",Private Non-Profit,2201,7,professional,law,145281.0,1653.0
194310,Pace University,"Private, nonprofit",Private Non-Profit,2201,7,professional,law,94737.0,1078.0
214777,Pennsylvania State University-Main Campus,Public,Public,2201,7,professional,law,65436.0,744.0
241410,Pontifical Catholic University of Puerto Rico-Ponce,"Private, nonprofit",Private Non-Profit,2201,7,professional,law,122712.0,1396.0
489779,Purdue University Global,Public,Public,2201,7,professional,law,81926.0,932.0
130226,Quinnipiac University,"Private, nonprofit",Private Non-Profit,2201,7,professional,law,81000.0,921.0
231651,Regent University,"Private, nonprofit",Private Non-Profit,2201,7,professional,law,85898.0,977.0
217518,Roger Williams University,"Private, nonprofit",Private Non-Profit,2201,7,professional,law,122459.0,1393.0
409616,Roger Williams University School of Law,"Private, nonprofit",Private Non-Profit,2201,7,professional,law,122459.0,1393.0
179159,Saint Louis University,"Private, nonprofit",Private Non-Profit,2201,7,professional,law,99458.0,1131.0
122649,San Joaquin College of Law,"Private, nonprofit",Private Non-Profit,2201,7,professional,law,109339.0,1244.0
122931,Santa Clara University,"Private, nonprofit",Private Non-Profit,2201,7,professional,law,180127.0,2049.0
236595,Seattle University,"Private, nonprofit",Private Non-Profit,2201,7,professional,law,144542.0,1644.0
186584,Seton Hall University,"Private, nonprofit",Private Non-Profit,2201,7,professional,law,115179.0,1310.0
228194,South Texas College of Law Houston,"Private, nonprofit",Private Non-Profit,2201,7,professional,law,142976.0,1626.0
149222,Southern Illinois University-Carbondale,Public,Public,2201,7,professional,law,91500.0,1041.0
228246,Southern Methodist University,"Private, nonprofit",Private Non-Profit,2201,7,professional,law,145569.0,1656.0
440916,Southern University Law Center,Public,Public,2201,7,professional,law,118010.0,1342.0
160621,Southern University and A & M College,Public,Public,2201,7,professional,law,118010.0,1342.0
123970,Southwestern Law School,"Private, nonprofit",Private Non-Profit,2201,7,professional,law,203702.0,2317.0
195809,St. John's University-New York,"Private, nonprofit",Private Non-Profit,2201,7,professional,law,112017.0,1274.0
228149,St. Mary's University,"Private, nonprofit",Private Non-Profit,2201,7,professional,law,145002.0,1649.0
243744,Stanford University,"Private, nonprofit",Private Non-Profit,2201,7,professional,law,153302.0,1744.0
137546,Stetson University,"Private, nonprofit",Private Non-Profit,2201,7,professional,law,142533.0,1621.0
196413,Syracuse University,"Private, nonprofit",Private Non-Profit,2201,7,professional,law,113050.0,1286.0
454689,Taft University System,"Private, for-profit",Private For-Profit,2201,7,professional,law,60864.0,692.0
216339,Temple University,Public,Public,2201,7,professional,law,81733.0,930.0
228723,Texas A&M University-College Station,Public,Public,2201,7,professional,law,71446.0,813.0
229115,Texas Tech University,Public,Public,2201,7,professional,law,86163.0,980.0
131283,The Catholic University of America,"Private, nonprofit",Private Non-Profit,2201,7,professional,law,147964.0,1683.0
475228,The Colleges of Law at Santa Barbara,"Private, nonprofit",Private Non-Profit,2201,7,professional,law,100502.0,1143.0
125037,The Colleges of Law at Ventura,"Private, nonprofit",Private Non-Profit,2201,7,professional,law,100502.0,1143.0
100751,The University of Alabama,Public,Public,2201,7,professional,law,61500.0,700.0
180489,The University of Montana,Public,Public,2201,7,professional,law,72126.0,820.0
221759,The University of Tennessee-Knoxville,Public,Public,2201,7,professional,law,61500.0,700.0
126049,Thomas Jefferson School of Law,"Private, nonprofit",Private Non-Profit,2201,7,professional,law,229699.0,2613.0
172477,Thomas M Cooley Law School,"Private, nonprofit",Private Non-Profit,2201,7,professional,law,202668.0,2305.0
196592,Touro University,"Private, nonprofit",Private Non-Profit,2201,7,professional,law,132011.0,1502.0
149514,Trinity International University-Illinois,"Private, nonprofit",Private Non-Profit,2201,7,professional,law,155602.0,1770.0
123448,Trinity Law School,"Private, nonprofit",Private Non-Profit,2201,7,professional,law,155602.0,1770.0
160755,Tulane University of Louisiana,"Private, nonprofit",Private Non-Profit,2201,7,professional,law,149237.0,1698.0
196088,University at Buffalo,Public,Public,2201,7,professional,law,94242.0,1072.0
200800,University of Akron Main Campus,Public,Public,2201,7,professional,law,71000.0,808.0
104179,University of Arizona,Public,Public,2201,7,professional,law,67750.0,771.0
106397,University of Arkansas,Public,Public,2201,7,professional,law,65000.0,739.0
106245,University of Arkansas at Little Rock,Public,Public,2201,7,professional,law,61500.0,700.0
161873,University of Baltimore,Public,Public,2201,7,professional,law,106102.0,1207.0
110398,University of California College of the Law-San Francisco,Public,Public,2201,7,professional,law,139352.0,1585.0
110635,University of California-Berkeley,Public,Public,2201,7,professional,law,155891.0,1773.0
110644,University of California-Davis,Public,Public,2201,7,professional,law,92689.0,1054.0
110653,University of California-Irvine,Public,Public,2201,7,professional,law,133605.0,1520.0
110662,University of California-Los Angeles,Public,Public,2201,7,professional,law,135373.0,1540.0
144050,University of Chicago,"Private, nonprofit",Private Non-Profit,2201,7,professional,law,188691.0,2146.0
201885,University of Cincinnati-Main Campus,Public,Public,2201,7,professional,law,66694.0,759.0
126614,University of Colorado Boulder,Public,Public,2201,7,professional,law,105696.0,1202.0
129020,University of Connecticut,Public,Public,2201,7,professional,law,96386.0,1096.0
436827,University of Connecticut-Avery Point,Public,Public,2201,7,professional,law,96386.0,1096.0
463056,University of Connecticut-Hartford Campus,Public,Public,2201,7,professional,law,96386.0,1096.0
436836,University of Connecticut-Stamford,Public,Public,2201,7,professional,law,96386.0,1096.0
436818,University of Connecticut-Waterbury Campus,Public,Public,2201,7,professional,law,96386.0,1096.0
127060,University of Denver,"Private, nonprofit",Private Non-Profit,2201,7,professional,law,161053.0,1832.0
169716,University of Detroit Mercy,"Private, nonprofit",Private Non-Profit,2201,7,professional,law,122626.0,1395.0
134130,University of Florida,Public,Public,2201,7,professional,law,71483.0,813.0
139959,University of Georgia,Public,Public,2201,7,professional,law,82694.0,941.0
141574,University of Hawaii at Manoa,Public,Public,2201,7,professional,law,98536.0,1121.0
225511,University of Houston,Public,Public,2201,7,professional,law,86372.0,982.0
142285,University of Idaho,Public,Public,2201,7,professional,law,100091.0,1139.0
153658,University of Iowa,Public,Public,2201,7,professional,law,80268.0,913.0
155317,University of Kansas,Public,Public,2201,7,professional,law,61500.0,700.0
157085,University of Kentucky,Public,Public,2201,7,professional,law,75150.0,855.0
157289,University of Louisville,Public,Public,2201,7,professional,law,96424.0,1097.0
163259,"University of Maryland, Baltimore",Public,Public,2201,7,professional,law,118506.0,1348.0
220862,University of Memphis,Public,Public,2201,7,professional,law,92250.0,1049.0
135726,University of Miami,"Private, nonprofit",Private Non-Profit,2201,7,professional,law,148750.0,1692.0
170976,University of Michigan-Ann Arbor,Public,Public,2201,7,professional,law,132524.0,1507.0
174066,University of Minnesota-Twin Cities,Public,Public,2201,7,professional,law,98423.0,1120.0
176017,University of Mississippi,Public,Public,2201,7,professional,law,69701.0,793.0
178396,University of Missouri-Columbia,Public,Public,2201,7,professional,law,73501.0,836.0
178402,University of Missouri-Kansas City,Public,Public,2201,7,professional,law,97000.0,1103.0
181464,University of Nebraska-Lincoln,Public,Public,2201,7,professional,law,54456.0,619.0
182281,University of Nevada-Las Vegas,Public,Public,2201,7,professional,law,82985.0,944.0
199120,University of North Carolina at Chapel Hill,Public,Public,2201,7,professional,law,91570.0,1042.0
200280,University of North Dakota,Public,Public,2201,7,professional,law,61500.0,700.0
152080,University of Notre Dame,"Private, nonprofit",Private Non-Profit,2201,7,professional,law,128413.0,1461.0
209551,University of Oregon,Public,Public,2201,7,professional,law,98655.0,1122.0
215062,University of Pennsylvania,"Private, nonprofit",Private Non-Profit,2201,7,professional,law,171488.0,1951.0
215293,University of Pittsburgh-Pittsburgh Campus,Public,Public,2201,7,professional,law,109178.0,1242.0
233374,University of Richmond,"Private, nonprofit",Private Non-Profit,2201,7,professional,law,100229.0,1140.0
122436,University of San Diego,"Private, nonprofit",Private Non-Profit,2201,7,professional,law,145850.0,1659.0
122612,University of San Francisco,"Private, nonprofit",Private Non-Profit,2201,7,professional,law,169229.0,1925.0
218663,University of South Carolina-Columbia,Public,Public,2201,7,professional,law,115354.0,1312.0
123961,University of Southern California,"Private, nonprofit",Private Non-Profit,2201,7,professional,law,138518.0,1576.0
161554,University of Southern Maine,Public,Public,2201,7,professional,law,85950.0,978.0
174914,University of St Thomas,"Private, nonprofit",Private Non-Profit,2201,7,professional,law,74968.0,853.0
206084,University of Toledo,Public,Public,2201,7,professional,law,76000.0,865.0
207971,University of Tulsa,"Private, nonprofit",Private Non-Profit,2201,7,professional,law,90365.0,1028.0
230764,University of Utah,Public,Public,2201,7,professional,law,74012.0,842.0
234076,University of Virginia-Main Campus,Public,Public,2201,7,professional,law,178812.0,2034.0
236948,University of Washington-Seattle Campus,Public,Public,2201,7,professional,law,108519.0,1234.0
240444,University of Wisconsin-Madison,Public,Public,2201,7,professional,law,61500.0,700.0
240727,University of Wyoming,Public,Public,2201,7,professional,law,70488.0,802.0
131399,University of the District of Columbia,Public,Public,2201,7,professional,law,110258.0,1254.0
120883,University of the Pacific,"Private, nonprofit",Private Non-Profit,2201,7,professional,law,147082.0,1673.0
152600,Valparaiso University,"Private, nonprofit",Private Non-Profit,2201,7,professional,law,89751.0,1021.0
221999,Vanderbilt University,"Private, nonprofit",Private Non-Profit,2201,7,professional,law,139857.0,1591.0
231147,Vermont Law and Graduate School,"Private, nonprofit",Private Non-Profit,2201,7,professional,law,139540.0,1587.0
216597,Villanova University,"Private, nonprofit",Private Non-Profit,2201,7,professional,law,69861.0,795.0
199847,Wake Forest University,"Private, nonprofit",Private Non-Profit,2201,7,professional,law,105023.0,1195.0
156082,Washburn University,Public,Public,2201,7,professional,law,77330.0,880.0
179867,Washington University in St Louis,"Private, nonprofit",Private Non-Profit,2201,7,professional,law,92540.0,1053.0
234207,Washington and Lee University,"Private, nonprofit",Private Non-Profit,2201,7,professional,law,97335.0,1107.0
172644,Wayne State University,Public,Public,2201,7,professional,law,61466.0,699.0
238032,West Virginia University,Public,Public,2201,7,professional,law,93735.0,1066.0
490133,Westcliff University,"Private, for-profit",Private For-Profit,2201,7,professional,law,45240.0,515.0
125763,Whittier College,"Private, nonprofit",Private Non-Profit,2201,7,professional,law,227419.0,2587.0
216852,Widener University,"Private, nonprofit",Private Non-Profit,2201,7,professional,law,131126.0,1492.0
210401,Willamette University,"Private, nonprofit",Private Non-Profit,2201,7,professional,law,162945.0,1854.0
231624,William & Mary,Public,Public,2201,7,professional,law,105023.0,1195.0
197708,Yeshiva University,"Private, nonprofit",Private Non-Profit,2201,7,professional,law,101500.0,1155.0
177834,A T Still University of Health Sciences,"Private, nonprofit",Private Non-Profit,5112,7,professional,medicine,316647.0,3602.0
483975,Alabama College of Osteopathic Medicine,"Private, nonprofit",Private Non-Profit,5112,7,professional,medicine,303298.0,3450.0
188580,Albany Medical College,"Private, nonprofit",Private Non-Profit,5112,7,professional,medicine,247523.0,2816.0
385415,Albert Einstein College of Medicine,"Private, nonprofit",Private Non-Profit,5112,7,professional,medicine,47503.0,540.0
482149,Augusta University,Public,Public,5112,7,professional,medicine,186680.0,2124.0
132471,Barry University,"Private, nonprofit",Private Non-Profit,5112,7,professional,medicine,278906.0,3173.0
223223,Baylor College of Medicine,"Private, nonprofit",Private Non-Profit,5112,7,professional,medicine,99030.0,1126.0
164988,Boston University,"Private, nonprofit",Private Non-Profit,5112,7,professional,medicine,205222.0,2334.0
217156,Brown University,"Private, nonprofit",Private Non-Profit,5112,7,professional,medicine,146880.0,1671.0
488554,Burrell College of Osteopathic Medicine,"Private, for-profit",Private For-Profit,5112,7,professional,medicine,85315.0,970.0
190567,CUNY City College,Public,Public,5112,7,professional,medicine,171263.0,1948.0
198136,Campbell University,"Private, nonprofit",Private Non-Profit,5112,7,professional,medicine,272392.0,3099.0
201645,Case Western Reserve University,"Private, nonprofit",Private Non-Profit,5112,7,professional,medicine,187457.0,2132.0
169248,Central Michigan University,Public,Public,5112,7,professional,medicine,254007.0,2889.0
190150,Columbia University in the City of New York,"Private, nonprofit",Private Non-Profit,5112,7,professional,medicine,63865.0,726.0
181002,Creighton University,"Private, nonprofit",Private Non-Profit,5112,7,professional,medicine,244227.0,2778.0
182670,Dartmouth College,"Private, nonprofit",Private Non-Profit,5112,7,professional,medicine,210783.0,2398.0
154156,Des Moines University-Osteopathic Medical Center,"Private, nonprofit",Private Non-Profit,5112,7,professional,medicine,239574.0,2725.0
212054,Drexel University,"Private, nonprofit",Private Non-Profit,5112,7,professional,medicine,259179.0,2948.0
198464,East Carolina University,Public,Public,5112,7,professional,medicine,152343.0,1733.0
220075,East Tennessee State University,Public,Public,5112,7,professional,medicine,194983.0,2218.0
442806,Edward Via College of Osteopathic Medicine,"Private, nonprofit",Private Non-Profit,5112,7,professional,medicine,283568.0,3226.0
139658,Emory University,"Private, nonprofit",Private Non-Profit,5112,7,professional,medicine,181971.0,2070.0
133669,Florida Atlantic University,Public,Public,5112,7,professional,medicine,171228.0,1948.0
133951,Florida International University,Public,Public,5112,7,professional,medicine,207971.0,2366.0
134097,Florida State University,Public,Public,5112,7,professional,medicine,175432.0,1996.0
131469,George Washington University,"Private, nonprofit",Private Non-Profit,5112,7,professional,medicine,197284.0,2244.0
131496,Georgetown University,"Private, nonprofit",Private Non-Profit,5112,7,professional,medicine,249194.0,2835.0
166027,Harvard University,"Private, nonprofit",Private Non-Profit,5112,7,professional,medicine,99160.0,1128.0
191649,Hofstra University,"Private, nonprofit",Private Non-Profit,5112,7,professional,medicine,153791.0,1749.0
131520,Howard University,"Private, nonprofit",Private Non-Profit,5112,7,professional,medicine,247248.0,2812.0
151111,Indiana University-Indianapolis,Public,Public,5112,7,professional,medicine,210632.0,2396.0
162928,Johns Hopkins University,"Private, nonprofit",Private Non-Profit,5112,7,professional,medicine,109070.0,1241.0
179812,Kansas City University,"Private, nonprofit",Private Non-Profit,5112,7,professional,medicine,280113.0,3186.0
490601,Kansas City University,"Private, nonprofit",Private Non-Profit,5112,7,professional,medicine,280113.0,3186.0
203517,Kent State University at Kent,Public,Public,5112,7,professional,medicine,236752.0,2693.0
407629,Lake Erie College of Osteopathic Medicine,"Private, nonprofit",Private Non-Profit,5112,7,professional,medicine,240729.0,2738.0
220631,Lincoln Memorial University,"Private, nonprofit",Private Non-Profit,5112,7,professional,medicine,315197.0,3585.0
117636,Loma Linda University,"Private, nonprofit",Private Non-Profit,5112,7,professional,medicine,242970.0,2764.0
159373,Louisiana State University Health Sciences Center-New Orleans,Public,Public,5112,7,professional,medicine,190588.0,2168.0
435000,Louisiana State University Health Sciences Center-Shreveport,Public,Public,5112,7,professional,medicine,188122.0,2140.0
146719,Loyola University Chicago,"Private, nonprofit",Private Non-Profit,5112,7,professional,medicine,249216.0,2835.0
237525,Marshall University,Public,Public,5112,7,professional,medicine,150015.0,1706.0
173957,Mayo Clinic College of Medicine and Science,"Private, nonprofit",Private Non-Profit,5112,7,professional,medicine,105294.0,1198.0
239169,Medical College of Wisconsin,"Private, nonprofit",Private Non-Profit,5112,7,professional,medicine,212224.0,2414.0
218335,Medical University of South Carolina,Public,Public,5112,7,professional,medicine,214651.0,2442.0
171100,Michigan State University,Public,Public,5112,7,professional,medicine,251502.0,2861.0
140562,Morehouse School of Medicine,"Private, nonprofit",Private Non-Profit,5112,7,professional,medicine,249700.0,2840.0
194091,New York Institute of Technology,"Private, nonprofit",Private Non-Profit,5112,7,professional,medicine,271124.0,3084.0
193830,New York Medical College,"Private, nonprofit",Private Non-Profit,5112,7,professional,medicine,278775.0,3171.0
204477,Northeast Ohio Medical University,Public,Public,5112,7,professional,medicine,194149.0,2208.0
147767,Northwestern University,"Private, nonprofit",Private Non-Profit,5112,7,professional,medicine,201568.0,2293.0
204796,Ohio State University-Main Campus,Public,Public,5112,7,professional,medicine,193467.0,2201.0
204857,Ohio University-Main Campus,Public,Public,5112,7,professional,medicine,250362.0,2848.0
207315,Oklahoma State University Center for Health Sciences,Public,Public,5112,7,professional,medicine,193977.0,2207.0
209490,Oregon Health & Science University,Public,Public,5112,7,professional,medicine,236822.0,2694.0
455406,Pacific Northwest University of Health Sciences,"Private, nonprofit",Private Non-Profit,5112,7,professional,medicine,312242.0,3552.0
214777,Pennsylvania State University-Main Campus,Public,Public,5112,7,professional,medicine,215577.0,2452.0
215123,Philadelphia College of Osteopathic Medicine,"Private, nonprofit",Private Non-Profit,5112,7,professional,medicine,279923.0,3184.0
480790,Rocky Vista University,"Private, for-profit",Private For-Profit,5112,7,professional,medicine,326640.0,3716.0
148511,Rush University,"Private, nonprofit",Private Non-Profit,5112,7,professional,medicine,214974.0,2445.0
186380,Rutgers University-New Brunswick,Public,Public,5112,7,professional,medicine,184017.0,2093.0
179159,Saint Louis University,"Private, nonprofit",Private Non-Profit,5112,7,professional,medicine,239229.0,2721.0
420246,Sonoran University of Health Sciences,"Private, nonprofit",Private Non-Profit,5112,7,professional,medicine,224000.0,2548.0
149222,Southern Illinois University-Carbondale,Public,Public,5112,7,professional,medicine,222981.0,2536.0
243744,Stanford University,"Private, nonprofit",Private Non-Profit,5112,7,professional,medicine,71477.0,813.0
196097,Stony Brook University,Public,Public,5112,7,professional,medicine,235558.0,2680.0
216339,Temple University,Public,Public,5112,7,professional,medicine,208393.0,2371.0
228723,Texas A&M University-College Station,Public,Public,5112,7,professional,medicine,147832.0,1682.0
487010,The University of Tennessee Health Science Center,Public,Public,5112,7,professional,medicine,190581.0,2168.0
229300,The University of Texas Health Science Center at Houston,Public,Public,5112,7,professional,medicine,139347.0,1585.0
228644,The University of Texas Health Science Center at San Antonio,Public,Public,5112,7,professional,medicine,138096.0,1571.0
228653,The University of Texas Medical Branch at Galveston,Public,Public,5112,7,professional,medicine,140138.0,1594.0
227368,The University of Texas Rio Grande Valley,Public,Public,5112,7,professional,medicine,104124.0,1184.0
228778,The University of Texas at Austin,Public,Public,5112,7,professional,medicine,121190.0,1379.0
216366,Thomas Jefferson University,"Private, nonprofit",Private Non-Profit,5112,7,professional,medicine,181998.0,2070.0
196592,Touro University,"Private, nonprofit",Private Non-Profit,5112,7,professional,medicine,330479.0,3759.0
459736,Touro University California,"Private, nonprofit",Private Non-Profit,5112,7,professional,medicine,313933.0,3571.0
459824,Touro University Nevada,"Private, nonprofit",Private Non-Profit,5112,7,professional,medicine,313933.0,3571.0
168148,Tufts University,"Private, nonprofit",Private Non-Profit,5112,7,professional,medicine,218623.0,2487.0
160755,Tulane University of Louisiana,"Private, nonprofit",Private Non-Profit,5112,7,professional,medicine,322603.0,3670.0
243568,Universidad Central Del Caribe,"Private, nonprofit",Private Non-Profit,5112,7,professional,medicine,191451.0,2178.0
196088,University at Buffalo,Public,Public,5112,7,professional,medicine,215899.0,2456.0
104179,University of Arizona,Public,Public,5112,7,professional,medicine,192899.0,2194.0
106263,University of Arkansas for Medical Sciences,Public,Public,5112,7,professional,medicine,197462.0,2246.0
110644,University of California-Davis,Public,Public,5112,7,professional,medicine,126027.0,1434.0
110653,University of California-Irvine,Public,Public,5112,7,professional,medicine,191478.0,2178.0
110662,University of California-Los Angeles,Public,Public,5112,7,professional,medicine,163032.0,1855.0
110699,University of California-San Francisco,Public,Public,5112,7,professional,medicine,131110.0,1491.0
132903,University of Central Florida,Public,Public,5112,7,professional,medicine,187833.0,2137.0
144050,University of Chicago,"Private, nonprofit",Private Non-Profit,5112,7,professional,medicine,141166.0,1606.0
201885,University of Cincinnati-Main Campus,Public,Public,5112,7,professional,medicine,188938.0,2149.0
126562,University of Colorado Denver/Anschutz Medical Campus,Public,Public,5112,7,professional,medicine,212811.0,2421.0
129020,University of Connecticut,Public,Public,5112,7,professional,medicine,120716.0,1373.0
436827,University of Connecticut-Avery Point,Public,Public,5112,7,professional,medicine,120716.0,1373.0
463056,University of Connecticut-Hartford Campus,Public,Public,5112,7,professional,medicine,120716.0,1373.0
436836,University of Connecticut-Stamford,Public,Public,5112,7,professional,medicine,120716.0,1373.0
436818,University of Connecticut-Waterbury Campus,Public,Public,5112,7,professional,medicine,120716.0,1373.0
134130,University of Florida,Public,Public,5112,7,professional,medicine,180021.0,2048.0
141574,University of Hawaii at Manoa,Public,Public,5112,7,professional,medicine,161000.0,1831.0
145600,University of Illinois Chicago,Public,Public,5112,7,professional,medicine,263341.0,2996.0
153658,University of Iowa,Public,Public,5112,7,professional,medicine,177014.0,2014.0
155317,University of Kansas,Public,Public,5112,7,professional,medicine,179778.0,2045.0
157085,University of Kentucky,Public,Public,5112,7,professional,medicine,212674.0,2419.0
157289,University of Louisville,Public,Public,5112,7,professional,medicine,199999.0,2275.0
163259,"University of Maryland, Baltimore",Public,Public,5112,7,professional,medicine,180500.0,2053.0
135726,University of Miami,"Private, nonprofit",Private Non-Profit,5112,7,professional,medicine,202806.0,2307.0
170976,University of Michigan-Ann Arbor,Public,Public,5112,7,professional,medicine,146559.0,1667.0
174066,University of Minnesota-Twin Cities,Public,Public,5112,7,professional,medicine,142289.0,1619.0
178396,University of Missouri-Columbia,Public,Public,5112,7,professional,medicine,197576.0,2247.0
178402,University of Missouri-Kansas City,Public,Public,5112,7,professional,medicine,183284.0,2085.0
181428,University of Nebraska Medical Center,Public,Public,5112,7,professional,medicine,187596.0,2134.0
182290,University of Nevada-Reno,Public,Public,5112,7,professional,medicine,172471.0,1962.0
199120,University of North Carolina at Chapel Hill,Public,Public,5112,7,professional,medicine,144732.0,1646.0
200280,University of North Dakota,Public,Public,5112,7,professional,medicine,161183.0,1833.0
228909,University of North Texas Health Science Center,Public,Public,5112,7,professional,medicine,165702.0,1885.0
207342,University of Oklahoma-Health Sciences Center,Public,Public,5112,7,professional,medicine,170890.0,1944.0
207500,University of Oklahoma-Norman Campus,Public,Public,5112,7,professional,medicine,170890.0,1944.0
215062,University of Pennsylvania,"Private, nonprofit",Private Non-Profit,5112,7,professional,medicine,109430.0,1245.0
157535,University of Pikeville,"Private, nonprofit",Private Non-Profit,5112,7,professional,medicine,246625.0,2805.0
215293,University of Pittsburgh-Pittsburgh Campus,Public,Public,5112,7,professional,medicine,181338.0,2063.0
243203,University of Puerto Rico-Medical Sciences,Public,Public,5112,7,professional,medicine,114070.0,1298.0
195030,University of Rochester,"Private, nonprofit",Private Non-Profit,5112,7,professional,medicine,170110.0,1935.0
218663,University of South Carolina-Columbia,Public,Public,5112,7,professional,medicine,210899.0,2399.0
137351,University of South Florida,Public,Public,5112,7,professional,medicine,180457.0,2053.0
123961,University of Southern California,"Private, nonprofit",Private Non-Profit,5112,7,professional,medicine,234702.0,2670.0
228635,University of Texas Southwestern Medical Center,Public,Public,5112,7,professional,medicine,130658.0,1486.0
206084,University of Toledo,Public,Public,5112,7,professional,medicine,227010.0,2582.0
230764,University of Utah,Public,Public,5112,7,professional,medicine,190914.0,2172.0
231174,University of Vermont,Public,Public,5112,7,professional,medicine,219221.0,2494.0
234076,University of Virginia-Main Campus,Public,Public,5112,7,professional,medicine,159017.0,1809.0
236948,University of Washington-Seattle Campus,Public,Public,5112,7,professional,medicine,189915.0,2160.0
240444,University of Wisconsin-Madison,Public,Public,5112,7,professional,medicine,179642.0,2043.0
196307,Upstate Medical University,Public,Public,5112,7,professional,medicine,231479.0,2633.0
221999,Vanderbilt University,"Private, nonprofit",Private Non-Profit,5112,7,professional,medicine,172764.0,1965.0
234030,Virginia Commonwealth University,Public,Public,5112,7,professional,medicine,202416.0,2303.0
233921,Virginia Polytechnic Institute and State University,Public,Public,5112,7,professional,medicine,251904.0,2865.0
199847,Wake Forest University,"Private, nonprofit",Private Non-Profit,5112,7,professional,medicine,193205.0,2198.0
179867,Washington University in St Louis,"Private, nonprofit",Private Non-Profit,5112,7,professional,medicine,99009.0,1126.0
172644,Wayne State University,Public,Public,5112,7,professional,medicine,165514.0,1883.0
237880,West Virginia School of Osteopathic Medicine,Public,Public,5112,7,professional,medicine,269399.0,3064.0
238032,West Virginia University,Public,Public,5112,7,professional,medicine,178036.0,2025.0
112525,Western University of Health Sciences,"Private, nonprofit",Private Non-Profit,5112,7,professional,medicine,296307.0,3371.0
