UNITID,OPEID6,INSTNM,campuses,propagate,basis,name_similarity,system
100654,001002,Alabama A & M University,1,single,single campus,1.0,
101189,001003,Faulkner University,1,single,single campus,1.0,
101709,001004,University of Montevallo,1,single,single campus,1.0,
100724,001005,Alabama State University,1,single,single campus,1.0,
100760,001007,Central Alabama Community College,1,single,single campus,1.0,Alabama Community College System
100812,001008,Athens State University,1,single,single campus,1.0,
100858,001009,Auburn University,1,single,single campus,1.0,Auburn University
101514,001013,John C Calhoun State Community College,1,single,single campus,1.0,Alabama Community College System
101143,001015,Enterprise State Community College,1,single,single campus,1.0,Alabama Community College System
101879,001016,University of North Alabama,1,single,single campus,1.0,
101240,001017,Gadsden State Community College,1,single,single campus,1.0,Alabama Community College System
101286,001018,George C Wallace Community College-Dothan,1,single,single campus,1.0,Alabama Community College System
101435,001019,Huntingdon College,1,single,single campus,1.0,
101480,001020,Jacksonville State University,1,single,single campus,1.0,
101505,001022,Jefferson State Community College,1,single,single campus,1.0,Alabama Community College System
101587,001024,University of West Alabama,1,single,single campus,1.0,
101648,001026,Marion Military Institute,1,single,single campus,1.0,Alabama Community College System
101675,001028,Miles College,1,single,single campus,1.0,
101693,001029,University of Mobile,1,single,single campus,1.0,
102030,001030,Bishop State Community College,1,single,single campus,1.0,Alabama Community College System
101897,001031,Northeast Alabama Community College,1,single,single campus,1.0,Alabama Community College System
101912,001033,Oakwood University,1,single,single campus,1.0,
102049,001036,Samford University,1,single,single campus,1.0,
102076,001038,Snead State Community College,1,single,single campus,1.0,Alabama Community College System
251260,001040,Southern Union State Community College,1,single,single campus,1.0,Alabama Community College System
102234,001041,Spring Hill College,1,single,single campus,1.0,
102270,001044,Stillman College,1,single,single campus,1.0,
102298,001046,Talladega College,1,single,single campus,1.0,
102368,001047,Troy University,6,cohesive,name similarity,0.612,
10236801,001047,Troy University-Phenix City Campus,6,cohesive,name similarity,0.612,
10236802,001047,Troy University-Montgomery Campus,6,cohesive,name similarity,0.612,
10236803,001047,Troy University-Dothan Campus,6,cohesive,name similarity,0.612,
10236808,001047,Troy University-Online,6,cohesive,name similarity,0.612,
10236809,001047,Troy University-Support Sites,6,cohesive,name similarity,0.612,
102377,001050,Tuskegee University,1,single,single campus,1.0,
100751,001051,The University of Alabama,1,single,single campus,1.0,The University of Alabama System
100663,001052,University of Alabama at Birmingham,1,single,single campus,1.0,The University of Alabama System
100706,001055,University of Alabama in Huntsville,1,single,single campus,1.0,The University of Alabama System
102094,001057,University of South Alabama,1,single,single campus,1.0,
101569,001059,Lawson State Community College,1,single,single campus,1.0,Alabama Community College System
101161,001060,Coastal Alabama Community College,1,single,single campus,1.0,Alabama Community College System
102669,001061,Alaska Pacific University,1,single,single campus,1.0,
102614,001063,University of Alaska Fairbanks,1,single,single campus,1.0,University of Alaska System of Higher Education
102632,001065,University of Alaska Southeast,1,single,single campus,1.0,University of Alaska System of Higher Education
104160,001071,Arizona Western College,1,single,single campus,1.0,
104425,001072,Cochise County Community College District,1,single,single campus,1.0,
104577,001073,Eastern Arizona College,1,single,single campus,1.0,
104717,001074,Grand Canyon University,1,single,single campus,1.0,
104708,001076,Glendale Community College,1,single,single campus,1.0,Maricopa Community College District
105154,001077,Mesa Community College,1,single,single campus,1.0,Maricopa Community College District
105428,001078,Phoenix College,1,single,single campus,1.0,Maricopa Community College District
106148,001079,Yavapai College,1,single,single campus,1.0,
104151,001081,Arizona State University Campus Immersion,17,cohesive,one system,0.62,Arizona Board of Regents
483124,001081,Arizona State University Digital Immersion,17,cohesive,one system,0.62,Arizona Board of Regents
10415101,001081,Arizona State University-West Valley,17,cohesive,one system,0.62,Arizona Board of Regents
10415102,001081,Arizona State University-Polytechnic,17,cohesive,one system,0.62,Arizona Board of Regents
10415103,001081,Arizona State University-Downtown Phoenix,17,cohesive,one system,0.62,Arizona Board of Regents
10415104,001081,Arizona State University - Tucson,17,cohesive,one system,0.62,Arizona Board of Regents
10415106,001081,Arizona State University - The Gila Valley,17,cohesive,one system,0.62,Arizona Board of Regents
10415107,001081,Arizona State University - Yuma,17,cohesive,one system,0.62,Arizona Board of Regents
10415108,001081,Arizona State University - Pinal,17,cohesive,one system,0.62,Arizona Board of Regents
10415109,001081,Arizona State University - Cochise,17,cohesive,one system,0.62,Arizona Board of Regents
10415110,001081,Arizona State University - Yavapai,17,cohesive,one system,0.62,Arizona Board of Regents
10415111,001081,Arizona State University - Pima,17,cohesive,one system,0.62,Arizona Board of Regents
10415112,001081,Arizona State University - Washington D.C.,17,cohesive,one system,0.62,Arizona Board of Regents
10415113,001081,Arizona State University - Northeastern Arizona,17,cohesive,one system,0.62,Arizona Board of Regents
10415114,001081,Arizona State University - Mesa City Center,17,cohesive,one system,0.62,Arizona Board of Regents
10415115,001081,Arizona State University - ASU California Center - Broadway,17,cohesive,one system,0.62,Arizona Board of Regents
10415116,001081,Arizona State University - ASU California Center - Grand,17,cohesive,one system,0.62,Arizona Board of Regents
105330,001082,Northern Arizona University,1,single,single campus,1.0,Arizona Board of Regents
104179,001083,University of Arizona,1,single,single campus,1.0,Arizona Board of Regents
106485,001085,University of Arkansas at Monticello,1,single,single campus,1.0,University of Arkansas System
106412,001086,University of Arkansas at Pine Bluff,1,single,single campus,1.0,University of Arkansas System
106306,001087,Arkansas Baptist College,1,single,single campus,1.0,
106342,001088,Lyon College,2,mixed,name similarity,0.48,
501105,001088,Lyon College-School of Dental Medicine,2,mixed,name similarity,0.48,
106467,001089,Arkansas Tech University,1,single,single campus,1.0,
106458,001090,Arkansas State University,1,single,single campus,1.0,Arkansas State University System
106449,001091,Arkansas State University-Beebe,1,single,single campus,1.0,Arkansas State University System
106704,001092,University of Central Arkansas,1,single,single campus,1.0,
106713,001093,Central Baptist College,1,single,single campus,1.0,
107558,001094,University of the Ozarks,1,single,single campus,1.0,
106810,001095,Crowley's Ridge College,1,single,single campus,1.0,
107044,001097,Harding University,1,single,single campus,1.0,
107071,001098,Henderson State University,1,single,single campus,1.0,Arkansas State University System
107080,001099,Hendrix College,1,single,single campus,1.0,
107141,001100,John Brown University,1,single,single campus,1.0,
106245,001101,University of Arkansas at Little Rock,1,single,single campus,1.0,University of Arkansas System
107512,001102,Ouachita Baptist University,1,single,single campus,1.0,
107600,001103,Philander Smith University,1,single,single campus,1.0,
107619,001104,Phillips Community College of the University of Arkansas,1,single,single campus,1.0,
107840,001105,Shorter College,1,single,single campus,1.0,
107877,001106,Williams Baptist University,1,single,single campus,1.0,
107983,001107,Southern Arkansas University Main Campus,1,single,single campus,1.0,
106397,001108,University of Arkansas,1,single,single campus,1.0,University of Arkansas System
106263,001109,University of Arkansas for Medical Sciences,1,single,single campus,1.0,University of Arkansas System
108092,001110,University of Arkansas-Fort Smith,1,single,single campus,1.0,University of Arkansas System
108807,001111,Allan Hancock College,1,single,single campus,1.0,
109350,001113,Antelope Valley Community College District,1,single,single campus,1.0,
109651,001116,Art Center College of Design,1,single,single campus,1.0,
109785,001117,Azusa Pacific University,1,single,single campus,1.0,
109819,001118,Bakersfield College,1,single,single campus,1.0,California Community College System
109907,001119,Barstow Community College,1,single,single campus,1.0,California Community College System
108861,001120,Berkeley School of Theology,1,single,single campus,1.0,
110097,001122,Biola University,1,single,single campus,1.0,
110334,001124,Cabrillo College,1,single,single campus,1.0,California Community College System
110361,001125,California Baptist University,1,single,single campus,1.0,
110370,001127,California College of the Arts,1,single,single campus,1.0,
110404,001131,California Institute of Technology,1,single,single campus,1.0,
111081,001132,California Institute of the Arts,1,single,single campus,1.0,
110413,001133,California Lutheran University,1,single,single campus,1.0,
111188,001134,Cal Poly Maritime Academy,1,single,single campus,1.0,California State University
110565,001137,California State University-Fullerton,1,single,single campus,1.0,California State University
110574,001138,California State University-East Bay,1,single,single campus,1.0,California State University
110583,001139,California State University-Long Beach,1,single,single campus,1.0,California State University
110592,001140,California State University-Los Angeles,1,single,single campus,1.0,California State University
110547,001141,California State University-Dominguez Hills,1,single,single campus,1.0,California State University
110510,001142,California State University-San Bernardino,1,single,single campus,1.0,California State University
110422,001143,California Polytechnic State University-San Luis Obispo,1,single,single campus,1.0,California State University
110529,001144,California State Polytechnic University-Pomona,1,single,single campus,1.0,California State University
110538,001146,California State University-Chico,1,single,single campus,1.0,California State University
110556,001147,California State University-Fresno,1,single,single campus,1.0,California State University
115755,001149,California State Polytechnic University-Humboldt,1,single,single campus,1.0,California State University
110617,001150,California State University-Sacramento,1,single,single campus,1.0,California State University
122409,001151,San Diego State University,2,cohesive,one system,0.693,California State University
12240901,001151,San Diego State University-Imperial Valley Campus,2,cohesive,one system,0.693,California State University
110608,001153,California State University-Northridge,1,single,single campus,1.0,California State University
122597,001154,San Francisco State University,1,single,single campus,1.0,California State University
122755,001155,San Jose State University,1,single,single campus,1.0,California State University
123572,001156,Sonoma State University,1,single,single campus,1.0,California State University
110495,001157,California State University-Stanislaus,1,single,single campus,1.0,California State University
111887,001161,Cerritos College,1,single,single campus,1.0,California Community College System
111920,001162,Chabot College,1,single,single campus,1.0,California Community College System
111939,001163,Chaffey College,1,single,single campus,1.0,California Community College System
111948,001164,Chapman University,1,single,single campus,1.0,
112127,001165,Church Divinity School of the Pacific,1,single,single campus,1.0,
112172,001166,Citrus College,1,single,single campus,1.0,
112251,001169,Claremont Graduate University,1,single,single campus,1.0,
112260,001170,Claremont McKenna College,1,single,single campus,1.0,
115409,001171,Harvey Mudd College,1,single,single campus,1.0,
121257,001172,Pitzer College,1,single,single campus,1.0,
121345,001173,Pomona College,1,single,single campus,1.0,
123165,001174,Scripps College,1,single,single campus,1.0,
125462,001176,Coalinga College,1,single,single campus,1.0,California Community College System
112394,001177,University of Silicon Valley,1,single,single campus,1.0,
118347,001178,College of Marin,1,single,single campus,1.0,California Community College System
120184,001179,Notre Dame de Namur University,1,single,single campus,1.0,
122791,001181,College of San Mateo,1,single,single campus,1.0,San Mateo County Community College District
113573,001182,College of the Desert,1,single,single campus,1.0,California Community College System
121707,001185,College of the Redwoods,1,single,single campus,1.0,
123217,001186,College of the Sequoias,1,single,single campus,1.0,California Community College System
123484,001187,College of the Siskiyous,1,single,single campus,1.0,
112826,001190,Contra Costa College,1,single,single campus,1.0,California Community College System
113634,001191,Diablo Valley College,1,single,single campus,1.0,California Community College System
113193,001192,Cuesta College,1,single,single campus,1.0,
113236,001193,Cypress College,1,single,single campus,1.0,California Community College System
113698,001196,Dominican University of California,1,single,single campus,1.0,
113980,001197,El Camino Community College District,1,single,single campus,1.0,California Community College System
114716,001199,Foothill College,1,single,single campus,1.0,California Community College System
114840,001200,Fuller Theological Seminary,1,single,single campus,1.0,
114859,001201,Fullerton College,1,single,single campus,1.0,California Community College System
114938,001202,Gavilan College,1,single,single campus,1.0,
115001,001203,Glendale Community College,1,single,single campus,1.0,
115083,001205,Golden Gate University,1,single,single campus,1.0,
115126,001206,Golden West College,1,single,single campus,1.0,California Community College System
115214,001207,Graduate Theological Union,1,single,single campus,1.0,
115296,001208,Grossmont College,1,single,single campus,1.0,California Community College System
115393,001209,Hartnell College,1,single,single campus,1.0,
115773,001212,Humphreys University,1,single,single campus,1.0,
115861,001214,Imperial Valley College,1,single,single campus,1.0,California Community College System
117627,001215,La Sierra University,1,single,single campus,1.0,
117140,001216,University of La Verne,1,single,single campus,1.0,
117274,001217,Lassen Community College,1,single,single campus,1.0,California Community College System
117636,001218,Loma Linda University,1,single,single campus,1.0,
117645,001219,Long Beach City College,1,single,single campus,1.0,California Community College System
117751,001220,The Master's University and Seminary,1,single,single campus,1.0,
117788,001223,Los Angeles City College,1,single,single campus,1.0,Los Angeles Community College District
117690,001224,Los Angeles Harbor College,1,single,single campus,1.0,Los Angeles Community College District
117706,001226,Los Angeles Pierce College,1,single,single campus,1.0,California Community College System
117724,001227,Los Angeles Trade Technical College,1,single,single campus,1.0,Los Angeles Community College District
117733,001228,Los Angeles Valley College,1,single,single campus,1.0,Los Angeles Community College District
117672,001229,Southern California University of Health Sciences,1,single,single campus,1.0,
123943,001230,Marshall B Ketchum University,1,single,single campus,1.0,
109208,001232,American River College,1,single,single campus,1.0,California Community College System
122180,001233,Sacramento City College,1,single,single campus,1.0,California Community College System
118693,001236,Menlo College,1,single,single campus,1.0,
118718,001237,Merced College,1,single,single campus,1.0,California Community College System
118912,001239,MiraCosta College,2,cohesive,name similarity,0.642,
11891201,001239,MiraCosta College - San Elijo Campus,2,cohesive,name similarity,0.642,
118976,001240,Modesto Junior College,1,single,single campus,1.0,California Community College System
119067,001242,Monterey Peninsula College,1,single,single campus,1.0,California Community College System
119173,001243,Mount Saint Mary's University,2,cohesive,name similarity,0.784,
11917301,001243,Mount Saint Mary's University - Doheny Campus,2,cohesive,name similarity,0.784,
119164,001245,Mt San Antonio College,1,single,single campus,1.0,
119216,001246,Mt San Jacinto Community College District,1,single,single campus,1.0,California Community College System
119331,001247,Napa Valley College,1,single,single campus,1.0,California Community College System
120254,001249,Occidental College,1,single,single campus,1.0,
120342,001250,Orange Coast College,1,single,single campus,1.0,California Community College System
120403,001251,Otis College of Art and Design,1,single,single campus,1.0,
120537,001252,Hope International University,1,single,single campus,1.0,
114813,001253,Fresno Pacific University,1,single,single campus,1.0,
120768,001255,Pacific Oaks College,1,single,single campus,1.0,
120795,001256,Pacific School of Religion,1,single,single campus,1.0,
120865,001258,Pacific Union College,1,single,single campus,1.0,
120953,001259,Palo Verde College,1,single,single campus,1.0,
120971,001260,Palomar College,1,single,single campus,1.0,
121044,001261,Pasadena City College,1,single,single campus,1.0,California Community College System
121309,001262,Point Loma Nazarene University,1,single,single campus,1.0,
117247,001266,Laney College,1,single,single campus,1.0,California Community College System
118772,001267,Merritt College,1,single,single campus,1.0,California Community College System
121363,001268,Porterville College,1,single,single campus,1.0,California Community College System
121886,001269,Rio Hondo College,1,single,single campus,1.0,
121901,001270,Riverside City College,1,single,single campus,1.0,California Community College System
123527,001272,San Bernardino Valley College,1,single,single campus,1.0,San Bernardino Community College District
122339,001273,San Diego City College,1,single,single campus,1.0,California Community College System
122375,001275,San Diego Mesa College,1,single,single campus,1.0,California Community College System
122506,001278,San Francisco Conservatory of Music,1,single,single campus,1.0,
122658,001280,San Joaquin Delta College,2,cohesive,one system,1.0,California Community College System
12265801,001280,San Joaquin Delta College,2,cohesive,one system,1.0,California Community College System
122728,001281,William Jessup University,1,single,single campus,1.0,
122746,001282,San Jose City College,1,single,single campus,1.0,California Community College System
121619,001284,Santa Ana College,1,single,single campus,1.0,California Community College System
122889,001285,Santa Barbara City College,1,single,single campus,1.0,
122977,001286,Santa Monica College,1,single,single campus,1.0,
123013,001287,Santa Rosa Junior College,1,single,single campus,1.0,California Community College System
124283,001288,Claremont School of Theology,1,single,single campus,1.0,
123299,001289,Shasta College,1,single,single campus,1.0,California Community College System
123341,001290,Sierra College,1,single,single campus,1.0,California Community College System
123457,001291,Simpson University,1,single,single campus,1.0,
123563,001292,Solano Community College,1,single,single campus,1.0,California Community College System
123651,001293,Vanguard University of Southern California,1,single,single campus,1.0,
123800,001294,Southwestern College,1,single,single campus,1.0,
123970,001295,Southwestern Law School,1,single,single campus,1.0,
113704,001296,Dominican School of Philosophy & Theology,1,single,single campus,1.0,
123554,001302,Saint Mary's College of California,1,single,single campus,1.0,
243744,001305,Stanford University,1,single,single campus,1.0,
114789,001307,Fresno City College,1,single,single campus,1.0,California Community College System
117052,001308,Reedley College,1,single,single campus,1.0,California Community College System
124113,001309,Taft College,1,single,single campus,1.0,California Community College System
119678,001310,Naval Postgraduate School,1,single,single campus,1.0,
110635,001312,University of California-Berkeley,1,single,single campus,1.0,University of California
110644,001313,University of California-Davis,1,single,single campus,1.0,University of California
110653,001314,University of California-Irvine,1,single,single campus,1.0,University of California
110662,001315,University of California-Los Angeles,1,single,single campus,1.0,University of California
110671,001316,University of California-Riverside,1,single,single campus,1.0,University of California
110680,001317,University of California-San Diego,1,single,single campus,1.0,University of California
110699,001319,University of California-San Francisco,1,single,single campus,1.0,University of California
110705,001320,University of California-Santa Barbara,1,single,single campus,1.0,University of California
110714,001321,University of California-Santa Cruz,1,single,single campus,1.0,University of California
121691,001322,University of Redlands,1,single,single campus,1.0,
122612,001325,University of San Francisco,1,single,single campus,1.0,
122931,001326,Santa Clara University,2,cohesive,name similarity,0.603,
12293101,001326,Jesuit School of Theology of Santa Clara University,2,cohesive,name similarity,0.603,
123961,001328,University of Southern California,1,single,single campus,1.0,
120883,001329,University of the Pacific,1,single,single campus,1.0,
125028,001334,Ventura College,1,single,single campus,1.0,California Community College System
125091,001335,Victor Valley College,2,mixed,"one system, names differ",0.568,California Community College System
12509101,001335,Victor Valley Community College - Aviation Technology,2,mixed,"one system, names differ",0.568,California Community College System
125499,001338,West Valley College,1,single,single campus,1.0,California Community College System
210331,001339,Corban University,1,single,single campus,1.0,
125727,001341,Westmont College,1,single,single campus,1.0,
125763,001342,Whittier College,1,single,single campus,1.0,
125897,001343,Woodbury University,1,single,single campus,1.0,
126119,001344,Yuba College,1,single,single campus,1.0,Yuba Community College District
126182,001345,Adams State University,1,single,single campus,1.0,
126289,001346,Arapahoe Community College,1,single,single campus,1.0,Colorado Community College System
126678,001347,Colorado College,1,single,single campus,1.0,
126775,001348,Colorado School of Mines,1,single,single campus,1.0,
127741,001349,University of Northern Colorado,1,single,single campus,1.0,
126818,001350,Colorado State University-Fort Collins,1,single,single campus,1.0,Colorado State University System
126979,001352,Denver Seminary,2,cohesive,name similarity,0.652,
12697901,001352,Denver Seminary - Washington DC,2,cohesive,name similarity,0.652,
127185,001353,Fort Lewis College,1,single,single campus,1.0,
127273,001354,Iliff School of Theology,1,single,single campus,1.0,
127389,001355,Lamar Community College,1,single,single campus,1.0,Colorado Community College System
127556,001358,Colorado Mesa University,1,single,single campus,1.0,
126748,001359,Colorado Northwestern Community College,1,single,single campus,1.0,Colorado Community College System
127565,001360,Metropolitan State University of Denver,1,single,single campus,1.0,
127732,001361,Northeastern Junior College,1,single,single campus,1.0,Colorado Community College System
127778,001362,Otero College,1,single,single campus,1.0,Colorado Community College System
127918,001363,Regis University,1,single,single campus,1.0,Regis Corporation
128106,001365,Colorado State University Pueblo,1,single,single campus,1.0,Colorado State University System
128258,001368,Trinidad State College,1,single,single campus,1.0,Colorado Community College System
128328,001369,United States Air Force Academy,1,single,single campus,1.0,
126614,001370,University of Colorado Boulder,1,single,single campus,1.0,University of Colorado
127060,001371,University of Denver,1,single,single campus,1.0,
128391,001372,Western Colorado University,1,single,single campus,1.0,
128498,001374,Albertus Magnus College,1,single,single campus,1.0,
128771,001378,Central Connecticut State University,1,single,single campus,1.0,Connecticut State Colleges and Universities
128902,001379,Connecticut College,1,single,single campus,1.0,
130776,001380,Western Connecticut State University,1,single,single campus,1.0,Connecticut State Colleges and Universities
129242,001385,Fairfield University,1,single,single campus,1.0,
129491,001387,Hartford International University for Religion and Peace,1,single,single campus,1.0,
129534,001389,Holy Apostles College and Seminary,1,single,single campus,1.0,
129774,001393,Mitchell College,1,single,single campus,1.0,
129941,001397,University of New Haven,1,single,single campus,1.0,
130183,001401,Post University,1,single,single campus,1.0,
130226,001402,Quinnipiac University,1,single,single campus,1.0,
130253,001403,Sacred Heart University,1,single,single campus,1.0,
130493,001406,Southern Connecticut State University,1,single,single campus,1.0,Connecticut State Colleges and Universities
130314,001409,University of Saint Joseph,1,single,single campus,1.0,
130590,001414,Trinity College,1,single,single campus,1.0,
130624,001415,United States Coast Guard Academy,1,single,single campus,1.0,
128744,001416,University of Bridgeport,1,single,single campus,1.0,
129020,001417,University of Connecticut,5,cohesive,name similarity,0.746,
436818,001417,University of Connecticut-Waterbury Campus,5,cohesive,name similarity,0.746,
436827,001417,University of Connecticut-Avery Point,5,cohesive,name similarity,0.746,
436836,001417,University of Connecticut-Stamford,5,cohesive,name similarity,0.746,
463056,001417,University of Connecticut-Hartford Campus,5,cohesive,name similarity,0.746,
129525,001422,University of Hartford,1,single,single campus,1.0,
130697,001424,Wesleyan University,1,single,single campus,1.0,
129215,001425,Eastern Connecticut State University,1,single,single campus,1.0,Connecticut State Colleges and Universities
130794,001426,Yale University,1,single,single campus,1.0,
130934,001428,Delaware State University,1,single,single campus,1.0,
130989,001429,Goldey-Beacom College,1,single,single campus,1.0,
130943,001431,University of Delaware,1,single,single campus,1.0,
131159,001434,American University,1,single,single campus,1.0,
162061,001436,Capitol Technology University,1,single,single campus,1.0,
131283,001437,The Catholic University of America,1,single,single campus,1.0,
131399,001441,University of the District of Columbia,1,single,single campus,1.0,
131450,001443,Gallaudet University,1,single,single campus,1.0,
131469,001444,George Washington University,1,single,single campus,1.0,
131496,001445,Georgetown University,1,single,single campus,1.0,
131520,001448,Howard University,1,single,single campus,1.0,
131803,001459,Strayer University-District of Columbia,27,mixed,"one system, names differ",0.588,"Strategic Education, Inc."
233684,001459,Strayer University-Virginia,27,mixed,"one system, names differ",0.588,"Strategic Education, Inc."
430184,001459,Strayer University-Maryland,27,mixed,"one system, names differ",0.588,"Strategic Education, Inc."
443766,001459,Strayer University-Tennessee,27,mixed,"one system, names differ",0.588,"Strategic Education, Inc."
443784,001459,Strayer University-Pennsylvania,27,mixed,"one system, names differ",0.588,"Strategic Education, Inc."
449038,001459,Strayer University-Florida,27,mixed,"one system, names differ",0.588,"Strategic Education, Inc."
450298,001459,Strayer University-Delaware,27,mixed,"one system, names differ",0.588,"Strategic Education, Inc."
450377,001459,Strayer University-Alabama,27,mixed,"one system, names differ",0.588,"Strategic Education, Inc."
453163,001459,Strayer University-North Carolina,27,mixed,"one system, names differ",0.588,"Strategic Education, Inc."
453215,001459,Strayer University-New Jersey,27,mixed,"one system, names differ",0.588,"Strategic Education, Inc."
456621,001459,Strayer University-West Virginia,27,mixed,"one system, names differ",0.588,"Strategic Education, Inc."
458885,001459,Strayer University-Arkansas,27,mixed,"one system, names differ",0.588,"Strategic Education, Inc."
458919,001459,Strayer University-Georgia,27,mixed,"one system, names differ",0.588,"Strategic Education, Inc."
458955,001459,Strayer University-Mississippi,27,mixed,"one system, names differ",0.588,"Strategic Education, Inc."
458964,001459,Strayer University-South Carolina,27,mixed,"one system, names differ",0.588,"Strategic Education, Inc."
458973,001459,Strayer University-Texas,27,mixed,"one system, names differ",0.588,"Strategic Education, Inc."
459994,001459,Strayer University-Global Region,27,mixed,"one system, names differ",0.588,"Strategic Education, Inc."
23368401,001459,Strayer University-Alexandria Campus,27,mixed,"one system, names differ",0.588,"Strategic Education, Inc."
23368410,001459,Strayer University-Newport News Campus,27,mixed,"one system, names differ",0.588,"Strategic Education, Inc."
23368411,001459,Strayer University-Virginia Beach Campus,27,mixed,"one system, names differ",0.588,"Strategic Education, Inc."
44376602,001459,Strayer University-Shelby Oaks Campus,27,mixed,"one system, names differ",0.588,"Strategic Education, Inc."
44378403,001459,Strayer University-Center City Campus,27,mixed,"one system, names differ",0.588,"Strategic Education, Inc."
45891902,001459,Strayer University-Morrow Campus,27,mixed,"one system, names differ",0.588,"Strategic Education, Inc."
45891905,001459,Strayer University-Lithonia Campus,27,mixed,"one system, names differ",0.588,"Strategic Education, Inc."
45891907,001459,Strayer University-Augusta Campus,27,mixed,"one system, names differ",0.588,"Strategic Education, Inc."
45897303,001459,Strayer University-Northwest Houston,27,mixed,"one system, names differ",0.588,"Strategic Education, Inc."
45897306,001459,Strayer University-North Dallas,27,mixed,"one system, names differ",0.588,"Strategic Education, Inc."
131876,001460,Trinity Washington University,1,single,single campus,1.0,
131973,001464,Wesley Theological Seminary,1,single,single campus,1.0,
132471,001466,Barry University,2,cohesive,name similarity,0.744,
13247101,001466,Barry University Law School,2,cohesive,name similarity,0.744,
132602,001467,Bethune-Cookman University,1,single,single campus,1.0,
137476,001468,St. Thomas University,1,single,single campus,1.0,
133881,001469,Florida Institute of Technology,1,single,single campus,1.0,
132693,001470,Eastern Florida State College,1,single,single campus,1.0,
132851,001471,College of Central Florida,1,single,single campus,1.0,
133021,001472,Chipola College,1,single,single campus,1.0,
133386,001475,Daytona State College,1,single,single campus,1.0,
133508,001477,Florida SouthWestern State College,1,single,single campus,1.0,
133526,001478,Edward Waters University,1,single,single campus,1.0,
104586,001479,Embry-Riddle Aeronautical University-Prescott,3,cohesive,one system,0.821,Embry-Riddle Aeronautical University Inc.
133553,001479,Embry-Riddle Aeronautical University-Daytona Beach,3,cohesive,one system,0.821,Embry-Riddle Aeronautical University Inc.
426314,001479,Embry-Riddle Aeronautical University-Worldwide,3,cohesive,one system,0.821,Embry-Riddle Aeronautical University Inc.
133650,001480,Florida Agricultural and Mechanical University,1,single,single campus,1.0,State University System of Florida
133669,001481,Florida Atlantic University,1,single,single campus,1.0,State University System of Florida
133809,001482,Florida College,1,single,single campus,1.0,
133702,001484,Florida State College at Jacksonville,1,single,single campus,1.0,
133960,001485,The College of the Florida Keys,1,single,single campus,1.0,
133979,001486,Florida Memorial University,1,single,single campus,1.0,
133492,001487,Eckerd College,1,single,single campus,1.0,
134079,001488,Florida Southern College,1,single,single campus,1.0,
134097,001489,Florida State University,1,single,single campus,1.0,State University System of Florida
134343,001490,Gulf Coast State College,1,single,single campus,1.0,
134608,001493,Indian River State College,1,single,single campus,1.0,
134945,001495,Jacksonville University,1,single,single campus,1.0,
132709,001500,Broward College,1,single,single campus,1.0,
135160,001501,Florida Gateway College,1,single,single campus,1.0,
135188,001502,Lake-Sumter State College,1,single,single campus,1.0,
135391,001504,State College of Florida-Manatee-Sarasota,1,single,single campus,1.0,
132657,001505,Lynn University,1,single,single campus,1.0,
135717,001506,Miami Dade College,1,single,single campus,1.0,
136145,001508,North Florida College,1,single,single campus,1.0,
136215,001509,Nova Southeastern University,1,single,single campus,1.0,
136233,001510,Northwest Florida State College,1,single,single campus,1.0,
136358,001512,Palm Beach State College,1,single,single campus,1.0,
136473,001513,Pensacola State College,1,single,single campus,1.0,
136516,001514,Polk State College,1,single,single campus,1.0,
136950,001515,Rollins College,1,single,single campus,1.0,
137096,001519,Santa Fe College,1,single,single campus,1.0,
137209,001520,Seminole State College of Florida,1,single,single campus,1.0,
137564,001521,Southeastern University,1,single,single campus,1.0,
137315,001522,South Florida State College,1,single,single campus,1.0,
137281,001523,Saint Johns River State College,1,single,single campus,1.0,
137032,001526,Saint Leo University,1,single,single campus,1.0,
137078,001528,St Petersburg College,1,single,single campus,1.0,
137546,001531,Stetson University,1,single,single campus,1.0,
137759,001533,Tallahassee State College,1,single,single campus,1.0,
134130,001535,University of Florida,2,cohesive,one system,0.857,State University System of Florida
484473,001535,University of Florida-Online,2,cohesive,one system,0.857,State University System of Florida
135726,001536,University of Miami,1,single,single campus,1.0,
137351,001537,University of South Florida,1,single,single campus,1.0,State University System of Florida
137847,001538,The University of Tampa,1,single,single campus,1.0,
138293,001540,Webber International University,1,single,single campus,1.0,
138558,001541,Abraham Baldwin Agricultural College,1,single,single campus,1.0,University System of Georgia
138600,001542,Agnes Scott College,1,single,single campus,1.0,
138716,001544,Albany State University,1,single,single campus,1.0,University System of Georgia
138761,001545,Andrew College,1,single,single campus,1.0,
138868,001547,Point University,1,single,single campus,1.0,
139144,001554,Berry College,1,single,single campus,1.0,
141167,001555,Thomas University,1,single,single campus,1.0,
139199,001556,Brenau University,1,single,single campus,1.0,
139205,001557,Brewton-Parker Christian University,1,single,single campus,1.0,
139250,001558,College of Coastal Georgia,1,single,single campus,1.0,University System of Georgia
138947,001559,Clark Atlanta University,1,single,single campus,1.0,
139348,001560,Columbia Theological Seminary,1,single,single campus,1.0,
139366,001561,Columbus State University,1,single,single campus,1.0,University System of Georgia
139630,001563,Emmanuel University,1,single,single campus,1.0,
139658,001564,Emory University,2,cohesive,name similarity,0.681,
487092,001564,Emory University-Oxford College,2,cohesive,name similarity,0.681,
139719,001566,Fort Valley State University,1,single,single campus,1.0,University System of Georgia
140146,001568,Interdenominational Theological Center,1,single,single campus,1.0,
139755,001569,Georgia Institute of Technology-Main Campus,1,single,single campus,1.0,University System of Georgia
485111,001571,Georgia Military College,9,cohesive,name similarity,0.814,
48511103,001571,Georgia Military College - Valdosta,9,cohesive,name similarity,0.814,
48511104,001571,Georgia Military College - Augusta,9,cohesive,name similarity,0.814,
48511105,001571,Georgia Military College - Fairburn,9,cohesive,name similarity,0.814,
48511106,001571,Georgia Military College - Robins,9,cohesive,name similarity,0.814,
48511107,001571,Georgia Military College - Columbus,9,cohesive,name similarity,0.814,
48511109,001571,Georgia Military College - Madison,9,cohesive,name similarity,0.814,
48511112,001571,Georgia Military College - Dublin,9,cohesive,name similarity,0.814,
48511113,001571,Georgia Military College - Rockdale,9,cohesive,name similarity,0.814,
139931,001572,Georgia Southern University,1,single,single campus,1.0,University System of Georgia
139764,001573,Georgia Southwestern State University,1,single,single campus,1.0,University System of Georgia
139940,001574,Georgia State University,2,cohesive,one system,0.727,University System of Georgia
244437,001574,Georgia State University-Perimeter College,2,cohesive,one system,0.727,University System of Georgia
139968,001575,Gordon State College,1,single,single campus,1.0,University System of Georgia
486840,001577,Kennesaw State University,1,single,single campus,1.0,University System of Georgia
140234,001578,LaGrange College,1,single,single campus,1.0,
482149,001579,Augusta University,1,single,single campus,1.0,University System of Georgia
140447,001580,Mercer University,1,single,single campus,1.0,
482158,001581,Middle Georgia State University,1,single,single campus,1.0,University System of Georgia
140553,001582,Morehouse College,1,single,single campus,1.0,
140571,001583,Morris Brown College,1,single,single campus,1.0,
482680,001585,University of North Georgia,1,single,single campus,1.0,University System of Georgia
140696,001586,Oglethorpe University,1,single,single campus,1.0,
140720,001587,Paine College,1,single,single campus,1.0,
140818,001588,Piedmont University,1,single,single campus,1.0,
140872,001589,Reinhardt University,1,single,single campus,1.0,
140960,001590,Savannah State University,1,single,single campus,1.0,University System of Georgia
140988,001591,Shorter University,1,single,single campus,1.0,
482699,001592,South Georgia State College,1,single,single campus,1.0,University System of Georgia
141060,001594,Spelman College,1,single,single campus,1.0,
141185,001596,Toccoa Falls College,1,single,single campus,1.0,
141237,001597,Truett McConnell University,1,single,single campus,1.0,
139959,001598,University of Georgia,1,single,single campus,1.0,University System of Georgia
141264,001599,Valdosta State University,1,single,single campus,1.0,University System of Georgia
141325,001600,Wesleyan College,1,single,single campus,1.0,
141334,001601,University of West Georgia,1,single,single campus,1.0,University System of Georgia
139861,001602,Georgia College & State University,1,single,single campus,1.0,University System of Georgia
141361,001604,Young Harris College,1,single,single campus,1.0,
141486,001605,Chaminade University of Honolulu,1,single,single campus,1.0,
230047,001606,Brigham Young University-Hawaii,1,single,single campus,1.0,
141574,001610,University of Hawaii at Manoa,1,single,single campus,1.0,University of Hawaii Board of Regents
141565,001611,University of Hawaii at Hilo,1,single,single campus,1.0,University of Hawaii Board of Regents
141680,001612,Honolulu Community College,1,single,single campus,1.0,University of Hawaii Board of Regents
141796,001613,Kapiolani Community College,1,single,single campus,1.0,University of Hawaii Board of Regents
141802,001614,Kauai Community College,1,single,single campus,1.0,University of Hawaii Board of Regents
141839,001615,University of Hawaii Maui College,1,single,single campus,1.0,University of Hawaii Board of Regents
142115,001616,Boise State University,1,single,single campus,1.0,Idaho State Board of Education
142294,001617,The College of Idaho,1,single,single campus,1.0,
142559,001619,College of Southern Idaho,1,single,single campus,1.0,
142276,001620,Idaho State University,1,single,single campus,1.0,
142328,001621,Lewis-Clark State College,1,single,single campus,1.0,
142443,001623,North Idaho College,1,single,single campus,1.0,
142461,001624,Northwest Nazarene University,1,single,single campus,1.0,
142522,001625,Brigham Young University-Idaho,1,single,single campus,1.0,
142285,001626,University of Idaho,1,single,single campus,1.0,
176600,001632,Aquinas Institute of Theology,1,single,single campus,1.0,
143084,001633,Augustana College,1,single,single campus,1.0,
143118,001634,Aurora University,1,single,single campus,1.0,
143215,001636,Southwestern Illinois College,1,single,single campus,1.0,
143233,001637,Bethany Theological Seminary,1,single,single campus,1.0,
143279,001638,Black Hawk College,1,single,single campus,1.0,
143288,001639,Blackburn College,1,single,single campus,1.0,
148007,001640,Prairie State College,1,single,single campus,1.0,
143358,001641,Bradley University,1,single,single campus,1.0,
148991,001643,Spoon River College,1,single,single campus,1.0,
144184,001648,City Colleges of Chicago-Harry S Truman College,1,single,single campus,1.0,City Colleges of Chicago
144193,001649,City Colleges of Chicago-Richard J Daley College,1,single,single campus,1.0,City Colleges of Chicago
144166,001650,City Colleges of Chicago-Malcolm X College,1,single,single campus,1.0,City Colleges of Chicago
144209,001652,City Colleges of Chicago-Harold Washington College,1,single,single campus,1.0,City Colleges of Chicago
144157,001654,City Colleges of Chicago-Kennedy-King College,1,single,single campus,1.0,City Colleges of Chicago
144218,001655,City Colleges of Chicago-Wilbur Wright College,1,single,single campus,1.0,City Colleges of Chicago
143853,001657,Midwestern University-Downers Grove,2,cohesive,name similarity,0.738,
423643,001657,Midwestern University-Glendale,2,cohesive,name similarity,0.738,
145558,001659,Rosalind Franklin University of Medicine and Science,1,single,single campus,1.0,
144014,001661,Chicago Theological Seminary,1,single,single campus,1.0,
148982,001663,Spertus College,1,single,single campus,1.0,
148584,001664,University of St Francis,1,single,single campus,1.0,
144281,001665,Columbia College Chicago,1,single,single campus,1.0,
144351,001666,Concordia University-Chicago,1,single,single campus,1.0,Concordia University System
144564,001669,Danville Area Community College,1,single,single campus,1.0,
144740,001671,DePaul University,1,single,single campus,1.0,
144892,001674,Eastern Illinois University,1,single,single campus,1.0,
144944,001675,Elgin Community College,1,single,single campus,1.0,
144962,001676,Elmhurst University,1,single,single campus,1.0,
144971,001678,Eureka College,1,single,single campus,1.0,
145521,001681,Highland Community College,1,single,single campus,1.0,
145275,001682,Garrett-Evangelical Theological Seminary,1,single,single campus,1.0,
145372,001684,Greenville University,1,single,single campus,1.0,
145497,001685,Hebrew Theological College,1,single,single campus,1.0,Touro University System
145691,001688,Illinois College,1,single,single campus,1.0,
145628,001689,Illinois College of Optometry,1,single,single campus,1.0,
145725,001691,Illinois Institute of Technology,1,single,single campus,1.0,
145813,001692,Illinois State University,1,single,single campus,1.0,
147776,001693,Northeastern Illinois University,1,single,single campus,1.0,
144005,001694,Chicago State University,1,single,single campus,1.0,
145646,001696,Illinois Wesleyan University,1,single,single campus,1.0,
146296,001699,Joliet Junior College,1,single,single campus,1.0,Illinois Community College System
146339,001700,Judson University,1,single,single campus,1.0,
146366,001701,Kaskaskia College,1,single,single campus,1.0,Illinois Community College System
146427,001704,Knox College,1,single,single campus,1.0,
145831,001705,Illinois Valley Community College,1,single,single campus,1.0,
146481,001706,Lake Forest College,1,single,single campus,1.0,
146612,001707,Lewis University,1,single,single campus,1.0,
146719,001710,Loyola University Chicago,1,single,single campus,1.0,
146728,001712,Lutheran School of Theology at Chicago,1,single,single campus,1.0,
146816,001716,Generations College,1,single,single campus,1.0,
146977,001721,McCormick Theological Seminary,1,single,single campus,1.0,
147013,001722,McKendree University,1,single,single campus,1.0,
147031,001723,Meadville Theological School of Lombard College,1,single,single campus,1.0,
147244,001724,Millikin University,1,single,single campus,1.0,
147341,001725,Monmouth College,1,single,single campus,1.0,
147369,001727,Moody Bible Institute,3,mixed,name similarity,0.312,
14736901,001727,Moody Theological Seminary and Graduate School--Michigan,3,mixed,name similarity,0.312,
14736903,001727,Moody Bible Institute - Spokane,3,mixed,name similarity,0.312,
147411,001728,Morton College,1,single,single campus,1.0,
147590,001732,National University of Health Sciences,1,single,single campus,1.0,
147536,001733,National Louis University,1,single,single campus,1.0,
147660,001734,North Central College,1,single,single campus,1.0,
147679,001735,North Park University,1,single,single campus,1.0,
147697,001736,Northern Baptist Theological Seminary,1,single,single campus,1.0,
147703,001737,Northern Illinois University,1,single,single campus,1.0,
147767,001739,Northwestern University,1,single,single campus,1.0,
147828,001741,Olivet Nazarene University,1,single,single campus,1.0,
145707,001742,Illinois Eastern Community Colleges,5,cohesive,one system,0.722,Illinois Community College System
14570701,001742,Illinois Eastern Community Colleges-Olney Central College,5,cohesive,one system,0.722,Illinois Community College System
14570702,001742,Illinois Eastern Community Colleges-Frontier Community College,5,cohesive,one system,0.722,Illinois Community College System
14570703,001742,Illinois Eastern Community Colleges-Lincoln Trail College,5,cohesive,one system,0.722,Illinois Community College System
14570704,001742,Illinois Eastern Community Colleges-Wabash Valley College,5,cohesive,one system,0.722,Illinois Community College System
148016,001744,Principia College,1,single,single campus,1.0,
148131,001745,Quincy University,1,single,single campus,1.0,
148380,001747,Rock Valley College,1,single,single campus,1.0,
148405,001748,Rockford University,1,single,single campus,1.0,
148487,001749,Roosevelt University,1,single,single campus,1.0,
148496,001750,Dominican University,1,single,single campus,1.0,Dominican University
148672,001752,Sauk Valley Community College,1,single,single campus,1.0,
143048,001753,School of the Art Institute of Chicago,1,single,single campus,1.0,
148937,001757,Southeastern Illinois College,1,single,single campus,1.0,Illinois Community College System
149222,001758,Southern Illinois University-Carbondale,1,single,single campus,1.0,Southern Illinois University
149231,001759,Southern Illinois University Edwardsville,1,single,single campus,1.0,Southern Illinois University
148885,001765,University of Saint Mary of the Lake,1,single,single campus,1.0,
145619,001767,Benedictine University,1,single,single campus,1.0,
148627,001768,Saint Xavier University,1,single,single campus,1.0,
149365,001769,South Suburban College,1,single,single campus,1.0,
149505,001771,Trinity Christian College,1,single,single campus,1.0,
123448,001772,Trinity Law School,2,mixed,name similarity,0.407,
149514,001772,Trinity International University-Illinois,2,mixed,name similarity,0.407,
149532,001773,Triton College,2,mixed,"one system, names differ",0.346,Illinois Community College System
14953201,001773,Triton College - Intl Union of Operating Engr Local 399 Trning Fac.,2,mixed,"one system, names differ",0.346,Illinois Community College System
144050,001774,University of Chicago,1,single,single campus,1.0,
145637,001775,University of Illinois Urbana-Champaign,1,single,single campus,1.0,University of Illinois Board of Trustees
145600,001776,University of Illinois Chicago,1,single,single campus,1.0,University of Illinois Board of Trustees
149639,001778,VanderCook College of Music,1,single,single campus,1.0,
149772,001780,Western Illinois University,1,single,single campus,1.0,
149781,001781,Wheaton College,1,single,single campus,1.0,
369455,001783,Worsham College of Mortuary Science,1,single,single campus,1.0,
150066,001785,Anderson University,1,single,single campus,1.0,
150136,001786,Ball State University,1,single,single campus,1.0,
150145,001787,Bethel University,1,single,single campus,1.0,
150163,001788,Butler University,1,single,single campus,1.0,
150215,001789,Christian Theological Seminary,1,single,single campus,1.0,
150400,001792,DePauw University,1,single,single campus,1.0,
150455,001793,Earlham College,1,single,single campus,1.0,
150534,001795,University of Evansville,1,single,single campus,1.0,
150604,001798,Franklin College,1,single,single campus,1.0,
150668,001799,Goshen College,1,single,single campus,1.0,
150677,001800,Grace College and Theological Seminary,1,single,single campus,1.0,
150756,001801,Hanover College,1,single,single campus,1.0,
150941,001803,Huntington University,1,single,single campus,1.0,
151263,001804,University of Indianapolis,1,single,single campus,1.0,
151290,001805,Indiana Institute of Technology,2,cohesive,name similarity,0.66,
492962,001805,Indiana Institute of Technology-College of Professional Studies,2,cohesive,name similarity,0.66,
151324,001807,Indiana State University,1,single,single campus,1.0,
151306,001808,University of Southern Indiana,1,single,single campus,1.0,
151351,001809,Indiana University-Bloomington,1,single,single campus,1.0,Indiana University
151388,001811,Indiana University-East,1,single,single campus,1.0,Indiana University
151111,001813,Indiana University-Indianapolis,3,cohesive,one system,0.633,Indiana University-Purdue University
15111101,001813,Indiana University Fort Wayne,3,cohesive,one system,0.633,Indiana University-Purdue University
15111102,001813,Indiana University Columbus,3,cohesive,one system,0.633,Indiana University-Purdue University
151333,001814,Indiana University-Kokomo,1,single,single campus,1.0,Indiana University
151360,001815,Indiana University-Northwest,1,single,single campus,1.0,Indiana University
151342,001816,Indiana University-South Bend,1,single,single campus,1.0,Indiana University
151379,001817,Indiana University-Southeast,1,single,single campus,1.0,Indiana University
151777,001820,Manchester University,1,single,single campus,1.0,
151786,001821,Marian University,2,cohesive,name similarity,0.81,
497833,001821,Marian University-Ancilla,2,cohesive,name similarity,0.81,
151801,001822,Indiana Wesleyan University-Marion,2,cohesive,name similarity,0.81,
488679,001822,Indiana Wesleyan University-National & Global,2,cohesive,name similarity,0.81,
151865,001823,Anabaptist Mennonite Biblical Seminary,1,single,single campus,1.0,
152099,001824,Oakland City University,1,single,single campus,1.0,
243780,001825,Purdue University-Main Campus,12,mixed,"one system, names differ",0.538,Purdue University
24378001,001825,Purdue University - Purdue Polytechnic Anderson,12,mixed,"one system, names differ",0.538,Purdue University
24378002,001825,Purdue University - Purdue Polytechnic Indianapolis,12,mixed,"one system, names differ",0.538,Purdue University
24378003,001825,Purdue University - Purdue Polytechnic South Bend,12,mixed,"one system, names differ",0.538,Purdue University
24378004,001825,Purdue University - Purdue Polytechnic New Albany,12,mixed,"one system, names differ",0.538,Purdue University
24378006,001825,Purdue University - Purdue Polytechnic Columbus,12,mixed,"one system, names differ",0.538,Purdue University
24378007,001825,Purdue University - Purdue Polytechnic Kokomo,12,mixed,"one system, names differ",0.538,Purdue University
24378008,001825,Purdue University - Purdue Polytechnic Richmond,12,mixed,"one system, names differ",0.538,Purdue University
24378009,001825,Purdue University - Purdue Polytechnic Lafayette,12,mixed,"one system, names differ",0.538,Purdue University
24378010,001825,Purdue University - Purdue Polytechnic Vincennes,12,mixed,"one system, names differ",0.538,Purdue University
24378011,001825,Purdue University - Westgate Academy,12,mixed,"one system, names differ",0.538,Purdue University
24378012,001825,Purdue University -  Indianapolis,12,mixed,"one system, names differ",0.538,Purdue University
490805,001827,Purdue University Northwest,1,single,single campus,1.0,Purdue University
151102,001828,Purdue University Fort Wayne,1,single,single campus,1.0,Purdue University
152318,001830,Rose-Hulman Institute of Technology,1,single,single campus,1.0,
152336,001832,University of Saint Francis-Fort Wayne,1,single,single campus,1.0,
150172,001834,Calumet College of Saint Joseph,1,single,single campus,1.0,
152381,001835,Saint Mary-of-the-Woods College,1,single,single campus,1.0,
152390,001836,Saint Mary's College,1,single,single campus,1.0,
152530,001838,Taylor University,1,single,single campus,1.0,
152567,001839,Trine University,2,mixed,name similarity,0.485,
414878,001839,Trine University-Regional/Non-Traditional Campuses,2,mixed,name similarity,0.485,
152080,001840,University of Notre Dame,2,cohesive,name similarity,0.96,
15208001,001840,University of Notre Dame -,2,cohesive,name similarity,0.96,
152600,001842,Valparaiso University,1,single,single campus,1.0,
152637,001843,Vincennes University,1,single,single campus,1.0,
152673,001844,Wabash College,1,single,single campus,1.0,
152992,001846,Briar Cliff University,1,single,single campus,1.0,
153001,001847,Buena Vista University,1,single,single campus,1.0,
154378,001848,Southeastern Community College,1,single,single campus,1.0,
153108,001850,Central College,1,single,single campus,1.0,
153126,001852,Clarke University,1,single,single campus,1.0,
153144,001854,Coe College,1,single,single campus,1.0,
154156,001855,Des Moines University-Osteopathic Medical Center,1,single,single campus,1.0,
153162,001856,Cornell College,1,single,single campus,1.0,
154396,001857,Southwestern Community College,1,single,single campus,1.0,
153241,001858,Divine Word College,1,single,single campus,1.0,
153250,001859,Dordt University,1,single,single campus,1.0,
153269,001860,Drake University,1,single,single campus,1.0,
153296,001862,Ellsworth Community College,1,single,single campus,1.0,Iowa Valley Community College District
153533,001864,Iowa Lakes Community College,1,single,single campus,1.0,
153524,001865,Iowa Central Community College,1,single,single campus,1.0,
153366,001866,Graceland University-Lamoni,2,cohesive,one system,0.71,Graceland University
15336601,001866,Graceland University - Independence,2,cohesive,one system,0.71,Graceland University
153375,001867,Grand View University,1,single,single campus,1.0,
153384,001868,Grinnell College,1,single,single campus,1.0,
153603,001869,Iowa State University,1,single,single campus,1.0,
153825,001873,Loras College,1,single,single campus,1.0,
153834,001874,Luther College,1,single,single campus,1.0,
153922,001875,Marshalltown Community College,1,single,single campus,1.0,Iowa Valley Community College District
154059,001877,North Iowa Area Community College,1,single,single campus,1.0,
154004,001879,Morningside University,1,single,single campus,1.0,
154013,001880,Mount Mercy University,1,single,single campus,1.0,
154022,001881,The University of Arizona Global Campus,1,single,single campus,1.0,ZOVIO
154101,001883,Northwestern College,1,single,single campus,1.0,
154350,001887,Simpson College,1,single,single campus,1.0,
154235,001889,Saint Ambrose University,1,single,single campus,1.0,
154095,001890,University of Northern Iowa,1,single,single campus,1.0,"Board of Regents, State of Iowa"
153278,001891,University of Dubuque,1,single,single campus,1.0,
153658,001892,University of Iowa,1,single,single campus,1.0,
154493,001893,Upper Iowa University,1,single,single campus,1.0,
154518,001895,Waldorf University,1,single,single campus,1.0,
154527,001896,Wartburg College,1,single,single campus,1.0,
154536,001897,Wartburg Theological Seminary,1,single,single campus,1.0,
154590,001900,William Penn University,1,single,single campus,1.0,
154642,001901,Allen County Community College,1,single,single campus,1.0,
154952,001902,Cowley County Community College,1,single,single campus,1.0,
154688,001903,Baker University,2,cohesive,name similarity,0.64,
15468801,001903,Baker University School of Nursing,2,cohesive,name similarity,0.64,
154721,001904,Bethany College,1,single,single campus,1.0,
154749,001905,Bethel College-North Newton,1,single,single campus,1.0,
154800,001906,Butler Community College,1,single,single campus,1.0,
154855,001908,Central Christian College of Kansas,1,single,single campus,1.0,
154907,001909,Cloud County Community College,1,single,single campus,1.0,
154925,001910,Coffeyville Community College,4,mixed,name similarity,0.148,
15492501,001910,Coffeyville Technical Campus,4,mixed,name similarity,0.148,
15492502,001910,Columbus Technical Campus,4,mixed,name similarity,0.148,
15492503,001910,Coffeyville Community College - EMS Building,4,mixed,name similarity,0.148,
154934,001911,Colby Community College,1,single,single campus,1.0,
154998,001913,Dodge City Community College,1,single,single campus,1.0,
155007,001914,Donnelly College,1,single,single campus,1.0,
155061,001915,Fort Hays State University,1,single,single campus,1.0,Kansas State University System
155098,001916,Fort Scott Community College,1,single,single campus,1.0,
155070,001917,Barclay College,1,single,single campus,1.0,
155089,001918,Friends University,1,single,single campus,1.0,
155104,001919,Garden City Community College,1,single,single campus,1.0,
155177,001920,Hesston College,1,single,single campus,1.0,
155186,001921,Highland Community College,1,single,single campus,1.0,
155195,001923,Hutchinson Community College,1,single,single campus,1.0,
155201,001924,Independence Community College,1,single,single campus,1.0,
155292,001925,Kansas City Kansas Community College,1,single,single campus,1.0,
155681,001926,Pittsburg State University,1,single,single campus,1.0,Kansas State University System
155025,001927,Emporia State University,1,single,single campus,1.0,Kansas State University System
155399,001928,Kansas State University,1,single,single campus,1.0,Kansas State University System
155414,001929,Kansas Wesleyan University,1,single,single campus,1.0,
155450,001930,Labette Community College,1,single,single campus,1.0,
155496,001931,Manhattan Christian College,1,single,single campus,1.0,
155511,001933,McPherson College,1,single,single campus,1.0,
155566,001936,Neosho County Community College,1,single,single campus,1.0,
155627,001937,Ottawa University-Ottawa,5,cohesive,name similarity,0.717,
155636,001937,Ottawa University-Kansas City,5,cohesive,name similarity,0.717,
428259,001937,Ottawa University-Milwaukee,5,cohesive,name similarity,0.717,
454582,001937,Ottawa University-Online,5,cohesive,name similarity,0.717,
464226,001937,Ottawa University-Surprise,5,cohesive,name similarity,0.717,
155715,001938,Pratt Community College,1,single,single campus,1.0,
155335,001939,Newman University,1,single,single campus,1.0,
155900,001940,Southwestern College,1,single,single campus,1.0,
155812,001943,University of Saint Mary,1,single,single campus,1.0,
155937,001945,Sterling College,1,single,single campus,1.0,
155973,001946,Tabor College,1,single,single campus,1.0,
155317,001948,University of Kansas,1,single,single campus,1.0,Kansas State University System
155423,001949,Washburn Institute of Technology,2,mixed,name similarity,0.549,
156082,001949,Washburn University,2,mixed,name similarity,0.549,
156125,001950,Wichita State University,1,single,single campus,1.0,Kansas State University System
156189,001951,Alice Lloyd College,1,single,single campus,1.0,Caney Creek Community Center Inc.
156213,001952,Asbury University,1,single,single campus,1.0,
156222,001953,Asbury Theological Seminary,1,single,single campus,1.0,
156286,001954,Bellarmine University,1,single,single campus,1.0,
156295,001955,Berea College,1,single,single campus,1.0,
156356,001958,Brescia University,1,single,single campus,1.0,
156365,001959,Campbellsville University,1,single,single campus,1.0,
157757,001960,Spalding University,1,single,single campus,1.0,
156408,001961,Centre College,1,single,single campus,1.0,
156541,001962,University of the Cumberlands,1,single,single campus,1.0,
156620,001963,Eastern Kentucky University,1,single,single campus,1.0,
156745,001964,Georgetown College,1,single,single campus,1.0,
157100,001965,Kentucky Christian University,1,single,single campus,1.0,
157058,001968,Kentucky State University,1,single,single campus,1.0,
157076,001969,Kentucky Wesleyan College,1,single,single campus,1.0,
157207,001971,Lexington Theological Seminary,1,single,single campus,1.0,
157216,001972,Lindsey Wilson University,1,single,single campus,1.0,
157298,001974,Louisville Presbyterian Theological Seminary,1,single,single campus,1.0,
157377,001975,Midway University,1,single,single campus,1.0,
157386,001976,Morehead State University,1,single,single campus,1.0,
157401,001977,Murray State University,1,single,single campus,1.0,
157483,001979,West Kentucky Community and Technical College,1,single,single campus,1.0,Kentucky Community and Technical College System
157535,001980,University of Pikeville,1,single,single campus,1.0,
157748,001982,The Southern Baptist Theological Seminary,1,single,single campus,1.0,
157818,001987,Transylvania University,1,single,single campus,1.0,
157863,001988,Union Commonwealth University,1,single,single campus,1.0,
157085,001989,University of Kentucky,1,single,single campus,1.0,
156231,001990,Ashland Community and Technical College,1,single,single campus,1.0,Kentucky Community and Technical College System
156648,001991,Elizabethtown Community and Technical College,1,single,single campus,1.0,Kentucky Community and Technical College System
156851,001993,Henderson Community College,1,single,single campus,1.0,Kentucky Community and Technical College System
156860,001994,Hopkinsville Community College,1,single,single campus,1.0,Kentucky Community and Technical College System
157553,001996,Big Sandy Community and Technical College,1,single,single campus,1.0,Kentucky Community and Technical College System
157711,001997,Somerset Community College,1,single,single campus,1.0,Kentucky Community and Technical College System
157739,001998,Southeast Kentucky Community & Technical College,1,single,single campus,1.0,Kentucky Community and Technical College System
157289,001999,University of Louisville,1,single,single campus,1.0,
157809,002001,Thomas More University,1,single,single campus,1.0,
157951,002002,Western Kentucky University,1,single,single campus,1.0,
158477,002003,Centenary College of Louisiana,1,single,single campus,1.0,
158802,002004,Dillard University,1,single,single campus,1.0,
159966,002005,Nicholls State University,1,single,single campus,1.0,The University of Louisiana System
159009,002006,Grambling State University,1,single,single campus,1.0,The University of Louisiana System
159568,002007,Louisiana Christian University,1,single,single campus,1.0,
159647,002008,Louisiana Tech University,1,single,single campus,1.0,The University of Louisiana System
159391,002010,Louisiana State University and Agricultural & Mechanical College,1,single,single campus,1.0,Louisiana State University System
159382,002011,Louisiana State University at Alexandria,1,single,single campus,1.0,Louisiana State University System
159407,002012,Louisiana State University-Eunice,1,single,single campus,1.0,Louisiana State University System
159416,002013,Louisiana State University-Shreveport,1,single,single campus,1.0,Louisiana State University System
159373,002014,Louisiana State University Health Sciences Center-New Orleans,1,single,single campus,1.0,Louisiana State University System
159939,002015,University of New Orleans,1,single,single campus,1.0,The University of Louisiana System
159656,002016,Loyola University New Orleans,1,single,single campus,1.0,
159717,002017,McNeese State University,1,single,single campus,1.0,The University of Louisiana System
159948,002019,New Orleans Baptist Theological Seminary,1,single,single campus,1.0,
159993,002020,University of Louisiana at Monroe,1,single,single campus,1.0,The University of Louisiana System
160038,002021,Northwestern State University of Louisiana,1,single,single campus,1.0,The University of Louisiana System
160065,002023,University of Holy Cross,1,single,single campus,1.0,
160612,002024,Southeastern Louisiana University,5,cohesive,one system,0.647,The University of Louisiana System
16061201,002024,Southeastern Louisiana University - EBR Parish School System Prof Dev,5,cohesive,one system,0.647,The University of Louisiana System
16061202,002024,Southeastern Louisiana University - St Amant High School,5,cohesive,one system,0.647,The University of Louisiana System
16061203,002024,Southeastern Louisiana University - Destrahan High School,5,cohesive,one system,0.647,The University of Louisiana System
16061204,002024,Southeastern Louisiana University - Albert Cammon Middle School,5,cohesive,one system,0.647,The University of Louisiana System
160621,002025,Southern University and A & M College,2,cohesive,one system,0.746,Southern University System
440916,002025,Southern University Law Center,2,cohesive,one system,0.746,Southern University System
160630,002026,Southern University at New Orleans,1,single,single campus,1.0,Southern University System
160409,002027,Saint Joseph Seminary College,1,single,single campus,1.0,
160755,002029,Tulane University of Louisiana,1,single,single campus,1.0,
160658,002031,University of Louisiana at Lafayette,1,single,single campus,1.0,The University of Louisiana System
160904,002032,Xavier University of Louisiana,1,single,single campus,1.0,
161341,002033,University of Maine at Presque Isle,1,single,single campus,1.0,University of Maine System
160977,002036,Bates College,1,single,single campus,1.0,
161004,002038,Bowdoin College,1,single,single campus,1.0,
161086,002039,Colby College,1,single,single campus,1.0,
161226,002040,University of Maine at Farmington,1,single,single campus,1.0,University of Maine System
161235,002041,University of Maine at Fort Kent,1,single,single campus,1.0,University of Maine System
487524,002043,Husson University,1,single,single campus,1.0,
161299,002044,Maine Maritime Academy,1,single,single campus,1.0,
161457,002050,University of New England,1,single,single campus,1.0,
161518,002051,Saint Joseph's College of Maine,1,single,single campus,1.0,
161563,002052,Thomas College,1,single,single campus,1.0,
161253,002053,University of Maine,2,cohesive,one system,0.792,University of Maine System
16125301,002053,University of Maine - Machias,2,cohesive,one system,0.792,University of Maine System
161554,002054,University of Southern Maine,1,single,single campus,1.0,University of Maine System
161688,002057,Allegany College of Maryland,1,single,single campus,1.0,
161767,002058,Anne Arundel Community College,1,single,single campus,1.0,
161864,002061,Baltimore City Community College,1,single,single campus,1.0,
162007,002062,Bowie State University,1,single,single campus,1.0,University System of Maryland
434672,002063,Community College of Baltimore County,1,single,single campus,1.0,
162122,002064,College of Southern Maryland,1,single,single campus,1.0,
163578,002065,Notre Dame of Maryland University,1,single,single campus,1.0,
162210,002067,Washington Adventist University,1,single,single campus,1.0,
162283,002068,Coppin State University,1,single,single campus,1.0,University System of Maryland
162557,002071,Frederick Community College,1,single,single campus,1.0,
162584,002072,Frostburg State University,1,single,single campus,1.0,University System of Maryland
162654,002073,Goucher College,1,single,single campus,1.0,
162690,002074,Hagerstown Community College,1,single,single campus,1.0,
162706,002075,Harford Community College,1,single,single campus,1.0,
162760,002076,Hood College,1,single,single campus,1.0,
162928,002077,Johns Hopkins University,1,single,single campus,1.0,
163046,002078,Loyola University Maryland,1,single,single campus,1.0,
163295,002080,Maryland Institute College of Art,1,single,single campus,1.0,
163453,002083,Morgan State University,1,single,single campus,1.0,
163462,002086,Mount St. Mary's University,1,single,single campus,1.0,
163532,002087,Ner Israel Rabbinical College,1,single,single campus,1.0,
163657,002089,Prince George's Community College,1,single,single campus,1.0,
163851,002091,Salisbury University,1,single,single campus,1.0,University System of Maryland
163976,002092,St. John's College,1,single,single campus,1.0,Saint John's College
245652,002093,St. John's College,1,single,single campus,1.0,
163912,002095,St. Mary's College of Maryland,1,single,single campus,1.0,
164076,002099,Towson University,1,single,single campus,1.0,University System of Maryland
164155,002101,United States Naval Academy,1,single,single campus,1.0,
161873,002102,University of Baltimore,1,single,single campus,1.0,University System of Maryland
163286,002103,University of Maryland-College Park,1,single,single campus,1.0,University System of Maryland
163259,002104,University of Maryland Baltimore,1,single,single campus,1.0,University System of Maryland
163268,002105,University of Maryland-Baltimore County,1,single,single campus,1.0,University System of Maryland
163338,002106,University of Maryland Eastern Shore,1,single,single campus,1.0,University System of Maryland
164173,002107,Stevenson University,1,single,single campus,1.0,
164216,002108,Washington College,1,single,single campus,1.0,
164270,002109,McDaniel College,1,single,single campus,1.0,
164447,002114,American International College,1,single,single campus,1.0,
164465,002115,Amherst College,1,single,single campus,1.0,
164492,002117,Anna Maria College,1,single,single campus,1.0,
164562,002118,Assumption University,1,single,single campus,1.0,
166850,002120,Merrimack College,1,single,single campus,1.0,
164580,002121,Babson College,1,single,single campus,1.0,
164632,002122,Bay Path University,1,single,single campus,1.0,
164739,002124,Bentley University,1,single,single campus,1.0,
164748,002126,Berklee College of Music,1,single,single campus,1.0,
164924,002128,Boston College,1,single,single campus,1.0,
164988,002130,Boston University,1,single,single campus,1.0,
165015,002133,Brandeis University,1,single,single campus,1.0,
165334,002139,Clark University,1,single,single campus,1.0,
167394,002140,College of Our Lady of the Elms,1,single,single campus,1.0,
166124,002141,College of the Holy Cross,1,single,single campus,1.0,
165529,002143,Curry College,1,single,single campus,1.0,
165574,002144,Dean College,1,single,single campus,1.0,
165662,002146,Emerson College,1,single,single campus,1.0,
165671,002147,Emmanuel College,1,single,single campus,1.0,
165699,002148,Endicott College,1,single,single campus,1.0,
165802,002150,Fisher College,1,single,single campus,1.0,
165884,002151,Benjamin Franklin Cummings Institute of Technology,1,single,single campus,1.0,
165936,002153,Gordon College,1,single,single campus,1.0,
166054,002154,Hellenic College-Holy Cross Greek Orthodox School of Theology,1,single,single campus,1.0,
166027,002155,Harvard University,1,single,single campus,1.0,
166045,002157,Hebrew College,1,single,single campus,1.0,
166391,002158,Lasell University,1,single,single campus,1.0,
166452,002160,Lesley University,1,single,single campus,1.0,
166513,002161,University of Massachusetts-Lowell,1,single,single campus,1.0,University of Massachusetts
167093,002164,New England College of Optometry,1,single,single campus,1.0,
166656,002165,Massachusetts College of Pharmacy and Health Sciences,1,single,single campus,1.0,
164775,002167,Berkshire Community College,1,single,single campus,1.0,Massachusetts Community Colleges
165194,002168,Cape Cod Community College,1,single,single campus,1.0,Massachusetts Community Colleges
165981,002169,Greenfield Community College,1,single,single campus,1.0,Massachusetts Community Colleges
166133,002170,Holyoke Community College,1,single,single campus,1.0,Massachusetts Community Colleges
166647,002171,Massachusetts Bay Community College,1,single,single campus,1.0,Massachusetts Community Colleges
166957,002172,Mount Wachusett Community College,1,single,single campus,1.0,Massachusetts Community Colleges
167312,002173,North Shore Community College,1,single,single campus,1.0,Massachusetts Community Colleges
167376,002174,Northern Essex Community College,1,single,single campus,1.0,Massachusetts Community Colleges
167534,002175,Quinsigamond Community College,1,single,single campus,1.0,Massachusetts Community Colleges
165033,002176,Bristol Community College,1,single,single campus,1.0,Massachusetts Community Colleges
166823,002177,Massasoit Community College,1,single,single campus,1.0,Massachusetts Community Colleges
166683,002178,Massachusetts Institute of Technology,1,single,single campus,1.0,
166674,002180,Massachusetts College of Art and Design,1,single,single campus,1.0,
166692,002181,Massachusetts Maritime Academy,1,single,single campus,1.0,
165024,002183,Bridgewater State University,1,single,single campus,1.0,
165820,002184,Fitchburg State University,1,single,single campus,1.0,
165866,002185,Framingham State University,1,single,single campus,1.0,
167288,002187,Massachusetts College of Liberal Arts,1,single,single campus,1.0,
167729,002188,Salem State University,1,single,single campus,1.0,
168263,002189,Westfield State University,1,single,single campus,1.0,
168430,002190,Worcester State University,1,single,single campus,1.0,
166939,002192,Mount Holyoke College,1,single,single campus,1.0,
167057,002194,The New England Conservatory of Music,1,single,single campus,1.0,
167260,002197,Nichols College,1,single,single campus,1.0,
118888,002199,Northeastern University Oakland,3,cohesive,name similarity,0.737,
167358,002199,Northeastern University,3,cohesive,name similarity,0.737,
482705,002199,Northeastern University Professional Programs,3,cohesive,name similarity,0.737,
167525,002205,Quincy College,1,single,single campus,1.0,
167598,002206,Regis College,1,single,single campus,1.0,
167783,002208,Simmons University,1,single,single campus,1.0,
167835,002209,Smith College,1,single,single campus,1.0,
167987,002210,University of Massachusetts-Dartmouth,1,single,single campus,1.0,University of Massachusetts
167899,002211,Springfield College,2,mixed,name similarity,0.481,
475273,002211,Springfield College-Regional Online and Continuing Education,2,mixed,name similarity,0.481,
167677,002214,Saint John's Seminary,1,single,single campus,1.0,
167996,002217,Stonehill College,1,single,single campus,1.0,
168005,002218,Suffolk University,1,single,single campus,1.0,
168148,002219,Tufts University,1,single,single campus,1.0,
166629,002221,University of Massachusetts-Amherst,1,single,single campus,1.0,University of Massachusetts
166638,002222,University of Massachusetts-Boston,1,single,single campus,1.0,University of Massachusetts
168218,002224,Wellesley College,1,single,single campus,1.0,
168227,002225,Wentworth Institute of Technology,1,single,single campus,1.0,
168254,002226,Western New England University,1,single,single campus,1.0,
168281,002227,Wheaton College (Massachusetts),1,single,single campus,1.0,
168342,002229,Williams College,1,single,single campus,1.0,
168421,002233,Worcester Polytechnic Institute,1,single,single campus,1.0,
168528,002234,Adrian College,1,single,single campus,1.0,
168546,002235,Albion College,1,single,single campus,1.0,
168591,002236,Alma College,1,single,single campus,1.0,
168607,002237,Alpena Community College,1,single,single campus,1.0,
168740,002238,Andrews University,1,single,single campus,1.0,
168786,002239,Aquinas College,1,single,single campus,1.0,
168883,002240,Bay de Noc Community College,1,single,single campus,1.0,
169080,002241,Calvin University,2,cohesive,name similarity,0.667,
16908001,002241,Calvin University - Handlon Campus,2,cohesive,name similarity,0.667,
169099,002242,Calvin Theological Seminary,1,single,single campus,1.0,
169248,002243,Central Michigan University,1,single,single campus,1.0,
169327,002246,Cleary University,1,single,single campus,1.0,
169424,002248,Cranbrook Academy of Art,1,single,single campus,1.0,Cranbrook Educational Community
169479,002249,Davenport University,8,cohesive,name similarity,0.635,
16947903,002249,Davenport University-Warren Location,8,cohesive,name similarity,0.635,
16947904,002249,Davenport University-Kalamazoo Location,8,cohesive,name similarity,0.635,
16947905,002249,Davenport University-Lansing Location,8,cohesive,name similarity,0.635,
16947907,002249,Davenport University-Midland Location,8,cohesive,name similarity,0.635,
16947912,002249,Davenport University-Traverse City Location,8,cohesive,name similarity,0.635,
16947922,002249,Davenport University - Wayne CCCD,8,cohesive,name similarity,0.635,
16947925,002249,Davenport University - Detroit,8,cohesive,name similarity,0.635,
169521,002251,Delta College,1,single,single campus,1.0,
169798,002259,Eastern Michigan University,1,single,single campus,1.0,
169910,002260,Ferris State University,1,single,single campus,1.0,
169275,002261,Mott Community College,1,single,single campus,1.0,
169983,002262,Kettering University,1,single,single campus,1.0,
169974,002263,Glen Oaks Community College,1,single,single campus,1.0,
169992,002264,Gogebic Community College,1,single,single campus,1.0,
170000,002265,Grace Christian University,1,single,single campus,1.0,
170037,002266,Cornerstone University,1,single,single campus,1.0,
170055,002267,Grand Rapids Community College,1,single,single campus,1.0,
170082,002268,Grand Valley State University,1,single,single campus,1.0,
170091,002269,Great Lakes Christian College,1,single,single campus,1.0,
170240,002270,Henry Ford College,1,single,single campus,1.0,
170286,002272,Hillsdale College,1,single,single campus,1.0,
170301,002273,Hope College,1,single,single campus,1.0,
170444,002274,Jackson College,1,single,single campus,1.0,
170532,002275,Kalamazoo College,1,single,single campus,1.0,
170550,002276,Kellogg Community College,1,single,single campus,1.0,
170620,002277,Lake Michigan College,1,single,single campus,1.0,
170657,002278,Lansing Community College,1,single,single campus,1.0,
170675,002279,Lawrence Technological University,1,single,single campus,1.0,
170806,002282,Madonna University,1,single,single campus,1.0,
170967,002288,Rochester Christian University,1,single,single campus,1.0,
171100,002290,Michigan State University,1,single,single campus,1.0,
171128,002292,Michigan Technological University,1,single,single campus,1.0,
170639,002293,Lake Superior State University,1,single,single campus,1.0,
171225,002294,Monroe County Community College,1,single,single campus,1.0,
171234,002295,Montcalm Community College,1,single,single campus,1.0,
171304,002297,Muskegon Community College,1,single,single campus,1.0,
171395,002299,North Central Michigan College,1,single,single campus,1.0,
171456,002301,Northern Michigan University,1,single,single campus,1.0,
171483,002302,Northwestern Michigan College,1,single,single campus,1.0,
171535,002303,Oakland Community College,1,single,single campus,1.0,
171571,002307,Oakland University,1,single,single campus,1.0,
171599,002308,The University of Olivet,1,single,single campus,1.0,
172291,002310,St Clair County Community College,1,single,single campus,1.0,
171881,002311,Kuyper College,1,single,single campus,1.0,
172033,002313,Sacred Heart Major Seminary,1,single,single campus,1.0,
172051,002314,Saginaw Valley State University,1,single,single campus,1.0,
172200,002315,Schoolcraft Community College District,1,single,single campus,1.0,
172264,002316,Siena Heights University,1,single,single campus,1.0,
172307,002317,Southwestern Michigan College,1,single,single campus,1.0,
172334,002318,Spring Arbor University,1,single,single campus,1.0,
169716,002323,University of Detroit Mercy,1,single,single campus,1.0,
170976,002325,University of Michigan-Ann Arbor,1,single,single campus,1.0,
171137,002326,University of Michigan-Dearborn,1,single,single campus,1.0,University of Michigan
171146,002327,University of Michigan-Flint,1,single,single campus,1.0,University of Michigan
172617,002328,Washtenaw Community College,1,single,single campus,1.0,
172644,002329,Wayne State University,1,single,single campus,1.0,
172699,002330,Western Michigan University,1,single,single campus,1.0,
172705,002331,Western Theological Seminary,1,single,single campus,1.0,
172963,002332,Anoka-Ramsey Community College,2,cohesive,one system,0.779,Minnesota State Colleges and Universities
17296301,002332,Anoka-Ramsey Community College-Cambridge Campus,2,cohesive,one system,0.779,Minnesota State Colleges and Universities
173045,002334,Augsburg University,1,single,single campus,1.0,
173063,002335,Riverland Community College,1,single,single campus,1.0,Minnesota State Colleges and Universities
173124,002336,Bemidji State University,1,single,single campus,1.0,Minnesota State Colleges and Universities
173142,002337,Bethany Lutheran College,1,single,single campus,1.0,
173203,002339,Central Lakes College-Brainerd,2,cohesive,one system,0.727,Minnesota State Colleges and Universities
17320301,002339,Central Lakes College-Staples Campus,2,cohesive,one system,0.727,Minnesota State Colleges and Universities
173258,002340,Carleton College,1,single,single campus,1.0,
174747,002341,College of Saint Benedict,1,single,single campus,1.0,
175005,002342,St Catherine University,1,single,single campus,1.0,
174899,002343,The College of Saint Scholastica,1,single,single campus,1.0,
174914,002345,University of St Thomas,1,single,single campus,1.0,
173300,002346,Concordia College at Moorhead,1,single,single campus,1.0,
173328,002347,Concordia University-Saint Paul,1,single,single campus,1.0,
173647,002353,Gustavus Adolphus College,1,single,single campus,1.0,
173665,002354,Hamline University,1,single,single campus,1.0,
173735,002355,Minnesota North College,6,cohesive,one system,0.657,Minnesota State Colleges and Universities
17373501,002355,Minnesota North College - Itasca,6,cohesive,one system,0.657,Minnesota State Colleges and Universities
17373502,002355,Minnesota North College - Mesabi Range Virginia,6,cohesive,one system,0.657,Minnesota State Colleges and Universities
17373503,002355,Minnesota North College - Mesabi Range Eveleth,6,cohesive,one system,0.657,Minnesota State Colleges and Universities
17373504,002355,Minnesota North College - Rainy River,6,cohesive,one system,0.657,Minnesota State Colleges and Universities
17373505,002355,Minnesota North College - Vermilion,6,cohesive,one system,0.657,Minnesota State Colleges and Universities
173896,002357,Luther Seminary,1,single,single campus,1.0,
173902,002358,Macalester College,1,single,single campus,1.0,
173920,002360,Minnesota State University-Mankato,1,single,single campus,1.0,Minnesota State Colleges and Universities
173452,002361,Martin Luther College,1,single,single campus,1.0,
174136,002362,Minneapolis Community and Technical College,1,single,single campus,1.0,Minnesota State Colleges and Universities
174127,002365,Minneapolis College of Art and Design,1,single,single campus,1.0,
174358,002367,Minnesota State University Moorhead,1,single,single campus,1.0,Minnesota State Colleges and Universities
174437,002369,North Central University,1,single,single campus,1.0,
174376,002370,North Hennepin Community College,1,single,single campus,1.0,Minnesota State Colleges and Universities
174491,002371,University of Northwestern-St Paul,1,single,single campus,1.0,
174738,002373,Rochester Community and Technical College,1,single,single campus,1.0,Minnesota State Colleges and Universities
175078,002375,Southwest Minnesota State University,1,single,single campus,1.0,Minnesota State Colleges and Universities
174783,002377,Saint Cloud State University,1,single,single campus,1.0,Minnesota State Colleges and Universities
174792,002379,Saint Johns University,1,single,single campus,1.0,
174817,002380,Saint Mary's University of Minnesota,1,single,single campus,1.0,
174844,002382,St Olaf College,1,single,single campus,1.0,
174862,002383,Crown College,1,single,single campus,1.0,
174473,002385,Northland Community and Technical College,3,cohesive,one system,0.812,Minnesota State Colleges and Universities
17447301,002385,Northland Community and Technical College - East Grand Forks,3,cohesive,one system,0.812,Minnesota State Colleges and Universities
17447302,002385,Northland Community and Technical College - Aerospace,3,cohesive,one system,0.812,Minnesota State Colleges and Universities
175139,002386,United Theological Seminary of the Twin Cities,1,single,single campus,1.0,
174233,002388,University of Minnesota-Duluth,1,single,single campus,1.0,University of Minnesota
174251,002389,University of Minnesota-Morris,1,single,single campus,1.0,University of Minnesota
175281,002391,Mitchell Hamline School of Law,1,single,single campus,1.0,
175263,002393,Minnesota State College Southeast,2,cohesive,one system,0.79,Minnesota State Colleges and Universities
17526301,002393,Minnesota State CollegeSoutheast-Red Wing Campus,2,cohesive,one system,0.79,Minnesota State Colleges and Universities
175272,002394,Winona State University,1,single,single campus,1.0,Minnesota State Colleges and Universities
175342,002396,Alcorn State University,1,single,single campus,1.0,Mississippi Institutions of Higher Learning
175421,002397,Belhaven University,1,single,single campus,1.0,
175430,002398,Blue Mountain Christian University,1,single,single campus,1.0,
175519,002401,Coahoma Community College,1,single,single campus,1.0,
175573,002402,Copiah-Lincoln Community College,3,cohesive,name similarity,0.744,
17557301,002402,Copiah-Lincoln Community College Simpson County Center,3,cohesive,name similarity,0.744,
17557302,002402,Copiah-Lincoln Community College-Natchez Campus,3,cohesive,name similarity,0.744,
175616,002403,Delta State University,1,single,single campus,1.0,Mississippi Institutions of Higher Learning
175643,002404,East Central Community College,1,single,single campus,1.0,
175652,002405,East Mississippi Community College,1,single,single campus,1.0,
175786,002407,Hinds Community College,1,single,single campus,1.0,
175810,002408,Holmes Community College,1,single,single campus,1.0,
175829,002409,Itawamba Community College,1,single,single campus,1.0,
175856,002410,Jackson State University,1,single,single campus,1.0,Mississippi Institutions of Higher Learning
175883,002411,Jones County Junior College,1,single,single campus,1.0,
175935,002413,Meridian Community College,1,single,single campus,1.0,Mississippi State Board for Community and Junior Colleges
175980,002414,Millsaps College,1,single,single campus,1.0,
176053,002415,Mississippi Christian University,1,single,single campus,1.0,
176008,002416,Mississippi Delta Community College,1,single,single campus,1.0,
176071,002417,Mississippi Gulf Coast Community College,1,single,single campus,1.0,
176035,002422,Mississippi University for Women,1,single,single campus,1.0,Mississippi Institutions of Higher Learning
176080,002423,Mississippi State University,1,single,single campus,1.0,Mississippi Institutions of Higher Learning
176044,002424,Mississippi Valley State University,1,single,single campus,1.0,Mississippi Institutions of Higher Learning
176169,002426,Northeast Mississippi Community College,1,single,single campus,1.0,
176178,002427,Northwest Mississippi Community College,1,single,single campus,1.0,
176239,002430,Pearl River Community College,3,mixed,name similarity,0.256,
17623901,002430,Pearl River Community College-Forrest County Campus,3,mixed,name similarity,0.256,
17623902,002430,PRCC Hancock Aviation Aerospace Workforce Academy,3,mixed,name similarity,0.256,
176318,002433,Rust College,1,single,single campus,1.0,
176336,002435,Southeastern Baptist College,1,single,single campus,1.0,
176354,002436,Southwest Mississippi Community College,1,single,single campus,1.0,
176406,002439,Tougaloo College,1,single,single campus,1.0,
176017,002440,University of Mississippi,2,cohesive,one system,0.769,Mississippi Institutions of Higher Learning
17601701,002440,University of Mississippi Medical Center,2,cohesive,one system,0.769,Mississippi Institutions of Higher Learning
176372,002441,University of Southern Mississippi,1,single,single campus,1.0,Mississippi Institutions of Higher Learning
176479,002447,William Carey University,1,single,single campus,1.0,
176628,002449,Avila University,2,cohesive,name similarity,0.744,
17662801,002449,Avila University -  Arizona,2,cohesive,name similarity,0.744,
176789,002450,Calvary University,1,single,single campus,1.0,
176947,002453,Central Methodist University-College of Liberal Arts and Sciences,2,cohesive,one system,0.791,Central Methodist University
445267,002453,Central Methodist University-College of Graduate and Extended Studies,2,cohesive,one system,0.791,Central Methodist University
176965,002454,University of Central Missouri,1,single,single campus,1.0,
177065,002456,Columbia College,15,mixed,name similarity,0.478,
17706501,002456,Columbia College - Redstone Arsenal,15,mixed,name similarity,0.478,
17706504,002456,Columbia College - NAS Jacksonville,15,mixed,name similarity,0.478,
17706508,002456,Columbia College - Fort Leonard Wood,15,mixed,name similarity,0.478,
17706510,002456,Columbia College - Lake Ozark,15,mixed,name similarity,0.478,
17706512,002456,Columbia College - Fort Worth,15,mixed,name similarity,0.478,
17706515,002456,Columbia College - Naval Station Everett/Marysville,15,mixed,name similarity,0.478,
17706523,002456,Columbia College - Fort Stewart,15,mixed,name similarity,0.478,
17706524,002456,Columbia College - Hunter Army Airfield,15,mixed,name similarity,0.478,
17706525,002456,Columbia College - Elgin,15,mixed,name similarity,0.478,
17706527,002456,Columbia College - Whidbey Island,15,mixed,name similarity,0.478,
17706530,002456,Columbia College - Fort Sill,15,mixed,name similarity,0.478,
17706532,002456,Columbia College - San Diego,15,mixed,name similarity,0.478,
17706546,002456,Columbia College - Denver,15,mixed,name similarity,0.478,
17706547,002456,Columbia College - Whiteman AFB,15,mixed,name similarity,0.478,
177092,002457,Concordia Seminary,1,single,single campus,1.0,
177117,002458,Cottey College,1,single,single campus,1.0,
177135,002459,Crowder College,1,single,single campus,1.0,
177144,002460,Culver-Stockton College,1,single,single campus,1.0,
177214,002461,Drury University,2,mixed,name similarity,0.427,
492801,002461,Drury University-College of Continuing Professional Studies,2,mixed,name similarity,0.427,
177278,002462,Eden Theological Seminary,1,single,single campus,1.0,
177339,002463,Evangel University,3,mixed,name similarity,0.507,
477233,002463,Evangel University-James River Assembly of God Church,3,mixed,name similarity,0.507,
497824,002463,Evangel University-College of Online Learning,3,mixed,name similarity,0.507,
177551,002466,Harris-Stowe State University,1,single,single campus,1.0,
177083,002467,Conception Seminary College,1,single,single campus,1.0,
177676,002468,Jefferson College,1,single,single campus,1.0,
179308,002471,Saint Louis Community College,1,single,single campus,1.0,St Louis Community College District
177746,002473,Kansas City Art Institute,1,single,single campus,1.0,
179812,002474,Kansas City University,2,cohesive,name similarity,0.863,
17981201,002474,Kansas City University-Joplin,2,cohesive,name similarity,0.863,
177816,002476,Kenrick Glennon Seminary,1,single,single campus,1.0,
177834,002477,A T Still University of Health Sciences,1,single,single campus,1.0,
177940,002479,Lincoln University,1,single,single campus,1.0,
177968,002480,Lindenwood University,1,single,single campus,1.0,
178059,002482,Maryville University of Saint Louis,1,single,single campus,1.0,
177995,002484,Metropolitan Community College-Kansas City,1,single,single campus,1.0,Metropolitan Community Colleges
178208,002485,Midwestern Baptist Theological Seminary,1,single,single campus,1.0,
178217,002486,Mineral Area College,1,single,single campus,1.0,
178341,002488,Missouri Southern State University,1,single,single campus,1.0,
178369,002489,Missouri Valley College,1,single,single campus,1.0,
178387,002490,Missouri Western State University,1,single,single campus,1.0,
178448,002491,Moberly Area Community College,1,single,single campus,1.0,
178518,002494,Nazarene Theological Seminary,1,single,single campus,1.0,
178615,002495,Truman State University,1,single,single campus,1.0,
178624,002496,Northwest Missouri State University,1,single,single campus,1.0,
178721,002498,Park University,1,single,single campus,1.0,
179043,002499,Rockhurst University,1,single,single campus,1.0,
178697,002500,College of the Ozarks,1,single,single campus,1.0,
179557,002501,Southeast Missouri State University,1,single,single campus,1.0,
179326,002502,Southwest Baptist University,1,single,single campus,1.0,
179566,002503,Missouri State University-Springfield,1,single,single campus,1.0,Missouri State University
179265,002504,University of Health Sciences and Pharmacy in St. Louis,1,single,single campus,1.0,
179159,002506,Saint Louis University,1,single,single campus,1.0,
179317,002509,Saint Paul School of Theology,1,single,single campus,1.0,
179548,002512,Stephens College,1,single,single campus,1.0,
179715,002514,North Central Missouri College,1,single,single campus,1.0,
178396,002516,University of Missouri-Columbia,1,single,single campus,1.0,University of Missouri System
178411,002517,Missouri University of Science and Technology,1,single,single campus,1.0,University of Missouri System
178402,002518,University of Missouri-Kansas City,1,single,single campus,1.0,University of Missouri System
178420,002519,University of Missouri-St Louis,1,single,single campus,1.0,University of Missouri System
179867,002520,Washington University in St Louis,1,single,single campus,1.0,
179894,002521,Webster University,1,single,single campus,1.0,
179946,002523,Westminster College,1,single,single campus,1.0,
179955,002524,William Jewell College,1,single,single campus,1.0,
179964,002525,William Woods University,1,single,single campus,1.0,
180106,002526,Carroll College,1,single,single campus,1.0,
180258,002527,University of Providence,1,single,single campus,1.0,Providence Health and Services
180373,002528,Miles Community College,1,single,single campus,1.0,Montana University System
180151,002529,Dawson Community College,1,single,single campus,1.0,
180179,002530,Montana State University Billings,2,cohesive,one system,0.835,Montana University System
18017901,002530,City College Montana State University Billings,2,cohesive,one system,0.835,Montana University System
180081,002531,Highlands College of Montana Tech,2,mixed,name similarity,0.369,
180416,002531,Montana Technological University,2,mixed,name similarity,0.369,
180461,002532,Montana State University,1,single,single campus,1.0,Montana University System
180522,002533,Montana State University-Northern,1,single,single campus,1.0,Montana University System
180595,002534,Rocky Mountain College,1,single,single campus,1.0,
180489,002536,The University of Montana,1,single,single campus,1.0,Montana University System
180692,002537,The University of Montana-Western,1,single,single campus,1.0,Montana University System
180948,002539,Chadron State College,1,single,single campus,1.0,Nebraska State College System
181604,002540,College of Saint Mary,1,single,single campus,1.0,
180984,002541,Concordia University-Nebraska,1,single,single campus,1.0,Concordia University System
181002,002542,Creighton University,1,single,single campus,1.0,
181020,002544,Doane University,1,single,single campus,1.0,
181127,002548,Hastings College,1,single,single campus,1.0,
181215,002551,University of Nebraska at Kearney,1,single,single campus,1.0,University of Nebraska
181330,002553,Midland University,1,single,single campus,1.0,
181394,002554,University of Nebraska at Omaha,1,single,single campus,1.0,University of Nebraska
181446,002555,Nebraska Wesleyan University,1,single,single campus,1.0,
181312,002557,Mid-Plains Community College,1,single,single campus,1.0,
181534,002559,Peru State College,1,single,single campus,1.0,Nebraska State College System
181817,002560,Western Nebraska Community College,1,single,single campus,1.0,
181738,002563,Union Adventist University,1,single,single campus,1.0,
181464,002565,University of Nebraska-Lincoln,2,mixed,"one system, names differ",0.338,University of Nebraska
181765,002565,Nebraska College of Technical Agriculture,2,mixed,"one system, names differ",0.338,University of Nebraska
181783,002566,Wayne State College,1,single,single campus,1.0,Nebraska State College System
181853,002567,York University,1,single,single campus,1.0,
182290,002568,University of Nevada-Reno,1,single,single campus,1.0,Nevada System of Higher Education
182281,002569,University of Nevada-Las Vegas,1,single,single campus,1.0,Nevada System of Higher Education
182634,002572,Colby-Sawyer College,1,single,single campus,1.0,
182670,002573,Dartmouth College,1,single,single campus,1.0,
182795,002575,Franklin Pierce University,1,single,single campus,1.0,
182980,002579,New England College,1,single,single campus,1.0,
183026,002580,Southern New Hampshire University,1,single,single campus,1.0,
183099,002581,NHTI-Concord's Community College,1,single,single campus,1.0,Community College System of New Hampshire
183132,002582,Manchester Community College,1,single,single campus,1.0,Community College System of New Hampshire
183150,002583,Great Bay Community College,1,single,single campus,1.0,Community College System of New Hampshire
183211,002586,Rivier University,1,single,single campus,1.0,
183239,002587,Saint Anselm College,1,single,single campus,1.0,
182829,002589,University of New Hampshire-Franklin Pierce School of Law,4,mixed,"one system, names differ",0.585,University System of New Hampshire
183044,002589,University of New Hampshire-Main Campus,4,mixed,"one system, names differ",0.585,University System of New Hampshire
183071,002589,University of New Hampshire at Manchester,4,mixed,"one system, names differ",0.585,University System of New Hampshire
183257,002589,University of New Hampshire College of Professional Studies Online,4,mixed,"one system, names differ",0.585,University System of New Hampshire
183062,002590,Keene State College,1,single,single campus,1.0,University System of New Hampshire
183080,002591,Plymouth State University,1,single,single campus,1.0,University System of New Hampshire
183600,002595,Assumption College for Sisters,1,single,single campus,1.0,
183655,002596,Atlantic Cape Community College,1,single,single campus,1.0,
183910,002598,Caldwell University,1,single,single campus,1.0,
183974,002599,Centenary University,1,single,single campus,1.0,
186618,002600,Saint Elizabeth University,1,single,single campus,1.0,
184348,002603,Drew University,1,single,single campus,1.0,
184603,002607,Fairleigh Dickinson University-Metropolitan Campus,2,cohesive,name similarity,0.821,
184694,002607,Fairleigh Dickinson University-Florham Campus,2,cohesive,name similarity,0.821,
184773,002608,Georgian Court University,1,single,single campus,1.0,
184782,002609,Rowan University,1,single,single campus,1.0,
184612,002610,Felician University,1,single,single campus,1.0,
185129,002613,New Jersey City University,1,single,single campus,1.0,
185536,002615,Middlesex College,1,single,single campus,1.0,
185572,002616,Monmouth University,2,mixed,name similarity,0.528,
18557201,002616,Monmouth University -  Monmouth Park Corporate Center,2,mixed,name similarity,0.528,
183822,002617,Bloomfield College of Montclair State University,2,cohesive,name similarity,0.703,
185590,002617,Montclair State University,2,cohesive,name similarity,0.703,
185758,002619,New Brunswick Theological Seminary,1,single,single campus,1.0,
185828,002621,New Jersey Institute of Technology,1,single,single campus,1.0,
185262,002622,Kean University,1,single,single campus,1.0,
185873,002624,Ocean County College,1,single,single campus,1.0,
187444,002625,William Paterson University of New Jersey,1,single,single campus,1.0,
186122,002626,Princeton Theological Seminary,1,single,single campus,1.0,
186131,002627,Princeton University,1,single,single campus,1.0,
186283,002628,Rider University,1,single,single campus,1.0,
186371,002629,Rutgers University-Camden,3,cohesive,name similarity,0.702,
186380,002629,Rutgers University-New Brunswick,3,cohesive,name similarity,0.702,
186399,002629,Rutgers University-Newark,3,cohesive,name similarity,0.702,
186584,002632,Seton Hall University,1,single,single campus,1.0,
186432,002638,Saint Peter's University,1,single,single campus,1.0,
186867,002639,Stevens Institute of Technology,1,single,single campus,1.0,
187134,002642,The College of New Jersey,1,single,single campus,1.0,
187198,002643,UCNJ Union College of Union County New Jersey,1,single,single campus,1.0,
188182,002650,University of the Southwest,1,single,single campus,1.0,
187648,002651,Eastern New Mexico University-Main Campus,3,cohesive,one system,0.68,Eastern New Mexico University
187666,002651,Eastern New Mexico University-Roswell Campus,3,cohesive,one system,0.68,Eastern New Mexico University
383996,002651,Eastern New Mexico University Ruidoso Branch Community College,3,cohesive,one system,0.68,Eastern New Mexico University
187897,002653,New Mexico Highlands University,1,single,single campus,1.0,
187967,002654,New Mexico Institute of Mining and Technology,1,single,single campus,1.0,
187903,002655,New Mexico Junior College,1,single,single campus,1.0,
187912,002656,New Mexico Military Institute,1,single,single campus,1.0,
187620,002657,New Mexico State University-Dona Ana,4,cohesive,one system,0.8,New Mexico State University System
187994,002657,New Mexico State University-Alamogordo,4,cohesive,one system,0.8,New Mexico State University System
188021,002657,New Mexico State University-Grants,4,cohesive,one system,0.8,New Mexico State University System
188030,002657,New Mexico State University-Main Campus,4,cohesive,one system,0.8,New Mexico State University System
188100,002660,San Juan College,1,single,single campus,1.0,
187958,002663,University of New Mexico-Gallup Campus,5,cohesive,one system,0.824,University of New Mexico
187976,002663,University of New Mexico-Los Alamos Campus,5,cohesive,one system,0.824,University of New Mexico
187985,002663,University of New Mexico-Main Campus,5,cohesive,one system,0.824,University of New Mexico
188049,002663,University of New Mexico-Valencia County Campus,5,cohesive,one system,0.824,University of New Mexico
188225,002663,University of New Mexico-Taos Campus,5,cohesive,one system,0.824,University of New Mexico
188304,002664,Western New Mexico University,1,single,single campus,1.0,
188340,002665,Vaughn College of Aeronautics and Technology,1,single,single campus,1.0,
188429,002666,Adelphi University,1,single,single campus,1.0,
188641,002668,Alfred University,1,single,single campus,1.0,
189015,002669,Bank Street College of Education,1,single,single campus,1.0,
166489,002671,Longy School of Music of Bard College,15,mixed,"one system, names differ",0.231,Bard College
167792,002671,Simon's Rock at Bard College,15,mixed,"one system, names differ",0.231,Bard College
189088,002671,Bard College,15,mixed,"one system, names differ",0.231,Bard College
18908801,002671,Bard College - Holyoke Microcollege,15,mixed,"one system, names differ",0.231,Bard College
18908802,002671,Bard College - Coxsackie Correctional Facility,15,mixed,"one system, names differ",0.231,Bard College
18908803,002671,Bard College - Eastern NY Correctional Facility,15,mixed,"one system, names differ",0.231,Bard College
18908804,002671,Bard College - Fishkill Correctional Facility,15,mixed,"one system, names differ",0.231,Bard College
18908805,002671,Bard College - Green Haven Correctional Facility,15,mixed,"one system, names differ",0.231,Bard College
18908806,002671,Bard College - Taconic Correctional Facility,15,mixed,"one system, names differ",0.231,Bard College
18908807,002671,Bard College - Woodbourne Correctional Facility,15,mixed,"one system, names differ",0.231,Bard College
18908808,002671,Bard College - BHSEC Newark,15,mixed,"one system, names differ",0.231,Bard College
18908809,002671,Bard College - Brooklyn Public Library,15,mixed,"one system, names differ",0.231,Bard College
18908811,002671,Bard College - New York Public Library Countee Cullen Branch,15,mixed,"one system, names differ",0.231,Bard College
18908812,002671,Bard College - Bard Globalization and International Affairs Program,15,mixed,"one system, names differ",0.231,Bard College
18908814,002671,Bard College - Albion Correctional Facility,15,mixed,"one system, names differ",0.231,Bard College
189501,002677,Brooklyn Law School,1,single,single campus,1.0,
188517,002678,Bryant & Stratton College-Albany,17,cohesive,one system,0.778,Bryant & Stratton College
189565,002678,Bryant & Stratton College-Syracuse North,17,cohesive,one system,0.778,Bryant & Stratton College
189583,002678,Bryant & Stratton College-Buffalo,17,cohesive,one system,0.778,Bryant & Stratton College
189592,002678,Bryant & Stratton College-Greece,17,cohesive,one system,0.778,Bryant & Stratton College
201469,002678,Bryant & Stratton College-Parma,17,cohesive,one system,0.778,Bryant & Stratton College
231785,002678,Bryant & Stratton College-Virginia Beach,17,cohesive,one system,0.778,Bryant & Stratton College
451750,002678,Bryant & Stratton College-Wauwatosa,17,cohesive,one system,0.778,Bryant & Stratton College
480091,002678,Bryant & Stratton College-Online,17,cohesive,one system,0.778,Bryant & Stratton College
18956501,002678,Bryant & Stratton College-Syracuse,17,cohesive,one system,0.778,Bryant & Stratton College
18958301,002678,Bryant & Stratton College-Amherst,17,cohesive,one system,0.778,Bryant & Stratton College
18958302,002678,Bryant & Stratton College-Southtowns,17,cohesive,one system,0.778,Bryant & Stratton College
18959201,002678,Bryant & Stratton College-Henrietta,17,cohesive,one system,0.778,Bryant & Stratton College
20146901,002678,Bryant & Stratton College-Akron,17,cohesive,one system,0.778,Bryant & Stratton College
20146902,002678,Bryant & Stratton College-Solon,17,cohesive,one system,0.778,Bryant & Stratton College
23178501,002678,Bryant & Stratton College-Richmond,17,cohesive,one system,0.778,Bryant & Stratton College
23178502,002678,Bryant & Stratton College-Hampton,17,cohesive,one system,0.778,Bryant & Stratton College
45175002,002678,Bryant & Stratton College-Racine,17,cohesive,one system,0.778,Bryant & Stratton College
189705,002681,Canisius University,1,single,single campus,1.0,
190549,002687,CUNY Brooklyn College,2,mixed,"one system, names differ",0.525,City University of New York
19054901,002687,CUNY Brooklyn College - Feirstein Graduate School of Cinema,2,mixed,"one system, names differ",0.525,City University of New York
190567,002688,CUNY City College,1,single,single campus,1.0,City University of New York
190594,002689,CUNY Hunter College,1,single,single campus,1.0,City University of New York
190664,002690,CUNY Queens College,1,single,single campus,1.0,City University of New York
190521,002691,CUNY Borough of Manhattan Community College,1,single,single campus,1.0,City University of New York
190530,002692,CUNY Bronx Community College,1,single,single campus,1.0,City University of New York
190600,002693,CUNY John Jay College of Criminal Justice,1,single,single campus,1.0,City University of New York
190619,002694,CUNY Kingsborough Community College,1,single,single campus,1.0,City University of New York
190655,002696,CUNY New York City College of Technology,1,single,single campus,1.0,City University of New York
190673,002697,CUNY Queensborough Community College,1,single,single campus,1.0,City University of New York
190558,002698,College of Staten Island CUNY,1,single,single campus,1.0,City University of New York
190044,002699,Clarkson University,2,cohesive,name similarity,0.633,
19004401,002699,Clarkson University Capital Region Campus,2,cohesive,name similarity,0.633,
190080,002700,Colgate Rochester Crozer Divinity School,1,single,single campus,1.0,
190099,002701,Colgate University,1,single,single campus,1.0,
193399,002703,University of Mount Saint Vincent,1,single,single campus,1.0,
190150,002707,Columbia University in the City of New York,1,single,single campus,1.0,
189097,002708,Barnard College,1,single,single campus,1.0,
190372,002710,The Cooper Union for the Advancement of Science and Art,1,single,single campus,1.0,
190415,002711,Cornell University,2,mixed,"one system, names differ",0.59,Cornell University
190424,002711,Weill Medical College of Cornell University,2,mixed,"one system, names differ",0.59,Cornell University
190716,002712,D'Youville  University,1,single,single campus,1.0,
190761,002713,Dominican University New York,1,single,single campus,1.0,
190983,002718,Elmira College,1,single,single campus,1.0,
191241,002722,Fordham University,1,single,single campus,1.0,
191515,002728,Hamilton College,1,single,single campus,1.0,
191533,002729,Hartwick College,1,single,single campus,1.0,
191630,002731,Hobart William Smith Colleges,1,single,single campus,1.0,
191649,002732,Hofstra University,1,single,single campus,1.0,
191676,002734,Houghton University,1,single,single campus,1.0,
191621,002735,Hilbert College,1,single,single campus,1.0,
191931,002737,Iona University,1,single,single campus,1.0,
191968,002739,Ithaca College,1,single,single campus,1.0,
192040,002740,Jewish Theological Seminary of America,1,single,single campus,1.0,
116846,002741,American Jewish University,1,single,single campus,1.0,
192110,002742,The Juilliard School,1,single,single campus,1.0,
192192,002744,Keuka College,1,single,single campus,1.0,
192323,002748,Le Moyne College,1,single,single campus,1.0,
194073,002749,New York College of Podiatric Medicine,1,single,single campus,1.0,
192448,002751,Long Island University,1,single,single campus,1.0,
192703,002758,Manhattan University,1,single,single campus,1.0,
192712,002759,Manhattan School of Music,1,single,single campus,1.0,
192749,002760,Manhattanville University,1,single,single campus,1.0,
192785,002763,Maria College of Albany,1,single,single campus,1.0,
192819,002765,Marist University,1,single,single campus,1.0,
192864,002769,Marymount Manhattan College,1,single,single campus,1.0,
193016,002772,Mercy University,1,single,single campus,1.0,
193292,002775,Molloy University,1,single,single campus,1.0,
193353,002778,Mount Saint Mary College,1,single,single campus,1.0,
193584,002779,Nazareth University,1,single,single campus,1.0,
194091,002782,New York Institute of Technology,1,single,single campus,1.0,
193821,002783,New York Law School,1,single,single campus,1.0,
193830,002784,New York Medical College,1,single,single campus,1.0,Touro University System
193900,002785,New York University,1,single,single campus,1.0,
193973,002788,Niagara University,1,single,single campus,1.0,
194310,002791,Pace University,1,single,single campus,1.0,
194392,002795,Paul Smiths College of Arts and Science,1,single,single campus,1.0,
194578,002798,Pratt Institute-Main,2,mixed,name similarity,0.462,
19457801,002798,Pratt Manhattan-A Division of Pratt Institute,2,mixed,name similarity,0.462,
194824,002803,Rensselaer Polytechnic Institute,1,single,single campus,1.0,
194958,002805,Roberts Wesleyan University,1,single,single campus,1.0,
195003,002806,Rochester Institute of Technology,1,single,single campus,1.0,
195049,002807,The Rockefeller University,1,single,single campus,1.0,
190725,002808,Daemen University,1,single,single campus,1.0,
195128,002810,Russell Sage College,1,single,single campus,1.0,
196653,002812,Trocaire College,1,single,single campus,1.0,
195304,002813,Sarah Lawrence College,1,single,single campus,1.0,
195526,002814,Skidmore College,1,single,single campus,1.0,
195155,002815,St Bernard's School of Theology and Ministry,1,single,single campus,1.0,
195474,002816,Siena University,1,single,single campus,1.0,
195164,002817,St Bonaventure University,1,single,single campus,1.0,
195173,002820,St. Francis College,1,single,single campus,1.0,
195720,002821,St. John Fisher University,1,single,single campus,1.0,
195809,002823,St. John's University-New York,1,single,single campus,1.0,
195544,002825,St. Joseph's University-New York,1,single,single campus,1.0,
195216,002829,St Lawrence University,1,single,single campus,1.0,
195243,002832,St. Thomas Aquinas College,1,single,single campus,1.0,
195580,002833,Saint Vladimirs Orthodox Theological Seminary,1,single,single campus,1.0,
196680,002834,Excelsior University,1,single,single campus,1.0,
196060,002835,University at Albany,1,single,single campus,1.0,State University of New York System
196079,002836,Binghamton University,1,single,single campus,1.0,State University of New York System
196088,002837,University at Buffalo,1,single,single campus,1.0,State University of New York System
196097,002838,Stony Brook University,1,single,single campus,1.0,State University of New York System
196255,002839,SUNY Downstate Health Sciences University,1,single,single campus,1.0,State University of New York System
196307,002840,Upstate Medical University,1,single,single campus,1.0,State University of New York System
196121,002841,SUNY Brockport,1,single,single campus,1.0,State University of New York System
196130,002842,SUNY Buffalo State University,1,single,single campus,1.0,State University of New York System
196149,002843,State University of New York at Cortland,1,single,single campus,1.0,State University of New York System
196158,002844,SUNY at Fredonia,1,single,single campus,1.0,State University of New York System
196167,002845,SUNY College at Geneseo,1,single,single campus,1.0,State University of New York System
196176,002846,State University of New York at New Paltz,1,single,single campus,1.0,State University of New York System
196185,002847,SUNY Oneonta,1,single,single campus,1.0,State University of New York System
196194,002848,State University of New York at Oswego,1,single,single campus,1.0,State University of New York System
196246,002849,State University of New York at Plattsburgh,1,single,single campus,1.0,State University of New York System
196200,002850,SUNY College at Potsdam,1,single,single campus,1.0,State University of New York System
196103,002851,SUNY College of Environmental Science and Forestry,1,single,single campus,1.0,State University of New York System
196291,002853,SUNY Maritime College,1,single,single campus,1.0,State University of New York System
196006,002854,SUNY College of Technology at Alfred,1,single,single campus,1.0,State University of New York System
196015,002855,SUNY College of Technology at Canton,1,single,single campus,1.0,State University of New York System
196033,002856,SUNY College of Agriculture and Technology at Cobleskill,1,single,single campus,1.0,State University of New York System
196024,002857,SUNY College of Technology at Delhi,1,single,single campus,1.0,State University of New York System
196042,002858,Farmingdale State College,1,single,single campus,1.0,State University of New York System
196051,002859,SUNY Morrisville,1,single,single campus,1.0,State University of New York System
188438,002860,SUNY Adirondack,1,single,single campus,1.0,State University of New York System
189839,002861,Cayuga County Community College,1,single,single campus,1.0,State University of New York System
189547,002862,SUNY Broome Community College,1,single,single campus,1.0,State University of New York System
190442,002863,SUNY Corning Community College,1,single,single campus,1.0,State University of New York System
190840,002864,Dutchess Community College,1,single,single campus,1.0,State University of New York System
191126,002866,Fashion Institute of Technology,1,single,single campus,1.0,State University of New York System
191302,002867,Fulton-Montgomery Community College,1,single,single campus,1.0,State University of New York System
191719,002868,Hudson Valley Community College,1,single,single campus,1.0,State University of New York System
191986,002869,Jamestown Community College,1,single,single campus,1.0,State University of New York System
192022,002870,Jefferson Community College,1,single,single campus,1.0,State University of New York System
193283,002871,Mohawk Valley Community College,1,single,single campus,1.0,State University of New York System
193326,002872,Monroe Community College,1,single,single campus,1.0,State University of New York System
193478,002873,Nassau Community College,1,single,single campus,1.0,State University of New York System
193946,002874,Niagara County Community College,1,single,single campus,1.0,State University of New York System
194222,002875,Onondaga Community College,1,single,single campus,1.0,State University of New York System
194240,002876,Orange County Community College,1,single,single campus,1.0,State University of New York System
195058,002877,Rockland Community College,1,single,single campus,1.0,State University of New York System
366395,002878,Suffolk County Community College,1,single,single campus,1.0,State University of New York System
195988,002879,Sullivan County Community College,1,single,single campus,1.0,State University of New York System
196699,002880,Ulster County Community College,1,single,single campus,1.0,State University of New York System
197294,002881,SUNY Westchester Community College,1,single,single campus,1.0,State University of New York System
196413,002882,Syracuse University,1,single,single campus,1.0,
197045,002883,Utica University,1,single,single campus,1.0,
188526,002885,Albany College of Pharmacy and Health Sciences,1,single,single campus,1.0,
188535,002886,Albany Law School,1,single,single campus,1.0,
188580,002887,Albany Medical College,1,single,single campus,1.0,Albany Medical Center
196866,002889,Union College,1,single,single campus,1.0,
196884,002890,Union Theological Seminary in the City of New York,1,single,single campus,1.0,
197027,002892,United States Merchant Marine Academy,1,single,single campus,1.0,
197036,002893,United States Military Academy,1,single,single campus,1.0,
195030,002894,University of Rochester,1,single,single campus,1.0,
197133,002895,Vassar College,1,single,single campus,1.0,
197142,002896,Villa Maria College,1,single,single campus,1.0,
197197,002899,Wagner College,1,single,single campus,1.0,
197221,002900,Webb Institute,1,single,single campus,1.0,
197708,002903,Yeshiva University,1,single,single campus,1.0,
199102,002905,North Carolina A & T State University,1,single,single campus,1.0,University of North Carolina
197869,002906,Appalachian State University,1,single,single campus,1.0,University of North Carolina
199111,002907,University of North Carolina Asheville,1,single,single campus,1.0,University of North Carolina
197911,002908,Barton College,1,single,single campus,1.0,
197984,002910,Belmont Abbey College,1,single,single campus,1.0,
197993,002911,Bennett College,1,single,single campus,1.0,
198066,002912,Brevard College,1,single,single campus,1.0,
198136,002913,Campbell University,1,single,single campus,1.0,
198215,002914,Catawba College,1,single,single campus,1.0,
198260,002915,Central Piedmont Community College,1,single,single campus,1.0,North Carolina Community College System
198303,002916,Chowan University,1,single,single campus,1.0,
197814,002917,College of the Albemarle,1,single,single campus,1.0,North Carolina Community College System
198385,002918,Davidson College,1,single,single campus,1.0,
198376,002919,Davidson-Davie Community College,1,single,single campus,1.0,North Carolina Community College System
198419,002920,Duke University,1,single,single campus,1.0,
198464,002923,East Carolina University,1,single,single campus,1.0,University of North Carolina
198507,002926,Elizabeth City State University,1,single,single campus,1.0,University of North Carolina
198516,002927,Elon University,1,single,single campus,1.0,
198543,002928,Fayetteville State University,1,single,single campus,1.0,University of North Carolina
198561,002929,Gardner-Webb University,1,single,single campus,1.0,
198598,002930,Greensboro College,1,single,single campus,1.0,
198613,002931,Guilford College,1,single,single campus,1.0,
198695,002933,High Point University,1,single,single campus,1.0,
198710,002934,Isothermal Community College,1,single,single campus,1.0,North Carolina Community College System
198756,002936,Johnson C Smith University,1,single,single campus,1.0,
198808,002939,Lees-McRae College,1,single,single campus,1.0,
198817,002940,Lenoir Community College,1,single,single campus,1.0,North Carolina Community College System
198835,002941,Lenoir-Rhyne University,1,single,single campus,1.0,
198862,002942,Livingstone College,1,single,single campus,1.0,
198871,002943,Louisburg College,1,single,single campus,1.0,
198899,002944,Mars Hill University,1,single,single campus,1.0,
198950,002945,Meredith College,1,single,single campus,1.0,
198969,002946,Methodist University,1,single,single campus,1.0,
198987,002947,Mitchell Community College,1,single,single campus,1.0,North Carolina Community College System
199032,002948,Montreat College,1,single,single campus,1.0,
199069,002949,University of Mount Olive,1,single,single campus,1.0,
199157,002950,North Carolina Central University,1,single,single campus,1.0,University of North Carolina
199209,002951,North Carolina Wesleyan University,1,single,single campus,1.0,
199272,002953,William Peace University,1,single,single campus,1.0,
199281,002954,University of North Carolina at Pembroke,1,single,single campus,1.0,University of North Carolina
199306,002955,Pfeiffer University,1,single,single campus,1.0,
489937,002956,Carolina University,1,single,single campus,1.0,
199412,002957,Queens University of Charlotte,1,single,single campus,1.0,
199485,002958,Rockingham Community College,1,single,single campus,1.0,North Carolina Community College System
199607,002960,Salem College,1,single,single campus,1.0,
199634,002961,Sandhills Community College,1,single,single campus,1.0,North Carolina Community College System
199643,002962,Shaw University,1,single,single campus,1.0,
199759,002963,Southeastern Baptist Theological Seminary,4,cohesive,name similarity,0.707,
19975901,002963,Southeastern Baptist Theological Seminary-Nash County Extension Center,4,cohesive,name similarity,0.707,
19975902,002963,Southeastern Baptist Theological Seminary-Wake County Extension Center,4,cohesive,name similarity,0.707,
19975903,002963,Southeastern Baptist Theological Seminary - Lowell Correctional Institution,4,cohesive,name similarity,0.707,
199722,002964,Southeastern Community College,1,single,single campus,1.0,North Carolina Community College System
199582,002968,Saint Augustine's University,1,single,single campus,1.0,
199768,002970,Surry Community College,1,single,single campus,1.0,North Carolina Community College System
199193,002972,North Carolina State University at Raleigh,1,single,single campus,1.0,University of North Carolina
198570,002973,Gaston College,2,cohesive,one system,1.0,North Carolina Community College System
19857001,002973,Gaston College,2,cohesive,one system,1.0,North Carolina Community College System
199120,002974,University of North Carolina at Chapel Hill,1,single,single campus,1.0,University of North Carolina
199139,002975,University of North Carolina at Charlotte,1,single,single campus,1.0,University of North Carolina
199148,002976,University of North Carolina at Greensboro,1,single,single campus,1.0,University of North Carolina
199847,002978,Wake Forest University,1,single,single campus,1.0,
199865,002979,Warren Wilson College,1,single,single campus,1.0,
199892,002980,Wayne Community College,1,single,single campus,1.0,North Carolina Community College System
200004,002981,Western Carolina University,1,single,single campus,1.0,University of North Carolina
199908,002982,Western Piedmont Community College,1,single,single campus,1.0,North Carolina Community College System
199926,002983,Wilkes Community College,1,single,single campus,1.0,North Carolina Community College System
199218,002984,University of North Carolina Wilmington,1,single,single campus,1.0,University of North Carolina
199962,002985,Wingate University,1,single,single campus,1.0,
199999,002986,Winston-Salem State University,1,single,single campus,1.0,University of North Carolina
200022,002988,Bismarck State College,1,single,single campus,1.0,North Dakota University System
200059,002989,Dickinson State University,1,single,single campus,1.0,North Dakota University System
200156,002990,University of Jamestown,1,single,single campus,1.0,
200192,002991,Lake Region State College,1,single,single campus,1.0,North Dakota University System
200217,002992,University of Mary,1,single,single campus,1.0,
200226,002993,Mayville State University,1,single,single campus,1.0,North Dakota University System
200253,002994,Minot State University,1,single,single campus,1.0,North Dakota University System
200314,002995,Dakota College at Bottineau,1,single,single campus,1.0,North Dakota University System
200305,002996,North Dakota State College of Science,1,single,single campus,1.0,North Dakota University System
200332,002997,North Dakota State University-Main Campus,1,single,single campus,1.0,North Dakota University System
200280,003005,University of North Dakota,1,single,single campus,1.0,North Dakota University System
200341,003007,Williston State College,1,single,single campus,1.0,North Dakota University System
200572,003008,Valley City State University,1,single,single campus,1.0,North Dakota University System
200697,003009,Air Force Institute of Technology-Graduate School of Engineering & Management,1,single,single campus,1.0,
245838,003010,Antioch University-Los Angeles,5,cohesive,one system,0.71,Antioch University
245847,003010,Antioch University-Santa Barbara,5,cohesive,one system,0.71,Antioch University
245865,003010,Antioch University-New England,5,cohesive,one system,0.71,Antioch University
245883,003010,Antioch University-Seattle,5,cohesive,one system,0.71,Antioch University
245892,003010,Antioch University,5,cohesive,one system,0.71,Antioch University
201061,003011,Art Academy of Cincinnati,1,single,single campus,1.0,
201104,003012,Ashland University,1,single,single campus,1.0,
201140,003013,Athenaeum of Ohio,1,single,single campus,1.0,
201195,003014,Baldwin Wallace University,1,single,single campus,1.0,
201371,003016,Bluffton University,1,single,single campus,1.0,
201432,003018,Bowling Green State University-Firelands,2,cohesive,name similarity,0.829,
201441,003018,Bowling Green State University-Main Campus,2,cohesive,name similarity,0.829,
201548,003023,Capital University,1,single,single campus,1.0,
201645,003024,Case Western Reserve University,1,single,single campus,1.0,
201654,003025,Cedarville University,1,single,single campus,1.0,
201690,003026,Central State University,1,single,single campus,1.0,The University System of Ohio
201964,003030,Ohio Christian University,1,single,single campus,1.0,
202073,003031,Cleveland Institute of Music,1,single,single campus,1.0,
202134,003032,Cleveland State University,1,single,single campus,1.0,
204200,003033,Mount St. Joseph University,1,single,single campus,1.0,
204617,003035,Ohio Dominican University,1,single,single campus,1.0,
205957,003036,Franciscan University of Steubenville,1,single,single campus,1.0,
206589,003037,The College of Wooster,1,single,single campus,1.0,
202170,003039,Columbus College of Art & Design,1,single,single campus,1.0,
202356,003040,Cuyahoga Community College District,1,single,single campus,1.0,
202514,003041,Defiance College,1,single,single campus,1.0,
202523,003042,Denison University,1,single,single campus,1.0,
202763,003045,The University of Findlay,1,single,single campus,1.0,
202806,003046,Franklin University,1,single,single campus,1.0,
203085,003048,Heidelberg University,1,single,single campus,1.0,
203128,003049,Hiram College,1,single,single campus,1.0,
203368,003050,John Carroll University,1,single,single campus,1.0,
203447,003051,Kent State University at Ashtabula,8,cohesive,one system,0.783,The University System of Ohio
203456,003051,Kent State University at East Liverpool,8,cohesive,one system,0.783,The University System of Ohio
203465,003051,Kent State University at Stark,8,cohesive,one system,0.783,The University System of Ohio
203474,003051,Kent State University at Trumbull,8,cohesive,one system,0.783,The University System of Ohio
203483,003051,Kent State University at Tuscarawas,8,cohesive,one system,0.783,The University System of Ohio
203492,003051,Kent State University at Salem,8,cohesive,one system,0.783,The University System of Ohio
203517,003051,Kent State University at Kent,8,cohesive,one system,0.783,The University System of Ohio
203526,003051,Kent State University at Geauga,8,cohesive,one system,0.783,The University System of Ohio
203535,003065,Kenyon College,1,single,single campus,1.0,
203580,003066,Lake Erie College,1,single,single campus,1.0,
203748,003068,Lorain County Community College,1,single,single campus,1.0,
203757,003069,Lourdes University,1,single,single campus,1.0,
203775,003072,Malone University,1,single,single campus,1.0,
203845,003073,Marietta College,1,single,single campus,1.0,
203997,003075,Methodist Theological School in Ohio,1,single,single campus,1.0,
204006,003077,Miami University-Hamilton,3,cohesive,name similarity,0.75,
204015,003077,Miami University-Middletown,3,cohesive,name similarity,0.75,
204024,003077,Miami University-Oxford,3,cohesive,name similarity,0.75,
206604,003078,Wright State University-Main Campus,2,cohesive,name similarity,0.914,
206613,003078,Wright State University-Lake Campus,2,cohesive,name similarity,0.914,
204185,003083,University of Mount Union,1,single,single campus,1.0,
204264,003084,Muskingum University,1,single,single campus,1.0,
204501,003086,Oberlin College,1,single,single campus,1.0,
204635,003089,Ohio Northern University,1,single,single campus,1.0,
204662,003090,Ohio State University Agricultural Technical Institute,6,mixed,"one system, names differ",0.543,The Ohio State University-Main Campus
204671,003090,Ohio State University-Lima Campus,6,mixed,"one system, names differ",0.543,The Ohio State University-Main Campus
204680,003090,Ohio State University-Mansfield Campus,6,mixed,"one system, names differ",0.543,The Ohio State University-Main Campus
204699,003090,Ohio State University-Marion Campus,6,mixed,"one system, names differ",0.543,The Ohio State University-Main Campus
204705,003090,Ohio State University-Newark Campus,6,mixed,"one system, names differ",0.543,The Ohio State University-Main Campus
204796,003090,Ohio State University-Main Campus,6,mixed,"one system, names differ",0.543,The Ohio State University-Main Campus
204802,003100,Ohio University-Eastern Campus,6,cohesive,one system,0.75,Ohio University
204820,003100,Ohio University-Chillicothe Campus,6,cohesive,one system,0.75,Ohio University
204839,003100,Ohio University-Southern Campus,6,cohesive,one system,0.75,Ohio University
204848,003100,Ohio University-Lancaster Campus,6,cohesive,one system,0.75,Ohio University
204857,003100,Ohio University-Main Campus,6,cohesive,one system,0.75,Ohio University
204866,003100,Ohio University-Zanesville Campus,6,cohesive,one system,0.75,Ohio University
204909,003109,Ohio Wesleyan University,1,single,single campus,1.0,
204936,003110,Otterbein University,1,single,single campus,1.0,
205027,003113,Pontifical College Josephinum,1,single,single campus,1.0,
205090,003114,Firelands Regional Medical Center School of Nursing,1,single,single campus,1.0,
205124,003115,Rabbinical College Telshe,1,single,single campus,1.0,
205203,003116,University of Rio Grande,1,single,single campus,1.0,
205470,003119,Sinclair Community College,1,single,single campus,1.0,
206048,003121,Tiffin University,1,single,single campus,1.0,
206288,003122,United Theological Seminary,1,single,single campus,1.0,
200800,003123,University of Akron Main Campus,2,cohesive,name similarity,0.75,
200846,003123,University of Akron Wayne College,2,cohesive,name similarity,0.75,
201885,003125,University of Cincinnati-Main Campus,3,cohesive,one system,0.727,The University System of Ohio
201946,003125,University of Cincinnati-Clermont College,3,cohesive,one system,0.727,The University System of Ohio
201955,003125,University of Cincinnati-Blue Ash College,3,cohesive,one system,0.727,The University System of Ohio
202480,003127,University of Dayton,1,single,single campus,1.0,
206084,003131,University of Toledo,1,single,single campus,1.0,
206349,003134,Ursuline College,1,single,single campus,1.0,
206437,003135,Walsh University,1,single,single campus,1.0,
206491,003141,Wilberforce University,1,single,single campus,1.0,
206507,003142,Wilmington College,1,single,single campus,1.0,
206525,003143,Wittenberg University,1,single,single campus,1.0,
206622,003144,Xavier University,1,single,single campus,1.0,
206695,003145,Youngstown State University,1,single,single campus,1.0,
208035,003146,Western Oklahoma State College,1,single,single campus,1.0,Oklahoma State System of Higher Education
206862,003149,Southern Nazarene University,1,single,single campus,1.0,
206914,003150,Cameron University,1,single,single campus,1.0,
206835,003151,Oklahoma Wesleyan University,1,single,single campus,1.0,
206941,003152,University of Central Oklahoma,1,single,single campus,1.0,
206996,003153,Connors State College,1,single,single campus,1.0,Oklahoma State System of Higher Education
207041,003154,East Central University,1,single,single campus,1.0,Oklahoma State System of Higher Education
207050,003155,Eastern Oklahoma State College,1,single,single campus,1.0,
207069,003156,Redlands Community College,1,single,single campus,1.0,Oklahoma State System of Higher Education
207209,003157,Langston University,1,single,single campus,1.0,Oklahoma State System of Higher Education
207236,003158,Murray State College,1,single,single campus,1.0,
207290,003160,Northeastern Oklahoma A&M College,1,single,single campus,1.0,Oklahoma State System of Higher Education
207263,003161,Northeastern State University,1,single,single campus,1.0,Regional University System of Oklahoma
207281,003162,Northern Oklahoma College,1,single,single campus,1.0,
207306,003163,Northwestern Oklahoma State University,1,single,single campus,1.0,Regional University System of Oklahoma
207403,003164,Oklahoma Baptist University,1,single,single campus,1.0,
207324,003165,Oklahoma Christian University,1,single,single campus,1.0,
207458,003166,Oklahoma City University,1,single,single campus,1.0,
207722,003167,University of Science and Arts of Oklahoma,1,single,single campus,1.0,
207661,003168,Rogers State University,1,single,single campus,1.0,Oklahoma State System of Higher Education
207388,003170,Oklahoma State University-Main Campus,1,single,single campus,1.0,Oklahoma State System of Higher Education
207564,003172,Oklahoma State University Institute of Technology,1,single,single campus,1.0,Oklahoma State System of Higher Education
207351,003174,Oklahoma Panhandle State University,1,single,single campus,1.0,Oklahoma State System of Higher Education
206923,003176,Carl Albert State College,1,single,single campus,1.0,
207740,003178,Seminole State College,1,single,single campus,1.0,
207847,003179,Southeastern Oklahoma State University,1,single,single campus,1.0,Regional University System of Oklahoma
207856,003180,Southwestern Christian University,1,single,single campus,1.0,
207865,003181,Southwestern Oklahoma State University,1,single,single campus,1.0,
207342,003184,University of Oklahoma-Health Sciences Center,2,cohesive,name similarity,0.667,
207500,003184,University of Oklahoma-Norman Campus,2,cohesive,name similarity,0.667,
207971,003185,University of Tulsa,1,single,single campus,1.0,
208275,003186,Blue Mountain Community College,1,single,single campus,1.0,
208318,003188,Central Oregon Community College,1,single,single campus,1.0,
208415,003189,Clatsop Community College,1,single,single campus,1.0,
208646,003193,Eastern Oregon University,1,single,single campus,1.0,
208822,003194,George Fox University,1,single,single campus,1.0,
209038,003196,Lane Community College,1,single,single campus,1.0,
209056,003197,Lewis & Clark College,1,single,single campus,1.0,
209065,003198,Linfield University,1,single,single campus,1.0,
209241,003203,Mount Angel Seminary,1,single,single campus,1.0,
209250,003204,Mt Hood Community College,1,single,single campus,1.0,Community Colleges and Workforce Development
209603,003207,Pacific Northwest College of Art,1,single,single campus,1.0,
209409,003208,Bushnell University,2,cohesive,name similarity,0.679,
20940901,003208,Bushnell University - Roseburg Campus,2,cohesive,name similarity,0.679,
210429,003209,Western Oregon University,1,single,single campus,1.0,
209542,003210,Oregon State University,2,cohesive,name similarity,0.742,
440828,003210,Oregon State University-Cascades Campus,2,cohesive,name similarity,0.742,
209506,003211,Oregon Institute of Technology,1,single,single campus,1.0,
209612,003212,Pacific University,1,single,single campus,1.0,
209746,003213,Portland Community College,1,single,single campus,1.0,
209807,003216,Portland State University,1,single,single campus,1.0,
209922,003217,Reed College,1,single,single campus,1.0,
208390,003218,Chemeketa Community College,1,single,single campus,1.0,
210146,003219,Southern Oregon University,1,single,single campus,1.0,
210155,003220,Southwestern Oregon Community College,1,single,single campus,1.0,
210234,003221,Treasure Valley Community College,1,single,single campus,1.0,
210270,003222,Umpqua Community College,1,single,single campus,1.0,
209551,003223,University of Oregon,1,single,single campus,1.0,
209825,003224,University of Portland,1,single,single campus,1.0,
210304,003225,Warner Pacific University,2,mixed,name similarity,0.595,
480198,003225,Warner Pacific University Professional and Graduate Studies,2,mixed,name similarity,0.595,
210401,003227,Willamette University,1,single,single campus,1.0,
210492,003228,Bryn Athyn College of the New Church,1,single,single campus,1.0,
210571,003229,Albright College,1,single,single campus,1.0,
210669,003230,Allegheny College,1,single,single campus,1.0,
210605,003231,Community College of Allegheny County,1,single,single campus,1.0,
210775,003233,Alvernia University,1,single,single campus,1.0,
211088,003235,Arcadia University,1,single,single campus,1.0,
211273,003237,Bryn Mawr College,1,single,single campus,1.0,
211291,003238,Bucknell University,1,single,single campus,1.0,
211307,003239,Bucks County Community College,3,mixed,name similarity,0.561,
21130701,003239,Bucks County Community College-Upper Bucks Campus,3,mixed,name similarity,0.561,
21130702,003239,Bucks County Community College-Gene and Marlene Epstein Campus at Lower Bucks,3,mixed,name similarity,0.561,
211343,003240,Butler County Community College,1,single,single campus,1.0,
211440,003242,Carnegie Mellon University,1,single,single campus,1.0,
211468,003243,Cedar Crest College,1,single,single campus,1.0,
211556,003244,Chatham University,1,single,single campus,1.0,
211583,003245,Chestnut Hill College,1,single,single campus,1.0,
214069,003247,Misericordia University,1,single,single campus,1.0,
215239,003249,Community College of Philadelphia,1,single,single campus,1.0,
211893,003251,Curtis Institute of Music,1,single,single campus,1.0,
211981,003252,Delaware Valley University,1,single,single campus,1.0,
212009,003253,Dickinson College,1,single,single campus,1.0,
212054,003256,Drexel University,1,single,single campus,1.0,
212106,003258,Duquesne University,1,single,single campus,1.0,
212133,003259,Eastern University,1,single,single campus,1.0,
212197,003262,Elizabethtown College,1,single,single campus,1.0,
212577,003265,Franklin and Marshall College,1,single,single campus,1.0,
212601,003266,Gannon University,1,single,single campus,1.0,
212656,003267,Geneva College,1,single,single campus,1.0,
212674,003268,Gettysburg College,1,single,single campus,1.0,
212805,003269,Grove City College,1,single,single campus,1.0,
212832,003270,Gwynedd Mercy University,1,single,single campus,1.0,
212869,003272,Harcum College,1,single,single campus,1.0,
212878,003273,Harrisburg Area Community College,5,cohesive,name similarity,0.857,
21287801,003273,Harrisburg Area Community College-Lancaster,5,cohesive,name similarity,0.857,
21287802,003273,Harrisburg Area Community College-Gettysburg,5,cohesive,name similarity,0.857,
21287803,003273,Harrisburg Area Community College-Lebanon,5,cohesive,name similarity,0.857,
21287804,003273,Harrisburg Area Community College-York,5,cohesive,name similarity,0.857,
212911,003274,Haverford College,1,single,single campus,1.0,
212984,003275,Holy Family University,1,single,single campus,1.0,
213011,003276,Immaculata University,1,single,single campus,1.0,
213020,003277,Indiana University of Pennsylvania,1,single,single campus,1.0,Pennsylvania State System of Higher Education
213251,003279,Juniata College,1,single,single campus,1.0,
213303,003280,Keystone College,1,single,single campus,1.0,
213321,003282,King's College,1,single,single campus,1.0,
213376,003283,Lackawanna College,1,single,single campus,1.0,
213385,003284,Lafayette College,1,single,single campus,1.0,
213400,003285,Lancaster Bible College,1,single,single campus,1.0,
213367,003287,La Salle University,1,single,single campus,1.0,
213507,003288,Lebanon Valley College,1,single,single campus,1.0,
213543,003289,Lehigh University,1,single,single campus,1.0,
213598,003290,Lincoln University,1,single,single campus,1.0,
213631,003291,United Lutheran Seminary,1,single,single campus,1.0,United Lutheran Seminary
213668,003293,Lycoming College,1,single,single campus,1.0,
213774,003294,Manor College,1,single,single campus,1.0,
213826,003296,Marywood University,1,single,single campus,1.0,
213987,003297,Mercyhurst University,1,single,single campus,1.0,
213996,003298,Messiah University,1,single,single campus,1.0,
214148,003300,Moore College of Art and Design,1,single,single campus,1.0,
214157,003301,Moravian University,1,single,single campus,1.0,
214166,003302,Mount Aloysius College,1,single,single campus,1.0,
211431,003303,Carlow University,1,single,single campus,1.0,
214175,003304,Muhlenberg College,1,single,single campus,1.0,
216542,003306,University of Valley Forge,1,single,single campus,1.0,
214883,003309,Peirce College,1,single,single campus,1.0,
216852,003313,Widener University,1,single,single campus,1.0,
498562,003315,Commonwealth University of Pennsylvania,1,single,single campus,1.0,Pennsylvania State System of Higher Education
498571,003316,Pennsylvania Western University,1,single,single campus,1.0,Pennsylvania State System of Higher Education
211608,003317,Cheyney University of Pennsylvania,1,single,single campus,1.0,Pennsylvania State System of Higher Education
212115,003320,East Stroudsburg University of Pennsylvania,1,single,single campus,1.0,Pennsylvania State System of Higher Education
213349,003322,Kutztown University of Pennsylvania,1,single,single campus,1.0,Pennsylvania State System of Higher Education
214041,003325,Millersville University of Pennsylvania,1,single,single campus,1.0,Pennsylvania State System of Higher Education
216010,003326,Shippensburg University of Pennsylvania,1,single,single campus,1.0,Pennsylvania State System of Higher Education
216038,003327,Slippery Rock University of Pennsylvania,1,single,single campus,1.0,Pennsylvania State System of Higher Education
216764,003328,West Chester University of Pennsylvania,1,single,single campus,1.0,Pennsylvania State System of Higher Education
214591,003329,Pennsylvania State University-Penn State Erie-Behrend College,22,cohesive,one system,0.647,The Pennsylvania State University
214607,003329,Pennsylvania State University-Penn State Great Valley,22,cohesive,one system,0.647,The Pennsylvania State University
214625,003329,Pennsylvania State University-Penn State New Kensington,22,cohesive,one system,0.647,The Pennsylvania State University
214634,003329,Pennsylvania State University-Penn State Shenango,22,cohesive,one system,0.647,The Pennsylvania State University
214643,003329,Pennsylvania State University-Penn State Wilkes-Barre,22,cohesive,one system,0.647,The Pennsylvania State University
214652,003329,Pennsylvania State University-Penn State Scranton,22,cohesive,one system,0.647,The Pennsylvania State University
214670,003329,Pennsylvania State University-Penn State Lehigh Valley,22,cohesive,one system,0.647,The Pennsylvania State University
214689,003329,Pennsylvania State University-Penn State Altoona,22,cohesive,one system,0.647,The Pennsylvania State University
214698,003329,Pennsylvania State University-Penn State Beaver,22,cohesive,one system,0.647,The Pennsylvania State University
214704,003329,Pennsylvania State University-Penn State Berks,22,cohesive,one system,0.647,The Pennsylvania State University
214713,003329,Pennsylvania State University-Penn State Harrisburg,22,cohesive,one system,0.647,The Pennsylvania State University
214731,003329,Pennsylvania State University-Penn State Brandywine,22,cohesive,one system,0.647,The Pennsylvania State University
214740,003329,Pennsylvania State University-Penn State DuBois,22,cohesive,one system,0.647,The Pennsylvania State University
214759,003329,Pennsylvania State University-Penn State Fayette- Eberly,22,cohesive,one system,0.647,The Pennsylvania State University
214768,003329,Pennsylvania State University-Penn State Hazleton,22,cohesive,one system,0.647,The Pennsylvania State University
214777,003329,Pennsylvania State University-Main Campus,22,cohesive,one system,0.647,The Pennsylvania State University
214786,003329,Pennsylvania State University-Penn State Greater Allegheny,22,cohesive,one system,0.647,The Pennsylvania State University
214795,003329,Pennsylvania State University-Penn State Mont Alto,22,cohesive,one system,0.647,The Pennsylvania State University
214801,003329,Pennsylvania State University-Penn State Abington,22,cohesive,one system,0.647,The Pennsylvania State University
214810,003329,Pennsylvania State University-Penn State Schuylkill,22,cohesive,one system,0.647,The Pennsylvania State University
214829,003329,Pennsylvania State University-Penn State York,22,cohesive,one system,0.647,The Pennsylvania State University
479956,003329,Pennsylvania State University-World Campus,22,cohesive,one system,0.647,The Pennsylvania State University
215114,003351,Cairn University-Langhorne,1,single,single campus,1.0,
215123,003352,Philadelphia College of Osteopathic Medicine,1,single,single campus,1.0,
215424,003356,Pittsburgh Theological Seminary,1,single,single campus,1.0,
215442,003357,Point Park University,1,single,single campus,1.0,
215655,003359,Robert Morris University,1,single,single campus,1.0,
215691,003360,Rosemont College,1,single,single campus,1.0,
215947,003362,Seton Hill University,1,single,single campus,1.0,
216047,003364,Saint Charles Borromeo Seminary-Overbrook,1,single,single campus,1.0,
215743,003366,Saint Francis University,1,single,single campus,1.0,
215770,003367,Saint Joseph's University - Philadelphia,2,cohesive,name similarity,0.805,
442356,003367,Saint Joseph's University - Lancaster,2,cohesive,name similarity,0.805,
215798,003368,Saint Vincent College,2,cohesive,one system,0.698,Saint Vincent College Corporation
215813,003368,Saint Vincent Seminary,2,cohesive,one system,0.698,Saint Vincent College Corporation
216278,003369,Susquehanna University,1,single,single campus,1.0,
216287,003370,Swarthmore College,1,single,single campus,1.0,
216339,003371,Temple University,1,single,single campus,1.0,
216348,003375,Theological Seminary of the Reformed Episcopal Church,1,single,single campus,1.0,
216357,003376,Thiel College,1,single,single campus,1.0,
215062,003378,University of Pennsylvania,1,single,single campus,1.0,
215266,003379,University of Pittsburgh-Bradford,5,cohesive,one system,0.735,University of Pittsburgh
215275,003379,University of Pittsburgh-Greensburg,5,cohesive,one system,0.735,University of Pittsburgh
215284,003379,University of Pittsburgh-Johnstown,5,cohesive,one system,0.735,University of Pittsburgh
215293,003379,University of Pittsburgh-Pittsburgh Campus,5,cohesive,one system,0.735,University of Pittsburgh
215309,003379,University of Pittsburgh-Titusville,5,cohesive,one system,0.735,University of Pittsburgh
215929,003384,University of Scranton,1,single,single campus,1.0,
216524,003385,Ursinus College,1,single,single campus,1.0,
216551,003386,Valley Forge Military College,1,single,single campus,1.0,
216597,003388,Villanova University,1,single,single campus,1.0,
216667,003389,Washington & Jefferson College,1,single,single campus,1.0,
216694,003391,Waynesburg University,1,single,single campus,1.0,
216807,003392,Westminster College,1,single,single campus,1.0,
216816,003393,Westminster Theological Seminary,1,single,single campus,1.0,
216931,003394,Wilkes University,1,single,single campus,1.0,
366252,003395,Pennsylvania College of Technology,1,single,single campus,1.0,
217013,003396,Wilson College,1,single,single campus,1.0,
217059,003399,York College of Pennsylvania,1,single,single campus,1.0,
217156,003401,Brown University,1,single,single campus,1.0,
217165,003402,Bryant University,1,single,single campus,1.0,
217235,003404,Johnson & Wales University-Providence,3,cohesive,one system,0.822,Johnson & Wales University
445708,003404,Johnson & Wales University-Charlotte,3,cohesive,one system,0.822,Johnson & Wales University
460349,003404,Johnson & Wales University-Online,3,cohesive,one system,0.822,Johnson & Wales University
217402,003406,Providence College,1,single,single campus,1.0,
217420,003407,Rhode Island College,1,single,single campus,1.0,Rhode Island Board of Education
217475,003408,Community College of Rhode Island,1,single,single campus,1.0,Rhode Island Board of Education
217493,003409,Rhode Island School of Design,1,single,single campus,1.0,
217518,003410,Roger Williams University,2,cohesive,name similarity,0.781,
409616,003410,Roger Williams University School of Law,2,cohesive,name similarity,0.781,
217536,003411,Salve Regina University,1,single,single campus,1.0,
217484,003414,University of Rhode Island,1,single,single campus,1.0,
217624,003417,Allen University,1,single,single campus,1.0,
217633,003418,Anderson University,1,single,single campus,1.0,
217688,003419,Charleston Southern University,1,single,single campus,1.0,
217721,003420,Benedict College,1,single,single campus,1.0,
217749,003421,Bob Jones University,1,single,single campus,1.0,
217776,003422,Southern Wesleyan University,1,single,single campus,1.0,
217864,003423,Citadel Military College of South Carolina,1,single,single campus,1.0,
217873,003424,Claflin University,1,single,single campus,1.0,
217882,003425,Clemson University,1,single,single campus,1.0,
218690,003426,University of South Carolina-Sumter,1,single,single campus,1.0,University of South Carolina
217907,003427,Coker University,1,single,single campus,1.0,
217819,003428,College of Charleston,1,single,single campus,1.0,
217925,003429,Columbia International University,1,single,single campus,1.0,Columbia International University
217934,003430,Columbia College,1,single,single campus,1.0,
217961,003431,Converse University,1,single,single campus,1.0,
217998,003432,Erskine College,1,single,single campus,1.0,
218070,003434,Furman University,1,single,single campus,1.0,
218229,003435,Lander University,1,single,single campus,1.0,South Carolina Commission of Higher Education
218335,003438,Medical University of South Carolina,1,single,single campus,1.0,
218399,003439,Morris College,1,single,single campus,1.0,
218414,003440,Newberry College,1,single,single campus,1.0,
218441,003441,North Greenville University,1,single,single campus,1.0,
218539,003445,Presbyterian College,1,single,single campus,1.0,
218733,003446,South Carolina State University,1,single,single campus,1.0,
218821,003447,Spartanburg Methodist College,1,single,single campus,1.0,
218663,003448,University of South Carolina-Columbia,1,single,single campus,1.0,University of South Carolina
218645,003449,University of South Carolina Aiken,1,single,single campus,1.0,University of South Carolina
218654,003450,University of South Carolina Beaufort,1,single,single campus,1.0,University of South Carolina
218724,003451,Coastal Carolina University,1,single,single campus,1.0,
218672,003453,University of South Carolina-Lancaster,1,single,single campus,1.0,University of South Carolina
218681,003454,University of South Carolina-Salkehatchie,1,single,single campus,1.0,University of South Carolina
218919,003455,Voorhees University,1,single,single campus,1.0,
218964,003456,Winthrop University,1,single,single campus,1.0,
218973,003457,Wofford College,1,single,single campus,1.0,
219000,003458,Augustana University,1,single,single campus,1.0,
219046,003459,Black Hills State University,1,single,single campus,1.0,South Dakota Board of Regents
219091,003461,Dakota Wesleyan University,1,single,single campus,1.0,
219082,003463,Dakota State University,1,single,single campus,1.0,South Dakota Board of Regents
219198,003465,Mount Marty University,1,single,single campus,1.0,
219259,003466,Northern State University,1,single,single campus,1.0,South Dakota Board of Regents
219383,003469,University of Sioux Falls,1,single,single campus,1.0,
219347,003470,South Dakota School of Mines and Technology,1,single,single campus,1.0,South Dakota Board of Regents
219356,003471,South Dakota State University,1,single,single campus,1.0,South Dakota Board of Regents
219471,003474,University of South Dakota,1,single,single campus,1.0,South Dakota Board of Regents
219602,003478,Austin Peay State University,1,single,single campus,1.0,
219709,003479,Belmont University,1,single,single campus,1.0,
219718,003480,Bethel University,1,single,single campus,1.0,
219806,003481,Carson-Newman University,1,single,single campus,1.0,
219833,003482,Christian Brothers University,1,single,single campus,1.0,
219888,003483,Columbia State Community College,1,single,single campus,1.0,TBR - The College System of Tennessee
139393,003484,Covenant College,1,single,single campus,1.0,
219949,003485,Cumberland University,1,single,single campus,1.0,
219976,003486,Lipscomb University,1,single,single campus,1.0,
220075,003487,East Tennessee State University,1,single,single campus,1.0,
220181,003490,Fisk University,1,single,single campus,1.0,
220215,003492,Freed-Hardeman University,1,single,single campus,1.0,
220473,003495,Johnson University,1,single,single campus,1.0,Johnson University
220516,003496,King University,1,single,single campus,1.0,
220598,003499,Lane College,1,single,single campus,1.0,
220613,003500,Lee University,1,single,single campus,1.0,
220604,003501,Le Moyne-Owen College,1,single,single campus,1.0,
220631,003502,Lincoln Memorial University,1,single,single campus,1.0,
220701,003504,The University of Tennessee Southern,1,single,single campus,1.0,
220710,003505,Maryville College,1,single,single campus,1.0,
220792,003506,Meharry Medical College,1,single,single campus,1.0,
220862,003509,University of Memphis,1,single,single campus,1.0,
220978,003510,Middle Tennessee State University,1,single,single campus,1.0,
486901,003511,Milligan University,1,single,single campus,1.0,
221670,003517,Southern College of Optometry,1,single,single campus,1.0,
221661,003518,Southern Adventist University,1,single,single campus,1.0,
221351,003519,Rhodes College,1,single,single campus,1.0,
221838,003522,Tennessee State University,1,single,single campus,1.0,
221847,003523,Tennessee Technological University,1,single,single campus,1.0,
221731,003525,Tennessee Wesleyan University,1,single,single campus,1.0,
221892,003526,Trevecca Nazarene University,1,single,single campus,1.0,
221953,003527,Tusculum University,1,single,single campus,1.0,
221971,003528,Union University,1,single,single campus,1.0,
221740,003529,The University of Tennessee-Chattanooga,1,single,single campus,1.0,The University of Tennessee System
221759,003530,The University of Tennessee-Knoxville,1,single,single campus,1.0,The University of Tennessee System
221768,003531,The University of Tennessee-Martin,1,single,single campus,1.0,The University of Tennessee System
221519,003534,The University of the South,1,single,single campus,1.0,
221999,003535,Vanderbilt University,1,single,single campus,1.0,
219790,003536,Bryan College-Dayton,1,single,single campus,1.0,
222178,003537,Abilene Christian University,2,cohesive,name similarity,0.727,
497037,003537,Abilene Christian University-Undergraduate Online,2,cohesive,name similarity,0.727,
222567,003539,Alvin Community College,1,single,single campus,1.0,
222576,003540,Amarillo College,1,single,single campus,1.0,
222831,003541,Angelo State University,1,single,single campus,1.0,Texas Tech University System
222983,003543,Austin College,1,single,single campus,1.0,
223001,003544,Austin Presbyterian Theological Seminary,1,single,single campus,1.0,
223232,003545,Baylor University,1,single,single campus,1.0,
223320,003546,Coastal Bend College,1,single,single campus,1.0,
223427,003549,Blinn College District,1,single,single campus,1.0,
223898,003553,Cisco College,1,single,single campus,1.0,
223922,003554,Clarendon College,1,single,single campus,1.0,
366261,003556,Commonwealth Institute of Funeral Service,1,single,single campus,1.0,
224004,003557,Concordia University Texas,1,single,single campus,1.0,
224110,003558,North Central Texas College,1,single,single campus,1.0,
224226,003560,Dallas Baptist University,1,single,single campus,1.0,
224305,003562,Dallas Theological Seminary,1,single,single campus,1.0,
224350,003563,Del Mar College,1,single,single campus,1.0,
224527,003564,East Texas Baptist University,1,single,single campus,1.0,
224554,003565,East Texas A&M University,1,single,single campus,1.0,Texas A&M University System
224712,003566,Episcopal Theological Seminary of the Southwest,1,single,single campus,1.0,
224891,003568,Frank Phillips College,1,single,single campus,1.0,
225070,003570,Grayson College,1,single,single campus,1.0,
225247,003571,Hardin-Simmons University,1,single,single campus,1.0,
225308,003572,Trinity Valley Community College,1,single,single campus,1.0,
225371,003573,Hill College,1,single,single campus,1.0,
225520,003574,Howard College,2,mixed,name similarity,0.455,
382911,003574,Southwest College for the Deaf,2,mixed,name similarity,0.455,
225548,003575,Howard Payne University,1,single,single campus,1.0,
225399,003576,Houston Christian University,1,single,single campus,1.0,
225575,003577,Huston-Tillotson University,1,single,single campus,1.0,
225627,003578,University of the Incarnate Word,1,single,single campus,1.0,
225876,003579,Jacksonville College-Main Campus,1,single,single campus,1.0,
226019,003580,Kilgore College,1,single,single campus,1.0,
226091,003581,Lamar University,1,single,single campus,1.0,Texas State University System
226134,003582,Laredo College,1,single,single campus,1.0,
226204,003583,Lee College,1,single,single campus,1.0,
226231,003584,LeTourneau University,1,single,single campus,1.0,
226383,003586,Lubbock Christian University,1,single,single campus,1.0,
226471,003588,University of Mary Hardin-Baylor,1,single,single campus,1.0,
226578,003590,McLennan Community College,1,single,single campus,1.0,
226587,003591,McMurry University,1,single,single campus,1.0,
226833,003592,Midwestern State University,1,single,single campus,1.0,Texas Tech University System
227146,003593,Navarro College,1,single,single campus,1.0,
227216,003594,University of North Texas,1,single,single campus,1.0,University of North Texas System
227289,003595,Oblate School of Theology,1,single,single campus,1.0,
227304,003596,Odessa College,1,single,single campus,1.0,
227331,003598,Our Lady of the Lake University,1,single,single campus,1.0,
227368,003599,The University of Texas Rio Grande Valley,1,single,single campus,1.0,The University of Texas System
227386,003600,Panola College,1,single,single campus,1.0,
227401,003601,Paris Junior College,1,single,single campus,1.0,
227429,003602,Paul Quinn College,1,single,single campus,1.0,
227687,003603,Ranger College,1,single,single campus,1.0,
227757,003604,Rice University,1,single,single campus,1.0,
227881,003606,Sam Houston State University,1,single,single campus,1.0,Texas State University System
227854,003608,St Philip's College,1,single,single campus,1.0,Alamo Colleges
227979,003609,San Jacinto Community College,4,cohesive,name similarity,0.623,
22797901,003609,San Jacinto College-North Campus,4,cohesive,name similarity,0.623,
22797902,003609,San Jacinto College-South Campus,4,cohesive,name similarity,0.623,
22797903,003609,San Jacinto Community College District - Generation Park Campus,4,cohesive,name similarity,0.623,
228042,003610,Schreiner University,1,single,single campus,1.0,
228158,003611,South Plains College,1,single,single campus,1.0,
225432,003612,University of Houston-Downtown,1,single,single campus,1.0,University of Houston System
228246,003613,Southern Methodist University,1,single,single campus,1.0,
228316,003614,Southwest Texas College,1,single,single campus,1.0,
228459,003615,Texas State University,1,single,single campus,1.0,Texas State University System
228325,003616,Nelson University,1,single,single campus,1.0,
228486,003618,Southwestern Christian College,1,single,single campus,1.0,
228468,003619,Southwestern Adventist University,1,single,single campus,1.0,
228343,003620,Southwestern University,1,single,single campus,1.0,
227845,003621,Saint Edward's University,1,single,single campus,1.0,
228149,003623,St. Mary's University,1,single,single campus,1.0,
228431,003624,Stephen F Austin State University,1,single,single campus,1.0,The University of Texas System
228501,003625,Sul Ross State University,1,single,single campus,1.0,Texas State University System
228547,003626,Tarrant County College District,1,single,single campus,1.0,
228608,003627,Temple College,1,single,single campus,1.0,
228699,003628,Texarkana College,1,single,single campus,1.0,
227526,003630,Prairie View A & M University,1,single,single campus,1.0,Texas A&M University System
228529,003631,Tarleton State University,1,single,single campus,1.0,Texas A&M University System
228723,003632,Texas A&M University-College Station,2,cohesive,one system,0.625,Texas A&M University System
22872301,003632,Texas A & M University Health Science Center,2,cohesive,one system,0.625,Texas A&M University System
487320,003634,Texas State Technical College,1,single,single campus,1.0,Texas State Technical College System
228866,003635,Texas Chiropractic College Foundation Inc,1,single,single campus,1.0,
228875,003636,Texas Christian University,2,mixed,name similarity,0.34,
450304,003636,Brite Divinity School,2,mixed,name similarity,0.34,
225885,003637,Jarvis Christian University,1,single,single campus,1.0,
228884,003638,Texas College,1,single,single campus,1.0,
228705,003639,Texas A&M University-Kingsville,1,single,single campus,1.0,Texas A&M University System
228981,003641,Texas Lutheran University,1,single,single campus,1.0,
229063,003642,Texas Southern University,1,single,single campus,1.0,
229115,003644,Texas Tech University,1,single,single campus,1.0,Texas Tech University System
229160,003645,Texas Wesleyan University,1,single,single campus,1.0,
229179,003646,Texas Woman's University,1,single,single campus,1.0,
229267,003647,Trinity University,1,single,single campus,1.0,
229355,003648,Tyler Junior College,1,single,single campus,1.0,
224323,003651,University of Dallas,1,single,single campus,1.0,
225511,003652,University of Houston,1,single,single campus,1.0,University of Houston System
227863,003654,University of St Thomas,1,single,single campus,1.0,
228769,003656,The University of Texas at Arlington,1,single,single campus,1.0,The University of Texas System
228778,003658,The University of Texas at Austin,1,single,single campus,1.0,The University of Texas System
228644,003659,The University of Texas Health Science Center at San Antonio,1,single,single campus,1.0,The University of Texas System
228796,003661,The University of Texas at El Paso,1,single,single campus,1.0,The University of Texas System
229540,003662,Victoria College,1,single,single campus,1.0,
229780,003663,Wayland Baptist University,1,single,single campus,1.0,
229799,003664,Weatherford College,1,single,single campus,1.0,
229814,003665,West Texas A & M University,1,single,single campus,1.0,Texas A&M University System
229841,003668,Wharton County Junior College,1,single,single campus,1.0,
229887,003669,Wiley University,1,single,single campus,1.0,
230038,003670,Brigham Young University,1,single,single campus,1.0,
230171,003671,Utah Tech University,1,single,single campus,1.0,Utah System of Higher Education
230418,003672,Ensign College,1,single,single campus,1.0,
230764,003675,University of Utah,1,single,single campus,1.0,Utah System of Higher Education
230728,003677,Utah State University,1,single,single campus,1.0,Utah System of Higher Education
230603,003678,Southern Utah University,1,single,single campus,1.0,Utah System of Higher Education
230597,003679,Snow College,3,mixed,"one system, names differ",0.387,Utah System of Higher Education
23059701,003679,Snow College-Richfield Campus,3,mixed,"one system, names differ",0.387,Utah System of Higher Education
23059702,003679,Snow College -  Central Utah Correctional Facility,3,mixed,"one system, names differ",0.387,Utah System of Higher Education
230782,003680,Weber State University,1,single,single campus,1.0,Utah System of Higher Education
230807,003681,Westminster University,1,single,single campus,1.0,
230816,003682,Bennington College,1,single,single campus,1.0,
230852,003684,Champlain College,1,single,single campus,1.0,
119058,003691,Middlebury Institute of International Studies at Monterey,2,mixed,"one system, names differ",0.347,Middlebury College
230959,003691,Middlebury College,2,mixed,"one system, names differ",0.347,Middlebury College
230995,003692,Norwich University,1,single,single campus,1.0,
231059,003694,Saint Michael's College,1,single,single campus,1.0,
231174,003696,University of Vermont,1,single,single campus,1.0,
455992,003697,Vermont College of Fine Arts,1,single,single campus,1.0,
231165,003698,Vermont State University,1,single,single campus,1.0,Vermont State Colleges
231420,003702,Averett University,1,single,single campus,1.0,
231554,003703,Bluefield University,3,mixed,name similarity,0.293,
23155401,003703,Bluefield College - Edward Via College of Osteopathic Medicine,3,mixed,name similarity,0.293,
23155402,003703,Bluefield University - Edward Via College - Auburn,3,mixed,name similarity,0.293,
231581,003704,Bridgewater College,1,single,single campus,1.0,
231624,003705,William & Mary,1,single,single campus,1.0,
231712,003706,Christopher Newport University,1,single,single campus,1.0,
233338,003707,Richard Bland College,1,single,single campus,1.0,
232043,003708,Eastern Mennonite University,1,single,single campus,1.0,
232025,003709,Emory & Henry University,1,single,single campus,1.0,
232089,003711,Ferrum College,1,single,single campus,1.0,
233772,003712,Tidewater Community College,1,single,single campus,1.0,Virginia Community College System
232256,003713,Hampden-Sydney College,1,single,single campus,1.0,
232265,003714,Hampton University,1,single,single campus,1.0,
232308,003715,Hollins University,1,single,single campus,1.0,
232566,003719,Longwood University,1,single,single campus,1.0,
232609,003720,University of Lynchburg,1,single,single campus,1.0,
232423,003721,James Madison University,1,single,single campus,1.0,
232672,003723,Mary Baldwin University,1,single,single campus,1.0,
232706,003724,Marymount University,1,single,single campus,1.0,
232797,003726,American National University,1,single,single campus,1.0,American National University
232946,003727,Northern Virginia Community College,1,single,single campus,1.0,Virginia Community College System
232982,003728,Old Dominion University,1,single,single campus,1.0,
233277,003732,Radford University,1,single,single campus,1.0,
233295,003733,Randolph-Macon College,1,single,single campus,1.0,
233301,003734,Randolph College,1,single,single campus,1.0,
234030,003735,Virginia Commonwealth University,1,single,single campus,1.0,
233426,003736,Roanoke College,1,single,single campus,1.0,
233541,003737,Shenandoah University,1,single,single campus,1.0,
233611,003738,Southern Virginia University,1,single,single campus,1.0,
233718,003742,Sweet Briar College,1,single,single campus,1.0,
233842,003743,Union Presbyterian Seminary,2,cohesive,name similarity,0.844,
23384201,003743,Union Presbyterian Seminary-Charlotte,2,cohesive,name similarity,0.844,
233374,003744,University of Richmond,1,single,single campus,1.0,
234076,003745,University of Virginia-Main Campus,1,single,single campus,1.0,
232681,003746,University of Mary Washington,1,single,single campus,1.0,
233897,003747,University of Virginia's College at Wise,1,single,single campus,1.0,
232052,003748,Eastern Shore Community College,1,single,single campus,1.0,Virginia Community College System
232186,003749,George Mason University,1,single,single campus,1.0,
233019,003751,Patrick & Henry Community College,1,single,single campus,1.0,Virginia Community College System
234085,003753,Virginia Military Institute,1,single,single campus,1.0,
233921,003754,Virginia Polytechnic Institute and State University,1,single,single campus,1.0,
231882,003758,Danville Community College,1,single,single campus,1.0,Virginia Community College System
232414,003759,J Sargeant Reynolds Community College,1,single,single campus,1.0,Virginia Community College System
233949,003760,Virginia Western Community College,1,single,single campus,1.0,Virginia Community College System
234377,003761,Wytheville Community College,1,single,single campus,1.0,Virginia Community College System
234137,003762,Virginia University of Lynchburg,1,single,single campus,1.0,
234155,003764,Virginia State University,1,single,single campus,1.0,
232937,003765,Norfolk State University,1,single,single campus,1.0,
234164,003766,Virginia Union University,1,single,single campus,1.0,
234173,003767,Virginia Wesleyan University,1,single,single campus,1.0,
234207,003768,Washington and Lee University,1,single,single campus,1.0,
234669,003769,Bellevue College,1,single,single campus,1.0,Washington State Board for Community and Technical Colleges
234711,003770,Big Bend Community College,1,single,single campus,1.0,Washington State Board for Community and Technical Colleges
234827,003771,Central Washington University,1,single,single campus,1.0,
234845,003772,Centralia College,1,single,single campus,1.0,Washington State Board for Community and Technical Colleges
234933,003773,Clark College,1,single,single campus,1.0,Washington State Board for Community and Technical Colleges
234979,003774,Columbia Basin College,1,single,single campus,1.0,Washington State Board for Community and Technical Colleges
235097,003775,Eastern Washington University,1,single,single campus,1.0,
235149,003776,Everett Community College,1,single,single campus,1.0,Washington State Board for Community and Technical Colleges
235422,003777,Heritage University,1,single,single campus,1.0,
235316,003778,Gonzaga University,1,single,single campus,1.0,
235334,003779,Grays Harbor College,1,single,single campus,1.0,Washington State Board for Community and Technical Colleges
235343,003780,Green River College,1,single,single campus,1.0,Washington State Board for Community and Technical Colleges
235431,003781,Highline College,1,single,single campus,1.0,Washington State Board for Community and Technical Colleges
235750,003782,Lower Columbia College,1,single,single campus,1.0,Washington State Board for Community and Technical Colleges
236133,003783,Northwest University,2,mixed,name similarity,0.494,
487603,003783,Northwest University-Center for Online and Extended Education,2,mixed,name similarity,0.494,
236188,003784,Olympic College,1,single,single campus,1.0,Washington State Board for Community and Technical Colleges
236230,003785,Pacific Lutheran University,1,single,single campus,1.0,
236258,003786,Peninsula College,1,single,single campus,1.0,Washington State Board for Community and Technical Colleges
236513,003787,Seattle Central College,1,single,single campus,1.0,Washington State Board for Community and Technical Colleges
236577,003788,Seattle Pacific University,1,single,single campus,1.0,
236595,003790,Seattle University,1,single,single campus,1.0,
236610,003791,Shoreline College,2,mixed,"one system, names differ",0.557,Washington State Board for Community and Technical Colleges
23661002,003791,Shoreline Community College - Dental Hygiene,2,mixed,"one system, names differ",0.557,Washington State Board for Community and Technical Colleges
236638,003792,Skagit Valley College,1,single,single campus,1.0,Washington State Board for Community and Technical Colleges
236692,003793,Spokane Community College,1,single,single campus,1.0,Washington State Board for Community and Technical Colleges
236452,003794,Saint Martin's University,1,single,single campus,1.0,
236753,003796,Tacoma Community College,1,single,single campus,1.0,Washington State Board for Community and Technical Colleges
236328,003797,University of Puget Sound,1,single,single campus,1.0,
236948,003798,University of Washington-Seattle Campus,3,cohesive,one system,0.857,University of Washington
377555,003798,University of Washington-Bothell Campus,3,cohesive,one system,0.857,University of Washington
377564,003798,University of Washington-Tacoma Campus,3,cohesive,one system,0.857,University of Washington
236896,003799,Walla Walla University,1,single,single campus,1.0,
236939,003800,Washington State University,6,cohesive,name similarity,0.761,
23693901,003800,Washington State University-Vancouver,6,cohesive,name similarity,0.761,
23693902,003800,Washington State University-Spokane,6,cohesive,name similarity,0.761,
23693903,003800,Washington State University-Tri Cities,6,cohesive,name similarity,0.761,
23693904,003800,Washington State University - Everett Campus,6,cohesive,name similarity,0.761,
23693905,003800,Washington State University - Global Campus,6,cohesive,name similarity,0.761,
236975,003801,Wenatchee Valley College,1,single,single campus,1.0,Washington State Board for Community and Technical Colleges
237011,003802,Western Washington University,1,single,single campus,1.0,
237057,003803,Whitman College,1,single,single campus,1.0,
237066,003804,Whitworth University,2,cohesive,one system,0.645,Whitworth University
475200,003804,Whitworth University-Adult Degree Programs,2,cohesive,one system,0.645,Whitworth University
237109,003805,Yakima Valley College,1,single,single campus,1.0,Washington State Board for Community and Technical Colleges
237181,003808,Bethany College,1,single,single campus,1.0,
237215,003809,Bluefield State University,1,single,single campus,1.0,West Virginia Higher Education Policy Commission
237330,003810,Concord University,1,single,single campus,1.0,
237358,003811,Davis & Elkins College,1,single,single campus,1.0,
237367,003812,Fairmont State University,1,single,single campus,1.0,West Virginia Higher Education Policy Commission
237385,003813,Glenville State University,1,single,single campus,1.0,
237525,003815,Marshall University,1,single,single campus,1.0,West Virginia Higher Education Policy Commission
237817,003816,Southern West Virginia Community and Technical College,1,single,single campus,1.0,
237312,003818,University of Charleston,1,single,single campus,1.0,
237783,003820,Salem University,1,single,single campus,1.0,
237792,003822,Shepherd University,1,single,single campus,1.0,West Virginia Higher Education Policy Commission
237932,003823,West Liberty University,1,single,single campus,1.0,
237899,003826,West Virginia State University,1,single,single campus,1.0,
237701,003827,Potomac State College of West Virginia University,3,mixed,"one system, names differ",0.495,West Virginia Higher Education Policy Commission
237950,003827,West Virginia University Institute of Technology,3,mixed,"one system, names differ",0.495,West Virginia Higher Education Policy Commission
238032,003827,West Virginia University,3,mixed,"one system, names differ",0.495,West Virginia Higher Education Policy Commission
237686,003828,West Virginia University at Parkersburg,1,single,single campus,1.0,
237969,003830,West Virginia Wesleyan College,1,single,single campus,1.0,
238078,003831,Wheeling University,1,single,single campus,1.0,
238193,003832,Alverno College,1,single,single campus,1.0,
238333,003835,Beloit College,1,single,single campus,1.0,
238458,003838,Carroll University,1,single,single campus,1.0,
238476,003839,Carthage College,1,single,single campus,1.0,
240170,003840,Western Technical College,1,single,single campus,1.0,Wisconsin Technical College System
169363,003842,Concordia University Ann Arbor,2,cohesive,one system,0.733,Concordia University System
238616,003842,Concordia University-Wisconsin,2,cohesive,one system,0.733,Concordia University System
238661,003848,Edgewood University,1,single,single campus,1.0,
238980,003854,Lakeland University,1,single,single campus,1.0,
239017,003856,Lawrence University,1,single,single campus,1.0,
239080,003861,Marian University,1,single,single campus,1.0,
239105,003863,Marquette University,1,single,single campus,1.0,
239248,003866,Milwaukee Area Technical College,1,single,single campus,1.0,Wisconsin Technical College System
239318,003868,Milwaukee School of Engineering,1,single,single campus,1.0,
239390,003869,Mount Mary University,1,single,single campus,1.0,
239424,003874,Nashotah House,1,single,single campus,1.0,
239628,003884,Ripon College,1,single,single campus,1.0,
239716,003892,Saint Norbert College,1,single,single campus,1.0,
240444,003895,University of Wisconsin-Madison,1,single,single campus,1.0,University of Wisconsin System
240453,003896,University of Wisconsin-Milwaukee,2,cohesive,one system,0.93,University of Wisconsin System
491288,003896,University of Wisconsin-Milwaukee Flex,2,cohesive,one system,0.93,University of Wisconsin System
240277,003899,University of Wisconsin-Green Bay,1,single,single campus,1.0,University of Wisconsin System
240107,003911,Viterbo University,1,single,single campus,1.0,
240417,003915,University of Wisconsin-Stout,1,single,single campus,1.0,University of Wisconsin System
240268,003917,University of Wisconsin-Eau Claire,1,single,single campus,1.0,University of Wisconsin System
240329,003919,University of Wisconsin-La Crosse,1,single,single campus,1.0,University of Wisconsin System
240365,003920,University of Wisconsin-Oshkosh,1,single,single campus,1.0,University of Wisconsin System
240462,003921,University of Wisconsin-Platteville,1,single,single campus,1.0,University of Wisconsin System
240471,003923,University of Wisconsin-River Falls,1,single,single campus,1.0,University of Wisconsin System
240480,003924,University of Wisconsin-Stevens Point,1,single,single campus,1.0,University of Wisconsin System
240426,003925,University of Wisconsin-Superior,1,single,single campus,1.0,University of Wisconsin System
240189,003926,University of Wisconsin-Whitewater,1,single,single campus,1.0,University of Wisconsin System
240505,003928,Casper College,1,single,single campus,1.0,
240596,003929,Eastern Wyoming College,1,single,single campus,1.0,
240666,003930,Northern Wyoming Community College District,1,single,single campus,1.0,
240657,003931,Northwest College,1,single,single campus,1.0,
240727,003932,University of Wyoming,1,single,single campus,1.0,
240693,003933,Western Wyoming Community College,1,single,single campus,1.0,
240754,003935,University of Guam,1,single,single campus,1.0,
241395,003936,Pontifical Catholic University of Puerto Rico-Arecibo,3,cohesive,one system,0.897,Pontifical Catholic University of Puerto Rico Inc.
241410,003936,Pontifical Catholic University of Puerto Rico-Ponce,3,cohesive,one system,0.897,Pontifical Catholic University of Puerto Rico Inc.
243586,003936,Pontifical Catholic University of Puerto Rico-Mayaguez,3,cohesive,one system,0.897,Pontifical Catholic University of Puerto Rico Inc.
243443,003937,Universidad del Sagrado Corazon,1,single,single campus,1.0,
242626,003939,Inter American University of Puerto Rico-Aguadilla,1,single,single campus,1.0,Universidad Interamericana de Puerto Rico
242653,003940,Inter American University of Puerto Rico-Metro,1,single,single campus,1.0,Universidad Interamericana de Puerto Rico
243346,003941,Universidad Ana G. Mendez-Carolina Campus,1,single,single campus,1.0,Sistema Universitario Ana G. Mendez
243179,003943,University of Puerto Rico-Humacao,1,single,single campus,1.0,University of Puerto Rico
243197,003944,University of Puerto Rico-Mayaguez,1,single,single campus,1.0,University of Puerto Rico
243665,003946,University of the Virgin Islands,2,cohesive,name similarity,0.8,
24366501,003946,University of the Virgin Islands-Albert A. Sheen,2,cohesive,name similarity,0.8,
110398,003947,University of California College of the Law-San Francisco,1,single,single campus,1.0,
132903,003954,University of Central Florida,1,single,single campus,1.0,State University System of Florida
138354,003955,University of West Florida,1,single,single campus,1.0,State University System of Florida
139463,003956,Dalton State College,1,single,single campus,1.0,University System of Georgia
149842,003961,William Rainey Harper College,1,single,single campus,1.0,
164872,003966,Boston Architectural College,1,single,single campus,1.0,
174066,003969,University of Minnesota-Twin Cities,2,cohesive,one system,0.794,University of Minnesota
456959,003969,University of Minnesota-Rochester,2,cohesive,one system,0.794,University of Minnesota
193070,003974,Mesivtha Tifereth Jerusalem of America,1,single,single campus,1.0,
194657,003976,Rabbinical Academy Mesivta Rabbi Chaim Berlin,1,single,single campus,1.0,
194763,003978,Rabbinical Seminary of America,2,cohesive,name similarity,0.8,
19476301,003978,Rabbinical Seminary of America-Ma'yan HaTorah,2,cohesive,name similarity,0.8,
196468,003979,Teachers College at Columbia University,1,single,single campus,1.0,
199184,003981,University of North Carolina School of the Arts,1,single,single campus,1.0,University of North Carolina
202046,003982,Cleveland Institute of Art,1,single,single campus,1.0,
207582,003985,Oral Roberts University,1,single,single campus,1.0,
210739,003986,DeSales University,1,single,single campus,1.0,
213358,003987,La Roche University,1,single,single campus,1.0,
214272,003988,Neumann University,1,single,single campus,1.0,
218025,003990,Florence-Darlington Technical College,1,single,single campus,1.0,South Carolina Technical College System
218113,003991,Greenville Technical College,1,single,single campus,1.0,South Carolina Technical College System
218520,003992,Piedmont Technical College,1,single,single campus,1.0,South Carolina Technical College System
218353,003993,Midlands Technical College,1,single,single campus,1.0,South Carolina Technical College System
218830,003994,Spartanburg Community College,1,single,single campus,1.0,South Carolina Technical College System
218858,003995,Central Carolina Technical College,1,single,single campus,1.0,South Carolina Technical College System
218991,003996,York Technical College,1,single,single campus,1.0,South Carolina Technical College System
219824,003998,Chattanooga State Community College,1,single,single campus,1.0,TBR - The College System of Tennessee
219879,003999,Cleveland State Community College,1,single,single campus,1.0,TBR - The College System of Tennessee
223816,004003,Central Texas College,1,single,single campus,1.0,
232450,004004,Brightpoint Community College,1,single,single campus,1.0,Virginia Community College System
238263,004007,Madison Area Technical College,1,single,single campus,1.0,Wisconsin Technical College System
139384,004024,Georgia Northwestern Technical College,1,single,single campus,1.0,Technical College System of Georgia
221625,004025,Tennessee College of Applied Technology-Knoxville,1,single,single campus,1.0,TBR - The College System of Tennessee
221591,004026,Tennessee College of Applied Technology-Upper Cumberland,1,single,single campus,1.0,TBR - The College System of Tennessee
230737,004027,Utah Valley University,1,single,single campus,1.0,Utah System of Higher Education
197887,004033,Asheville-Buncombe Technical Community College,1,single,single campus,1.0,North Carolina Community College System
203067,004054,Hebrew Union College-Jewish Institute of Religion,3,cohesive,one system,0.891,Hebrew Union College
20306701,004054,Hebrew Union College-Jewish Institute of Religion-Cincinnati,3,cohesive,one system,0.891,Hebrew Union College
20306702,004054,Hebrew Union College-Jewish Institute of Religion-Los Angeles,3,cohesive,one system,0.891,Hebrew Union College
219240,004056,Kairos University,1,single,single campus,1.0,
219204,004057,National American University-Rapid City,1,single,single campus,1.0,Dlorah Inc.
212771,004058,Gratz College,1,single,single campus,1.0,
206516,004060,Winebrenner Theological Seminary,1,single,single campus,1.0,
199333,004062,Pitt Community College,1,single,single campus,1.0,North Carolina Community College System
174075,004069,University of Minnesota-Crookston,1,single,single campus,1.0,University of Minnesota
172608,004071,Walsh College,1,single,single campus,1.0,
171492,004072,Northwood University,1,single,single campus,1.0,Northwood University
153311,004075,Eastern Iowa Community College District,1,single,single campus,1.0,
153737,004076,Kirkwood Community College,1,single,single campus,1.0,
123916,004080,Starr King School for the Ministry,1,single,single campus,1.0,
139746,004117,Grady Health System Professional Schools,1,single,single campus,1.0,
366571,004233,Mercy-St Luke's School of Radiologic Technology,1,single,single campus,1.0,
214111,004452,Montgomery County Community College,1,single,single campus,1.0,
224615,004453,Dallas College,1,single,single campus,1.0,
113333,004480,De Anza College,1,single,single campus,1.0,California Community College System
120290,004481,Ohlone College,1,single,single campus,1.0,
112190,004502,City College of San Francisco,1,single,single campus,1.0,
126711,004506,Colorado Mountain College,1,single,single campus,1.0,
126562,004508,University of Colorado Denver/Anschutz Medical Campus,1,single,single campus,1.0,University of Colorado
126580,004509,University of Colorado Colorado Springs,1,single,single campus,1.0,University of Colorado
141811,004549,Leeward Community College,1,single,single campus,1.0,University of Hawaii Board of Regents
145309,004560,Gem City College,1,single,single campus,1.0,Gem City College
151467,004579,Vet Tech Institute of Indiana,1,single,single campus,1.0,Bradford Schools Inc.
489779,004586,Purdue University Global,1,single,single campus,1.0,The Trustees of Purdue University
154110,004587,Northeast Iowa Community College,1,single,single campus,1.0,
153445,004595,Hawkeye Community College,1,single,single campus,1.0,
153630,004598,Iowa Western Community College,1,single,single campus,1.0,
154129,004600,Northwest Iowa Community College,1,single,single campus,1.0,
154697,004608,Barton County Community College,1,single,single campus,1.0,
157793,004619,Sullivan University,1,single,single campus,1.0,Sullivan University System
158246,004621,Ayers Career College,1,single,single campus,1.0,
158662,004625,Delgado Community College,1,single,single campus,1.0,Louisiana Community and Technical College System
175227,004641,Dunwoody College of Technology,1,single,single campus,1.0,
162168,004650,Chesapeake College,1,single,single campus,1.0,
166018,004661,Hampshire College,1,single,single campus,1.0,
373711,004669,Upper Cape Cod Regional Technical School,1,single,single campus,1.0,
168847,004673,Baker College,5,mixed,"one system, names differ",0.578,Baker College System
16884704,004673,Baker College of Cadillac,5,mixed,"one system, names differ",0.578,Baker College System
16884706,004673,Baker College of Jackson,5,mixed,"one system, names differ",0.578,Baker College System
16884707,004673,Baker College of Muskegon,5,mixed,"one system, names differ",0.578,Baker College System
16884710,004673,Baker College - Royal Oak Campus,5,mixed,"one system, names differ",0.578,Baker College System
169761,004692,Dorsey College,7,cohesive,one system,0.683,Dorsey School of Business Holdings Inc.
247153,004692,Dorsey College-Wayne,7,cohesive,one system,0.683,Dorsey School of Business Holdings Inc.
250744,004692,Dorsey College-Roseville,7,cohesive,one system,0.683,Dorsey School of Business Holdings Inc.
460482,004692,Dorsey College-Saginaw,7,cohesive,one system,0.683,Dorsey School of Business Holdings Inc.
483504,004692,Dorsey College-Dearborn,7,cohesive,one system,0.683,Dorsey School of Business Holdings Inc.
495837,004692,Dorsey College-Woodhaven,7,cohesive,one system,0.683,Dorsey School of Business Holdings Inc.
499185,004692,Dorsey College-Grand Rapids,7,cohesive,one system,0.683,Dorsey School of Business Holdings Inc.
177986,004703,Logan University,1,single,single campus,1.0,
177126,004707,Covenant Theological Seminary,1,single,single campus,1.0,
177977,004711,State Technical College of Missouri,1,single,single campus,1.0,
179645,004713,Three Rivers College,1,single,single campus,1.0,
183743,004736,Bergen Community College,1,single,single campus,1.0,
185509,004740,Mercer County Community College,1,single,single campus,1.0,
187532,004742,Central New Mexico Community College,1,single,single campus,1.0,
187639,004743,Clovis Community College,1,single,single campus,1.0,
190691,004759,CUNY York College,1,single,single campus,1.0,City University of New York
190576,004765,CUNY Graduate School and University Center,1,single,single campus,1.0,City University of New York
189857,004776,Central Yeshiva Tomchei Tmimim Lubavitz,1,single,single campus,1.0,
191612,004788,Herkimer County Community College,1,single,single campus,1.0,State University of New York System
193247,004798,Mirrer Yeshiva Cent Institute,1,single,single campus,1.0,
193308,004799,Monroe University,1,single,single campus,1.0,
198118,004835,Caldwell Community College and Technical Institute,1,single,single campus,1.0,North Carolina Community College System
198622,004838,Guilford Technical Community College,1,single,single campus,1.0,North Carolina Community College System
199856,004844,Wake Technical Community College,1,single,single campus,1.0,North Carolina Community College System
199953,004845,Wilson Community College,1,single,single campus,1.0,North Carolina Community College System
201973,004852,Clark State College,1,single,single campus,1.0,
202435,004855,Davis College,1,single,single campus,1.0,
204486,004861,University of Northwestern Ohio,1,single,single campus,1.0,
205887,004866,Stautzenberger College-Maumee,3,cohesive,one system,0.693,American Higher Education Development Corporation
448600,004866,Stautzenberger College-Brecksville,3,cohesive,one system,0.693,American Higher Education Development Corporation
494852,004866,Stautzenberger College-Rockford Career College,3,cohesive,one system,0.693,American Higher Education Development Corporation
208406,004878,Clackamas Community College,1,single,single campus,1.0,
209490,004882,Oregon Health & Science University,1,single,single campus,1.0,
211477,004890,Central Penn College,1,single,single campus,1.0,
431600,004899,UPMC Mercy School of Nursing,1,single,single campus,1.0,University of Pittsburgh Medical Center
214892,004902,Penn Commercial Business/Technical School,1,single,single campus,1.0,
218894,004920,Trident Technical College,1,single,single campus,1.0,South Carolina Technical College System
217891,004923,Clinton College,1,single,single campus,1.0,
218140,004925,Horry-Georgetown Technical College,1,single,single campus,1.0,South Carolina Technical College System
218885,004926,Tri-County Technical College,1,single,single campus,1.0,South Carolina Technical College System
218706,004927,University of South Carolina-Union,1,single,single campus,1.0,University of South Carolina
220400,004937,Jackson State Community College,1,single,single campus,1.0,TBR - The College System of Tennessee
220552,004938,South College,7,cohesive,name similarity,0.634,
22055202,004938,South College-Asheville,7,cohesive,name similarity,0.634,
22055203,004938,South College-Nashville,7,cohesive,name similarity,0.634,
22055204,004938,South College-Atlanta,7,cohesive,name similarity,0.634,
22055205,004938,South College - Indianapolis,7,cohesive,name similarity,0.634,
22055206,004938,South College - Orlando,7,cohesive,name similarity,0.634,
22055207,004938,South College -  Pittsburgh,7,cohesive,name similarity,0.634,
223223,004949,Baylor College of Medicine,1,single,single campus,1.0,
229300,004951,The University of Texas Health Science Center at Houston,1,single,single campus,1.0,The University of Texas System
228653,004952,The University of Texas Medical Branch at Galveston,1,single,single campus,1.0,The University of Texas System
224961,004972,Galveston College,1,single,single campus,1.0,
228194,004977,South Texas College of Law Houston,1,single,single campus,1.0,
231697,004988,Central Virginia Community College,1,single,single campus,1.0,Virginia Community College System
231873,004996,Mountain Gateway Community College,1,single,single campus,1.0,Virginia Community College System
234696,004999,Bellingham Technical College,1,single,single campus,1.0,Washington State Board for Community and Technical Colleges
235237,005000,Pierce College District,1,single,single campus,1.0,Washington State Board for Community and Technical Colleges
235103,005001,Edmonds College,1,single,single campus,1.0,Washington State Board for Community and Technical Colleges
236887,005006,Walla Walla Community College,1,single,single campus,1.0,Washington State Board for Community and Technical Colleges
237996,005007,West Virginia Junior College-Morgantown,2,cohesive,name similarity,0.703,
494755,005007,West Virginia Junior College-United Career Institute,2,cohesive,name similarity,0.703,
240374,005015,University of Wisconsin-Parkside,2,cohesive,one system,0.928,University of Wisconsin System
491297,005015,University of Wisconsin-Parkside Flex,2,cohesive,one system,0.928,University of Wisconsin System
241191,005019,Universidad Adventista de las Antillas,1,single,single campus,1.0,
241225,005022,Universidad Central de Bayamon,1,single,single campus,1.0,
242635,005026,Inter American University of Puerto Rico-Arecibo,1,single,single campus,1.0,Universidad Interamericana de Puerto Rico
242644,005027,Inter American University of Puerto Rico-Barranquitas,1,single,single campus,1.0,Universidad Interamericana de Puerto Rico
242705,005028,Inter American University of Puerto Rico-Bayamon,1,single,single campus,1.0,Universidad Interamericana de Puerto Rico
242662,005029,Inter American University of Puerto Rico-Ponce,1,single,single campus,1.0,Universidad Interamericana de Puerto Rico
411754,005102,Cleveland Clinic School of Health Professions Radiologic Technology Program,1,single,single campus,1.0,Cleveland Clinic
160995,005204,Beal University,2,cohesive,name similarity,1.0,
16099501,005204,Beal University,2,cohesive,name similarity,1.0,
197285,005208,The College of Westchester,1,single,single campus,1.0,
230746,005220,Salt Lake Community College,1,single,single campus,1.0,Utah System of Higher Education
232867,005223,New River Community College,1,single,single campus,1.0,Virginia Community College System
156392,005244,Bluegrass Community and Technical College,1,single,single campus,1.0,Kentucky Community and Technical College System
107585,005245,University of Arkansas Community College-Morrilton,1,single,single campus,1.0,University of Arkansas System
175236,005252,Ridgewater College,1,single,single campus,1.0,Minnesota State Colleges and Universities
140243,005254,Lanier Technical College,1,single,single campus,1.0,Technical College System of Georgia
141255,005256,Wiregrass Georgia Technical College,1,single,single campus,1.0,Technical College System of Georgia
383190,005258,Hawaii Community College,1,single,single campus,1.0,University of Hawaii Board of Regents
101462,005260,J. F. Drake State Community and Technical College,1,single,single campus,1.0,Alabama Community College System
173638,005263,Minnesota West Community and Technical College,1,single,single campus,1.0,Minnesota State Colleges and Universities
155052,005264,Flint Hills Technical College,1,single,single campus,1.0,
155593,005265,Fort Hays Tech North Central,1,single,single campus,1.0,
155618,005267,Fort Hays State University-Northwest Kansas Technical College,1,single,single campus,1.0,
156338,005271,Southcentral Kentucky Community and Technical College,1,single,single campus,1.0,Kentucky Community and Technical College System
157438,005273,Gateway Community and Technical College,1,single,single campus,1.0,Kentucky Community and Technical College System
161077,005276,Central Maine Community College,1,single,single campus,1.0,Maine Community College System
161138,005277,Eastern Maine Community College,1,single,single campus,1.0,Maine Community College System
382416,005279,Greater Lowell Technical School,1,single,single campus,1.0,
220127,005281,Tennessee College of Applied Technology-Elizabethton,1,single,single campus,1.0,TBR - The College System of Tennessee
220279,005282,Tennessee College of Applied Technology-Hartsville,1,single,single campus,1.0,TBR - The College System of Tennessee
221236,005283,Tennessee College of Applied Technology Northwest,1,single,single campus,1.0,TBR - The College System of Tennessee
417628,005288,Kirksville Area Technical Center,1,single,single campus,1.0,
365505,005289,Waynesville Career Center,1,single,single campus,1.0,
183105,005291,White Mountains Community College,1,single,single campus,1.0,Community College System of New Hampshire
240125,005294,Waukesha County Technical College,1,single,single campus,1.0,Wisconsin Technical College System
239488,005301,Northeast Wisconsin Technical College,1,single,single campus,1.0,Wisconsin Technical College System
240116,005304,Chippewa Valley Technical College,1,single,single campus,1.0,Wisconsin Technical College System
235671,005306,Bates Technical College,1,single,single campus,1.0,Washington State Board for Community and Technical Colleges
221607,005307,Tennessee College of Applied Technology-McMinnville,1,single,single campus,1.0,TBR - The College System of Tennessee
219143,005309,Lake Area Technical College,1,single,single campus,1.0,South Dakota Board of Technical Education
215381,005310,Pittsburgh Institute of Aeronautics,1,single,single campus,1.0,
488934,005311,Tulsa Technology Center,1,single,single campus,1.0,Oklahoma Department of Career and Technology Education
250993,005312,Red River Technology Center,1,single,single campus,1.0,Oklahoma Department of Career and Technology Education
204422,005313,North Central State College,1,single,single campus,1.0,
198330,005316,Coastal Carolina Community College,1,single,single campus,1.0,North Carolina Community College System
198552,005317,Forsyth Technical Community College,1,single,single campus,1.0,North Carolina Community College System
198233,005318,Catawba Valley Community College,1,single,single campus,1.0,North Carolina Community College System
198154,005320,Cape Fear Community College,1,single,single campus,1.0,North Carolina Community College System
248624,005330,Fayette County Career & Technical Institute Practical Nursing Program,1,single,single campus,1.0,
369668,005335,Central Pennsylvania Institute of Science and Technology,1,single,single campus,1.0,
363165,005339,Metro Technology Centers,1,single,single campus,1.0,Oklahoma Department of Career and Technology Education
221050,005351,Tennessee College of Applied Technology-Morristown,1,single,single campus,1.0,TBR - The College System of Tennessee
220640,005353,Tennessee College of Applied Technology-Livingston,1,single,single campus,1.0,TBR - The College System of Tennessee
221616,005354,Tennessee College of Applied Technology-Jackson,1,single,single campus,1.0,TBR - The College System of Tennessee
220321,005356,Tennessee College of Applied Technology-Hohenwald,1,single,single campus,1.0,TBR - The College System of Tennessee
221430,005357,Tennessee College of Applied Technology Crump,1,single,single campus,1.0,TBR - The College System of Tennessee
219596,005358,TCAT Athens,1,single,single campus,1.0,TBR - The College System of Tennessee
248925,005359,Tennessee College of Applied Technology Nashville,1,single,single campus,1.0,TBR - The College System of Tennessee
220853,005360,Tennessee College of Applied Technology-Memphis,1,single,single campus,1.0,TBR - The College System of Tennessee
217989,005363,Denmark Technical College,1,single,single campus,1.0,South Carolina Technical College System
418409,005365,York County School of Technology-Adult & Continuing Education,1,single,single campus,1.0,
236656,005372,South Puget Sound Community College,1,single,single campus,1.0,Washington State Board for Community and Technical Colleges
235699,005373,Lake Washington Institute of Technology,1,single,single campus,1.0,Washington State Board for Community and Technical Colleges
221908,005378,Northeast State Community College,1,single,single campus,1.0,TBR - The College System of Tennessee
221494,005379,Tennessee College of Applied Technology-Shelbyville,1,single,single campus,1.0,TBR - The College System of Tennessee
239220,005380,Mid-State Technical College,1,single,single campus,1.0,
239442,005384,Nicolet Area Technical College,1,single,single campus,1.0,Wisconsin Technical College System
239460,005387,Northcentral Technical College,1,single,single campus,1.0,Wisconsin Technical College System
238759,005389,Gateway Technical College,1,single,single campus,1.0,
238397,005390,Blackhawk Technical College,1,single,single campus,1.0,
374592,005399,MCVSD,1,single,single campus,1.0,
417637,005424,Southern Missouri Technical Institute,1,single,single campus,1.0,
417646,005438,Saline County Career Center,1,single,single campus,1.0,Marshall Public School System
199421,005447,Randolph Community College,1,single,single campus,1.0,North Carolina Community College System
198455,005448,Durham Technical Community College,1,single,single campus,1.0,North Carolina Community College System
198251,005449,Central Carolina Community College,1,single,single campus,1.0,North Carolina Community College System
187000,005452,Aviation Institute of Maintenance-Teterboro,1,single,single campus,1.0,
186469,005461,Salem Community College,1,single,single campus,1.0,
199786,005463,Alamance Community College,1,single,single campus,1.0,North Carolina Community College System
199449,005464,Richmond Community College,1,single,single campus,1.0,North Carolina Community College System
160579,005467,SOWELA Technical Community College,1,single,single campus,1.0,Louisiana Community and Technical College System
158088,005489,Central Louisiana Technical Community College,1,single,single campus,1.0,Louisiana Community and Technical College System
156107,005498,Wichita State University-Campus of Applied Sciences and Technology,1,single,single campus,1.0,
155830,005499,Salina Area Technical College,1,single,single campus,1.0,
155487,005500,Manhattan Area Technical College,1,single,single campus,1.0,
485458,005511,Coastal Pines Technical College,1,single,single campus,1.0,Technical College System of Georgia
165608,005519,Diman Regional Technical Institute,1,single,single campus,1.0,
161545,005525,Southern Maine Community College,1,single,single campus,1.0,Maine Community College System
176983,005531,Grand River Technical School,1,single,single campus,1.0,
176798,005532,Cape Girardeau Career and Technology Center,1,single,single campus,1.0,
175041,005533,Saint Paul College,1,single,single campus,1.0,Minnesota State Colleges and Universities
174756,005534,St Cloud Technical and Community College,1,single,single campus,1.0,Minnesota State Colleges and Universities
174570,005535,Pine Technical & Community College,1,single,single campus,1.0,Minnesota State Colleges and Universities
173911,005537,South Central College,2,cohesive,one system,0.808,Minnesota State Colleges and Universities
17391101,005537,South Central College-Faribault,2,cohesive,one system,0.808,Minnesota State Colleges and Universities
173559,005541,Minnesota State Community and Technical College,4,mixed,"one system, names differ",0.343,Minnesota State Colleges and Universities
17355901,005541,M State - Detroit Lakes Campus,4,mixed,"one system, names differ",0.343,Minnesota State Colleges and Universities
17355902,005541,M State - Moorhead Campus,4,mixed,"one system, names differ",0.343,Minnesota State Colleges and Universities
17355903,005541,M State - Wadena Campus,4,mixed,"one system, names differ",0.343,Minnesota State Colleges and Universities
172918,005544,Alexandria Technical & Community College,1,single,single campus,1.0,Minnesota State Colleges and Universities
419095,005557,Charles H McCann Technical School,1,single,single campus,1.0,
135276,005585,Lively Technical College,1,single,single campus,1.0,Leon County School Board
135294,005586,Lindsey Hopkins Technical College,1,single,single campus,1.0,
369419,005594,Erwin Technical College,1,single,single campus,1.0,Hillsborough Technical Colleges
127158,005596,Emily Griffith Technical College,1,single,single campus,1.0,
138956,005599,Augusta Technical College,1,single,single campus,1.0,Technical College System of Georgia
246813,005600,Athens Technical College,1,single,single campus,1.0,Technical College System of Georgia
138682,005601,Albany Technical College,1,single,single campus,1.0,Technical College System of Georgia
136491,005605,Pinellas Technical College-Clearwater,1,single,single campus,1.0,Florida State Board of Education
137120,005607,Suncoast Technical College,1,single,single campus,1.0,
135522,005608,Traviss Technical College,3,mixed,"one system, names differ",0.515,Florida State Board of Education
13552201,005608,Maynard A. Traviss Technical College - Central Florida Aerospace Academy,3,mixed,"one system, names differ",0.515,Florida State Board of Education
13552202,005608,Traviss Technical College - ATCFO,3,mixed,"one system, names differ",0.515,Florida State Board of Education
135407,005612,Manatee Technical College,1,single,single campus,1.0,Florida State Board of Education
487162,005615,Southern Regional Technical College,1,single,single campus,1.0,Technical College System of Georgia
141006,005617,South Georgia Technical College,1,single,single campus,1.0,Technical College System of Georgia
140942,005618,Savannah Technical College,1,single,single campus,1.0,Technical College System of Georgia
140678,005619,North Georgia Technical College,1,single,single campus,1.0,Technical College System of Georgia
140331,005620,Chattahoochee Technical College,1,single,single campus,1.0,Technical College System of Georgia
139986,005621,Southern Crescent Technical College,1,single,single campus,1.0,Technical College System of Georgia
244446,005622,Georgia Piedmont Technical College,1,single,single campus,1.0,Technical College System of Georgia
139357,005624,Columbus Technical College,1,single,single campus,1.0,Technical College System of Georgia
371690,005638,Downey Adult School,1,single,single campus,1.0,Downey Unified School District
383084,005655,Hacienda La Puente Adult Education,1,single,single campus,1.0,
102067,005691,Shelton State Community College,1,single,single campus,1.0,Alabama Community College System
101994,005692,Reid State Technical College,1,single,single campus,1.0,Alabama Community College System
101736,005697,Northwest Shoals Community College,1,single,single campus,1.0,Alabama Community College System
101301,005699,George C Wallace State Community College-Selma,1,single,single campus,1.0,Alabama Community College System
107637,005707,Southeast Arkansas College,1,single,single campus,1.0,
107725,005732,University of Arkansas Hope-Texarkana,2,cohesive,one system,0.763,University of Arkansas System
10772501,005732,University of Arkansas Community College at Hope - Texarkana,2,cohesive,one system,0.763,University of Arkansas System
102429,005733,Bevill State Community College,1,single,single campus,1.0,Alabama Community College System
102313,005734,H Councill Trenholm State Community College,1,single,single campus,1.0,Alabama Community College System
234951,005752,Clover Park Technical College,1,single,single campus,1.0,Washington State Board for Community and Technical Colleges
204945,005753,Owens Community College,1,single,single campus,1.0,
199494,005754,Rowan-Cabarrus Community College,1,single,single campus,1.0,North Carolina Community College System
173461,005757,Lake Superior College,1,single,single campus,1.0,Minnesota State Colleges and Universities
173115,005759,Northwest Technical College,1,single,single campus,1.0,Minnesota State Colleges and Universities
161484,005760,Northern Maine Community College,1,single,single campus,1.0,Maine Community College System
160481,005761,Fletcher Technical Community College,1,single,single campus,1.0,Louisiana Community and Technical College System
483045,005763,Central Georgia Technical College,1,single,single campus,1.0,Technical College System of Georgia
165635,006136,National Aviation Academy of New England,1,single,single campus,1.0,National Aviation Academy
117803,006165,Los Angeles County College of Nursing and Allied Health,1,single,single campus,1.0,
143297,006214,Blessing Rieman College of Nursing and Health Sciences,1,single,single campus,1.0,
146755,006225,Trinity College of Nursing & Health Sciences,1,single,single campus,1.0,
147129,006228,Methodist College,1,single,single campus,1.0,Methodist Medical Center of Illinois
148575,006240,Saint Francis Medical Center College of Nursing,1,single,single campus,1.0,OSF Healthcare
152497,006257,Saint Elizabeth School of Nursing,1,single,single campus,1.0,
153542,006267,UnityPoint Health-Des Moines School of Radiologic Technology,1,single,single campus,1.0,Iowa Health System
153977,006273,Mercy College of Health Sciences,1,single,single campus,1.0,
161022,006305,Maine College of Health Professions,1,single,single campus,1.0,
165060,006322,Signature Healthcare Brockton Hospital School of Nursing,1,single,single campus,1.0,
165264,006324,Laboure College of Healthcare,1,single,single campus,1.0,
166407,006331,Lawrence Memorial Hospital School of Nursing,1,single,single campus,1.0,Hallmark Health Systems Inc.
454227,006385,Chamberlain University-Illinois,15,cohesive,one system,0.765,Adtalem Global Education
454236,006385,Chamberlain University-Ohio,15,cohesive,one system,0.765,Adtalem Global Education
454245,006385,Chamberlain University-Arizona,15,cohesive,one system,0.765,Adtalem Global Education
457129,006385,Chamberlain University-Florida,15,cohesive,one system,0.765,Adtalem Global Education
460871,006385,Chamberlain University-Virginia,15,cohesive,one system,0.765,Adtalem Global Education
466921,006385,Chamberlain University-Missouri,15,cohesive,one system,0.765,Adtalem Global Education
466930,006385,Chamberlain University-Texas,15,cohesive,one system,0.765,Adtalem Global Education
475732,006385,Chamberlain University-Georgia,15,cohesive,one system,0.765,Adtalem Global Education
475741,006385,Chamberlain University-Indiana,15,cohesive,one system,0.765,Adtalem Global Education
486938,006385,Chamberlain University-Nevada,15,cohesive,one system,0.765,Adtalem Global Education
486947,006385,Chamberlain University-Michigan,15,cohesive,one system,0.765,Adtalem Global Education
486956,006385,Chamberlain University-New Jersey,15,cohesive,one system,0.765,Adtalem Global Education
489344,006385,Chamberlain University-North Carolina,15,cohesive,one system,0.765,Adtalem Global Education
489353,006385,Chamberlain University-California,15,cohesive,one system,0.765,Adtalem Global Education
492759,006385,Chamberlain University-Louisiana,15,cohesive,one system,0.765,Adtalem Global Education
177719,006389,Barnes-Jewish College Goldfarb School of Nursing,1,single,single campus,1.0,Barnes-Jewish Hospital
178989,006392,Research College of Nursing,1,single,single campus,1.0,
180878,006399,Bryan College of Health Sciences,1,single,single campus,1.0,
181297,006404,Nebraska Methodist College of Nursing & Allied Health,1,single,single campus,1.0,Methodist Health System
184968,006417,Holy Name Medical Center-Sister Claire Tynan School of Nursing,1,single,single campus,1.0,Holy Name Hospital
185679,006421,JFK Muhlenberg Harold B. and Dorothy A. Snyder Schools,1,single,single campus,1.0,JFK Health
186405,006429,Capital Health School of Radiologic Technology,2,cohesive,one system,0.718,Saint Francis Medical Center
186423,006429,Capital Health School of Nursing,2,cohesive,one system,0.718,Saint Francis Medical Center
188915,006435,Arnot Ogden Medical Center,1,single,single campus,1.0,Arnot Ogden Medical Center
189282,006438,Mount Sinai Phillips School of Nursing,1,single,single campus,1.0,Beth Israel Medical Center
190071,006443,Cochran School of Nursing,1,single,single campus,1.0,
190451,006445,Pomeroy College of Nursing at Crouse Hospital,1,single,single campus,1.0,Crouse Health Hospital Inc.
190956,006448,Belanger School of Nursing,1,single,single campus,1.0,
195702,006461,Saint Elizabeth College of Nursing,1,single,single campus,1.0,
195191,006467,St. Joseph's College of Nursing,1,single,single campus,1.0,Saint Joseph's Hospital Health Center
198109,006477,Cabarrus College of Health Sciences,1,single,single campus,1.0,
199883,006483,Watts College of Nursing,1,single,single campus,1.0,
201177,006487,Aultman College of Nursing and Health Sciences,1,single,single campus,1.0,
201821,006489,The Christ College of Nursing and Health Sciences,1,single,single campus,1.0,
202912,006494,Good Samaritan College of Nursing and Health Science,1,single,single campus,1.0,
204893,006507,Trinity Health System School of Nursing,1,single,single campus,1.0,
211635,006534,Citizens School of Nursing,1,single,single campus,1.0,
211802,006537,DLP Conemaugh Memorial Medical Center,1,single,single campus,1.0,
213622,006551,UPMC St. Margaret School of Nursing,1,single,single campus,1.0,University of Pittsburgh Medical Center
214476,006560,Heritage Valley Health System School of Nursing,1,single,single campus,1.0,Ohio Valley General Hospital
215594,006565,Reading Hospital School of Health Sciences,1,single,single campus,1.0,Reading Hospital and Medical Center
216162,006574,St Lukes Hospital School of Nursing,1,single,single campus,1.0,
215974,006577,UPMC Shadyside School of Nursing,2,mixed,"one system, names differ",0.567,University of Pittsburgh Medical Center
21597401,006577,UPMC Shadyside - at UPMC Harrisburg,2,mixed,"one system, names differ",0.567,University of Pittsburgh Medical Center
216630,006582,Washington Health System School of Nursing,1,single,single campus,1.0,
216773,006583,Western Pennsylvania Hospital School of Nursing,1,single,single campus,1.0,
223083,006606,Baptist Health System School of Health Professions,1,single,single campus,1.0,
226675,006612,Covenant School of Nursing and Allied Health,1,single,single campus,1.0,
238324,006639,Bellin College,1,single,single campus,1.0,Bellin Health Systems
144865,006656,College of DuPage,1,single,single campus,1.0,
222822,006661,Angelina College,1,single,single campus,1.0,
108667,006720,College of Alameda,1,single,single campus,1.0,California Community College System
487010,006725,The University of Tennessee Health Science Center,1,single,single campus,1.0,The University of Tennessee System
111638,006731,Casa Loma College-Los Angeles,3,cohesive,name similarity,0.714,
11163801,006731,Casa Loma College - Nashville,3,cohesive,name similarity,0.714,
11163802,006731,Casa Loma College -  Aurora,3,cohesive,name similarity,0.714,
138187,006750,Valencia College,1,single,single campus,1.0,
145682,006753,Illinois Central College,1,single,single campus,1.0,Illinois Community College System
160667,006756,Northshore Technical Community College,1,single,single campus,1.0,Louisiana Community and Technical College System
161217,006760,University of Maine at Augusta,1,single,single campus,1.0,University of Maine System
171155,006768,Mid Michigan College,1,single,single campus,1.0,
169442,006771,College for Creative Studies,1,single,single campus,1.0,
180197,006777,Flathead Valley Community College,1,single,single campus,1.0,
191339,006782,Genesee Community College,1,single,single campus,1.0,State University of New York System
195322,006785,Schenectady County Community College,1,single,single campus,1.0,State University of New York System
190053,006787,Clinton Community College,1,single,single campus,1.0,State University of New York System
196565,006788,Tompkins Cortland Community College,1,single,single campus,1.0,State University of New York System
190169,006789,Columbia-Greene Community College,1,single,single campus,1.0,State University of New York System
196219,006791,SUNY at Purchase College,1,single,single campus,1.0,State University of New York System
198367,006799,Craven Community College,1,single,single campus,1.0,North Carolina Community College System
203599,006804,Lakeland Community College,1,single,single campus,1.0,
211079,006807,Community College of Beaver County,1,single,single campus,1.0,
213525,006810,Lehigh Carbon Community College,1,single,single campus,1.0,
213659,006811,Luzerne County Community College,1,single,single campus,1.0,
218487,006815,Orangeburg Calhoun Technical College,1,single,single campus,1.0,South Carolina Technical College System
231536,006819,Blue Ridge Community College,1,single,single campus,1.0,Virginia Community College System
220057,006835,Dyersburg State Community College,1,single,single campus,1.0,TBR - The College System of Tennessee
221096,006836,Motlow State Community College,1,single,single campus,1.0,TBR - The College System of Tennessee
161572,006858,Unity Environmental University,2,cohesive,name similarity,0.882,
16157202,006858,Unity Environmental University - Unity,2,cohesive,name similarity,0.882,
183938,006865,Camden County College,1,single,single campus,1.0,
202222,006867,Columbus State Community College,1,single,single campus,1.0,
233754,006871,Virginia Peninsula Community College,1,single,single campus,1.0,Virginia Community College System
181428,006895,University of Nebraska Medical Center,1,single,single campus,1.0,University of Nebraska
184205,006901,Rowan College of South Jersey-Cumberland Campus,2,cohesive,name similarity,0.851,
184791,006901,Rowan College of South Jersey-Gloucester Campus,2,cohesive,name similarity,0.851,
163426,006911,Montgomery College,1,single,single campus,1.0,
149727,006931,Waubonsee Community College,1,single,single campus,1.0,
209074,006938,Linn-Benton Community College,1,single,single campus,1.0,
224244,006941,Dallas Christian College,1,single,single campus,1.0,
245953,006942,Mid-America Christian University,1,single,single campus,1.0,
170541,006949,Kalamazoo Valley Community College,1,single,single campus,1.0,
218742,006951,University of South Carolina-Upstate,1,single,single campus,1.0,University of South Carolina
157331,006960,Maysville Community and Technical College,1,single,single campus,1.0,Kentucky Community and Technical College System
156921,006961,Jefferson Community and Technical College,1,single,single campus,1.0,Kentucky Community and Technical College System
156790,006962,Hazard Community and Technical College,1,single,single campus,1.0,Kentucky Community and Technical College System
111434,006973,Canada College,1,single,single campus,1.0,San Mateo County Community College District
117557,006975,Lincoln University,1,single,single campus,1.0,
182306,006977,Great Basin College,1,single,single campus,1.0,Nevada System of Higher Education
122296,007012,Samuel Merritt University,1,single,single campus,1.0,
190637,007022,CUNY Lehman College,1,single,single campus,1.0,City University of New York
193405,007026,Icahn School of Medicine at Mount Sinai,1,single,single campus,1.0,
199263,007031,Pamlico Community College,1,single,single campus,1.0,North Carolina Community College System
155520,007032,MidAmerica Nazarene University,1,single,single campus,1.0,
203544,007035,Kettering College,2,mixed,"one system, names differ",0.415,Kettering Health Network
20354401,007035,Kettering College - Ollie Davis Medical Arts and Education Center,2,mixed,"one system, names differ",0.415,Kettering Health Network
117715,007047,Los Angeles Southwest College,1,single,single campus,1.0,Los Angeles Community College District
109934,007050,Bellus Academy-Chula Vista,1,single,single campus,1.0,Beauty Boutique Inc.
204194,007085,Mount Vernon Nazarene University,1,single,single campus,1.0,
226408,007096,College of the Mainland,1,single,single campus,1.0,
233903,007099,Virginia Highlands Community College,1,single,single campus,1.0,Virginia Community College System
184481,007107,Essex County College,1,single,single campus,1.0,
243221,007108,University of Puerto Rico-Rio Piedras,1,single,single campus,1.0,University of Puerto Rico
196237,007109,SUNY Old Westbury,1,single,single campus,1.0,State University of New York System
211927,007110,Delaware County Community College,1,single,single campus,1.0,
194028,007111,North Country Community College,1,single,single campus,1.0,State University of New York System
105899,007113,Arizona Christian University,1,single,single campus,1.0,
119137,007115,Moorpark College,1,single,single campus,1.0,California Community College System
147916,007118,Parkland College,1,single,single campus,1.0,
148256,007119,Rend Lake College,1,single,single campus,1.0,Illinois Community College System
153214,007120,Des Moines Area Community College,1,single,single campus,1.0,
153320,007121,Faith Baptist Bible College and Theological Seminary,1,single,single campus,1.0,
118134,007142,Lyle's College of Beauty,2,cohesive,name similarity,0.98,
118143,007142,Lyle's College of  Beauty,2,cohesive,name similarity,0.98,
110219,007164,Bryan University,1,single,single campus,1.0,
146685,007170,Lincoln Land Community College,1,single,single campus,1.0,
170587,007171,Kirtland Community College,1,single,single campus,1.0,
210368,007178,Western Seminary,2,cohesive,name similarity,0.78,
21036801,007178,Western Seminary-San Jose,2,cohesive,name similarity,0.78,
119951,007187,North Adrian's College of Beauty Inc,1,single,single campus,1.0,
214379,007191,Northampton County Area Community College,2,cohesive,name similarity,0.921,
21437901,007191,Northampton County Area Community College-Monroe,2,cohesive,name similarity,0.921,
121859,007203,Salon Success Academy-Upland,2,cohesive,name similarity,0.754,
492953,007203,Salon Success Academy-West Covina,2,cohesive,name similarity,0.754,
118958,007204,Modern Beauty Academy,1,single,single campus,1.0,
243151,007206,University of Puerto Rico at Cayey,1,single,single campus,1.0,University of Puerto Rico
114637,007209,Redondo Beach Beauty College,1,single,single campus,1.0,
243115,007228,University of Puerto Rico-Arecibo,1,single,single campus,1.0,University of Puerto Rico
114460,007253,Federico Beauty Institute,1,single,single campus,1.0,
233648,007260,Southwest Virginia Community College,1,single,single campus,1.0,Virginia Community College System
150774,007263,Holy Cross College,1,single,single campus,1.0,
193052,007264,Mesivta Torah Vodaath Rabbinical Seminary,1,single,single campus,1.0,
143613,007265,Carl Sandburg College,1,single,single campus,1.0,Illinois Community College System
105525,007266,Pima Community College,1,single,single campus,1.0,
190512,007273,CUNY Bernard M Baruch College,1,single,single campus,1.0,City University of New York
152451,007276,Saint Meinrad School of Theology,1,single,single campus,1.0,
141644,007279,Hawaii Pacific University,1,single,single campus,1.0,
104346,007283,Central Arizona College,1,single,single campus,1.0,
223506,007287,Brazosport College,1,single,single campus,1.0,
240514,007289,Central Wyoming College,1,single,single campus,1.0,
154262,007291,St Luke's College,1,single,single campus,1.0,Iowa Health System
126605,007297,Spartan College of Aeronautics and Technology,1,single,single campus,1.0,"Spartan Education Group, LLC"
129181,007303,Lincoln Technical Institute-East Windsor,8,mixed,"one system, names differ",0.366,Lincoln Educational Services
129923,007303,Lincoln Technical Institute-New Britain,8,mixed,"one system, names differ",0.366,Lincoln Educational Services
146700,007303,Lincoln College of Technology-Melrose Park,8,mixed,"one system, names differ",0.366,Lincoln Educational Services
163028,007303,Lincoln College of Technology-Columbia,8,mixed,"one system, names differ",0.366,Lincoln Educational Services
213570,007303,Lincoln Technical Institute-Allentown,8,mixed,"one system, names differ",0.366,Lincoln Educational Services
213589,007303,Lincoln Technical Institute-Levittown,8,mixed,"one system, names differ",0.366,Lincoln Educational Services
445911,007303,Lincoln Technical Institute-Shelton,8,mixed,"one system, names differ",0.366,Lincoln Educational Services
500096,007303,Lincoln College of Technology-East Point,8,mixed,"one system, names differ",0.366,Lincoln Educational Services
190503,007304,Culinary Institute of America,3,cohesive,name similarity,0.817,
19050301,007304,Culinary Institute of America at Greystone,3,cohesive,name similarity,0.817,
19050302,007304,Culinary Institute of America San Antonio,3,cohesive,name similarity,0.817,
129002,007305,Porter & Chester Institute of Hamden,1,single,single campus,1.0,Porter and Chester
154572,007316,Western Iowa Tech Community College,1,single,single campus,1.0,
172954,007350,Anoka Technical College,1,single,single campus,1.0,Minnesota State Colleges and Universities
383297,007387,Long Island Beauty School-Hauppauge,1,single,single campus,1.0,Babylon Beauty School of Smithtown Inc.
192484,007388,Long Island Beauty School-Hempstead,1,single,single campus,1.0,
189228,007394,Berkeley College-New York,1,single,single campus,1.0,Berkeley College/Berkeley Education Services
192688,007401,Mandl School-The College of Allied Health,1,single,single campus,1.0,
162335,007447,Del-Mar-Va Beauty Academy,1,single,single campus,1.0,
188678,007465,American Academy of Dramatic Arts-New York,1,single,single campus,1.0,American Academy of Dramatic Arts
192271,007466,LIM College,1,single,single campus,1.0,
197151,007468,School of Visual Arts,1,single,single campus,1.0,
201803,007473,Choffin Career  and Technical Center,1,single,single campus,1.0,
183789,007502,Berkeley College-Woodland Park,1,single,single campus,1.0,Berkeley College/Berkeley Education Services
188890,007518,Apex Technical School,1,single,single campus,1.0,
190318,007522,Continental School of Beauty Culture-Rochester,2,cohesive,name similarity,0.826,
467094,007522,Continental School of Beauty Culture-Mattydale,2,cohesive,name similarity,0.826,
137713,007525,Riveroak Technical College,1,single,single campus,1.0,Florida State Board of Education
138284,007526,Florida Panhandle Technical College,1,single,single campus,1.0,
418427,007529,Chester County Intermediate Unit,1,single,single campus,1.0,
108232,007531,Academy of Art University,1,single,single campus,1.0,
191199,007532,Finger Lakes Community College,2,mixed,systems differ,0.512,Geneva General Hospital
475422,007532,Finger Lakes Health College of Nursing & Health Sciences,2,mixed,systems differ,0.512,Geneva General Hospital
113096,007536,Cosumnes River College,1,single,single campus,1.0,California Community College System
178244,007540,Missouri Baptist University,1,single,single campus,1.0,
237136,007544,Appalachian Bible College,1,single,single campus,1.0,
183123,007555,Lakes Region Community College,1,single,single campus,1.0,Community College System of New Hampshire
135267,007558,Fort Myers Technical College,1,single,single campus,1.0,Florida State Board of Education
183114,007560,River Valley Community College,1,single,single campus,1.0,Community College System of New Hampshire
180276,007570,Helena College University of Montana,1,single,single campus,1.0,Montana University System
188854,007572,American Musical and Dramatic Academy,1,single,single campus,1.0,
128337,007573,Empire Beauty School-Thornton,8,cohesive,one system,0.71,EEG Inc.
157669,007573,Empire Beauty School-Dixie,8,cohesive,one system,0.71,EEG Inc.
184816,007573,Empire Beauty School-Cherry Hill,8,cohesive,one system,0.71,EEG Inc.
190239,007573,Empire Beauty School-Queens,8,cohesive,one system,0.71,EEG Inc.
458821,007573,Empire Beauty School-Jackson,8,cohesive,one system,0.71,EEG Inc.
458867,007573,Empire Beauty School-Morrow,8,cohesive,one system,0.71,EEG Inc.
459046,007573,Empire Beauty School-Winston-Salem,8,cohesive,one system,0.71,EEG Inc.
500023,007573,Empire Beauty School-Indianapolis,8,cohesive,one system,0.71,EEG Inc.
377643,007578,Huntington School of Beauty Culture,1,single,single campus,1.0,
126207,007582,Aims Community College,1,single,single campus,1.0,
153074,007588,Capri College-Dubuque,1,single,single campus,1.0,Fiegen & Bisenius Inc.
186016,007593,Parisian Beauty School,1,single,single campus,1.0,
203155,007598,Hocking College,1,single,single campus,1.0,
238005,007600,International Beauty School,1,single,single campus,1.0,
217837,007602,Northeastern Technical College,1,single,single campus,1.0,South Carolina Technical College System
124937,007607,Concorde Career College-North Hollywood,1,single,single campus,1.0,Concorde Career Colleges Inc.
154466,007611,SOHO Hair Academy,1,single,single campus,1.0,
169187,007617,Carnegie Institute,1,single,single campus,1.0,
129367,007635,Connecticut State Community College,1,single,single campus,1.0,Connecticut State Colleges and Universities
198534,007640,Fayetteville Technical Community College,1,single,single campus,1.0,North Carolina Community College System
146506,007644,Lake Land College,1,single,single campus,1.0,
127945,007649,Rocky Mountain College of Art and Design,1,single,single campus,1.0,
153773,007659,La James College of Hairstyling and Cosmetology,1,single,single campus,1.0,
239910,007669,Southwest Wisconsin Technical College,1,single,single campus,1.0,Wisconsin Technical College System
207254,007678,Spartan College of Aeronautics and Technology,1,single,single campus,1.0,"Spartan Education Group, LLC"
146418,007684,Kishwaukee College,1,single,single campus,1.0,
160649,007686,Southern University at Shreveport,1,single,single campus,1.0,Southern University System
198729,007687,James Sprunt Community College,1,single,single campus,1.0,North Carolina Community College System
146348,007690,Kankakee Community College,1,single,single campus,1.0,
147004,007691,McHenry County College,1,single,single campus,1.0,
147378,007692,Moraine Valley Community College,1,single,single campus,1.0,Illinois Community College System
148821,007693,Shawnee Community College,1,single,single campus,1.0,
146472,007694,College of Lake County,1,single,single campus,1.0,
112561,007707,Columbia College,1,single,single campus,1.0,California Community College System
123509,007713,Skyline College,1,single,single campus,1.0,San Mateo County Community College District
154448,007717,Capri College-Davenport,1,single,single campus,1.0,Fiegen & Bisenius Inc.
184180,007729,County College of Morris,1,single,single campus,1.0,
183877,007730,Rowan College at Burlington County,1,single,single campus,1.0,
186645,007731,Raritan Valley Community College,1,single,single campus,1.0,
107992,007738,Southern Arkansas University Tech,1,single,single campus,1.0,Southern Arkansas University System
219426,007764,Southeast Technical College,1,single,single campus,1.0,South Dakota Board of Technical Education
213473,007779,Lansdale School of Business,1,single,single campus,1.0,North Penn Business & Technical Institute Inc.
214290,007780,New Castle School of Trades,3,cohesive,one system,0.692,North American Trade Schools Inc.
21429001,007780,New Castle School of Trades,3,cohesive,one system,0.692,North American Trade Schools Inc.
21429002,007780,New Castle School of Trades - East Liverpool Campus,3,cohesive,one system,0.692,North American Trade Schools Inc.
219994,007782,Tennessee College of Applied Technology-Dickson,1,single,single campus,1.0,TBR - The College System of Tennessee
220996,007783,Middle Tennessee School of Anesthesia Inc,1,single,single campus,1.0,
217305,007845,New England Institute of Technology,1,single,single campus,1.0,
134495,007870,Hillsborough College,1,single,single campus,1.0,
101295,007871,George C Wallace State Community College-Hanceville,1,single,single campus,1.0,Alabama Community College System
199625,007892,Sampson Community College,1,single,single campus,1.0,
133711,007893,Flagler College,1,single,single campus,1.0,
216296,007912,Thaddeus Stevens College of Technology,1,single,single campus,1.0,
248633,007916,Franklin County Career and Technology Center,1,single,single campus,1.0,
107789,007921,Paul Mitchell the School-Arkansas,1,single,single campus,1.0,Paul Mitchell Advanced Education
120661,007930,Concorde Career College-San Diego,1,single,single campus,1.0,Concorde Career Colleges Inc.
127200,007933,Front Range Community College,1,single,single campus,1.0,Colorado Community College System
249061,007937,Ms Roberts Academy of Beauty Culture,1,single,single campus,1.0,
126951,007938,Lincoln College of Technology-Denver,9,mixed,"one system, names differ",0.338,Lincoln Educational Services
151661,007938,Lincoln College of Technology-Indianapolis,9,mixed,"one system, names differ",0.338,Lincoln Educational Services
184427,007938,Lincoln Technical Institute-South Plainfield,9,mixed,"one system, names differ",0.338,Lincoln Educational Services
185396,007938,Lincoln Technical Institute-Union,9,mixed,"one system, names differ",0.338,Lincoln Educational Services
221148,007938,Nashville Auto-Diesel College,9,mixed,"one system, names differ",0.338,Lincoln Educational Services
226277,007938,Lincoln College of Technology-Grand Prairie,9,mixed,"one system, names differ",0.338,Lincoln Educational Services
420343,007938,Lincoln Technical Institute-Mahwah,9,mixed,"one system, names differ",0.338,Lincoln Educational Services
449320,007938,Lincoln Technical Institute-Whitestone,9,mixed,"one system, names differ",0.338,Lincoln Educational Services
501619,007938,Lincoln College of Technology-Houston,9,mixed,"one system, names differ",0.338,Lincoln Educational Services
154545,007941,The Salon Professional Academy-Cedar Falls,1,single,single campus,1.0,
183804,007947,Beth Medrash Govoha,1,single,single campus,1.0,
131113,007948,Wilmington University,1,single,single campus,1.0,
172671,007950,West Shore Community College,1,single,single campus,1.0,
174428,007954,Normandale Community College,1,single,single campus,1.0,Minnesota State Colleges and Universities
197850,007985,South Piedmont Community College,1,single,single campus,1.0,
198640,007986,Halifax Community College,1,single,single campus,1.0,North Carolina Community College System
198011,007987,Bladen Community College,1,single,single campus,1.0,North Carolina Community College System
198905,007988,Martin Community College,1,single,single campus,1.0,North Carolina Community College System
110486,007993,California State University-Bakersfield,1,single,single campus,1.0,California State University
435000,008067,Louisiana State University Health Sciences Center-Shreveport,1,single,single campus,1.0,Louisiana State University System
123679,008071,Concorde Career College-Garden Grove,1,single,single campus,1.0,Concorde Career Colleges Inc.
110246,008073,Butte College,1,single,single campus,1.0,California Community College System
137272,008075,St. John Vianney College Seminary,1,single,single campus,1.0,
146205,008076,John A Logan College,1,single,single campus,1.0,Illinois Community College System
167905,008078,Springfield Technical Community College,1,single,single campus,1.0,Massachusetts Community Colleges
179539,008080,State Fair Community College,1,single,single campus,1.0,
198206,008081,Carteret Community College,1,single,single campus,1.0,North Carolina Community College System
198321,008082,Cleveland Community College,1,single,single campus,1.0,North Carolina Community College System
198668,008083,Haywood Community College,1,single,single campus,1.0,North Carolina Community College System
198923,008085,McDowell Technical Community College,1,single,single campus,1.0,North Carolina Community College System
199023,008087,Montgomery Community College,1,single,single campus,1.0,North Carolina Community College System
203030,008129,Adult and Community Education-Hudson,2,mixed,name similarity,0.552,
20303001,008129,Adult & Community Education Columbus City Schools - Fort Hayes Career,2,mixed,name similarity,0.552,
204459,008132,Toledo Public Schools Adult and Continuing Education,1,single,single campus,1.0,
204255,008133,Zane State College,1,single,single campus,1.0,
221184,008145,Nashville State Community College,1,single,single campus,1.0,TBR - The College System of Tennessee
235167,008155,The Evergreen State College,1,single,single campus,1.0,
162779,008175,Howard Community College,1,single,single campus,1.0,
169284,008178,Empire Beauty School-Michigan,7,cohesive,one system,0.676,EEG Inc.
212230,008178,Empire Beauty School-Lebanon,7,cohesive,one system,0.676,EEG Inc.
212382,008178,Empire Beauty School-Harrisburg,7,cohesive,one system,0.676,EEG Inc.
375984,008178,Empire Beauty School-Center City Philadelphia,7,cohesive,one system,0.676,EEG Inc.
450605,008178,Empire Beauty School-North Hills,7,cohesive,one system,0.676,EEG Inc.
458803,008178,Empire Beauty School-E Memphis,7,cohesive,one system,0.676,EEG Inc.
485014,008178,Empire Beauty School-Buffalo,7,cohesive,one system,0.676,EEG Inc.
194435,008189,Continental School of Beauty Culture-West Seneca,1,single,single campus,1.0,
213163,008200,UPMC Jameson School of Nursing,2,cohesive,one system,0.822,University of Pittsburgh Medical Center
21316301,008200,UPMC Jameson School of Nursing - UPMC Hamot,2,cohesive,one system,0.822,University of Pittsburgh Medical Center
106041,008221,Universal Technical Institute of Arizona Inc,6,cohesive,one system,0.688,Universal Technical Institute Inc.
366191,008221,Universal Technical Institute of Illinois Inc,6,cohesive,one system,0.688,Universal Technical Institute Inc.
438504,008221,Universal Technical Institute of California Inc,6,cohesive,one system,0.688,Universal Technical Institute Inc.
442611,008221,Universal Technical Institute-Mooresville,6,cohesive,one system,0.688,Universal Technical Institute Inc.
487597,008221,Universal Technical Institute-Southern California,6,cohesive,one system,0.688,Universal Technical Institute Inc.
498030,008221,Universal Technical Institute-South Florida Miramar,6,cohesive,one system,0.688,Universal Technical Institute Inc.
136701,008223,Saint Vincent de Paul Regional Seminary,1,single,single campus,1.0,
155858,008228,Seward County Community College,1,single,single campus,1.0,
155210,008244,Johnson County Community College,1,single,single campus,1.0,
105297,008246,Dine College,1,single,single campus,1.0,
149204,008259,Educators of Beauty College of Cosmetology-Sterling,2,cohesive,one system,0.863,Sterling School of Beauty Culture Inc.
260965,008259,Educators of Beauty College of Cosmetology-Rockford,2,cohesive,one system,0.863,Sterling School of Beauty Culture Inc.
153597,008260,Iowa School of Beauty-Des Moines,1,single,single campus,1.0,Iowa School of Beauty Inc.
161800,008263,Award Beauty School,2,mixed,name similarity,0.593,
499255,008263,Baltimore Beauty & Barber School II,2,mixed,name similarity,0.593,
206011,008278,Terra State Community College,1,single,single campus,1.0,
219189,008284,Mitchell Technical College,1,single,single campus,1.0,South Dakota Board of Technical Education
105145,008303,GateWay Community College,2,cohesive,one system,0.794,Maricopa Community College District
246895,008303,GateWay Community College-Central City,2,cohesive,one system,0.794,Maricopa Community College District
105747,008304,Scottsdale Community College,1,single,single campus,1.0,Maricopa Community College District
162104,008308,Cecil College,1,single,single campus,1.0,
100830,008310,Auburn University at Montgomery,1,single,single campus,1.0,Auburn University
365213,008343,Autry Technology Center,1,single,single campus,1.0,
237473,008355,James Rumsey Technical Institute,1,single,single campus,1.0,
153472,008403,Indian Hills Community College,1,single,single campus,1.0,
183859,008404,Brookdale Community College,1,single,single campus,1.0,
153782,008424,La James International College-Ft Dodge,1,single,single campus,1.0,La James International College
417868,008437,Clinton Essex Warren Washington BOCES,1,single,single campus,1.0,New York State Education Department
199731,008466,Southwestern Community College,1,single,single campus,1.0,North Carolina Community College System
181145,008492,CHI Health School of Radiologic Technology,1,single,single campus,1.0,Alegent Health
184746,008494,Hohokus School of Trade and Technical Sciences,1,single,single campus,1.0,
226860,008498,William Edge Institute,1,single,single campus,1.0,
124706,008537,Concorde Career College-San Bernardino,1,single,single campus,1.0,Concorde Career Colleges Inc.
138840,008543,Atlanta Technical College,1,single,single campus,1.0,Technical College System of Georgia
178767,008552,Stevens-The Institute of Business & Arts,1,single,single campus,1.0,
199087,008557,Nash Community College,1,single,single campus,1.0,North Carolina Community College System
197966,008558,Beaufort County Community College,1,single,single campus,1.0,North Carolina Community College System
213914,008568,Vet Tech Institute,1,single,single campus,1.0,Bradford Schools Inc.
125471,008596,West Los Angeles College,1,single,single campus,1.0,Los Angeles Community College District
114433,008597,Feather River Community College District,1,single,single campus,1.0,
186186,008609,Rabbinical College of America,1,single,single campus,1.0,
190585,008611,CUNY Hostos Community College,1,single,single campus,1.0,City University of New York
199476,008612,Robeson Community College,1,single,single campus,1.0,North Carolina Community College System
199467,008613,Roanoke-Chowan Community College,1,single,single campus,1.0,North Carolina Community College System
194666,008614,Rabbinical College Bobover Yeshiva Bnei Zion,1,single,single campus,1.0,
194718,008617,Rabbinical Seminary Mkor Chaim,1,single,single campus,1.0,
182704,008645,Empire Beauty School-Laconia,2,cohesive,name similarity,0.772,
450641,008645,Empire Beauty School-Hooksett,2,cohesive,name similarity,0.772,
418445,008653,Jefferson County DuBois Area Vocational Technical School,1,single,single campus,1.0,
220765,008655,Genesis Career College-Cookeville,1,single,single campus,1.0,Genesis Career Group
231004,008658,O'Briens Aveda Institute,1,single,single campus,1.0,Aveda Institute
232575,008659,Laurel Ridge Community College,1,single,single campus,1.0,Virginia Community College System
232195,008660,Germanna Community College,1,single,single campus,1.0,Virginia Community College System
233639,008661,Southside Virginia Community College,1,single,single campus,1.0,Virginia Community College System
204440,008677,Northwest State Community College,1,single,single campus,1.0,
138309,008694,Rasmussen University-Florida,19,cohesive,one system,0.687,Rasmussen College LLC
175014,008694,Rasmussen University-Minnesota,19,cohesive,one system,0.687,Rasmussen College LLC
200013,008694,Rasmussen University-North Dakota,19,cohesive,one system,0.687,Rasmussen College LLC
448673,008694,Rasmussen University-Illinois,19,cohesive,one system,0.687,Rasmussen College LLC
450571,008694,Rasmussen University-Wisconsin,19,cohesive,one system,0.687,Rasmussen College LLC
480657,008694,Rasmussen University-Kansas,19,cohesive,one system,0.687,Rasmussen College LLC
13830901,008694,Rasmussen University-Central Pasco,19,cohesive,one system,0.687,Rasmussen College LLC
13830902,008694,Rasmussen University-Fort Myers,19,cohesive,one system,0.687,Rasmussen College LLC
13830903,008694,Rasmussen University-Tampa/Brandon,19,cohesive,one system,0.687,Rasmussen College LLC
13830905,008694,Rasmussen University-North Orlando,19,cohesive,one system,0.687,Rasmussen College LLC
17501401,008694,Rasmussen University-Bloomington,19,cohesive,one system,0.687,Rasmussen College LLC
17501402,008694,Rasmussen University-Eagan,19,cohesive,one system,0.687,Rasmussen College LLC
17501403,008694,Rasmussen University-Mankato,19,cohesive,one system,0.687,Rasmussen College LLC
17501406,008694,Rasmussen University-Hennepin/Anoka,19,cohesive,one system,0.687,Rasmussen College LLC
44867301,008694,Rasmussen University-Aurora,19,cohesive,one system,0.687,Rasmussen College LLC
44867302,008694,Rasmussen University-Romeoville/Joliet,19,cohesive,one system,0.687,Rasmussen College LLC
44867303,008694,Rasmussen University-Mokena/Tinley Park,19,cohesive,one system,0.687,Rasmussen College LLC
45057102,008694,Rasmussen University-Wausau,19,cohesive,one system,0.687,Rasmussen College LLC
48065701,008694,Rasmussen University - Overland Park,19,cohesive,one system,0.687,Rasmussen College LLC
102580,008843,Alaska Bible College,1,single,single campus,1.0,
126012,008846,The Wright Institute,2,cohesive,name similarity,0.727,
12601201,008846,Wright Institute (The) -,2,cohesive,name similarity,0.727,
138275,008848,Warner University,1,single,single campus,1.0,
136330,008849,Palm Beach Atlantic University,1,single,single campus,1.0,
198491,008855,Edgecombe Community College,1,single,single campus,1.0,North Carolina Community College System
220464,008859,John A Gupton College,1,single,single campus,1.0,
231068,008860,SIT Graduate Institute,1,single,single campus,1.0,
177250,008862,East Central College,1,single,single campus,1.0,
222062,008863,Walters State Community College,1,single,single campus,1.0,TBR - The College System of Tennessee
126687,008871,Concorde Career College-Aurora,2,cohesive,one system,0.867,Concorde Career Colleges Inc.
460181,008871,Concorde Career College-Dallas,2,cohesive,one system,0.867,Concorde Career Colleges Inc.
147396,008880,Morrison Institute of Technology,1,single,single campus,1.0,
364636,008886,Portage Lakes Career Center,1,single,single campus,1.0,
127820,008896,Pikes Peak State College,1,single,single campus,1.0,Colorado Community College System
111461,008903,College of the Canyons,1,single,single campus,1.0,
170790,008906,Macomb Community College,1,single,single campus,1.0,
167215,008916,New England Law-Boston,1,single,single campus,1.0,New England School of Law Corporation
122205,008918,Saddleback College,1,single,single campus,1.0,California Community College System
145354,008938,Graham Hospital School of Nursing,1,single,single campus,1.0,Graham Hospital
171775,008946,Port Huron Cosmetology College,1,single,single campus,1.0,
215530,008955,The Salon Professional Academy-Altoona,2,cohesive,one system,0.854,The Salon Professional Academy
494232,008955,The Salon Professional Academy-Washington DC,2,cohesive,one system,0.854,The Salon Professional Academy
237321,008959,Clarksburg Beauty Academy and School of Massage Therapy,1,single,single campus,1.0,
139311,008976,Clayton  State University,1,single,single campus,1.0,University System of Georgia
101602,008988,Lurleen B Wallace Community College,1,single,single campus,1.0,Alabama Community College System
157304,009010,Madisonville Community College,1,single,single campus,1.0,Kentucky Community and Technical College System
109721,009022,Associated Technical College-Los Angeles,1,single,single campus,1.0,Diversified Education Company
193609,009029,Neighborhood Playhouse School of the Theater,1,single,single campus,1.0,
237437,009047,Ameritas College,2,mixed,name similarity,0.478,
23743701,009047,Ameritas College -  South Bay Correctional Facility,2,mixed,name similarity,0.478,
238014,009054,West Virginia Northern Community College,1,single,single campus,1.0,West Virginia Community and Technical College System
173160,009058,Bethel University,1,single,single campus,1.0,Bethel University
177542,009089,Hannibal-LaGrange University,1,single,single campus,1.0,
145336,009145,Governors State University,1,single,single campus,1.0,
433138,009156,Wayne County Schools Career Center,1,single,single campus,1.0,Wayne County Joint Vocational School District
240718,009157,WyoTech,1,single,single campus,1.0,
233037,009159,Paul D Camp Community College,1,single,single campus,1.0,Virginia Community College System
233310,009160,Rappahannock Community College,1,single,single campus,1.0,Virginia Community College System
227924,009163,San Antonio College,1,single,single campus,1.0,Alamo Colleges
207670,009185,Rose State College,1,single,single campus,1.0,
239008,009194,Lakeshore Technical College,1,single,single campus,1.0,Wisconsin Technical College System
375726,009204,Kiamichi Technology Center-McAlester,1,single,single campus,1.0,Oklahoma Department of Career and Technology Education
218061,009226,Francis Marion University,1,single,single campus,1.0,
172635,009230,Wayne County Community College District,1,single,single campus,1.0,
161581,009231,Washington County Community College,1,single,single campus,1.0,Maine Community College System
143659,009232,Catholic Theological Union at Chicago,1,single,single campus,1.0,
183141,009236,Nashua Community College,1,single,single campus,1.0,Community College System of New Hampshire
195289,009248,Samaritan Hospital School of Nursing,1,single,single campus,1.0,
239372,009256,Moraine Park Technical College,1,single,single campus,1.0,Wisconsin Technical College System
240620,009259,Laramie County Community College,1,single,single campus,1.0,
113111,009272,Crafton Hills College,1,single,single campus,1.0,California Community College System
157447,009275,Northern Kentucky University,1,single,single campus,1.0,
189468,009284,Brittany Beauty Academy,2,cohesive,name similarity,1.0,
449311,009284,Brittany Beauty Academy,2,cohesive,name similarity,1.0,
180249,009314,Great Falls College Montana State University,1,single,single campus,1.0,Montana University System
218955,009322,Williamsburg Technical College,1,single,single campus,1.0,South Carolina Technical College System
148654,009333,University of Illinois Springfield,1,single,single campus,1.0,University of Illinois Board of Trustees
193061,009335,Mesivta of Eastern Parkway-Yeshiva Zichron Meilech,1,single,single campus,1.0,
198774,009336,Johnston Community College,1,single,single campus,1.0,North Carolina Community College System
186201,009344,Ramapo College of New Jersey,1,single,single campus,1.0,State of New Jersey
186876,009345,Stockton University,1,single,single campus,1.0,
236212,009387,Perry Technical Institute,1,single,single campus,1.0,
126669,009401,Colorado Christian University,1,single,single campus,1.0,
456454,009412,Fortis College-Salt Lake City,3,mixed,"one system, names differ",0.429,Education Affiliates Inc.
487302,009412,Fortis College-Cuyahoga Falls,3,mixed,"one system, names differ",0.429,Education Affiliates Inc.
494436,009412,Fortis Institute-Cookeville,3,mixed,"one system, names differ",0.429,Education Affiliates Inc.
239877,009419,State College of Beauty Culture,1,single,single campus,1.0,
199795,009430,Tri-County Community College,1,single,single campus,1.0,North Carolina Community College System
214944,009449,Pennco Tech-Bristol,1,single,single campus,1.0,Pennco Institutes Inc.
157678,009459,Empire Beauty School-Florence,7,cohesive,one system,0.697,EEG Inc.
161493,009459,Empire Beauty School-Maine,7,cohesive,one system,0.697,EEG Inc.
184506,009459,Empire Beauty School-Union,7,cohesive,one system,0.697,EEG Inc.
368230,009459,Empire Beauty School-Bloomfield,7,cohesive,one system,0.697,EEG Inc.
450614,009459,Empire Beauty School-Concord,7,cohesive,one system,0.697,EEG Inc.
456135,009459,Empire Beauty School-Spring Lake Park,7,cohesive,one system,0.697,EEG Inc.
459064,009459,Empire Beauty School-Pineville,7,cohesive,one system,0.697,EEG Inc.
221333,009464,Tennessee College of Applied Technology-Pulaski,1,single,single campus,1.0,TBR - The College System of Tennessee
146454,009475,Educators of Beauty College of Cosmetology-Peru,1,single,single campus,1.0,Sterling School of Beauty Culture Inc.
195784,009479,St Paul's School of Nursing-Staten Island,1,single,single campus,1.0,Education Affiliates Inc.
139700,009507,Georgia Highlands College,1,single,single campus,1.0,University System of Georgia
123493,009509,Charles A Jones Career and Education Center,1,single,single campus,1.0,
150765,009515,J Michael Harrold Beauty Academy,1,single,single campus,1.0,
202888,009530,Gerbers Akron Beauty School,1,single,single campus,1.0,
204769,009531,The Spa School,1,single,single campus,1.0,Ohio State School of Cosmetology Corporation
233666,009535,Staunton School of Cosmetology,1,single,single campus,1.0,
126942,009542,Community College of Denver,1,single,single campus,1.0,Colorado Community College System
127909,009543,Red Rocks Community College,1,single,single campus,1.0,Colorado Community College System
236708,009544,Spokane Falls Community College,1,single,single campus,1.0,Washington State Board for Community and Technical Colleges
229832,009549,Western Texas College,1,single,single campus,1.0,
221829,009567,Tennessee School of Beauty of Knoxville Inc,1,single,single campus,1.0,
177603,009590,Summit Salon Academy Kansas City,1,single,single campus,1.0,
177588,009607,House of Heavilin Beauty College-Kansas City,1,single,single campus,1.0,House of Heavilin of Blue Springs Inc.
365693,009617,Capitol Beauty School,1,single,single campus,1.0,
207962,009618,Tulsa Welding School-Tulsa,5,cohesive,one system,0.746,Tulsa Welding School Inc.
442329,009618,Tulsa Welding School-Jacksonville,5,cohesive,one system,0.746,Tulsa Welding School Inc.
476063,009618,Tulsa Welding School-Jacksonville,5,cohesive,one system,0.746,Tulsa Welding School Inc.
486798,009618,Tulsa Welding School-Houston,5,cohesive,one system,0.746,Tulsa Welding School Inc.
499705,009618,Tulsa Welding School-Dallas Campus,5,cohesive,one system,0.746,Tulsa Welding School Inc.
101365,009621,Herzing University-Birmingham,12,cohesive,one system,0.678,"Herzing University, LTD."
140340,009621,Herzing University-Atlanta,12,cohesive,one system,0.678,"Herzing University, LTD."
174154,009621,Herzing University-Minneapolis,12,cohesive,one system,0.678,"Herzing University, LTD."
200785,009621,Herzing University-Akron,12,cohesive,one system,0.678,"Herzing University, LTD."
240392,009621,Herzing University-Madison,12,cohesive,one system,0.678,"Herzing University, LTD."
386472,009621,Herzing University-Orlando,12,cohesive,one system,0.678,"Herzing University, LTD."
433536,009621,Herzing University-New Orleans,12,cohesive,one system,0.678,"Herzing University, LTD."
459842,009621,Herzing University-Kenosha,12,cohesive,one system,0.678,"Herzing University, LTD."
459851,009621,Herzing University-Brookfield,12,cohesive,one system,0.678,"Herzing University, LTD."
496973,009621,Herzing University-Tampa,12,cohesive,one system,0.678,"Herzing University, LTD."
499149,009621,Herzing University-Nashville,12,cohesive,one system,0.678,"Herzing University, LTD."
501521,009621,Herzing University-Clarksville,12,cohesive,one system,0.678,"Herzing University, LTD."
232788,009629,Mountain Empire Community College,1,single,single campus,1.0,Virginia Community College System
133951,009635,Florida International University,1,single,single campus,1.0,State University System of Florida
199324,009646,Piedmont Community College,1,single,single campus,1.0,North Carolina Community College System
207397,009647,Oklahoma State University-Oklahoma City,1,single,single campus,1.0,Oklahoma State System of Higher Education
226152,009651,Texas A & M International University,1,single,single campus,1.0,Texas A&M University System
243212,009652,University of Puerto Rico at Ponce,1,single,single campus,1.0,University of Puerto Rico
206039,009660,Tiffin Academy of Hair Design,1,single,single campus,1.0,
103741,009664,Empire Beauty School-Tucson,10,cohesive,one system,0.677,EEG Inc.
212276,009664,Empire Beauty School-Lancaster,10,cohesive,one system,0.677,EEG Inc.
212294,009664,Empire Beauty School-Shamokin Dam,10,cohesive,one system,0.677,EEG Inc.
212328,009664,Empire Beauty  School-Lehigh Valley,10,cohesive,one system,0.677,EEG Inc.
430227,009664,Empire Beauty School-Monroeville,10,cohesive,one system,0.677,EEG Inc.
444291,009664,Empire Beauty School-Owings Mills,10,cohesive,one system,0.677,EEG Inc.
444307,009664,Empire Beauty School-West Mifflin,10,cohesive,one system,0.677,EEG Inc.
458830,009664,Empire Beauty School-Springfield,10,cohesive,one system,0.677,EEG Inc.
459055,009664,Empire Beauty School-West Palm,10,cohesive,one system,0.677,EEG Inc.
480310,009664,Empire Beauty School-Glen Burnie,10,cohesive,one system,0.677,EEG Inc.
437857,009673,Rudae's School of Beauty Culture-Ft Wayne,1,single,single campus,1.0,
198039,009684,Blue Ridge Community College,1,single,single campus,1.0,North Carolina Community College System
236072,009704,North Seattle College,1,single,single campus,1.0,Washington State Board for Community and Technical Colleges
236504,009706,South Seattle College,1,single,single campus,1.0,Washington State Board for Community and Technical Colleges
207102,009708,Eves College of Hairstyling,1,single,single campus,1.0,
221582,009710,Tennessee College of Applied Technology-Oneida-Huntsville,1,single,single campus,1.0,TBR - The College System of Tennessee
173799,009740,Inver Hills Community College,1,single,single campus,1.0,Minnesota State Colleges and Universities
228787,009741,The University of Texas at Dallas,1,single,single campus,1.0,The University of Texas System
180814,009743,Bellevue University,1,single,single campus,1.0,
238722,009744,Fox Valley Technical College,1,single,single campus,1.0,Wisconsin Technical College System
165945,009747,Gordon-Conwell Theological Seminary,1,single,single campus,1.0,
125532,009748,Carrington College-Sacramento,16,cohesive,one system,0.706,San Joaquin Valley College Inc.
246974,009748,Carrington College-San Leandro Campus,16,cohesive,one system,0.706,San Joaquin Valley College Inc.
437936,009748,Carrington College-San Jose,16,cohesive,one system,0.706,San Joaquin Valley College Inc.
438258,009748,Carrington College-Pleasant Hill Campus,16,cohesive,one system,0.706,San Joaquin Valley College Inc.
450696,009748,Carrington College-Stockton,16,cohesive,one system,0.706,San Joaquin Valley College Inc.
500971,009748,Carrington College-Bakersfield,16,cohesive,one system,0.706,San Joaquin Valley College Inc.
500999,009748,Carrington College-Fresno,16,cohesive,one system,0.706,San Joaquin Valley College Inc.
501008,009748,Carrington College-Hesperia,16,cohesive,one system,0.706,San Joaquin Valley College Inc.
501017,009748,Carrington College-Lancaster,16,cohesive,one system,0.706,San Joaquin Valley College Inc.
501026,009748,Carrington College-Modesto,16,cohesive,one system,0.706,San Joaquin Valley College Inc.
501035,009748,Carrington College-Ontario,16,cohesive,one system,0.706,San Joaquin Valley College Inc.
501044,009748,Carrington College-Rancho Cordova,16,cohesive,one system,0.706,San Joaquin Valley College Inc.
501053,009748,Carrington College-Rancho Mirage,16,cohesive,one system,0.706,San Joaquin Valley College Inc.
501062,009748,Carrington College-Santa Maria,16,cohesive,one system,0.706,San Joaquin Valley College Inc.
501071,009748,Carrington College-Temecula,16,cohesive,one system,0.706,San Joaquin Valley College Inc.
501080,009748,Carrington College-Visalia,16,cohesive,one system,0.706,San Joaquin Valley College Inc.
166708,009756,University of Massachusetts Chan Medical School,1,single,single campus,1.0,University of Massachusetts
207935,009763,Tulsa Community College,1,single,single campus,1.0,
144175,009767,City Colleges of Chicago-Olive-Harvey College,1,single,single campus,1.0,City Colleges of Chicago
228909,009768,University of North Texas Health Science Center,1,single,single campus,1.0,University of North Texas System
190114,009769,Metropolitan College of New York,1,single,single campus,1.0,
226806,009797,Midland College,1,single,single campus,1.0,
148511,009800,Rush University,1,single,single campus,1.0,
161192,009826,Kennebec Valley Community College,1,single,single campus,1.0,Maine Community College System
174321,009831,Model College of Hair Design,1,single,single campus,1.0,
136172,009841,University of North Florida,1,single,single campus,1.0,State University System of Florida
180832,009862,Clarkson College,1,single,single campus,1.0,
142407,009873,Aveda Institute-Twin Falls,1,single,single campus,1.0,
147800,009896,Oakton College,1,single,single campus,1.0,
158778,009898,Delta College West,1,single,single campus,1.0,
166498,009899,Lowell Academy Hairstyling Institute,1,single,single campus,1.0,
137245,009902,Sheridan Technical College,1,single,single campus,1.0,Broward County Public Schools
199838,009903,Vance-Granville Community College,1,single,single campus,1.0,North Carolina Community College System
217712,009910,Technical College of the Lowcountry,1,single,single campus,1.0,South Carolina Technical College System
222053,009912,Volunteer State Community College,1,single,single campus,1.0,TBR - The College System of Tennessee
221397,009914,Roane State Community College,1,single,single campus,1.0,TBR - The College System of Tennessee
150987,009917,Ivy Tech Community College,20,cohesive,name similarity,0.732,
15098701,009917,Ivy Tech Community College-South Bend/Elkhart,20,cohesive,name similarity,0.732,
15098702,009917,Ivy Tech Community College-Columbus,20,cohesive,name similarity,0.732,
15098703,009917,Ivy Tech Community College-Muncie,20,cohesive,name similarity,0.732,
15098704,009917,Ivy Tech Community College-Kokomo,20,cohesive,name similarity,0.732,
15098705,009917,Ivy Tech Community College-Lafayette,20,cohesive,name similarity,0.732,
15098706,009917,Ivy Tech Community College-Fort Wayne,20,cohesive,name similarity,0.732,
15098707,009917,Ivy Tech Community College-Sellersburg,20,cohesive,name similarity,0.732,
15098708,009917,Ivy Tech Community College-Evansville,20,cohesive,name similarity,0.732,
15098709,009917,Ivy Tech Community College-Terre Haute,20,cohesive,name similarity,0.732,
15098710,009917,Ivy Tech Community College-Richmond,20,cohesive,name similarity,0.732,
15098711,009917,Ivy Tech Community College-Lake County,20,cohesive,name similarity,0.732,
15098712,009917,Ivy Tech Community College-Madison,20,cohesive,name similarity,0.732,
15098713,009917,Ivy Tech Community College-Bloomington,20,cohesive,name similarity,0.732,
15098714,009917,Ivy Tech Community College-Indianapolis,20,cohesive,name similarity,0.732,
15098715,009917,Ivy Tech Community College-Marion,20,cohesive,name similarity,0.732,
15098716,009917,Ivy Tech Community College-Valparaiso,20,cohesive,name similarity,0.732,
15098717,009917,Ivy Tech Community College-Lawrenceburg,20,cohesive,name similarity,0.732,
15098718,009917,Ivy Tech Community College-Hamilton County,20,cohesive,name similarity,0.732,
15098719,009917,Ivy Tech Community College-Anderson,20,cohesive,name similarity,0.732,
233116,009928,Piedmont Virginia Community College,1,single,single campus,1.0,Virginia Community College System
196228,009929,SUNY College of Optometry,1,single,single campus,1.0,State University of New York System
229018,009930,The University of Texas Permian Basin,1,single,single campus,1.0,The University of Texas System
166887,009936,Middlesex Community College,1,single,single campus,1.0,Massachusetts Community Colleges
201283,009941,Belmont College,1,single,single campus,1.0,
205443,009942,Shawnee State University,1,single,single campus,1.0,
363633,009962,Luna Community College,1,single,single campus,1.0,
364946,009963,Caddo Kiowa Technology Center,1,single,single campus,1.0,
246017,009964,Central Technology Center,1,single,single campus,1.0,Oklahoma Department of Career and Technology Education
365374,009965,Canadian Valley Technology Center,1,single,single campus,1.0,Oklahoma Department of Career and Technology Education
375683,009968,Gordon Cooper Technology Center,1,single,single campus,1.0,Oklahoma Department of Career and Technology Education
160010,009975,Northwest Louisiana Technical Community College,1,single,single campus,1.0,Louisiana Community and Technical College System
107521,009976,Arkansas State University Three Rivers,1,single,single campus,1.0,Arkansas State University System
127617,009981,Morgan Community College,1,single,single campus,1.0,Colorado Community College System
149028,009987,Saint Anthony College of Nursing,1,single,single campus,1.0,OSF Healthcare
433420,009989,California Aeronautical University,1,single,single campus,1.0,Sanbarcollbuscom Inc.
174525,009992,Oak Hills Christian College,1,single,single campus,1.0,
186034,009994,Passaic County Community College,1,single,single campus,1.0,
418454,010006,Greater Johnstown Career and Technology Center,1,single,single campus,1.0,
240736,010010,American Samoa Community College,1,single,single campus,1.0,
162609,010014,Garrett College,1,single,single campus,1.0,
204990,010017,Payne Theological Seminary,1,single,single campus,1.0,
228635,010019,University of Texas Southwestern Medical Center,1,single,single campus,1.0,The University of Texas System
146603,010020,Lewis and Clark Community College,1,single,single campus,1.0,Illinois Community College System
203678,010027,James A. Rhodes State College,1,single,single campus,1.0,
233356,010043,Bon Secours Memorial College of Nursing,1,single,single campus,1.0,Bon Secours Mercy Health
190628,010051,CUNY LaGuardia Community College,1,single,single campus,1.0,City University of New York
417886,010052,Jefferson Lewis BOCES-Practical Nursing Program,1,single,single campus,1.0,New York State Education Department
418296,010053,Indian Capital Technology Center-Muskogee,5,cohesive,one system,0.648,Oklahoma Department of Career and Technology Education
41829601,010053,Indian Capital Technology Center-Sallisaw,5,cohesive,one system,0.648,Oklahoma Department of Career and Technology Education
41829602,010053,Indian Capital Technology Center-Stilwell,5,cohesive,one system,0.648,Oklahoma Department of Career and Technology Education
41829603,010053,Indian Capital Technology Center-Tahlequah,5,cohesive,one system,0.648,Oklahoma Department of Career and Technology Education
41829604,010053,Indian Capital Technology Center School  District Number 4 - Coweta,5,cohesive,one system,0.648,Oklahoma Department of Career and Technology Education
217615,010056,Aiken Technical College,1,single,single campus,1.0,South Carolina Technical College System
229504,010060,Vernon College,1,single,single campus,1.0,
190646,010097,CUNY Medgar Evers College,1,single,single campus,1.0,City University of New York
445692,010098,Neumont College of Computer Science,1,single,single campus,1.0,
111896,010111,Cerro Coso Community College,1,single,single campus,1.0,California Community College System
229027,010115,The University of Texas at San Antonio,1,single,single campus,1.0,The University of Texas System
226879,010130,Wade College,1,single,single campus,1.0,
219453,010138,Stewart School,1,single,single campus,1.0,
368647,010140,Mineral County Vocational Technical Center,1,single,single campus,1.0,Mineral County Schools
196592,010142,Touro University,1,single,single campus,1.0,Touro University System
420468,010147,Western Suffolk BOCES,1,single,single campus,1.0,New York State Education Department
126827,010148,Colorado Technical University-Colorado Springs,1,single,single campus,1.0,Perdoceo Education Corporation
121150,010149,Pepperdine University,1,single,single campus,1.0,
152628,010151,Vincennes Beauty College,1,single,single campus,1.0,
191597,010153,Helene Fuld College of Nursing,1,single,single campus,1.0,
135337,010161,Loraines Academy & Spa,1,single,single campus,1.0,
219480,010170,Western Dakota Technical College,1,single,single campus,1.0,South Dakota Board of Technical Education
216825,010176,Westmoreland County Community College,1,single,single campus,1.0,
209940,010182,Rogue Community College,1,single,single campus,1.0,
248934,010198,ECPI University,17,mixed,"one system, names differ",0.492,Novateur Education
24893401,010198,ECPI University-Newport News,17,mixed,"one system, names differ",0.492,Novateur Education
24893402,010198,ECPI University-Greensboro,17,mixed,"one system, names differ",0.492,Novateur Education
24893403,010198,ECPI University-Charlotte,17,mixed,"one system, names differ",0.492,Novateur Education
24893404,010198,ECPI University-Greenville,17,mixed,"one system, names differ",0.492,Novateur Education
24893405,010198,ECPI University-Manassas,17,mixed,"one system, names differ",0.492,Novateur Education
24893406,010198,ECPI University-Charleston,17,mixed,"one system, names differ",0.492,Novateur Education
24893407,010198,ECPI University-Raleigh,17,mixed,"one system, names differ",0.492,Novateur Education
24893408,010198,ECPI University-Columbia,17,mixed,"one system, names differ",0.492,Novateur Education
24893410,010198,ECPI University-Culinary Institute of Virginia,17,mixed,"one system, names differ",0.492,Novateur Education
24893411,010198,ECPI University-Virginia Beach Health Sciences,17,mixed,"one system, names differ",0.492,Novateur Education
24893412,010198,ECPI University-Richmond South,17,mixed,"one system, names differ",0.492,Novateur Education
24893413,010198,ECPI University-Innsbrook,17,mixed,"one system, names differ",0.492,Novateur Education
24893414,010198,ECPI University-Richmond West,17,mixed,"one system, names differ",0.492,Novateur Education
24893415,010198,ECPI University - Roanoke,17,mixed,"one system, names differ",0.492,Novateur Education
24893416,010198,ECPI University - Orlando,17,mixed,"one system, names differ",0.492,Novateur Education
24893418,010198,ECPI University - San Antonio,17,mixed,"one system, names differ",0.492,Novateur Education
154712,010256,Benedictine College,1,single,single campus,1.0,
207157,010266,Randall University,1,single,single campus,1.0,
204714,010280,Ohio State Beauty Academy,1,single,single campus,1.0,University of Northwestern Ohio
196264,010286,Empire State University,1,single,single campus,1.0,State University of New York System
163347,010319,Fortis Institute-Towson,5,mixed,"one system, names differ",0.435,Education Affiliates Inc.
372921,010319,Fortis College-Smyrna,5,mixed,"one system, names differ",0.435,Education Affiliates Inc.
450058,010319,Fortis College-Columbus,5,mixed,"one system, names differ",0.435,Education Affiliates Inc.
450067,010319,Fortis College-Cincinnati,5,mixed,"one system, names differ",0.435,Education Affiliates Inc.
460020,010319,Fortis College-Columbia,5,mixed,"one system, names differ",0.435,Education Affiliates Inc.
220251,010326,Tennessee College of Applied Technology-Harriman,1,single,single campus,1.0,TBR - The College System of Tennessee
117894,010340,Los Medanos College,1,single,single campus,1.0,California Community College System
365198,010342,Southern Oklahoma Technology Center,1,single,single campus,1.0,
243638,010343,College of Micronesia-FSM,1,single,single campus,1.0,
201928,010345,Cincinnati State Technical and Community College,1,single,single campus,1.0,
182005,010362,College of Southern Nevada,1,single,single campus,1.0,Nevada System of Higher Education
182564,010363,Western Nevada College,1,single,single campus,1.0,Nevada System of Higher Education
237039,010364,Whatcom Community College,1,single,single campus,1.0,Washington State Board for Community and Technical Colleges
111966,010365,Charles R Drew University of Medicine and Science,1,single,single campus,1.0,
174020,010374,Metropolitan State University,1,single,single campus,1.0,Minnesota State Colleges and Universities
194736,010378,Rabbinical College of Long Island,1,single,single campus,1.0,
224642,010387,El Paso Community College,1,single,single campus,1.0,
215585,010388,Reading Area Community College,1,single,single campus,1.0,
207449,010391,Oklahoma City Community College,1,single,single campus,1.0,Oklahoma State System of Higher Education
122436,010395,University of San Diego,1,single,single campus,1.0,
173416,010402,Dakota County Technical College,1,single,single campus,1.0,Minnesota State Colleges and Universities
177302,010405,Pinnacle Career Institute,1,single,single campus,1.0,"Manufacturer’s Technical Institutes, Inc"
200110,010406,Josef's School of Hair Skin & Body-Grand Forks,2,cohesive,name similarity,0.86,
456551,010406,Josef's School of Hair Skin & Body-Fargo,2,cohesive,name similarity,0.86,
156967,010424,Summit Salon Academy-Lexington,1,single,single campus,1.0,
236382,010434,Renton Technical College,1,single,single campus,1.0,Washington State Board for Community and Technical Colleges
155140,010438,Haskell Indian Nations University,1,single,single campus,1.0,
221485,010439,Southwest Tennessee Community College,1,single,single campus,1.0,TBR - The College System of Tennessee
121628,010441,RAND School of Public Policy,2,cohesive,one system,0.836,The RAND Corporation
12162801,010441,RAND School of Public Policy - Virginia,2,cohesive,one system,0.836,The RAND Corporation
206446,010453,Washington State College of Ohio,1,single,single campus,1.0,
219505,010460,American Baptist College,1,single,single campus,1.0,
139278,010487,West Georgia Technical College,1,single,single campus,1.0,Technical College System of Georgia
157021,010489,American National University-Louisville,1,single,single campus,1.0,American National University
173708,010491,Hennepin Technical College,1,single,single campus,1.0,Minnesota State Colleges and Universities
146533,010501,Lakeview College of Nursing,1,single,single campus,1.0,
156134,010503,Wichita Technical Institute,1,single,single campus,1.0,
225201,010509,Hallmark University,1,single,single campus,1.0,
220871,010529,Memphis Theological Seminary,1,single,single campus,1.0,
104443,010542,Empire Beauty School-Chandler,13,cohesive,one system,0.75,EEG Inc.
157614,010542,Empire Beauty School-Chenoweth,13,cohesive,one system,0.75,EEG Inc.
212267,010542,Empire Beauty School-York,13,cohesive,one system,0.75,EEG Inc.
212355,010542,Empire Beauty School-Wyoming Valley,13,cohesive,one system,0.75,EEG Inc.
212391,010542,Empire Beauty School-Reading,13,cohesive,one system,0.75,EEG Inc.
407179,010542,Empire Beauty School-Malden,13,cohesive,one system,0.75,EEG Inc.
444282,010542,Empire Beauty School-Midlothian,13,cohesive,one system,0.75,EEG Inc.
450599,010542,Empire Beauty School-Richmond,13,cohesive,one system,0.75,EEG Inc.
458812,010542,Empire Beauty School-Nashville,13,cohesive,one system,0.75,EEG Inc.
481678,010542,Empire Beauty School-Augusta,13,cohesive,one system,0.75,EEG Inc.
485397,010542,Empire Beauty School-Cheltenham,13,cohesive,one system,0.75,EEG Inc.
491136,010542,Empire Beauty School-Tampa,13,cohesive,one system,0.75,EEG Inc.
495518,010542,Empire Beauty School-Newport News,13,cohesive,one system,0.75,EEG Inc.
175315,010546,Century College,1,single,single campus,1.0,Minnesota State Colleges and Universities
192165,010549,Kehilath Yakov Rabbinical Seminary,1,single,single campus,1.0,
193858,010551,New York School for Medical and Dental Assistants,2,mixed,"one system, names differ",0.458,Clido Inc.
19385801,010551,NYSMedical&Dental Assistants - American Institute of Clinical Massage,2,mixed,"one system, names differ",0.458,Clido Inc.
241720,010567,Colegio Universitario de San Juan,1,single,single campus,1.0,
237987,010573,West Virginia Junior College-Charleston,2,cohesive,one system,0.821,West Virginia Junior College Inc.
442383,010573,West Virginia Junior College-Bridgeport,2,cohesive,one system,0.821,West Virginia Junior College Inc.
151962,010618,Mid-America College of Funeral Service,1,single,single campus,1.0,Pierce Mortuary Colleges Inc.
185970,010629,P B Cosmetology Education Center,1,single,single campus,1.0,
204431,010630,Northern Institute of Cosmetology,1,single,single campus,1.0,
225423,010633,Houston City College,1,single,single campus,1.0,
136400,010652,Pasco-Hernando State College,1,single,single campus,1.0,
229337,010674,Texas Tech University Health Sciences Center,1,single,single campus,1.0,Texas Tech University System
191083,010684,Erie Community College,1,single,single campus,1.0,State University of New York System
220394,010700,Tennessee College of Applied Technology-Jacksboro,2,cohesive,one system,1.0,TBR - The College System of Tennessee
22039402,010700,Tennessee College of Applied Technology-Jacksboro,2,cohesive,one system,1.0,TBR - The College System of Tennessee
367972,010710,Capital Area Career Center,1,single,single campus,1.0,
364548,010717,Great Plains Technology Center,1,single,single campus,1.0,Oklahoma Department of Career and Technology Education
132842,010724,Albizu University-Miami,2,cohesive,name similarity,0.776,
241331,010724,Albizu University-San Juan,2,cohesive,name similarity,0.776,
482413,010727,DeVry College of New York,11,mixed,"one system, names differ",0.327,Cogswell Capital
482422,010727,DeVry University-Arizona,11,mixed,"one system, names differ",0.327,Cogswell Capital
482431,010727,DeVry University-California,11,mixed,"one system, names differ",0.327,Cogswell Capital
482459,010727,DeVry University-Florida,11,mixed,"one system, names differ",0.327,Cogswell Capital
482468,010727,DeVry University-Georgia,11,mixed,"one system, names differ",0.327,Cogswell Capital
482477,010727,DeVry University-Illinois,11,mixed,"one system, names differ",0.327,Cogswell Capital
482547,010727,DeVry University-Nevada,11,mixed,"one system, names differ",0.327,Cogswell Capital
482556,010727,DeVry University-New Jersey,11,mixed,"one system, names differ",0.327,Cogswell Capital
482574,010727,DeVry University-Ohio,11,mixed,"one system, names differ",0.327,Cogswell Capital
482635,010727,DeVry University-Texas,11,mixed,"one system, names differ",0.327,Cogswell Capital
482653,010727,DeVry University-Virginia,11,mixed,"one system, names differ",0.327,Cogswell Capital
203881,010736,Marion Technical College,1,single,single campus,1.0,
107293,010741,Academy of Salon and Spa,1,single,single campus,1.0,
224271,010761,Dallas Institute of Funeral Service,1,single,single campus,1.0,Pierce Mortuary Colleges Inc.
418302,010762,Western Technology Center,1,single,single campus,1.0,Oklahoma Department of Career and Technology Education
139995,010771,Gupton Jones College of Funeral Service,1,single,single campus,1.0,Pierce Mortuary Colleges Inc.
130174,010779,Porter & Chester Institute,6,cohesive,one system,0.746,Porter and Chester
13017403,010779,Porter and Chester Institute of Waterbury,6,cohesive,one system,0.746,Porter and Chester
13017405,010779,Porter and Chester Institute of Worcester,6,cohesive,one system,0.746,Porter and Chester
13017408,010779,Porter and Chester Institute - Brockton,6,cohesive,one system,0.746,Porter and Chester
13017409,010779,Porter and Chester Institute - Chicopee,6,cohesive,one system,0.746,Porter and Chester
13017410,010779,Porter and Chester Institute - New London,6,cohesive,one system,0.746,Porter and Chester
188687,010813,American Academy McAllister Institute of Funeral Service,1,single,single campus,1.0,
215390,010814,Pittsburgh Institute of Mortuary Science Inc,1,single,single campus,1.0,
241766,010819,Puerto Rico Conservatory of Music,1,single,single campus,1.0,
137865,010826,Tom P. Haney Technical College,1,single,single campus,1.0,
169503,010827,David Pressley School of Cosmetology,1,single,single campus,1.0,
373216,010836,Pivot Point Academy,2,cohesive,one system,0.623,Pivot Point International Inc.
37321601,010836,Pivot Point Academy -  Wahl Barber Academy,2,cohesive,one system,0.623,Pivot Point International Inc.
126049,010854,Thomas Jefferson School of Law,1,single,single campus,1.0,
104568,010858,Avalon Institute-Mesa,4,cohesive,one system,0.8,EA Education Inc.
474915,010858,Avalon Institute-Phoenix,4,cohesive,one system,0.8,EA Education Inc.
474924,010858,Avalon Institute-Layton,4,cohesive,one system,0.8,EA Education Inc.
497301,010858,Avalon Institute-Las Vegas,4,cohesive,one system,0.8,EA Education Inc.
383367,010860,Greater Altoona Career & Technology Center,1,single,single campus,1.0,
148292,010879,Richland Community College,1,single,single campus,1.0,
205841,010881,Stark State College,1,single,single campus,1.0,The University System of Ohio
185466,010903,Rizzieri Aveda School for Beauty and Wellness,1,single,single campus,1.0,
201867,010906,Cincinnati College of Mortuary Science,1,single,single campus,1.0,
243188,010922,University of Puerto Rico-Utuado,1,single,single campus,1.0,University of Puerto Rico
194693,010943,Rabbinical College Beth Shraga,1,single,single campus,1.0,
260363,010963,Greene County Career and Technology Center,1,single,single campus,1.0,
243133,010975,University of Puerto Rico,1,single,single campus,1.0,University of Puerto Rico
203146,010993,Hobart Institute of Welding Technology,1,single,single campus,1.0,
139621,010997,East Georgia State College,3,cohesive,one system,0.8,University System of Georgia
13962101,010997,East Georgia State College - Statesboro,3,cohesive,one system,0.8,University System of Georgia
13962102,010997,East Georgia State College - Augusta,3,cohesive,one system,0.8,University System of Georgia
214582,010998,Pennsylvania Institute of Technology,1,single,single campus,1.0,
243647,011009,Palau Community College,1,single,single campus,1.0,
417655,011026,Warrensburg Area Career Center,1,single,single campus,1.0,Warrensburg School District
201672,011046,Central Ohio Technical College,1,single,single campus,1.0,The University System of Ohio
158538,011097,Cloyd's Beauty School 1 Inc,1,single,single campus,1.0,
153861,011113,Maharishi International University,1,single,single campus,1.0,
110468,011117,Alliant International University-San Diego,7,cohesive,one system,0.804,"Alliant International University, Inc."
11046801,011117,Alliant International University-Fresno,7,cohesive,one system,0.804,"Alliant International University, Inc."
11046802,011117,Alliant International University-Los Angeles,7,cohesive,one system,0.804,"Alliant International University, Inc."
11046803,011117,Alliant International University-San Francisco Bay Area,7,cohesive,one system,0.804,"Alliant International University, Inc."
11046804,011117,Alliant International University-Irvine,7,cohesive,one system,0.804,"Alliant International University, Inc."
11046805,011117,Alliant International University-Sacramento,7,cohesive,one system,0.804,"Alliant International University, Inc."
11046806,011117,Alliant International University - Phoenix,7,cohesive,one system,0.804,"Alliant International University, Inc."
142179,011133,College of Eastern Idaho,1,single,single campus,1.0,
227182,011145,Lone Star College System,1,single,single campus,1.0,
224147,011161,Texas A & M University-Corpus Christi,1,single,single campus,1.0,Texas A&M University System
228802,011163,The University of Texas at Tyler,1,single,single campus,1.0,The University of Texas System
230676,011165,Uintah Basin Technical College,1,single,single campus,1.0,Utah System of Higher Education
230861,011167,Community College of Vermont,1,single,single campus,1.0,Vermont State Colleges
197018,011189,United Talmudical Seminary,1,single,single campus,1.0,
189273,011192,Beth Hamedrash Shaarei Yosher Institute,1,single,single campus,1.0,
199740,011194,Stanly Community College,1,single,single campus,1.0,North Carolina Community College System
198914,011197,Mayland Community College,1,single,single campus,1.0,
364627,011206,Pioneer Technology Center,1,single,single campus,1.0,Oklahoma Department of Career and Technology Education
165112,011210,Bunker Hill Community College,1,single,single campus,1.0,Massachusetts Community Colleges
141990,011220,Windward Community College,1,single,single campus,1.0,University of Hawaii Board of Regents
237880,011245,West Virginia School of Osteopathic Medicine,1,single,single campus,1.0,West Virginia Higher Education Policy Commission
207315,011282,Oklahoma State University Center for Health Sciences,1,single,single campus,1.0,Oklahoma State System of Higher Education
160959,011385,College of the Atlantic,1,single,single campus,1.0,
119605,011460,National University,1,single,single campus,1.0,National University System
102553,011462,University of Alaska Anchorage,1,single,single campus,1.0,University of Alaska System of Higher Education
219392,011477,Sanford Medical Center,1,single,single campus,1.0,Sanford Health
235088,011481,Divers Institute of Technology,1,single,single campus,1.0,
238175,011484,VICI Beauty School,1,single,single campus,1.0,
150303,011505,Tricoci University of Beauty Culture-Highland,1,single,single campus,1.0,Tricoci University of Beauty Culture LLC
181190,011519,Joseph's College Cosmetology,1,single,single campus,1.0,Joseph's Colleges of Beauty and Barbering
365763,011523,Morris County Vocational School District,1,single,single campus,1.0,
418320,011537,Mid-America Technology Center,1,single,single campus,1.0,Oklahoma Department of Career and Technology Education
222105,011553,William R Moore College of Technology,1,single,single campus,1.0,
126784,011572,Colorado School of Trades,1,single,single campus,1.0,
233286,011596,Sylvain Melloul International Hair Academy,1,single,single campus,1.0,
190707,011614,CVPH Medical Center School of Radiologic Technology,1,single,single campus,1.0,
451413,011617,Center for Allied Health Education,1,single,single campus,1.0,
211006,011621,Automotive Training Center-Exton,2,cohesive,one system,0.812,Automotive Training Center Inc.
448770,011621,Automotive Training Center-Warminster,2,cohesive,one system,0.812,Automotive Training Center Inc.
216746,011622,Welder Training and Testing Institute,1,single,single campus,1.0,
163204,011644,University of Maryland Global Campus,1,single,single campus,1.0,University System of Maryland
117946,011649,Loyola Marymount University,1,single,single campus,1.0,
181491,011667,Northeast Community College,1,single,single campus,1.0,
197674,011670,Yeshiva of Nitra Rabbinical College,1,single,single campus,1.0,
118684,011672,Mendocino College,1,single,single campus,1.0,California Community College System
161509,011673,Maine College of Art & Design,1,single,single campus,1.0,
196112,011678,SUNY Polytechnic Institute,1,single,single campus,1.0,State University of New York System
105659,011689,Refrigeration School Inc,1,single,single campus,1.0,Tulsa Welding School Inc.
120078,011707,North-West College-West Covina,2,cohesive,one system,0.772,North-West College
372028,011707,North-West College-Glendale,2,cohesive,one system,0.772,North-West College
225414,011711,University of Houston-Clear Lake,1,single,single campus,1.0,University of Houston System
215479,011715,Joseph F McCloskey School of Nursing,1,single,single campus,1.0,
243601,011719,Universidad Ana G. Mendez-Gurabo Campus,1,single,single campus,1.0,Sistema Universitario Ana G. Mendez
130907,011727,Delaware Technical Community College-Terry,3,cohesive,one system,0.784,Delaware Technical and Community Colleges
13090701,011727,Delaware Technical Community College-Owens,3,cohesive,one system,0.784,Delaware Technical and Community Colleges
13090702,011727,Delaware Technical Community College-Stanton/Wilmington,3,cohesive,one system,0.784,Delaware Technical and Community Colleges
173957,011732,Mayo Clinic College of Medicine and Science,4,cohesive,one system,0.896,Mayo Clinic
17395701,011732,Mayo Clinic College of Medicine and Science - Florida,4,cohesive,one system,0.896,Mayo Clinic
17395702,011732,Mayo Clinic College of Medicine and Science - Arizona,4,cohesive,one system,0.896,Mayo Clinic
17395703,011732,Mayo Clinic College of Medicine and Science - Arizona,4,cohesive,one system,0.896,Mayo Clinic
261773,011735,Pike-Lincoln Technical Center,1,single,single campus,1.0,Pike County R-3 School District
204334,011744,National Beauty College,1,single,single campus,1.0,
204608,011745,Ohio Technical College,1,single,single campus,1.0,
238096,011749,Wood County Technical Center-Practical Nursing,1,single,single campus,1.0,
114734,011792,Franciscan School of Theology,1,single,single campus,1.0,
199689,011799,Paul Mitchell the School-Fayetteville,4,cohesive,one system,0.743,Paul Mitchell Advanced Education
467863,011799,Paul Mitchell the School-Columbia,4,cohesive,one system,0.743,Paul Mitchell Advanced Education
467872,011799,Paul Mitchell the School-Charleston,4,cohesive,one system,0.743,Paul Mitchell Advanced Education
483337,011799,Paul Mitchell the School-Greenville,4,cohesive,one system,0.743,Paul Mitchell Advanced Education
149310,011810,Taylor Business Institute,1,single,single campus,1.0,
122384,011820,San Diego Miramar College,1,single,single campus,1.0,California Community College System
197744,011821,Yeshivath Zichron Moshe,1,single,single campus,1.0,
240198,011824,Northwood Technical College,1,single,single campus,1.0,Wisconsin Technical College System
189219,011830,Berk Trade and Business School,1,single,single campus,1.0,
197531,011859,Word of Life Bible Institute,1,single,single campus,1.0,Word of Life Fellowship Inc.
105349,011862,Northland Pioneer College,1,single,single campus,1.0,
105206,011864,Mohave Community College,1,single,single campus,1.0,
111054,011865,California Hair Design Academy,1,single,single campus,1.0,
117955,011866,Lu Ross Academy,1,single,single campus,1.0,
197337,011921,Westchester School of Beauty Culture,1,single,single campus,1.0,
198844,011926,Leons Beauty School Inc,1,single,single campus,1.0,
167631,011930,Roxbury Community College,1,single,single campus,1.0,Massachusetts Community Colleges
231147,011934,Vermont Law and Graduate School,1,single,single campus,1.0,
242130,011940,ICPR Junior College-Arecibo,4,cohesive,name similarity,0.8,
242149,011940,ICPR Junior College-Mayaguez,4,cohesive,name similarity,0.8,
243841,011940,ICPR Junior College,4,cohesive,name similarity,0.8,
460677,011940,ICPR Junior College,4,cohesive,name similarity,0.8,
194189,011984,Ohr Hameir Theological Seminary,1,single,single campus,1.0,
186900,011989,Talmudical Academy-New Jersey,1,single,single campus,1.0,
196431,012011,Talmudical Seminary Oholei Torah,1,single,single campus,1.0,
222992,012015,Austin Community College District,1,single,single campus,1.0,
229522,012020,Victoria Beauty & Barber College,1,single,single campus,1.0,
116563,012026,Bellus Academy-El Cajon,1,single,single campus,1.0,Beauty Boutique Inc.
112084,012031,San Diego Christian College,1,single,single campus,1.0,
215682,012050,Rosedale Technical College,1,single,single campus,1.0,
139506,012051,Pro Way Hair School,1,single,single campus,1.0,
200484,012059,Trinity Bible College and Graduate School,1,single,single campus,1.0,
153427,012064,Orion Technical College,1,single,single campus,1.0,
186274,012090,Robert Fiance Beauty Schools,1,single,single campus,1.0,
432117,012092,Kenneth Shuler School of Cosmetology-Rock Hill,2,cohesive,name similarity,0.882,
467906,012092,Kenneth Shuler School of Cosmetology-Greenville,2,cohesive,name similarity,0.882,
106980,012105,National Park College,1,single,single campus,1.0,
243106,012123,University of Puerto Rico-Aguadilla,1,single,single campus,1.0,University of Puerto Rico
110316,012154,California Institute of Integral Studies,1,single,single campus,1.0,
138901,012165,Atlanta Metropolitan State College,1,single,single campus,1.0,University System of Georgia
101028,012182,Chattahoochee Valley Community College,1,single,single campus,1.0,Alabama Community College System
457615,012187,Blackstone Valley Vocational Regional School District,1,single,single campus,1.0,
192961,012203,St. Peter's Hospital College of Nursing,1,single,single campus,1.0,
201681,012248,Central School of Practical Nursing,1,single,single campus,1.0,
106883,012260,University of Arkansas-East Arkansas Community College,1,single,single campus,1.0,
107460,012261,North Arkansas College,1,single,single campus,1.0,
132374,012263,Atlantic Technical College,1,single,single campus,1.0,Broward County Public Schools
223056,012268,Baldwin Beauty School-South Austin,2,cohesive,name similarity,0.941,
414489,012268,Baldwin Beauty School-North Austin,2,cohesive,name similarity,0.941,
248606,012272,Moore Norman Technology Center,1,single,single campus,1.0,Oklahoma Department of Career and Technology Education
193751,012277,Northeast College of Health Sciences,1,single,single campus,1.0,
417910,012293,Veeb Nassau County School of Practical Nursing,1,single,single campus,1.0,
154174,012300,Palmer College of Chiropractic,1,single,single campus,1.0,Palmer College Foundation
210438,012309,University of Western States,1,single,single campus,1.0,
174507,012328,Northwestern Health Sciences University,1,single,single campus,1.0,
209676,012347,Phagans Central Oregon Beauty College,1,single,single campus,1.0,Phagans Cosmetology Colleges
209667,012348,Phagans Beauty College,1,single,single campus,1.0,Phagans Cosmetology Colleges
209700,012350,Phagans School of Hair Design,1,single,single campus,1.0,
209694,012351,Phagans School of Beauty,1,single,single campus,1.0,Phagans Cosmetology Colleges
194499,012358,Plaza College,1,single,single campus,1.0,
237145,012359,B M Spurr School of Practical Nursing,1,single,single campus,1.0,Reynolds Memorial Hospital Board of Directors
189811,012364,St Paul's School of Nursing-Queens,1,single,single campus,1.0,Education Affiliates Inc.
167871,012386,Southeastern Technical Institute,1,single,single campus,1.0,
216366,012393,Thomas Jefferson University,1,single,single campus,1.0,
406325,012407,Schuyler Steuben Chemung Tioga Allegany BOCES,1,single,single campus,1.0,New York State Education Department
372240,012446,Universal College of Beauty Inc-Los Angeles 2,1,single,single campus,1.0,Universal College of Beauty Inc.
114266,012452,Evergreen Valley College,1,single,single campus,1.0,California Community College System
184056,012461,Lincoln Technical Institute-Iselin,5,mixed,"one system, names differ",0.417,Lincoln Educational Services
374574,012461,Lincoln Technical Institute-Moorestown,5,mixed,"one system, names differ",0.417,Lincoln Educational Services
433101,012461,Lincoln Technical Institute-Lincoln,5,mixed,"one system, names differ",0.417,Lincoln Educational Services
434159,012461,Lincoln College of Technology-Marietta,5,mixed,"one system, names differ",0.417,Lincoln Educational Services
442073,012461,Lincoln Technical Institute-Paramus,5,mixed,"one system, names differ",0.417,Lincoln Educational Services
183488,012462,Eastwick College-Hackensack,1,single,single campus,1.0,
224156,012483,Paul Mitchell the School-Dallas,3,cohesive,one system,0.806,Paul Mitchell Advanced Education
451714,012483,Paul Mitchell the School-San Antonio,3,cohesive,one system,0.806,Paul Mitchell Advanced Education
475486,012483,Paul Mitchell the School-Arlington,3,cohesive,one system,0.806,Paul Mitchell Advanced Education
431284,012488,Graduate America College,1,single,single campus,1.0,
235352,012496,Toni & Guy Hairdressing Academy-Shoreline,1,single,single campus,1.0,Evergreen Cosmo Inc.
178891,012500,Ranken Technical College,1,single,single campus,1.0,
216311,012523,Talmudical Yeshiva of Philadelphia,1,single,single campus,1.0,
241377,012525,Caribbean University-Bayamon,4,cohesive,name similarity,0.807,
241386,012525,Caribbean University-Carolina,4,cohesive,name similarity,0.807,
363907,012525,Caribbean University-Ponce,4,cohesive,name similarity,0.807,
363916,012525,Caribbean University-Vega Baja,4,cohesive,name similarity,0.807,
137023,012544,First Coast Technical College,1,single,single campus,1.0,
117867,012550,Los Angeles Mission College,1,single,single campus,1.0,California Community College System
191205,012561,Five Towns College,1,single,single campus,1.0,
237905,012573,West Virginia University Hospital Departments of Rad Tech and Nutrition,1,single,single campus,1.0,
136774,012574,Ringling College of Art and Design,1,single,single campus,1.0,
181303,012586,Metropolitan Community College Area,1,single,single campus,1.0,
439622,012589,Erie 1 BOCES,1,single,single campus,1.0,New York State Education Department
174978,012606,Empire Beauty School-Bloomington,9,cohesive,one system,0.698,EEG Inc.
212300,012606,Empire Beauty School-Pottsville,9,cohesive,one system,0.698,EEG Inc.
212337,012606,Empire Beauty School-Gwinnett,9,cohesive,one system,0.698,EEG Inc.
217581,012606,Empire Beauty School-Warwick,9,cohesive,one system,0.698,EEG Inc.
407735,012606,Empire Beauty School-Green Bay,9,cohesive,one system,0.698,EEG Inc.
440101,012606,Empire Beauty School-Kennesaw,9,cohesive,one system,0.698,EEG Inc.
447148,012606,Empire Beauty School-Avondale,9,cohesive,one system,0.698,EEG Inc.
448798,012606,Empire Beauty School-Milwaukee,9,cohesive,one system,0.698,EEG Inc.
491145,012606,Empire Beauty School-Lakeland,9,cohesive,one system,0.698,EEG Inc.
172477,012627,Thomas M Cooley Law School,1,single,single campus,1.0,
440730,012652,Onondaga Cortland Madison BOCES,1,single,single campus,1.0,New York State Education Department
126359,012670,Bel-Rea Institute of Animal Technology,1,single,single campus,1.0,
221643,012693,Pellissippi State Community College,1,single,single campus,1.0,TBR - The College System of Tennessee
237172,012743,Ben Franklin Career Center,1,single,single campus,1.0,
233082,012744,Southside College of Health Sciences,1,single,single campus,1.0,Bon Secours Mercy Health
202648,012750,Edison State Community College,1,single,single campus,1.0,
364964,012783,Center for Instruction Technology & Innovation,1,single,single campus,1.0,New York State Education Department
131405,012803,Pontifical Faculty of the Immaculate Conception at the Dominican House of Studies,1,single,single campus,1.0,
146278,012813,John Wood Community College,1,single,single campus,1.0,Illinois Community College System
120421,012842,Oxnard College,1,single,single campus,1.0,California Community College System
204121,012848,Moler Hollywood Beauty Academy,1,single,single campus,1.0,
127316,012850,International Salon and Spa Academy,1,single,single campus,1.0,
107327,012860,Arkansas Northeastern College,1,single,single campus,1.0,
205966,012870,Southern State Community College,1,single,single campus,1.0,
120069,012872,North-West College-Pomona,4,cohesive,one system,0.717,North-West College
445364,012872,North-West College-Riverside,4,cohesive,one system,0.717,North-West College
484367,012872,North-West College-Anaheim,4,cohesive,one system,0.717,North-West College
484376,012872,North-West College-Long Beach,4,cohesive,one system,0.717,North-West College
128151,012875,Pickens Technical College,1,single,single campus,1.0,
160126,012880,Celebrity Stylist Beauty School,2,cohesive,name similarity,0.704,
487621,012880,Celebrity Barber School,2,cohesive,name similarity,0.704,
433040,012881,Monty Tech,1,single,single campus,1.0,
237561,012904,Monongalia County Technical Education Center,1,single,single campus,1.0,Monongalia County Board of Education
237729,012905,Academy of Careers and Technology,1,single,single campus,1.0,Raleigh County Board of Education
117195,012907,Lake Tahoe Community College,1,single,single campus,1.0,
118198,012912,MTI College,1,single,single campus,1.0,
216074,012929,South Hills Beauty Academy,1,single,single campus,1.0,Beauty World Corporation
223852,012930,Charles and Sues School of Hair Design,1,single,single campus,1.0,
165750,012948,Rob Roy Academy-Fall River,1,single,single campus,1.0,Rob Roy Academy Inc.
184995,012954,Hudson County Community College,1,single,single campus,1.0,
121433,012984,Professional Institute of Beauty,1,single,single campus,1.0,
153746,013006,La James International College-Cedar Falls,1,single,single campus,1.0,La James International College
127714,013007,Nazarene Bible College,1,single,single campus,1.0,
209719,013008,Summit Salon Academy-Portland,1,single,single campus,1.0,
117238,013010,Lancaster Beauty School,1,single,single campus,1.0,
227313,013016,Ogle School Hair Skin Nails-Arlington,4,cohesive,one system,0.868,Ogle School Management
478591,013016,Ogle School Hair Skin Nails-Denton,4,cohesive,one system,0.868,Ogle School Management
480125,013016,Ogle School Hair Skin Nails-San Antonio,4,cohesive,one system,0.868,Ogle School Management
501530,013016,Ogle School Hair Skin Nails-Atlanta,4,cohesive,one system,0.868,Ogle School Management
234915,013022,City University of Seattle,1,single,single campus,1.0,National University System
192624,013026,Machzikei Hadath Rabbinical College,1,single,single campus,1.0,
197735,013027,Yeshivath Viznitz,1,single,single campus,1.0,
189413,013029,Boricua College,1,single,single campus,1.0,
101116,013039,South University-Montgomery,10,cohesive,one system,0.644,South University - Member LLC
133465,013039,South University-West Palm Beach,10,cohesive,one system,0.644,South University - Member LLC
139579,013039,South University-Savannah,10,cohesive,one system,0.644,South University - Member LLC
251312,013039,South University-Columbia,10,cohesive,one system,0.644,South University - Member LLC
449898,013039,South University-Tampa,10,cohesive,one system,0.644,South University - Member LLC
459259,013039,South University-Richmond,10,cohesive,one system,0.644,South University - Member LLC
459268,013039,South University-Virginia Beach,10,cohesive,one system,0.644,South University - Member LLC
475121,013039,South University-Savannah Online,10,cohesive,one system,0.644,South University - Member LLC
480073,013039,South University-Austin,10,cohesive,one system,0.644,South University - Member LLC
481720,013039,South University-High Point,10,cohesive,one system,0.644,South University - Member LLC
108977,013074,American Beauty College,1,single,single campus,1.0,
143552,013088,Capri Beauty College,2,cohesive,one system,1.0,Capri Schools of Beauty Culture Inc.
457031,013088,Capri Beauty College,2,cohesive,one system,1.0,Capri Schools of Beauty Culture Inc.
121868,013095,Salon Success Academy-Corona,3,cohesive,one system,0.828,R & M Beauty
456588,013095,Salon Success Academy-Fontana,3,cohesive,one system,0.828,R & M Beauty
456597,013095,Salon Success Academy-Redlands,3,cohesive,one system,0.828,R & M Beauty
111391,013103,California Western School of Law,1,single,single campus,1.0,
217040,013134,Yeshivath Beth Moshe,1,single,single campus,1.0,
176664,013208,Mission University,1,single,single campus,1.0,
213932,013214,Roxborough Memorial Hospital School of Nursing,1,single,single campus,1.0,
170736,013218,M J Murphy Beauty College of Mount Pleasant,1,single,single campus,1.0,
225502,013231,Texas A&M University-Victoria,1,single,single campus,1.0,University of Houston System
181880,013232,Academy of Hair Design-Las Vegas,1,single,single campus,1.0,
133155,013234,Lorenzo Walker Technical College,1,single,single campus,1.0,
118161,013240,Lytles Redwood Empire Beauty College,1,single,single campus,1.0,
216083,013263,South Hills School of Business & Technology,2,cohesive,name similarity,0.875,
21608301,013263,South Hills School of Business and Technology-Altoona,2,cohesive,name similarity,0.875,
219277,014659,Oglala Lakota College,1,single,single campus,1.0,
240745,015361,Guam Community College,1,single,single campus,1.0,
172866,020503,Academy College,1,single,single campus,1.0,
106625,020522,Black River Technical College,1,single,single campus,1.0,
484862,020523,University of West Los Angeles,2,cohesive,name similarity,0.822,
48486201,020523,University of West Los Angeles - Chatsworth,2,cohesive,name similarity,0.822,
461087,020527,Northeast Technology Center,1,single,single campus,1.0,Oklahoma Department of Career and Technology Education
232557,020530,Liberty University,1,single,single campus,1.0,
184959,020537,Eastwick College-Ramsey,1,single,single campus,1.0,
158431,020554,Bossier Parish Community College,1,single,single campus,1.0,Louisiana Community and Technical College System
177436,020561,Four Rivers Career Center,1,single,single campus,1.0,Washington School District
189714,020564,Capri Cosmetology Learning Centers,1,single,single campus,1.0,
364575,020574,Roane-Jackson Technical Center,1,single,single campus,1.0,
224013,020586,BK Cosmo College of Cosmetology,1,single,single campus,1.0,
169655,020603,Universal Technical Institute-Canton,1,single,single campus,1.0,Universal Technical Institute Inc.
365480,020608,Meridian Technology Center,1,single,single campus,1.0,
216579,020610,Venus Beauty Academy,1,single,single campus,1.0,Venus Schools Inc.
125310,020616,Waynes College of Beauty,1,single,single campus,1.0,
166911,020630,Montserrat College of Art,1,single,single campus,1.0,
112385,020635,Coastline Community College,1,single,single campus,1.0,California Community College System
218751,020637,Sherman College of Chiropractic,1,single,single campus,1.0,
123350,020643,Sierra College of Beauty,1,single,single campus,1.0,
105589,020653,Prescott College,1,single,single campus,1.0,
110875,020657,California Beauty College,1,single,single campus,1.0,
204723,020661,Ohio State College of Barber Styling,1,single,single campus,1.0,
193654,020662,The New School,1,single,single campus,1.0,
419031,020680,United Technical Center,1,single,single campus,1.0,
142832,020681,Adler University,1,single,single campus,1.0,
176770,020682,Cox College,1,single,single campus,1.0,
212045,020683,Douglas Education Center,1,single,single campus,1.0,
194116,020690,New York School of Interior Design,1,single,single campus,1.0,
112075,020705,Concordia University-Irvine,1,single,single campus,1.0,Concordia University System
149329,020732,Telshe Yeshiva-Chicago,1,single,single campus,1.0,
201478,020733,Buckeye Hills Career Center,1,single,single campus,1.0,
430795,020734,Carver Career Center,1,single,single campus,1.0,
106999,020735,University of Arkansas Community College-Batesville,1,single,single campus,1.0,University of Arkansas System
107488,020737,Northwest Technical Institute,1,single,single campus,1.0,
164313,020739,Wor-Wic Community College,1,single,single campus,1.0,
107974,020746,South Arkansas College,1,single,single campus,1.0,
140252,020748,Life University,1,single,single campus,1.0,
175494,020749,Chris Beauty College,1,single,single campus,1.0,
107664,020753,University of Arkansas-Pulaski Technical College,1,single,single campus,1.0,University of Arkansas System
123952,020758,Southern California Institute of Architecture,1,single,single campus,1.0,
239309,020771,Milwaukee Institute of Art & Design,1,single,single campus,1.0,
239637,020780,Sacred Heart Seminary and School of Theology,1,single,single campus,1.0,
230144,020788,Collectiv Academy,2,mixed,name similarity,0.466,
499079,020788,Collectiv Hair Dressing Academy-Collectiv Academy-Dallas,2,mixed,name similarity,0.466,
212753,020794,Empire Beauty School-NE Philadelphia,8,cohesive,one system,0.611,EEG Inc.
415039,020794,Empire Beauty School-Hanover,8,cohesive,one system,0.611,EEG Inc.
458858,020794,Empire Beauty School-Speedway,8,cohesive,one system,0.611,EEG Inc.
476179,020794,Empire Beauty School-Virginia Beach,8,cohesive,one system,0.611,EEG Inc.
478616,020794,Empire Beauty School-West Greensboro,8,cohesive,one system,0.611,EEG Inc.
481739,020794,Empire Beauty School-Vernon Hills,8,cohesive,one system,0.611,EEG Inc.
481748,020794,Empire Beauty School-Stone Park,8,cohesive,one system,0.611,EEG Inc.
486691,020794,Empire Beauty School-Northlake,8,cohesive,one system,0.611,EEG Inc.
180957,020797,College of Hair Design-Downtown,1,single,single campus,1.0,Lincoln Barber College
222877,020814,Arlington Baptist University,1,single,single campus,1.0,
188058,020839,Northern New Mexico College,1,single,single campus,1.0,
152275,020848,Ravenscroft Beauty College,1,single,single campus,1.0,
107549,020870,Ozarka College,1,single,single campus,1.0,
150288,020876,Concordia Theological Seminary,1,single,single campus,1.0,
133845,020896,Concorde Career Institute-Jacksonville,2,cohesive,one system,0.789,Concorde Career Colleges Inc.
460190,020896,Concorde Career Institute-Orlando,2,cohesive,one system,0.789,Concorde Career Colleges Inc.
153083,020903,Capri College-Cedar Rapids,1,single,single campus,1.0,Fiegen & Bisenius Inc.
177038,020907,Cleveland University-Kansas City,1,single,single campus,1.0,
166805,020921,Massachusetts School of Barbering,1,single,single campus,1.0,
185721,020923,Eastwick College-Nutley,1,single,single campus,1.0,
215992,020925,Laurel Technical Institute,1,single,single campus,1.0,Laurel Business Institute
114549,020961,Fielding Graduate University,1,single,single campus,1.0,
417600,020973,Hastings Beauty School,1,single,single campus,1.0,
224660,020983,Western Technical College,2,cohesive,one system,1.0,El Paso Trade School INC DVA Western Technical College
224679,020983,Western Technical College,2,cohesive,one system,1.0,El Paso Trade School INC DVA Western Technical College
431275,020984,Herkimer County BOCES-Practical Nursing Program,1,single,single campus,1.0,
484613,020988,University of Phoenix-Arizona,1,single,single campus,1.0,University of Phoenix
180902,020995,Central Community College,1,single,single campus,1.0,
172015,020997,Ross Medical Education Center-Flint,9,cohesive,one system,0.805,"Ross Education, LLC"
247409,020997,Ross Medical Education Center-Saginaw,9,cohesive,one system,0.805,"Ross Education, LLC"
363013,020997,Ross Medical Education Center-Port Huron,9,cohesive,one system,0.805,"Ross Education, LLC"
365824,020997,Ross Medical Education Center-Roosevelt Park,9,cohesive,one system,0.805,"Ross Education, LLC"
456515,020997,Ross Medical Education Center-Battle Creek,9,cohesive,one system,0.805,"Ross Education, LLC"
460127,020997,Ross Medical Education Center-Canton,9,cohesive,one system,0.805,"Ross Education, LLC"
480550,020997,Ross Medical Education Center-Bowling Green,9,cohesive,one system,0.805,"Ross Education, LLC"
486707,020997,Ross Medical Education Center-Huntsville,9,cohesive,one system,0.805,"Ross Education, LLC"
490814,020997,Ross Medical Education Center-Portage,9,cohesive,one system,0.805,"Ross Education, LLC"
243577,021000,Universidad Politecnica de Puerto Rico,3,mixed,systems differ,0.53,Polytechnic University
456481,021000,Polytechnic University of Puerto Rico-Miami,3,mixed,systems differ,0.53,Polytechnic University
456490,021000,Polytechnic University of Puerto Rico-Orlando,3,mixed,systems differ,0.53,Polytechnic University
105215,021005,Universal Technical Institute-Phoenix,3,cohesive,one system,0.71,Universal Technical Institute Inc.
369400,021005,Universal Technical Institute-Orlando,3,cohesive,one system,0.71,Universal Technical Institute Inc.
448433,021005,Universal Technical Institute of Northern California Inc,3,cohesive,one system,0.71,Universal Technical Institute Inc.
103893,021006,Carrington College-Phoenix North,5,cohesive,one system,0.667,San Joaquin Valley College Inc.
103909,021006,Carrington College-Mesa,5,cohesive,one system,0.667,San Joaquin Valley College Inc.
103927,021006,Carrington College-Tucson,5,cohesive,one system,0.667,San Joaquin Valley College Inc.
442602,021006,Carrington College-Albuquerque,5,cohesive,one system,0.667,San Joaquin Valley College Inc.
457101,021006,Carrington College-Las Vegas,5,cohesive,one system,0.667,San Joaquin Valley College Inc.
209083,021010,Northwest College-Beaverton,5,cohesive,one system,0.704,J2D LLC
209205,021010,Northwest College-Clackamas,5,cohesive,one system,0.704,J2D LLC
468246,021010,Northwest College-Eugene,5,cohesive,one system,0.704,J2D LLC
468255,021010,Northwest College-Tualatin,5,cohesive,one system,0.704,J2D LLC
484950,021010,Northwest College-Medford,5,cohesive,one system,0.704,J2D LLC
221102,021035,Tennessee College of Applied Technology-Murfreesboro,1,single,single campus,1.0,TBR - The College System of Tennessee
194259,021043,Otsego Area BOCES-Practical Nursing Program,1,single,single campus,1.0,New York State Education Department
161527,021044,Spa Tech Institute-Westbrook,4,cohesive,one system,0.7,Career Management Systems
445647,021044,Spa Tech Institute-Westboro,4,cohesive,one system,0.7,Career Management Systems
445656,021044,Spa Tech Institute-Plymouth,4,cohesive,one system,0.7,Career Management Systems
497888,021044,Spa Tech Institute-North Andover,4,cohesive,one system,0.7,Career Management Systems
208512,021049,Sumner College,1,single,single campus,1.0,
189404,021059,Brittany Beauty Academy,1,single,single campus,1.0,
129482,021066,American Institute-West Hartford,6,cohesive,one system,0.689,Fox Institute of Business Inc.
184092,021066,American Institute-Clifton,6,cohesive,one system,0.689,Fox Institute of Business Inc.
482963,021066,American Institute-Toms River,6,cohesive,one system,0.689,Fox Institute of Business Inc.
490869,021066,American Institute-Somerset,6,cohesive,one system,0.689,Fox Institute of Business Inc.
497329,021066,American Institute-Cherry Hill,6,cohesive,one system,0.689,Fox Institute of Business Inc.
18409201,021066,American Institute,6,cohesive,one system,0.689,Fox Institute of Business Inc.
214971,021073,Pennsylvania Academy of the Fine Arts,1,single,single campus,1.0,
182500,021077,Truckee Meadows Community College,1,single,single campus,1.0,Nevada System of Higher Education
141981,021078,University of Hawaii-West Oahu,1,single,single campus,1.0,University of Hawaii Board of Regents
112570,021102,California College of ASU,1,single,single campus,1.0,
417983,021109,Cattaraugus Allegany BOCES-Practical Nursing Program,1,single,single campus,1.0,New York State Education Department
107743,021111,University of Arkansas Community College Rich Mountain,1,single,single campus,1.0,University of Arkansas System
113218,021113,Cuyamaca College,1,single,single campus,1.0,California Community College System
232724,021116,Sovah School of Health Professions,1,single,single campus,1.0,
213181,021122,Great Lakes Institute of Technology,1,single,single campus,1.0,
129349,021127,Paul Mitchell the School-North Haven,1,single,single campus,1.0,Paul Mitchell Advanced Education
438586,021136,American InterContinental University-Atlanta,3,cohesive,one system,0.851,Perdoceo Education Corporation
445027,021136,American InterContinental University System,3,cohesive,one system,0.851,Perdoceo Education Corporation
445133,021136,American InterContinental University-Houston,3,cohesive,one system,0.851,Perdoceo Education Corporation
105677,021138,Roberto-Venn School of Luthiery,1,single,single campus,1.0,
213233,021142,Johnson College,1,single,single campus,1.0,
137087,021153,Pinellas Technical College-St. Petersburg,1,single,single campus,1.0,Florida State Board of Education
230010,021154,Bridgerland Technical College,1,single,single campus,1.0,Utah System of Higher Education
127884,021163,Pueblo Community College,1,single,single campus,1.0,Colorado Community College System
206321,021169,Upper Valley Career Center,1,single,single campus,1.0,
202949,021173,Great Oaks Career Campuses,1,single,single campus,1.0,
417442,021174,Career Center of Southern Illinois,1,single,single campus,1.0,
127653,021175,Naropa University,1,single,single campus,1.0,
159522,021178,Aveda Arts & Sciences Institute-Lafayette,2,cohesive,one system,0.87,Aveda Institute
497897,021178,Aveda Arts & Sciences Institute Lafayette-Arlington,2,cohesive,one system,0.87,Aveda Institute
118930,021191,Mission College,1,single,single campus,1.0,California Community College System
123095,021206,Saybrook University,1,single,single campus,1.0,
122685,021207,San Joaquin Valley College-Visalia,17,cohesive,one system,0.667,San Joaquin Valley College Inc.
122694,021207,San Joaquin Valley College-Bakersfield,17,cohesive,one system,0.667,San Joaquin Valley College Inc.
262457,021207,San Joaquin Valley College-Fresno,17,cohesive,one system,0.667,San Joaquin Valley College Inc.
422020,021207,San Joaquin Valley College-Trades Education Center,17,cohesive,one system,0.667,San Joaquin Valley College Inc.
442444,021207,San Joaquin Valley College-Ontario,17,cohesive,one system,0.667,San Joaquin Valley College Inc.
447351,021207,San Joaquin Valley College-Modesto,17,cohesive,one system,0.667,San Joaquin Valley College Inc.
448372,021207,San Joaquin Valley College-Rancho Cordova,17,cohesive,one system,0.667,San Joaquin Valley College Inc.
456852,021207,San Joaquin Valley College-Hesperia,17,cohesive,one system,0.667,San Joaquin Valley College Inc.
475176,021207,San Joaquin Valley College-Temecula,17,cohesive,one system,0.667,San Joaquin Valley College Inc.
481775,021207,San Joaquin Valley College-Lancaster,17,cohesive,one system,0.667,San Joaquin Valley College Inc.
495934,021207,San Joaquin Valley College-Delano,17,cohesive,one system,0.667,San Joaquin Valley College Inc.
495952,021207,San Joaquin Valley College-Rancho Mirage,17,cohesive,one system,0.667,San Joaquin Valley College Inc.
495961,021207,San Joaquin Valley College-Santa Maria,17,cohesive,one system,0.667,San Joaquin Valley College Inc.
495998,021207,San Joaquin Valley College-Porterville,17,cohesive,one system,0.667,San Joaquin Valley College Inc.
501664,021207,San Joaquin Valley College-San Leandro,17,cohesive,one system,0.667,San Joaquin Valley College Inc.
501673,021207,San Joaquin Valley College-Sacramento,17,cohesive,one system,0.667,San Joaquin Valley College Inc.
501682,021207,San Joaquin Valley College-Phoenix,17,cohesive,one system,0.667,San Joaquin Valley College Inc.
178183,021211,Midwest Institute,1,single,single campus,1.0,
373678,021220,New England Hair Academy,1,single,single campus,1.0,
173744,021232,Aveda Arts & Sciences Institute Minneapolis,1,single,single campus,1.0,Aveda Institute
417992,021240,Orange Ulster BOCES,1,single,single campus,1.0,New York State Education Department
149550,021244,University of Spa & Cosmetology Arts,1,single,single campus,1.0,
409120,021245,Franklin Technology Center Adult Education,1,single,single campus,1.0,
111513,021250,Career Academy of Beauty,1,single,single campus,1.0,
130837,021252,Margaret H Rollins School of Nursing at Beebe Medical Center,1,single,single campus,1.0,
190008,021255,Circle in the Square Theatre School,1,single,single campus,1.0,
381370,021256,Michigan College of Beauty-Troy,1,single,single campus,1.0,
379621,021263,Madison Oneida BOCES-Practical Nursing Program,1,single,single campus,1.0,New York State Education Department
207087,021265,Formations Institute,1,single,single campus,1.0,
217077,021274,YTI Career Institute-York,1,single,single campus,1.0,York Technical Institute LLC
125082,021282,Bridges Beauty College,1,single,single campus,1.0,
115931,021283,Institute for Business and Technology,3,mixed,"one system, names differ",0.29,Mikhail Education Corporation
371964,021283,National Career Education,3,mixed,"one system, names differ",0.29,Mikhail Education Corporation
456214,021283,Lamson Institute,3,mixed,"one system, names differ",0.29,Mikhail Education Corporation
231688,021287,Central School of Practical Nursing,1,single,single campus,1.0,
186052,021316,Pennco Tech-Blackwood,1,single,single campus,1.0,Pennco Institutes Inc.
183725,021323,Fortis Institute-Wayne,3,mixed,"one system, names differ",0.533,Education Affiliates Inc.
475024,021323,Fortis Institute-Lawrenceville,3,mixed,"one system, names differ",0.533,Education Affiliates Inc.
494843,021323,Fortis College-Landover,3,mixed,"one system, names differ",0.533,Education Affiliates Inc.
131830,021328,National Conservatory of Dramatic Arts,1,single,single campus,1.0,
154332,021345,La James International College-Davenport,1,single,single campus,1.0,La James International College
155353,021348,Old Town Barber College,2,cohesive,one system,0.902,Kansas School of Barbering
15535301,021348,Old Town Barber College - KC,2,cohesive,one system,0.902,Kansas School of Barbering
240338,021366,Wisconsin Lutheran College,1,single,single campus,1.0,
168032,021370,Rob Roy Academy-Taunton,1,single,single campus,1.0,Rob Roy Academy Inc.
219037,021371,The Salon Professional Academy,1,single,single campus,1.0,
120698,021383,Palo Alto University,1,single,single campus,1.0,
141608,021395,Hawaii Institute of Hair Design,1,single,single campus,1.0,
233408,021400,Riverside College of Health Sciences,1,single,single campus,1.0,Riverside Health System
183248,021404,St Joseph School of Nursing,1,single,single campus,1.0,Saint Joseph Hospital
201539,021407,Canton City Schools Adult Career and Technical Education,1,single,single campus,1.0,
140951,021415,Savannah College of Art and Design,1,single,single campus,1.0,
177931,021422,Lex La-Ray Technical Center,1,single,single campus,1.0,
180647,021434,Salish Kootenai College,1,single,single campus,1.0,
231095,021435,Sterling College,1,single,single campus,1.0,
219374,021437,Sinte Gleska University,1,single,single campus,1.0,
210711,021440,The  Beauty Institute,1,single,single campus,1.0,
223472,021448,Vet Tech Institute of Houston,1,single,single campus,1.0,Bradford Schools Inc.
430883,021458,Cayuga Onondaga BOCES-Practical Nursing Program,1,single,single campus,1.0,New York State Education Department
187745,021464,Institute of American Indian and Alaska Native Culture and Arts Development,1,single,single campus,1.0,
105792,021466,South Mountain Community College,1,single,single campus,1.0,Maricopa Community College District
136109,021499,Paul Mitchell the School-Jacksonville,1,single,single campus,1.0,Paul Mitchell Advanced Education
144795,021506,Cosmetology & Spa Academy,1,single,single campus,1.0,Crystal Lake Academy Inc.
406422,021515,Central Susquehanna Intermediate Unit LPN Career,1,single,single campus,1.0,
135081,021519,Keiser University-Ft Lauderdale,17,mixed,name similarity,0.575,
13508101,021519,Keiser University-Melbourne,17,mixed,name similarity,0.575,
13508102,021519,Keiser University-Tallahassee,17,mixed,name similarity,0.575,
13508103,021519,Keiser University-Daytona,17,mixed,name similarity,0.575,
13508104,021519,Keiser University-Lakeland,17,mixed,name similarity,0.575,
13508105,021519,Keiser University- Miami,17,mixed,name similarity,0.575,
13508106,021519,Keiser University-Orlando,17,mixed,name similarity,0.575,
13508107,021519,Keiser University-Sarasota,17,mixed,name similarity,0.575,
13508108,021519,Keiser University-Jacksonville,17,mixed,name similarity,0.575,
13508109,021519,Keiser University-Tampa,17,mixed,name similarity,0.575,
13508110,021519,Keiser University-Pembroke Pines,17,mixed,name similarity,0.575,
13508111,021519,Keiser University-Port St Lucie,17,mixed,name similarity,0.575,
13508112,021519,Keiser University-West Palm Beach,17,mixed,name similarity,0.575,
13508113,021519,Keiser University-Ft Myers,17,mixed,name similarity,0.575,
13508114,021519,Keiser University -  Clearwater,17,mixed,name similarity,0.575,
13508115,021519,Keiser University - New Port Richey,17,mixed,name similarity,0.575,
13508116,021519,Keiser University - Residential (Flagship),17,mixed,name similarity,0.575,
197692,021520,Yeshivath Shaar Hatorah,1,single,single campus,1.0,
220491,021531,Paul Mitchell the School-Murfreesboro,2,cohesive,one system,0.881,Paul Mitchell Advanced Education
495794,021531,Paul Mitchell the School-Murfreesboro-Nashville,2,cohesive,one system,0.881,Paul Mitchell Advanced Education
418010,021536,Broome Delaware Tioga BOCES-Practical Nursing Program,1,single,single campus,1.0,New York State Education Department
485166,021544,Beau Monde Academy of Barbering and Cosmetology,1,single,single campus,1.0,
143978,021553,The Chicago School at Chicago,8,mixed,"one system, names differ",0.593,The Chicago School of Professional Psychology
437732,021553,The Chicago School-College of Nursing,8,mixed,"one system, names differ",0.593,The Chicago School of Professional Psychology
455433,021553,The Chicago School at Anaheim,8,mixed,"one system, names differ",0.593,The Chicago School of Professional Psychology
455664,021553,The Chicago School at Los Angeles,8,mixed,"one system, names differ",0.593,The Chicago School of Professional Psychology
459745,021553,The Chicago School at Washington DC,8,mixed,"one system, names differ",0.593,The Chicago School of Professional Psychology
487153,021553,The Chicago School at Xavier University of Louisiana,8,mixed,"one system, names differ",0.593,The Chicago School of Professional Psychology
491190,021553,The Chicago School at San Diego,8,mixed,"one system, names differ",0.593,The Chicago School of Professional Psychology
501549,021553,The Chicago School at Dallas,8,mixed,"one system, names differ",0.593,The Chicago School of Professional Psychology
126915,021562,Technical College of the Rockies,1,single,single campus,1.0,Delta County School District 50-J
230162,021566,Davis Technical College,1,single,single campus,1.0,Utah System of Higher Education
219903,021571,Concorde Career College-Memphis,3,cohesive,one system,0.781,Concorde Career Colleges Inc.
487588,021571,Concorde Career College-Southaven,3,cohesive,one system,0.781,Concorde Career Colleges Inc.
501691,021571,Concorde Career College-Portland,3,cohesive,one system,0.781,Concorde Career Colleges Inc.
191940,021579,Isabella Graham Hart School of Practical Nursing,1,single,single campus,1.0,
418029,021582,Washington Saratoga Warren Hamilton Essex BOCES-Practical Nursing Program,1,single,single campus,1.0,New York State Education Department
418481,021583,Mifflin County Academy of Science and Technology,1,single,single campus,1.0,
203720,021585,Ohio Business College-Sheffield,3,cohesive,one system,0.613,Tri-State Educational Systems Inc.
497161,021585,Ohio Business College-Dayton-Driving Academy,3,cohesive,one system,0.613,Tri-State Educational Systems Inc.
501211,021585,Ohio Business College-Columbus,3,cohesive,one system,0.613,Tri-State Educational Systems Inc.
237127,021591,Appalachian Beauty School,1,single,single campus,1.0,
132408,021596,Baptist University of Florida,1,single,single campus,1.0,
208725,021597,New Hope Christian College-Eugene,1,single,single campus,1.0,
192800,021601,Marion S Whelan School of Nursing of Geneva General Hospital,1,single,single campus,1.0,Geneva General Hospital
154208,021609,PCI Academy-Ames,3,cohesive,name similarity,0.703,
443979,021609,PCI Academy-Plymouth,3,cohesive,name similarity,0.703,
495378,021609,PCI Academy-Iowa City,3,cohesive,name similarity,0.703,
119270,021618,Musicians Institute,1,single,single campus,1.0,Campus Hollywood
243568,021633,Universidad Central Del Caribe,1,single,single campus,1.0,
166717,021636,William James College,1,single,single campus,1.0,
150428,021643,Don Roberts School of Hair Design,1,single,single campus,1.0,
241836,021651,EDP University of Puerto Rico Inc-San Sebastian,6,cohesive,one system,0.738,EDP University of Puerto Rico Inc.
243832,021651,EDP University of Puerto Rico Inc-San Juan,6,cohesive,one system,0.738,EDP University of Puerto Rico Inc.
492476,021651,EDP University of Puerto Rico-Villalba,6,cohesive,one system,0.738,EDP University of Puerto Rico Inc.
494278,021651,EDP University of Puerto Rico-Humacao,6,cohesive,one system,0.738,EDP University of Puerto Rico Inc.
494287,021651,EDP University of Puerto Rico-Manati,6,cohesive,one system,0.738,EDP University of Puerto Rico Inc.
499635,021651,EDP University of Puerto Rico-Caguas,6,cohesive,one system,0.738,EDP University of Puerto Rico Inc.
241793,021660,Center for Advanced Studies On Puerto Rico and the Caribbean,1,single,single campus,1.0,
158884,021661,Nunez Community College,1,single,single campus,1.0,Louisiana Community and Technical College System
159197,021662,ITI Technical College,1,single,single campus,1.0,
417062,021678,Estes Institute of Cosmetology Arts and Science,1,single,single campus,1.0,
206172,021681,Tri-County Adult Career Center,1,single,single campus,1.0,
144883,021686,East-West University,1,single,single campus,1.0,
155308,021689,Kansas Christian College,1,single,single campus,1.0,
194569,021691,Davis College,1,single,single campus,1.0,
430908,021696,Clearfield County Career and Technology Center,1,single,single campus,1.0,
164535,021699,Assabet Valley Regional Technical School,1,single,single campus,1.0,
196389,021700,Swedish Institute a College of Health Sciences,1,single,single campus,1.0,
418038,021702,Albany BOCES-Adult Practical Nursing Program,1,single,single campus,1.0,New York State Education Department
102395,021706,United States Sports University,1,single,single campus,1.0,
198084,021707,Brunswick Community College,1,single,single campus,1.0,North Carolina Community College System
188669,021719,The Ailey School,1,single,single campus,1.0,
133863,021727,Concorde Career Institute-Tampa,1,single,single campus,1.0,Concorde Career Colleges Inc.
431105,021728,Dutchess BOCES-Practical Nursing Program,1,single,single campus,1.0,New York State Education Department
157650,021732,Empire Beauty School-Elizabethtown,7,cohesive,one system,0.688,EEG Inc.
195067,021732,Empire Beauty School-Manhattan,7,cohesive,one system,0.688,EEG Inc.
447166,021732,Empire Beauty School-Littleton,7,cohesive,one system,0.688,EEG Inc.
447175,021732,Empire Beauty School-Aurora,7,cohesive,one system,0.688,EEG Inc.
459019,021732,Empire Beauty School-Charlotte,7,cohesive,one system,0.688,EEG Inc.
478582,021732,Empire Beauty School-Savannah,7,cohesive,one system,0.688,EEG Inc.
481845,021732,Empire Beauty School-Rochester,7,cohesive,one system,0.688,EEG Inc.
232618,021758,Centra College,1,single,single campus,1.0,Centra Health
105668,021775,Rio Salado College,1,single,single campus,1.0,Maricopa Community College District
237303,021782,Charleston School of Beauty Culture,1,single,single campus,1.0,
230366,021785,Eagle Gate College-Murray,3,mixed,systems differ,0.75,Bullen and Wilson LLC
447421,021785,Eagle Gate College-Layton,3,mixed,systems differ,0.75,Bullen and Wilson LLC
496326,021785,Eagle Gate College-Boise Campus,3,mixed,systems differ,0.75,Bullen and Wilson LLC
112181,021787,Citrus Heights Beauty College,1,single,single campus,1.0,
418065,021794,Eastern Suffolk BOCES,3,cohesive,one system,1.0,New York State Education Department
486877,021794,Eastern Suffolk BOCES,3,cohesive,one system,1.0,New York State Education Department
486886,021794,Eastern Suffolk BOCES,3,cohesive,one system,1.0,New York State Education Department
182722,021796,Empire Beauty School-Somersworth,1,single,single campus,1.0,
380377,021800,Northwest Indian College,1,single,single campus,1.0,
171997,021801,Ross Medical Education Center-Warren,7,mixed,"one system, names differ",0.373,"Ross Education, LLC"
367158,021801,Ross Medical Education Center-Taylor,7,mixed,"one system, names differ",0.373,"Ross Education, LLC"
452072,021801,Ross Medical Education Center-New Baltimore,7,mixed,"one system, names differ",0.373,"Ross Education, LLC"
460109,021801,Ross Medical Education Center-Granger,7,mixed,"one system, names differ",0.373,"Ross Education, LLC"
476230,021801,Ross College-Morgantown,7,mixed,"one system, names differ",0.373,"Ross Education, LLC"
484330,021801,Ross Medical Education Center-Owensboro,7,mixed,"one system, names differ",0.373,"Ross Education, LLC"
488952,021801,Ross Medical Education Center-Elyria,7,mixed,"one system, names differ",0.373,"Ross Education, LLC"
373696,021816,Rob Roy Academy-Worcester,2,cohesive,one system,0.792,Rob Roy Academy Inc.
37369601,021816,Rob Roy Academy - Woonsocket,2,cohesive,one system,0.792,Rob Roy Academy Inc.
165167,021829,Cambridge College,1,single,single campus,1.0,
214528,021830,Orleans Technical College,1,single,single campus,1.0,JEVS Human Services
207704,021844,Jenks Beauty College,1,single,single campus,1.0,
118994,021858,Moler Barber College,1,single,single campus,1.0,
201131,021879,Ashtabula County Technical and Career Campus,1,single,single campus,1.0,
200466,021882,Sitting Bull College,1,single,single campus,1.0,
219842,021883,Pentecostal Theological Seminary,1,single,single campus,1.0,
134510,021889,Hobe Sound Bible College,1,single,single campus,1.0,
389860,021890,Mid-EastCTC-Adult Education,1,single,single campus,1.0,
241517,021891,CEM College-San Juan,2,cohesive,name similarity,0.718,
376224,021891,CEM College-Humacao,2,cohesive,name similarity,0.718,
131061,021904,Schilling-Douglas School of Hair Design,1,single,single campus,1.0,
205179,021907,Fortis College-Centerville,3,cohesive,one system,0.679,Education Affiliates Inc.
458681,021907,Fortis College-Indianapolis,3,cohesive,one system,0.679,Education Affiliates Inc.
490975,021907,Fortis College-Cutler Bay,3,cohesive,one system,0.679,Education Affiliates Inc.
196583,021916,Torah Temimah Talmudical Seminary,1,single,single campus,1.0,
201496,021921,Butler Technology and Career Development Schools,1,single,single campus,1.0,
187046,021922,Thomas Edison State University,1,single,single campus,1.0,
215637,021928,Walnut Hill College,1,single,single campus,1.0,
242945,021954,Modern Hairstyling Institute-Bayamon,1,single,single campus,1.0,
242954,021955,Modern Hairstyling Institute-Arecibo,1,single,single campus,1.0,
242820,021958,Liceo de Arte y Tecnologia,1,single,single campus,1.0,
438337,021959,Modern Hairstyling Institute-Carolina,1,single,single campus,1.0,
203614,021963,Collins Career Technical Center,1,single,single campus,1.0,
167297,021979,North Bennet Street School,1,single,single campus,1.0,
169220,021989,Michigan School of Psychology,1,single,single campus,1.0,
441593,021993,Orleans Niagara BOCES-Practical Nursing Program,1,single,single campus,1.0,New York State Education Department
101453,021997,Heritage Christian University,1,single,single campus,1.0,
236744,022022,Stylemaster College of Hair Design,1,single,single campus,1.0,
107655,022024,University of Aesthetics & Cosmetology,1,single,single campus,1.0,"Kelly Education, Inc."
129932,022025,New England Tractor Trailer Training School of Connecticut,2,cohesive,name similarity,0.847,
480903,022025,New England Tractor Trailer Training School of CT-Bridgeport,2,cohesive,name similarity,0.847,
143473,022026,Cannella School of Hair Design-Villa Park,1,single,single campus,1.0,
178679,022027,Ozark Christian College,1,single,single campus,1.0,
407708,022033,Paul Mitchell the School-Federal Way,1,single,single campus,1.0,Gene Juarez Beauty Schools LLC
212434,022039,Erie Institute of Technology Inc,1,single,single campus,1.0,
220118,022042,Chattanooga College Medical Dental and & Technical Careers,1,single,single campus,1.0,
199078,022050,College of Wilmington,1,single,single campus,1.0,Aveda Institute
191728,022060,Hunter Business School,1,single,single campus,1.0,Hunter Business School Inc.
210784,022062,The Beauty Institute-Ambler,2,cohesive,name similarity,0.851,
21078401,022062,The Beauty Institute,2,cohesive,name similarity,0.851,
216223,022063,The Beauty Institute,1,single,single campus,1.0,
261719,022092,Dorsey School of Beauty,1,single,single campus,1.0,
203942,022108,Medina County Career Center,1,single,single campus,1.0,
115357,022110,Salon Success Academy-Riverside,1,single,single campus,1.0,R & M Beauty
183202,022116,Paul Mitchell the School-Portsmouth,1,single,single campus,1.0,
240709,022119,Cheeks Beauty Academy,2,cohesive,name similarity,1.0,
381699,022119,Cheeks Beauty Academy,2,cohesive,name similarity,1.0,
213455,022127,Lancaster School of Cosmetology & Therapeutic Bodywork,1,single,single campus,1.0,
179195,022145,Salem College of Hairstyling,1,single,single campus,1.0,
105534,022171,Pima Medical Institute-Tucson,13,cohesive,name similarity,0.762,
260691,022171,Pima Medical Institute-Mesa,13,cohesive,name similarity,0.762,
368629,022171,Pima Medical Institute-Seattle,13,cohesive,name similarity,0.762,
404912,022171,Pima Medical Institute-Denver,13,cohesive,name similarity,0.762,
434140,022171,Pima Medical Institute-Chula Vista,13,cohesive,name similarity,0.762,
442134,022171,Pima Medical Institute-Colorado Springs,13,cohesive,name similarity,0.762,
445230,022171,Pima Medical Institute-Las Vegas,13,cohesive,name similarity,0.762,
449074,022171,Pima Medical Institute-Renton,13,cohesive,name similarity,0.762,
456038,022171,Pima Medical Institute-East Valley,13,cohesive,name similarity,0.762,
460136,022171,Pima Medical Institute-Houston,13,cohesive,name similarity,0.762,
486813,022171,Pima Medical Institute-El Paso,13,cohesive,name similarity,0.762,
492449,022171,Pima Medical Institute-San Marcos,13,cohesive,name similarity,0.762,
494588,022171,Pima Medical Institute-San Antonio,13,cohesive,name similarity,0.762,
142054,022180,Carrington College-Boise,2,cohesive,one system,0.851,San Joaquin Valley College Inc.
457110,022180,Carrington College-Reno,2,cohesive,one system,0.851,San Joaquin Valley College Inc.
228282,022183,Southwest School of Business and Technical Careers-San Antonio,1,single,single campus,1.0,Edco Systems LP
104090,022188,Brookline College-Phoenix,4,cohesive,one system,0.704,"Brookline College, LLC"
404055,022188,Brookline College-Tempe,4,cohesive,one system,0.704,"Brookline College, LLC"
438179,022188,Brookline College-Tucson,4,cohesive,one system,0.704,"Brookline College, LLC"
444088,022188,Brookline College-Albuquerque,4,cohesive,one system,0.704,"Brookline College, LLC"
193201,022195,Mildred Elley School-Albany Campus,2,cohesive,one system,0.698,Empire Education Corporation
461014,022195,Mildred Elley-New York Campus,2,cohesive,one system,0.698,Empire Education Corporation
165255,022204,Catherine Hinds Institute of Esthetics,1,single,single campus,1.0,
202903,022205,Gods Bible School and College,1,single,single campus,1.0,
418205,022208,Career and Technology Education Centers of Licking County,1,single,single campus,1.0,
106795,022209,Cossatot Community College of the University of Arkansas,1,single,single campus,1.0,University of Arkansas System
108870,022220,American Film Institute Conservatory,1,single,single campus,1.0,
245999,022227,Francis Tuttle Technology Center,1,single,single campus,1.0,
185767,022237,Robert Fiance Beauty Schools-West New York,1,single,single campus,1.0,
402800,022246,Tri-State Cosmetology Institute,1,single,single campus,1.0,
113856,022260,East Los Angeles College,1,single,single campus,1.0,Los Angeles Community College District
146807,022281,Steven Papageorge Hair Academy,1,single,single campus,1.0,
135179,022283,Lake Technical College,1,single,single campus,1.0,
117520,022285,Life Chiropractic College West,2,cohesive,name similarity,0.732,
11752001,022285,Life Chiropractic College West - Bellevue University,2,cohesive,name similarity,0.732,
227322,022305,Ogle School Hair Skin Nails-Ft Worth,3,cohesive,one system,0.8,Ogle School Management
381404,022305,Ogle School Hair Skin Nails-Dallas,3,cohesive,one system,0.8,Ogle School Management
460978,022305,Ogle School Hair Skin Nails-North Dallas,3,cohesive,one system,0.8,Ogle School Management
248703,022306,Ogle School Hair Skin Nails-Hurst,3,cohesive,one system,0.806,Ogle School Management
484604,022306,Ogle School Hair Skin Nails-Stafford,3,cohesive,one system,0.806,Ogle School Management
497073,022306,Ogle School Hair Skin Nails-Willowbrook,3,cohesive,one system,0.806,Ogle School Management
114761,022309,Fredrick and Charles Beauty College,1,single,single campus,1.0,
166869,022316,MGH Institute of Health Professions,1,single,single campus,1.0,Partners Health Care
114947,022319,Gemological Institute of America-Carlsbad,2,cohesive,name similarity,0.829,
191311,022319,Gemological Institute of America-New York,2,cohesive,name similarity,0.829,
417831,022325,Union County Vocational Technical School,1,single,single campus,1.0,
142090,022345,Boise Bible College,1,single,single campus,1.0,
186593,022346,Shore Beauty School,1,single,single campus,1.0,
241182,022349,Antilles School of Technical Careers,1,single,single campus,1.0,
383525,022356,Erie 2 Chautauqua Cattaraugus BOCES-Practical Nursing Program,1,single,single campus,1.0,New York State Education Department
382461,022359,Academy of Hair Design-Pearl,1,single,single campus,1.0,Academy of Hair Design Inc.
368832,022364,Thanh Le College School of Cosmetology,1,single,single campus,1.0,
200208,022365,Cankdeska Cikana Community College,1,single,single campus,1.0,
182148,022375,Las Vegas College,2,mixed,"one system, names differ",0.576,Mikhail Education Corporation
501576,022375,Las Vegas College-Houston Career Institute,2,mixed,"one system, names differ",0.576,Mikhail Education Corporation
221281,022379,Tennessee College of Applied Technology-Henry/Carroll,1,single,single campus,1.0,TBR - The College System of Tennessee
206932,022385,Central Oklahoma College,1,single,single campus,1.0,Central State Beauty Academy
246460,022391,Central Texas Beauty College-Round Rock,2,cohesive,name similarity,0.784,
383464,022391,Central Texas Beauty College-Temple,2,cohesive,name similarity,0.784,
407522,022398,Pioneer Career and Technology Center,1,single,single campus,1.0,
150853,022417,PJ's College of Cosmetology-Clarksville,3,cohesive,one system,0.769,PJ's College of Cosmetology Inc.
15085301,022417,PJ's College of Cosmetology- Brownsburg,3,cohesive,one system,0.769,PJ's College of Cosmetology Inc.
15085303,022417,PJ's College of Cosmetology- Jeffersonville,3,cohesive,one system,0.769,PJ's College of Cosmetology Inc.
109040,022418,American Career College-Los Angeles,2,cohesive,one system,0.818,American Career College Inc.
441052,022418,American Career College-Anaheim,2,cohesive,one system,0.818,American Career College Inc.
242042,022419,Instituto Tecnologico de Puerto Rico-Recinto de Manati,5,mixed,"one system, names differ",0.374,Puerto Rico State Department of Education
242556,022419,Instituto Tecnologico de Puerto Rico-Recinto de Guayama,5,mixed,"one system, names differ",0.374,Puerto Rico State Department of Education
242583,022419,Instituto Tecnologico de Puerto Rico-Recinto de San Juan,5,mixed,"one system, names differ",0.374,Puerto Rico State Department of Education
452106,022419,Escuela De Troqueleria Y Herramentaje,5,mixed,"one system, names differ",0.374,Puerto Rico State Department of Education
498012,022419,Commonwealth of Puerto Rico Department of Education-PRAMI,5,mixed,"one system, names differ",0.374,Puerto Rico State Department of Education
431266,022424,Henrico County-Saint Marys Hospital School of Practical Nursing,1,single,single campus,1.0,
235547,022425,Bastyr University,1,single,single campus,1.0,
125170,022427,Berkeley City College,1,single,single campus,1.0,California Community College System
200554,022429,United Tribes Technical College,1,single,single campus,1.0,
175722,022443,Academy of Hair Design-Grenada,2,mixed,"one system, names differ",0.25,Academy of Hair Design Inc.
374316,022443,Mississippi Barber Academy,2,mixed,"one system, names differ",0.25,Academy of Hair Design Inc.
129154,022449,Goodwin University,2,cohesive,name similarity,0.643,
12915401,022449,Goodwin University - Bridgeport Campus,2,cohesive,name similarity,0.643,
182892,022454,Keene Beauty Academy,1,single,single campus,1.0,
407832,022456,Warren County Career Center,1,single,single campus,1.0,
203234,022463,Ross Medical Education Center-Cincinnati,6,cohesive,one system,0.775,"Ross Education, LLC"
480523,022463,Ross Medical Education Center-Dayton,6,cohesive,one system,0.775,"Ross Education, LLC"
481863,022463,Ross Medical Education Center-Kokomo,6,cohesive,one system,0.775,"Ross Education, LLC"
484349,022463,Ross Medical Education Center-Evansville,6,cohesive,one system,0.775,"Ross Education, LLC"
484358,022463,Ross Medical Education Center-Johnson City,6,cohesive,one system,0.775,"Ross Education, LLC"
488961,022463,Ross Medical Education Center-Lafayette,6,cohesive,one system,0.775,"Ross Education, LLC"
449904,022482,Milan Institute of Cosmetology-San Antonio Military,4,cohesive,one system,0.742,Milan Institute
454546,022482,Milan Institute of Cosmetology-Vacaville,4,cohesive,one system,0.742,Milan Institute
454555,022482,Milan Institute of Cosmetology-Reno,4,cohesive,one system,0.742,Milan Institute
460534,022482,Milan Institute of Cosmetology-El Paso,4,cohesive,one system,0.742,Milan Institute
418348,022509,Eastern Oklahoma County Technology Center,1,single,single campus,1.0,Oklahoma Department of Career and Technology Education
215886,022512,Schuylkill Technology Center,1,single,single campus,1.0,
438674,022516,The Academy of Hair Design Six,1,single,single campus,1.0,Academy of Hair Design Inc.
175698,022517,Fosters Cosmetology College,1,single,single campus,1.0,
128179,022537,Intellitec College-Colorado Springs,2,mixed,"one system, names differ",0.56,DVMD LLC
501150,022537,IntelliTec College-Euphoria Institute of Beauty Arts and Sciences,2,mixed,"one system, names differ",0.56,DVMD LLC
448424,022562,Broken Arrow Beauty College,1,single,single campus,1.0,
219587,022574,Arnolds Beauty School,1,single,single campus,1.0,
155159,022577,Hays Academy of Hair Design,2,cohesive,one system,1.0,Hays Academy of Hair Design
478917,022577,Hays Academy of Hair Design,2,cohesive,one system,1.0,Hays Academy of Hair Design
134714,022579,International Academy,1,single,single campus,1.0,
159513,022584,Aveda Arts & Sciences Institute-Baton Rouge,1,single,single campus,1.0,Aveda Institute
222628,022594,Amberton University,1,single,single campus,1.0,
260664,022602,Diesel Driving Academy-Shreveport,1,single,single campus,1.0,Diesel Driving Academy
175120,022605,Summit Academy Opportunities Industrialization Center,1,single,single campus,1.0,
242972,022606,NUC University,31,mixed,"one system, names differ",0.384,EduK Group
24297201,022606,NUC University - Arecibo,31,mixed,"one system, names differ",0.384,EduK Group
24297202,022606,NUC University - Rio Grande,31,mixed,"one system, names differ",0.384,EduK Group
24297203,022606,NUC University - Ponce,31,mixed,"one system, names differ",0.384,EduK Group
24297204,022606,NUC University - Caguas,31,mixed,"one system, names differ",0.384,EduK Group
24297205,022606,NUC University - Mayaguez,31,mixed,"one system, names differ",0.384,EduK Group
24297206,022606,NUC University - South Florida,31,mixed,"one system, names differ",0.384,EduK Group
24297207,022606,NUC University - Florida Technical College - Lakeland,31,mixed,"one system, names differ",0.384,EduK Group
24297208,022606,NUC University - Florida Technical College - Deland,31,mixed,"one system, names differ",0.384,EduK Group
24297209,022606,NUC University - Florida Technical College - Kissimmee,31,mixed,"one system, names differ",0.384,EduK Group
24297210,022606,NUC University - Florida Technical College - Pembroke Pines,31,mixed,"one system, names differ",0.384,EduK Group
24297211,022606,NUC University - Florida Technical College - Cutler Bay,31,mixed,"one system, names differ",0.384,EduK Group
24297212,022606,NUC University - IBC Technical Division - Ponce,31,mixed,"one system, names differ",0.384,EduK Group
24297213,022606,NUC University - IBC Technical Division - Mayaguez,31,mixed,"one system, names differ",0.384,EduK Group
24297214,022606,NUC University - IBC Technical Division - Guayama,31,mixed,"one system, names differ",0.384,EduK Group
24297215,022606,NUC University - IBC Technical Division - Fajardo,31,mixed,"one system, names differ",0.384,EduK Group
24297216,022606,NUC University - IBC Technical Division - Manati,31,mixed,"one system, names differ",0.384,EduK Group
24297217,022606,NUC University - IBC Technical Division - Los Colobos,31,mixed,"one system, names differ",0.384,EduK Group
24297218,022606,NUC University - IBC Technical Division - Moca,31,mixed,"one system, names differ",0.384,EduK Group
24297219,022606,NUC University - IBC Technical Division - Aguadilla,31,mixed,"one system, names differ",0.384,EduK Group
24297220,022606,NUC University - IBC Technical Division - Caguas,31,mixed,"one system, names differ",0.384,EduK Group
24297221,022606,NUC University - IBC Technical Division - Arecibo,31,mixed,"one system, names differ",0.384,EduK Group
24297222,022606,NUC University - IBC Technical Division - Escorial,31,mixed,"one system, names differ",0.384,EduK Group
24297223,022606,NUC University - IBC Technical Division - Bayamon,31,mixed,"one system, names differ",0.384,EduK Group
24297224,022606,NUC University - IBC Technical Division - Yauco,31,mixed,"one system, names differ",0.384,EduK Group
24297225,022606,NUC University - Florida Technical College - Orlando,31,mixed,"one system, names differ",0.384,EduK Group
24297226,022606,NUC University - Florida Technical College - Tampa,31,mixed,"one system, names differ",0.384,EduK Group
24297227,022606,NUC University - CCU - Caguas,31,mixed,"one system, names differ",0.384,EduK Group
24297228,022606,NUC University - CCU - Yauco Campus,31,mixed,"one system, names differ",0.384,EduK Group
24297230,022606,NUC University - CCU - Carolina,31,mixed,"one system, names differ",0.384,EduK Group
24297231,022606,NUC University - CCU - Bayamon,31,mixed,"one system, names differ",0.384,EduK Group
242112,022608,Huertas College,1,single,single campus,1.0,
145406,022612,G Skin & Beauty Institute,1,single,single campus,1.0,United Investments of Illinois Inc.
145433,022621,Hair Professionals School of Cosmetology,1,single,single campus,1.0,
126076,022624,Yeshiva Ohr Elchonon Chabad West Coast Talmudical Seminary,1,single,single campus,1.0,
381486,022625,Faust Institute of Cosmetology-Spirit Lake,1,single,single campus,1.0,LaLaak Corporation
197647,022651,Yeshiva Derech Chaim,1,single,single campus,1.0,
159328,022656,John Jay Beauty College,1,single,single campus,1.0,John Jay Beauty College Inc.
176910,022664,Central Christian College of the Bible,1,single,single campus,1.0,
110778,022676,Sofia University,1,single,single campus,1.0,
162830,022697,Aveda Institute-Maryland,1,single,single campus,1.0,
215053,022699,Pennsylvania College of Art and Design,1,single,single campus,1.0,
211316,022705,Beauty Culture School LLC,1,single,single campus,1.0,
117104,022706,Life Pacific University,2,cohesive,name similarity,0.836,
11710401,022706,Life Pacific University-Virginia,2,cohesive,name similarity,0.836,
447263,022708,Joyce University of Nursing and Health Sciences,1,single,single campus,1.0,
240213,022713,Wisconsin School of Professional Psychology,1,single,single campus,1.0,
202152,022727,Columbiana County Career and Technical Center,1,single,single campus,1.0,
418083,022729,Rockland County BOCES-Practical Nursing Program,1,single,single campus,1.0,New York State Education Department
215619,022734,Reconstructionist Rabbinical College,1,single,single campus,1.0,
153764,022741,La James International College-Johnston,1,single,single campus,1.0,La James International College
165495,022743,Conway School of Landscape Design,1,single,single campus,1.0,
451918,022750,TC Beauty,1,single,single campus,1.0,
133854,022751,Concorde Career Institute-Miramar,1,single,single campus,1.0,Concorde Career Colleges Inc.
237242,022753,Cabell County Career Technology Center,1,single,single campus,1.0,Cabell County School System
193265,022759,Modern Welding School,1,single,single campus,1.0,
125718,022768,Westminster Theological Seminary in California,1,single,single campus,1.0,
126863,022769,Community College of Aurora,1,single,single campus,1.0,Colorado Community College System
219408,022773,Sisseton Wahpeton College,1,single,single campus,1.0,
123642,022774,South Coast College,1,single,single campus,1.0,
176716,022775,House of Heavilin Beauty College-Blue Springs,1,single,single campus,1.0,House of Heavilin of Blue Springs Inc.
188137,022781,Santa Fe Community College,1,single,single campus,1.0,
376631,022787,Mr Wayne's School of Unisex Hair Design,1,single,single campus,1.0,
366553,022788,Southern Technical College,1,single,single campus,1.0,"Southern Technical Holdings, LLC"
134574,022796,Cortiva Institute,2,cohesive,one system,0.773,Steiner Education Group
486770,022796,Cortiva Institute-Arlington,2,cohesive,one system,0.773,Steiner Education Group
104391,022805,Charles of Italy Beauty College,1,single,single campus,1.0,
199458,022809,Mid-Atlantic Christian University,1,single,single campus,1.0,
208053,022821,High Plains Technology Center,1,single,single campus,1.0,Oklahoma Department of Career and Technology Education
418515,022825,Lenape Technical School Practical Nursing Program,1,single,single campus,1.0,
242699,022827,Inter American University of Puerto Rico-Guayama,1,single,single campus,1.0,Universidad Interamericana de Puerto Rico
242680,022828,Inter American University of Puerto Rico-Fajardo,1,single,single campus,1.0,Universidad Interamericana de Puerto Rico
107442,022842,New Tyler Barber College Inc,1,single,single campus,1.0,
138655,022843,Interactive College of Technology-Chamblee,4,cohesive,one system,0.843,Interactive Learning Systems Inc.
138664,022843,Interactive College of Technology-Morrow,4,cohesive,one system,0.843,Interactive Learning Systems Inc.
367103,022843,Interactive College of Technology-Newport,4,cohesive,one system,0.843,Interactive Learning Systems Inc.
442435,022843,Interactive College of Technology-Gainesville,4,cohesive,one system,0.843,Interactive Learning Systems Inc.
115658,022851,Hilltop Beauty School,1,single,single campus,1.0,
168892,022857,Bayshire Academy of Beauty Craft Inc,1,single,single campus,1.0,Bayshire Academy of Beauty Craft Inc.
229425,022859,UCAS University of Cosmetology Arts & Sciences-McAllen,4,cohesive,one system,0.889,UCAS Inc.
407683,022859,UCAS University of Cosmetology Arts & Sciences-Harlingen,4,cohesive,one system,0.889,UCAS Inc.
475662,022859,UCAS University of Cosmetology Arts & Sciences-La Joya,4,cohesive,one system,0.889,UCAS Inc.
500324,022859,UCAS University of Cosmetology Arts & Sciences - 03,4,cohesive,one system,0.889,UCAS Inc.
180328,022866,Little Big Horn College,1,single,single campus,1.0,
135142,022871,La Belle Beauty School,1,single,single campus,1.0,
205142,022879,Raphael's School of Beauty Culture Inc-Niles,2,cohesive,one system,0.891,Raphaels School of Beauty Culture Inc.
363882,022879,Raphael's School of Beauty Culture Inc-Brunswick,2,cohesive,one system,0.891,Raphaels School of Beauty Culture Inc.
140012,022884,Gwinnett Technical College,1,single,single campus,1.0,Technical College System of Georgia
153463,022890,American Hair Academy,1,single,single campus,1.0,
210748,022904,Altoona Beauty School Inc,1,single,single campus,1.0,
213491,022927,Lansdale School of Cosmetology Inc,1,single,single campus,1.0,
132976,022970,Charlotte Technical College,1,single,single campus,1.0,Florida State Board of Education
147819,022975,Oehrlein School of Cosmetology,1,single,single campus,1.0,
418782,022977,Automeca Technical College-Aguadilla,4,cohesive,one system,0.794,Automeca Technical College Inc.
419703,022977,Automeca Technical College-Bayamon,4,cohesive,one system,0.794,Automeca Technical College Inc.
419712,022977,Automeca Technical College-Caguas,4,cohesive,one system,0.794,Automeca Technical College Inc.
419721,022977,Automeca Technical College-Ponce,4,cohesive,one system,0.794,Automeca Technical College Inc.
219125,022978,Paul Mitchell the School-Rapid City,1,single,single campus,1.0,
113582,022980,Design Institute of San Diego,1,single,single campus,1.0,
216463,022993,Trinity Anglican Seminary,1,single,single campus,1.0,
138497,023009,Withlacoochee Technical College,1,single,single campus,1.0,
200527,023011,Turtle Mountain College,1,single,single campus,1.0,
204884,023014,East Ohio College,1,single,single campus,1.0,
176062,023028,Hatfield's Mississippi College of Beauty Culture,1,single,single campus,1.0,
241146,023038,American Educational College,1,single,single campus,1.0,American Educational College Inc.
206181,023047,Tri-Rivers Career Center,1,single,single campus,1.0,Tri-Rivers JVSD
152150,023048,PJ's College of Cosmetology-Richmond,1,single,single campus,1.0,PJ's College of Cosmetology Inc.
243823,023053,Parker University,1,single,single campus,1.0,
418524,023062,Venango County Area Vocational Technical School,1,single,single campus,1.0,
103963,023068,Miller-Motte College-Arizona Automotive Institute,18,mixed,"one system, names differ",0.447,STVT-AAI Education Inc.
213534,023068,Miller-Motte College-Berks Technical Institute,18,mixed,"one system, names differ",0.447,STVT-AAI Education Inc.
228200,023068,South Texas Vocational Technical Institute-Weslaco,18,mixed,"one system, names differ",0.447,STVT-AAI Education Inc.
228219,023068,Miller-Motte College-STVT-McAllen,18,mixed,"one system, names differ",0.447,STVT-AAI Education Inc.
245962,023068,Miller-Motte College-Tulsa,18,mixed,"one system, names differ",0.447,STVT-AAI Education Inc.
438221,023068,Miller-Motte College-Berks Technical Institute-Lewisburg,18,mixed,"one system, names differ",0.447,STVT-AAI Education Inc.
443650,023068,Miller-Motte College-Chattanooga,18,mixed,"one system, names differ",0.447,STVT-AAI Education Inc.
456205,023068,Miller-Motte College-Raleigh,18,mixed,"one system, names differ",0.447,STVT-AAI Education Inc.
456579,023068,Miller-Motte College-Berks Technical Institute-Allentown,18,mixed,"one system, names differ",0.447,STVT-AAI Education Inc.
456922,023068,South Texas Vocational Technical Institute-Brownsville,18,mixed,"one system, names differ",0.447,STVT-AAI Education Inc.
456931,023068,Miller-Motte College-STVT-Corpus Christi,18,mixed,"one system, names differ",0.447,STVT-AAI Education Inc.
458405,023068,Miller-Motte College-Fayetteville,18,mixed,"one system, names differ",0.447,STVT-AAI Education Inc.
458441,023068,Miller-Motte College-Columbus,18,mixed,"one system, names differ",0.447,STVT-AAI Education Inc.
460172,023068,Miller-Motte College-STVT-San Antonio,18,mixed,"one system, names differ",0.447,STVT-AAI Education Inc.
460817,023068,Miller-Motte College-Jacksonville,18,mixed,"one system, names differ",0.447,STVT-AAI Education Inc.
460826,023068,Miller-Motte College-Augusta,18,mixed,"one system, names differ",0.447,STVT-AAI Education Inc.
475060,023068,Miller-Motte College-Macon,18,mixed,"one system, names differ",0.447,STVT-AAI Education Inc.
491394,023068,Miller-Motte College-STVT-Arlington,18,mixed,"one system, names differ",0.447,STVT-AAI Education Inc.
134291,023074,George Stone Technical College,1,single,single campus,1.0,
112367,023095,Clovis Adult Education,1,single,single campus,1.0,
418533,023108,Lancaster County Career and Technology Center,1,single,single campus,1.0,
142957,023113,American Islamic College,1,single,single campus,1.0,
183983,023120,Adult and Continuing Education-BCTS,1,single,single campus,1.0,Bergen County Technical Schools
417682,023130,Cass Career Center,1,single,single campus,1.0,Harrisonville Cass R-IX School District
142489,023140,Nathan Layne Institute of Cosmetology,1,single,single campus,1.0,
404338,023141,Schiller International University,1,single,single campus,1.0,Kip Siu LLC
193991,023142,Empire Beauty School-Peekskill,1,single,single campus,1.0,EEG Inc.
227225,023154,Northeast Texas Community College,1,single,single campus,1.0,
135647,023162,Miami Lakes Educational Center and Technical College,1,single,single campus,1.0,
128896,023166,Cortiva Institute,1,single,single campus,1.0,Steiner Education Group
239071,023172,Maranatha Baptist University,1,single,single campus,1.0,
144573,023173,Tricoci University of Beauty Culture,1,single,single campus,1.0,Tricoci University of Beauty Culture LLC
225991,023182,KD Conservatory College of Film and Dramatic Arts,1,single,single campus,1.0,
146490,023192,Lake Forest Graduate School of Management,1,single,single campus,1.0,
232919,023209,Tidewater Tech-Trades,2,cohesive,one system,0.679,Employment Services Inc.
500120,023209,Tidewater Tech-East Little Creek,2,cohesive,one system,0.679,Employment Services Inc.
138372,023212,Orange Technical College-West Campus,1,single,single campus,1.0,Orange County Public Schools
148098,023233,Professional's Choice Hair Design Academy,1,single,single campus,1.0,Professional's Choice Hair Design Academy
461111,023244,Allstate Hairstyling & Barber College,1,single,single campus,1.0,
170611,023245,Michigan College of Beauty-Monroe,1,single,single campus,1.0,Latress Beauty Academy Inc.
246415,023260,UCAS University of Cosmetology Arts & Sciences-San Antonio 410,1,single,single campus,1.0,UCAS Inc.
244279,023268,Meridian College,2,mixed,"one system, names differ",0.235,LTT Enterprises Inc.
499495,023268,Gwinnett Institute,2,mixed,"one system, names differ",0.235,LTT Enterprises Inc.
362700,023269,Aveda Institute-Fort Myers,1,single,single campus,1.0,Aveda Institute
160199,023278,Pineville Beauty School,1,single,single campus,1.0,
250902,023285,Moler-Pickens Beauty Academy,1,single,single campus,1.0,
153302,023289,Emmaus Bible College,1,single,single campus,1.0,
117168,023305,Laguna College of Art and Design,1,single,single campus,1.0,
215008,023306,Pennsylvania Gunsmith School,1,single,single campus,1.0,
107123,023308,Jefferson Regional School of Nursing,1,single,single campus,1.0,Jefferson Regional Medical System
163815,023310,Maryland Beauty Academy of Essex,1,single,single campus,1.0,
223117,023312,Baptist Missionary Association Theological Seminary,1,single,single campus,1.0,
367361,023313,Interactive College of Technology,3,cohesive,one system,1.0,Interactive Learning Systems Inc.
440776,023313,Interactive College of Technology,3,cohesive,one system,1.0,Interactive Learning Systems Inc.
443696,023313,Interactive College of Technology,3,cohesive,one system,1.0,Interactive Learning Systems Inc.
145424,023322,Hair Professionals Career College,1,single,single campus,1.0,
111708,023328,CET-San Diego,11,mixed,"one system, names differ",0.435,Center for Employment Training
111717,023328,CET-San Jose,11,mixed,"one system, names differ",0.435,Center for Employment Training
111726,023328,CET-El Centro,11,mixed,"one system, names differ",0.435,Center for Employment Training
111744,023328,CET-Colton,11,mixed,"one system, names differ",0.435,Center for Employment Training
111762,023328,CET-Watsonville,11,mixed,"one system, names differ",0.435,Center for Employment Training
111799,023328,CET-Salinas,11,mixed,"one system, names differ",0.435,Center for Employment Training
381255,023328,CET-Coachella,11,mixed,"one system, names differ",0.435,Center for Employment Training
381282,023328,CET-Oxnard,11,mixed,"one system, names differ",0.435,Center for Employment Training
381325,023328,CET-Santa Maria,11,mixed,"one system, names differ",0.435,Center for Employment Training
432269,023328,CET-El Paso,11,mixed,"one system, names differ",0.435,Center for Employment Training
468769,023328,CET-Soledad,11,mixed,"one system, names differ",0.435,Center for Employment Training
163541,023330,Hair Academy,1,single,single campus,1.0,
407470,023343,Empire Beauty School-Cincinnati,1,single,single campus,1.0,EEG Inc.
232016,023344,Centura College-Chesapeake,3,cohesive,one system,0.667,Employment Services Inc.
377449,023344,Centura College-Newport News,3,cohesive,one system,0.667,Employment Services Inc.
377458,023344,Centura College-Norfolk,3,cohesive,one system,0.667,Employment Services Inc.
241614,023355,Universidad Teologica del Caribe,1,single,single campus,1.0,
158325,023357,Baton Rouge General Medical Center School of Nursing & School of Radiologic Technology,1,single,single campus,1.0,General Health System
375373,023363,Knox County Career Center,1,single,single campus,1.0,Knox County Career County School Board
204981,023367,Cuyahoga Valley Career Center,1,single,single campus,1.0,
156310,023372,PJ's College of Cosmetology-Bowling Green,6,cohesive,one system,0.756,PJ's College of Cosmetology Inc.
15631001,023372,PJ's College of Cosmetology- Greenfield,6,cohesive,one system,0.756,PJ's College of Cosmetology Inc.
15631002,023372,PJ's College of Cosmetology- Muncie,6,cohesive,one system,0.756,PJ's College of Cosmetology Inc.
15631003,023372,PJ's College of Cosmetology- Indianapolis,6,cohesive,one system,0.756,PJ's College of Cosmetology Inc.
15631004,023372,PJ's College of Cosmetology- Plainfield,6,cohesive,one system,0.756,PJ's College of Cosmetology Inc.
15631005,023372,PJ's College of Cosmetology- Louisville,6,cohesive,one system,0.756,PJ's College of Cosmetology Inc.
205054,023377,Professional Skills Institute,1,single,single campus,1.0,Professional Skills Inc.
208433,023379,College of Hair Design Careers,1,single,single campus,1.0,
366155,023380,Cloyd's Barber School 2 Inc,1,single,single campus,1.0,
134228,023384,Fort Pierce Beauty Academy,1,single,single campus,1.0,
115010,023385,Glendale Career College,7,mixed,"one system, names differ",0.353,North-West College
414939,023385,Nevada Career Institute,7,mixed,"one system, names differ",0.353,North-West College
494746,023385,North-West College-San Diego,7,mixed,"one system, names differ",0.353,North-West College
497338,023385,Glendale Career College-North-West College-Bakersfield,7,mixed,"one system, names differ",0.353,North-West College
499413,023385,Glendale Career College-North-West College-MFSON,7,mixed,"one system, names differ",0.353,North-West College
501293,023385,Glendale Career College-Nevada Career Institute-MFSON,7,mixed,"one system, names differ",0.353,North-West College
501327,023385,Glendale Career College-North-West College-MFSON-Riverside,7,mixed,"one system, names differ",0.353,North-West College
167039,023394,Rob Roy Academy-New Bedford,1,single,single campus,1.0,Rob Roy Academy Inc.
152309,023396,Rogers Academy of Hair Design,1,single,single campus,1.0,
261676,023397,Ross Medical Education Center-Brighton,11,mixed,"one system, names differ",0.271,"Ross Education, LLC"
261685,023397,Ross Medical Education Center-Ann Arbor,11,mixed,"one system, names differ",0.271,"Ross Education, LLC"
373085,023397,Ross College-Davenport,11,mixed,"one system, names differ",0.271,"Ross Education, LLC"
421513,023397,Ross College-Hopkinsville,11,mixed,"one system, names differ",0.271,"Ross Education, LLC"
452081,023397,Ross College-Sylvania,11,mixed,"one system, names differ",0.271,"Ross Education, LLC"
460093,023397,Ross Medical Education Center-Davison,11,mixed,"one system, names differ",0.271,"Ross Education, LLC"
480532,023397,Ross Medical Education Center-Ontario,11,mixed,"one system, names differ",0.271,"Ross Education, LLC"
481890,023397,Ross Medical Education Center-Erlanger,11,mixed,"one system, names differ",0.271,"Ross Education, LLC"
486752,023397,Ross Medical Education Center-Muncie,11,mixed,"one system, names differ",0.271,"Ross Education, LLC"
488970,023397,Ross Medical Education Center-Midland,11,mixed,"one system, names differ",0.271,"Ross Education, LLC"
490832,023397,Ross College-Canton,11,mixed,"one system, names differ",0.271,"Ross Education, LLC"
179511,023405,St Louis College of Health Careers-St Louis,2,cohesive,name similarity,0.881,
442426,023405,St Louis College of Health Careers-Fenton,2,cohesive,name similarity,0.881,
242121,023406,Humacao Community College,1,single,single campus,1.0,
156426,023408,Paul Mitchell the School-Lexington,1,single,single campus,1.0,Paul Mitchell Advanced Education
371052,023410,Fortis College,3,mixed,"one system, names differ",0.5,Education Affiliates Inc.
455479,023410,Fortis Institute-Pensacola,3,mixed,"one system, names differ",0.5,Education Affiliates Inc.
455488,023410,Fortis College-Montgomery,3,mixed,"one system, names differ",0.5,Education Affiliates Inc.
218195,023411,Kenneth Shuler School of Cosmetology and Nails-Columbia,3,cohesive,name similarity,0.738,
445841,023411,Kenneth Shuler School of Cosmetology-Spartanburg,3,cohesive,name similarity,0.738,
489159,023411,Kenneth Shuler School of Cosmetology-Goose Creek,3,cohesive,name similarity,0.738,
246354,023413,Palo Alto College,1,single,single campus,1.0,Alamo Colleges
107220,023417,Career Academy of Hair Design,5,cohesive,name similarity,0.795,
10722001,023417,Career Academy of Hair Design-Siloam Springs,5,cohesive,name similarity,0.795,
10722002,023417,Career Academy of Hair Design-Rogers,5,cohesive,name similarity,0.795,
10722003,023417,Career Academy of Hair Design-Fayetteville,5,cohesive,name similarity,0.795,
10722004,023417,Career Academy of Hair Design - Fort Smith,5,cohesive,name similarity,0.795,
180212,023430,Fort Peck Community College,1,single,single campus,1.0,
377722,023434,Bellus Academy-Poway,2,cohesive,one system,0.824,Poway Academy of Hair Design Inc.
478953,023434,Bellus Academy,2,cohesive,one system,0.824,Poway Academy of Hair Design Inc.
240879,023436,Institute of Beauty Careers,1,single,single campus,1.0,
163408,023438,Montgomery Beauty School,2,mixed,name similarity,0.593,
498003,023438,Montgomery Beauty School-Baltimore Beauty & Barber School,2,mixed,name similarity,0.593,
230490,023465,Ogden-Weber Technical College,1,single,single campus,1.0,Utah System of Higher Education
107318,023482,Arkansas State University Mid-South,1,single,single campus,1.0,Arkansas State University System
226116,023485,Lamar State College-Port Arthur,1,single,single campus,1.0,Texas State University System
247010,023492,Headmasters School of Hair Design,1,single,single campus,1.0,
143491,023495,Cannella School of Hair Design-Chicago,1,single,single campus,1.0,
368407,023501,Western Area Career & Technology Center,1,single,single campus,1.0,
418560,023502,Indiana County Technology Center,1,single,single campus,1.0,Joint Operating Committee for the ICTC
151564,023513,Taylor Institute of Cosmetology II,1,single,single campus,1.0,
418223,023515,Northern Career Institute,1,single,single campus,1.0,Willoughby-Eastlake City Schools
156842,023517,Paul Mitchell the School-Louisville,1,single,single campus,1.0,Paul Mitchell Advanced Education
248527,023525,Cloyd's Beauty School 3 Inc,1,single,single campus,1.0,
390905,023528,Polaris Career Center,1,single,single campus,1.0,
418588,023531,Northern Tier Career Center,1,single,single campus,1.0,
407577,023542,Scioto County Career Technical Center,1,single,single campus,1.0,
217794,023566,Charleston Cosmetology Institute,1,single,single campus,1.0,Pivot Point International Inc.
187596,023576,Navajo Technical University,1,single,single campus,1.0,
249238,023577,Paul Mitchell the School-Houston,2,cohesive,one system,0.746,Paul Mitchell Advanced Education
488989,023577,Paul Mitchell the School-Clear Lake,2,cohesive,one system,0.746,Paul Mitchell Advanced Education
124292,023580,Thomas Aquinas College,2,cohesive,name similarity,0.759,
12429201,023580,Thomas Aquinas College - New England,2,cohesive,name similarity,0.759,
226107,023582,Lamar State College-Orange,1,single,single campus,1.0,Texas State University System
233480,023585,Bon Secours St Mary's Hospital School of Medical Imaging,1,single,single campus,1.0,Bon Secours Mercy Health
407151,023586,Stage One-The Hair School,1,single,single campus,1.0,
123280,023593,Shasta Bible College and Graduate School,1,single,single campus,1.0,
380438,023608,Provo College,2,mixed,systems differ,0.578,Center for Professional Studies Inc.
496283,023608,Provo College-Idaho Falls Campus,2,mixed,systems differ,0.578,Center for Professional Studies Inc.
161208,023613,The Landing School,1,single,single campus,1.0,
247834,023614,Collin County Community College District,1,single,single campus,1.0,
155283,023616,Concorde Career College-Kansas City,3,cohesive,one system,0.8,Concorde Career Colleges Inc.
460206,023616,Concorde Career College-San Antonio,3,cohesive,one system,0.8,Concorde Career Colleges Inc.
497912,023616,Concorde Career College-Broadway,3,cohesive,one system,0.8,Concorde Career Colleges Inc.
229416,023620,Universal Technical Institute of Texas Inc.,5,cohesive,one system,0.711,Universal Technical Institute Inc.
445799,023620,Universal Technical Institute of Pennsylvania Inc,5,cohesive,one system,0.711,Universal Technical Institute Inc.
460543,023620,Universal Technical Institute-Dallas Fort Worth,5,cohesive,one system,0.711,Universal Technical Institute Inc.
493132,023620,Universal Technical Institute-Bloomfield,5,cohesive,one system,0.711,Universal Technical Institute Inc.
497286,023620,Universal Technical Institute-West Texas,5,cohesive,one system,0.711,Universal Technical Institute Inc.
134237,023621,Full Sail University,1,single,single campus,1.0,
489830,023635,Arthur's Beauty College,1,single,single campus,1.0,Arthur's Beauty College Inc.
247773,023638,Yeshiva Gedolah of Greater Detroit,1,single,single campus,1.0,
239169,024535,Medical College of Wisconsin,1,single,single campus,1.0,
204477,024544,Northeast Ohio Medical University,1,single,single campus,1.0,
243203,024600,University of Puerto Rico-Medical Sciences,1,single,single campus,1.0,University of Puerto Rico
140562,024821,Morehouse School of Medicine,1,single,single campus,1.0,
243081,024824,Ponce Health Sciences University,3,cohesive,name similarity,0.66,
492704,024824,Ponce Health Sciences University-Centro Universitario de San Juan,3,cohesive,name similarity,0.66,
494010,024824,Ponce Health Sciences University-St Louis,3,cohesive,name similarity,0.66,
112525,024827,Western University of Health Sciences,1,single,single campus,1.0,
247065,024911,Beckfield College-Florence,1,single,single campus,1.0,
375966,024926,Eastern Center for Arts and Technology,1,single,single campus,1.0,
161855,024947,Baltimore Studio of Hair Design,1,single,single campus,1.0,
371830,024948,CRU Institute of Cosmetology and Barbering,1,single,single campus,1.0,
210599,024955,All-State Career School,1,single,single campus,1.0,Education Affiliates Inc.
112288,024973,Milan Institute-Visalia,2,cohesive,one system,0.8,Milan Institute
443669,024973,Milan Institute-Sparks,2,cohesive,one system,0.8,Milan Institute
365240,024978,Greene County Career Center,1,single,single campus,1.0,
407090,024982,G Skin & Beauty Institute,1,single,single campus,1.0,United Investments of Illinois Inc.
372462,024990,Academy of Cosmetology,1,single,single campus,1.0,
122649,025000,San Joaquin College of Law,1,single,single campus,1.0,
135735,025015,Orange Technical College-South Campus,1,single,single campus,1.0,Orange County Public Schools
100690,025034,Amridge University,1,single,single campus,1.0,
245625,025039,Warren County Community College,1,single,single campus,1.0,
125231,025042,Walden University,1,single,single campus,1.0,Adtalem Global Education
376288,025045,Institucion Chaviano de Mayaguez,1,single,single campus,1.0,
138488,025046,Orange Technical College-East Campus,1,single,single campus,1.0,Florida State Board of Education
241216,025054,Atlantic University,1,single,single campus,1.0,
197601,025058,Yeshiva Karlin Stolin,1,single,single campus,1.0,
195438,025059,Sh'or Yoshuv Rabbinical College,1,single,single campus,1.0,
188942,025060,Associated Beth Rivkah Schools,1,single,single campus,1.0,
181640,025083,Southeast Community College Area,1,single,single campus,1.0,
137777,025089,Talmudic College of Florida,1,single,single campus,1.0,
180054,025106,Blackfeet Community College,1,single,single campus,1.0,
188216,025110,Southwestern Indian Polytechnic Institute,1,single,single campus,1.0,
136765,025117,Ridge Technical College,1,single,single campus,1.0,Florida State Board of Education
136303,025132,Orange Technical College,2,cohesive,one system,0.774,Orange County Public Schools
501497,025132,Orange Technical College-Avalon Campus,2,cohesive,one system,0.774,Orange County Public Schools
176451,025162,Wesley Biblical Seminary,1,single,single campus,1.0,
406149,025171,Sarasota School of Massage Therapy,1,single,single campus,1.0,
180203,025175,Aaniiih Nakoda College,1,single,single campus,1.0,
160472,025183,LaSalle Tech,1,single,single campus,1.0,
204778,025193,Ohio State School of Cosmetology-Canal Winchester,1,single,single campus,1.0,Ohio State School of Cosmetology Corporation
365091,025200,International School of Skin Nailcare & Massage Therapy,1,single,single campus,1.0,
116226,025203,Interior Designers Institute,1,single,single campus,1.0,
178077,025208,Missouri College of Cosmetology and Esthetics,1,single,single campus,1.0,
222886,025212,Arlington Career Institute,1,single,single campus,1.0,
228088,025218,Seguin Beauty School-Seguin,1,single,single campus,1.0,
407461,025227,Eastland-Fairfield Career and Technical Schools,1,single,single campus,1.0,Eastland-Fairfield Career and Technical Schools
145239,025228,Fox College,1,single,single campus,1.0,Bradford Schools Inc.
431716,025237,Ocean County Vocational-Technical School,1,single,single campus,1.0,
487311,025240,Jones Technical Institute,1,single,single campus,1.0,Compass Rose Foundation
136826,025242,Robert Morgan Educational Center and Technical College,2,cohesive,one system,0.778,Florida State Board of Education
13682601,025242,Miami Lakes Educational Center and Technical College -,2,cohesive,one system,0.778,Florida State Board of Education
237491,025245,Ralph R Willis Career and Technical Center,1,single,single campus,1.0,
414063,025259,Artistic Academy of Hair Design,1,single,single campus,1.0,
380067,025275,Houston Training School-Main Campus,2,cohesive,one system,0.746,Houston Training Schools Inc.
484996,025275,Houston Training Schools-Gessner,2,cohesive,one system,0.746,Houston Training Schools Inc.
383279,025282,Robert Fiance Beauty Schools-North Plainfield,1,single,single campus,1.0,
369950,025295,Hamrick School,1,single,single campus,1.0,
365383,025298,Wilkes-Barre Area Career and Technical Center Practical Nursing,1,single,single campus,1.0,
262031,025306,St Charles Community College,1,single,single campus,1.0,
208044,025312,Formations Institute of Cosmetology & Barbering,1,single,single campus,1.0,
442240,025318,Paul Mitchell the School-Costa Mesa,6,cohesive,one system,0.778,Paul Mitchell Advanced Education
443641,025318,Paul Mitchell the School-Rhode Island,6,cohesive,one system,0.778,Paul Mitchell Advanced Education
445212,025318,Paul Mitchell the School-Orlando,6,cohesive,one system,0.778,Paul Mitchell Advanced Education
449959,025318,Paul Mitchell the School-Tampa,6,cohesive,one system,0.778,Paul Mitchell Advanced Education
449968,025318,Paul Mitchell the School-San Diego,6,cohesive,one system,0.778,Paul Mitchell Advanced Education
449977,025318,Paul Mitchell the School-Michigan,6,cohesive,one system,0.778,Paul Mitchell Advanced Education
260372,025322,Lac Courte Oreilles Ojibwe University,1,single,single campus,1.0,
247649,025326,Landmark College,1,single,single campus,1.0,
104665,025332,The School of Architecture,1,single,single campus,1.0,
171988,025336,Ross Medical Education Center-Lansing,7,mixed,"one system, names differ",0.353,"Ross Education, LLC"
365833,025336,Ross Medical Education Center-Kentwood,7,mixed,"one system, names differ",0.353,"Ross Education, LLC"
456506,025336,Ross Medical Education Center-Fort Wayne,7,mixed,"one system, names differ",0.353,"Ross Education, LLC"
460118,025336,Ross Medical Education Center-Niles,7,mixed,"one system, names differ",0.353,"Ross Education, LLC"
481906,025336,Ross Medical Education Center-Charleston,7,mixed,"one system, names differ",0.353,"Ross Education, LLC"
486716,025336,Ross Medical Education Center-Knoxville,7,mixed,"one system, names differ",0.353,"Ross Education, LLC"
490841,025336,Ross College-Grand Rapids North,7,mixed,"one system, names differ",0.353,"Ross Education, LLC"
209296,025340,National University of Natural Medicine,1,single,single campus,1.0,
237844,025348,Fred W Eberle Technical Center,1,single,single campus,1.0,
237543,025355,Mercer County Technical Education Center,1,single,single campus,1.0,Mercer County Schools
156417,025356,Clear Creek Baptist Bible College,1,single,single campus,1.0,
212975,025366,Commonwealth Technical Institute,1,single,single campus,1.0,
365125,025372,Palomar Institute of Cosmetology,1,single,single campus,1.0,
366270,025383,Delta College of Arts & Technology,2,cohesive,name similarity,0.8,
483355,025383,Delta College of Arts & Technology-Lafayette Campus,2,cohesive,name similarity,0.8,
106494,025385,Arthur's Beauty College,2,cohesive,one system,1.0,Arthur's Beauty College Inc.
445540,025385,Arthur's Beauty College,2,cohesive,one system,1.0,Arthur's Beauty College Inc.
116439,025395,Irvine Valley College,2,mixed,"one system, names differ",0.303,California Community College System
11643901,025395,IDEA at ATEP,2,mixed,"one system, names differ",0.303,California Community College System
103501,025410,Alaska Career College,1,single,single campus,1.0,
119553,025423,National Holistic Institute,1,single,single campus,1.0,
110194,025434,Brownson Technical School,1,single,single campus,1.0,
211334,025443,Butler Beauty Academy,3,cohesive,name similarity,0.618,
213330,025443,Butler Beauty Academy-Kittanning Beauty Academy,3,cohesive,name similarity,0.618,
367431,025443,Butler Beauty Academy-New Castle Beauty Academy,3,cohesive,name similarity,0.618,
180160,025452,Chief Dull Knife College,1,single,single campus,1.0,
162371,025454,North American Trade Schools,1,single,single campus,1.0,EFC Trade
368771,025459,Hypnosis Motivation Institute,1,single,single campus,1.0,
250027,025462,Laurel Technical Institute,1,single,single campus,1.0,Laurel Business Institute
431983,025463,Yeshiva of the Telshe Alumni,1,single,single campus,1.0,
408844,025476,Florida National University-Main Campus,3,cohesive,name similarity,0.78,
40884401,025476,Florida National University-South Campus,3,cohesive,name similarity,0.78,
40884402,025476,Florida National University Training Center,3,cohesive,name similarity,0.78,
407142,025485,Cosmetology Training Center,1,single,single campus,1.0,
196440,025506,Talmudical Institute of Upstate New York,1,single,single campus,1.0,
181419,025508,Nebraska Indian Community College,1,single,single campus,1.0,
156754,025511,PJ's College of Cosmetology-Glasgow,1,single,single campus,1.0,PJ's College of Cosmetology Inc.
376242,025523,Colegio Mayor de Tecnologia Inc,1,single,single campus,1.0,
376446,025524,Academy of Hair Technology,1,single,single campus,1.0,
205391,025530,The Modern College of Design,1,single,single campus,1.0,
395690,025536,Diversified Vocational College,1,single,single campus,1.0,Diversified Education Company
200086,025537,Nueta Hidatsa Sahnish College,1,single,single campus,1.0,
136659,025542,Radford M Locklin Technical College,1,single,single campus,1.0,Florida State Board of Education
418612,025545,Hazleton Area Career Center,1,single,single campus,1.0,
456825,025548,Paul Mitchell the School-Baton Rouge,2,cohesive,name similarity,0.75,
468893,025548,Paul Mitchell the School-New Orleans,2,cohesive,name similarity,0.75,
416801,025554,The University of Texas MD Anderson Cancer Center,1,single,single campus,1.0,The University of Texas System
244613,025561,ETI School of Skilled Trades,1,single,single campus,1.0,
413820,025565,Yukon Beauty College Inc,1,single,single campus,1.0,
147642,025566,Cosmetology Concepts Niles,1,single,single campus,1.0,
386153,025567,Seminar L'moros Bais Yaakov,1,single,single campus,1.0,
230214,025568,Paul Mitchell the School-Salt Lake City,1,single,single campus,1.0,Paul Mitchell Advanced Education
417840,025587,Prism Career Institute-Philadelphia,3,cohesive,one system,0.684,Prism Education Group
420130,025587,Prism Career Institute-Cherry Hill,3,cohesive,one system,0.684,Prism Education Group
430403,025587,Prism Career Institute-West Atlantic City,3,cohesive,one system,0.684,Prism Education Group
363934,025590,University of Advancing Technology,1,single,single campus,1.0,
124681,025593,UEI College-Huntington Park,12,mixed,"one system, names differ",0.267,International Education Corporation
384236,025593,UEI College-Ontario,12,mixed,"one system, names differ",0.267,International Education Corporation
384245,025593,UEI College-Reseda,12,mixed,"one system, names differ",0.267,International Education Corporation
413893,025593,United Education Institute-Morrow,12,mixed,"one system, names differ",0.267,International Education Corporation
447607,025593,UEI College-Chula Vista,12,mixed,"one system, names differ",0.267,International Education Corporation
447616,025593,UEI College-West Covina,12,mixed,"one system, names differ",0.267,International Education Corporation
468848,025593,UEI College-Oceanside,12,mixed,"one system, names differ",0.267,International Education Corporation
468909,025593,UEI College-Garden Grove,12,mixed,"one system, names differ",0.267,International Education Corporation
480471,025593,UEI College-Stockton,12,mixed,"one system, names differ",0.267,International Education Corporation
487481,025593,UEI College-Phoenix,12,mixed,"one system, names differ",0.267,International Education Corporation
496955,025593,UEI College-Mesa,12,mixed,"one system, names differ",0.267,International Education Corporation
500935,025593,United Education Institute-Dallas,12,mixed,"one system, names differ",0.267,International Education Corporation
442888,025594,InterCoast Colleges-Riverside,4,cohesive,name similarity,0.698,
443571,025594,InterCoast Colleges-West Covina,4,cohesive,name similarity,0.698,
457208,025594,InterCoast Colleges-Rancho Cordova,4,cohesive,name similarity,0.698,
481960,025594,InterCoast Colleges-Fairfield,4,cohesive,name similarity,0.698,
247047,025595,The Salon Professional Academy-Nampa,1,single,single campus,1.0,
203438,025600,Casal Aveda Institute,1,single,single campus,1.0,Aveda Institute
414966,025602,Phillips Theological Seminary,1,single,single campus,1.0,
408163,025606,Pinnacle Institute of Cosmetology,1,single,single campus,1.0,
407513,025607,Pickaway Ross Joint Vocational School District,1,single,single campus,1.0,
201034,025623,Apollo Career Center,1,single,single campus,1.0,
363147,025630,Raphael's School of Beauty Culture Inc-Alliance,1,single,single campus,1.0,
440989,025681,Career Schools of Texas,4,cohesive,one system,0.708,TBES Inc.
44098901,025681,Career Schools of Texas - Branch Campus #1,4,cohesive,one system,0.708,TBES Inc.
44098902,025681,Career Schools of Texas - Branch Campus #2,4,cohesive,one system,0.708,TBES Inc.
44098904,025681,Career Schools of Texas - Branch Campus #5,4,cohesive,one system,0.708,TBES Inc.
363679,025685,Grabber School of Hair Design,1,single,single campus,1.0,
407489,025686,Mahoning County Career and Technical Center,1,single,single campus,1.0,
247603,025688,Sussex County Community College,1,single,single campus,1.0,
241951,025694,Escuela de Artes Plasticas y Diseno de Puerto Rico,1,single,single campus,1.0,
107831,025696,Searcy Beauty College,1,single,single campus,1.0,
230205,025727,Evans Hairstyling College-St George,1,single,single campus,1.0,
230199,025731,Evans Hairstyling College-Cedar City,1,single,single campus,1.0,
383163,025732,La Belle Beauty Academy,1,single,single campus,1.0,
145886,025737,Institute for Clinical Social Work,1,single,single campus,1.0,
431123,025761,Escuela Tecnica de Electricidad,1,single,single campus,1.0,
102845,025769,Charter College,1,single,single campus,1.0,Prospect Education
454607,025770,Paul Mitchell the School-Esani,1,single,single campus,1.0,The Esani Institute LLC.
368452,025782,Nossi College of Art and Design,1,single,single campus,1.0,
491446,025820,Bnos Zion Of Bobov Seminary,1,single,single campus,1.0,
159027,025822,Belbo Beauty Institute,1,single,single campus,1.0,
140003,025830,Gwinnett College-Lilburn,1,single,single campus,1.0,LTT Enterprises Inc.
217323,025844,New England Tractor Trailer Training School of Rhode Island,2,cohesive,one system,0.84,New England Tractor Trailer Training of Massachusetts Inc.
468963,025844,New England Tractor Trailer Training School of Massachusetts,2,cohesive,one system,0.84,New England Tractor Trailer Training of Massachusetts Inc.
145099,025849,First Institute of Travel Inc.,1,single,single campus,1.0,
241739,025875,Universidad Ana G. Mendez-Cupey Campus,1,single,single campus,1.0,Sistema Universitario Ana G. Mendez
407434,025876,Orlo School of Hair Design and Cosmetology,1,single,single campus,1.0,
367981,025877,Hair Professionals Career College,1,single,single campus,1.0,
261436,025882,Douglas J Aveda Institute,1,single,single campus,1.0,Aveda Institute
405012,025885,Ohio State School of Cosmetology-Heath,1,single,single campus,1.0,Ohio State School of Cosmetology Corporation
243498,025886,Seminario Evangelico de Puerto Rico,1,single,single campus,1.0,
120087,025916,North-West College-Van Nuys,1,single,single campus,1.0,North-West College
220163,025950,The Hair Academy LLC,1,single,single campus,1.0,
393861,025956,Asian-American International Beauty College,1,single,single campus,1.0,
168555,025957,Hillsdale Beauty College,1,single,single campus,1.0,
413680,025964,Spartan College of Aeronautics & Technology,2,cohesive,one system,0.955,"Spartan Education Group, LLC"
489371,025964,Spartan College of Aeronautics and Technology,2,cohesive,one system,0.955,"Spartan Education Group, LLC"
123633,025973,South Baylo University,1,single,single campus,1.0,
206905,025974,Pontotoc Technology Center,1,single,single campus,1.0,Oklahoma Department of Career and Technology Education
418126,025994,New York College of Health Professions,1,single,single campus,1.0,
366623,026000,Northwest Technology Center-Alva,2,cohesive,name similarity,0.882,
36662301,026000,Northwest Technology Center-Fairview,2,cohesive,name similarity,0.882,
366368,026001,New York Academy of Art,1,single,single campus,1.0,
227298,026002,Ocean Corporation,1,single,single campus,1.0,
418357,026005,Wes Watkins Technology Center,1,single,single campus,1.0,Oklahoma Department of Career and Technology Education
160320,026009,Aveda Arts & Sciences Institute-Covington,1,single,single campus,1.0,Aveda Institute
159601,026011,Opelousas School of Cosmetology,1,single,single campus,1.0,
367875,026016,H W Brewster Technical College,1,single,single campus,1.0,
377546,026021,Northwest College of Art & Design,1,single,single campus,1.0,
378105,026023,Central Coast College,1,single,single campus,1.0,Legacy Education LLC
417503,026031,Crave Beauty Academy,1,single,single campus,1.0,Xenon International Academy
409591,026038,Lorain County Joint Vocational School District,1,single,single campus,1.0,
379782,026047,Center for Advanced Legal Studies,1,single,single campus,1.0,
408066,026063,Paul Mitchell the School-Wichita,1,single,single campus,1.0,Paul Mitchell Advanced Education
367088,026070,Tricoci University of Beauty Culture LLC-Bloomington,1,single,single campus,1.0,Tricoci University of Beauty Culture LLC
260929,026071,Paul Mitchell the School-Boise,3,mixed,"one system, names differ",0.58,Paul Mitchell Advanced Education
488998,026071,Paul Mitchell the School-Nampa,3,mixed,"one system, names differ",0.58,Paul Mitchell Advanced Education
26092901,026071,Paul Mitchell The School Boise -Paul Mitchell The School Coeur d'Alene,3,mixed,"one system, names differ",0.58,Paul Mitchell Advanced Education
178527,026080,Neosho Beauty and Barber College,1,single,single campus,1.0,
377661,026094,Valley College-Martinsburg,3,mixed,"one system, names differ",0.563,Valley Training Centers Inc.
494250,026094,Valley College-Cleveland,3,mixed,"one system, names differ",0.563,Valley Training Centers Inc.
49425001,026094,Valley College - Fairlawn - School of Nursing,3,mixed,"one system, names differ",0.563,Valley Training Centers Inc.
407355,026105,Xenon A Stephanie Moss Academy,1,single,single campus,1.0,
366340,026109,Stone Child College,1,single,single campus,1.0,
385132,026127,The Salon Professional Academy-Melbourne,2,cohesive,name similarity,0.711,
497222,026127,Salon Professional Academy-Elevate Salon Institute,2,cohesive,name similarity,0.711,
150251,026158,College of Court Reporting Inc,1,single,single campus,1.0,
414540,026161,Jean Madeline Aveda Institute,1,single,single campus,1.0,
412544,026166,Shear Ego International School of Hair Design,1,single,single campus,1.0,
172422,026184,Michigan Career and Technical Institute,1,single,single campus,1.0,
158787,026192,Denham Springs Beauty School,1,single,single campus,1.0,
383330,026200,Sandusky Career Center,1,single,single campus,1.0,
179991,026213,Academy of Cosmetology Inc,1,single,single campus,1.0,
245777,026229,Bais Medrash Elyon,1,single,single campus,1.0,
364016,026236,Paradise Valley Community College,1,single,single campus,1.0,Maricopa Community College District
375230,030001,Yeshiva Gedolah Imrei Yosef D'spinka,1,single,single campus,1.0,
220206,030018,Welch College,1,single,single campus,1.0,
157030,030021,Kentucky Mountain Bible College,1,single,single campus,1.0,
101471,030025,J F Ingram State Technical College,1,single,single campus,1.0,Alabama Community College System
138479,030036,William T McFatter Technical College,1,single,single campus,1.0,Broward County Public Schools
106315,030051,Arkansas Beauty School-Little Rock,1,single,single campus,1.0,
138822,030054,Georgia Career Institute,1,single,single campus,1.0,
169576,030057,Detroit Business Institute-Downriver,1,single,single campus,1.0,
372329,030063,IBMC College,1,single,single campus,1.0,
156727,030070,Frontier Nursing University,1,single,single campus,1.0,
107099,030071,Hot Springs Beauty College,1,single,single campus,1.0,
387925,030086,Cortiva Institute,2,cohesive,one system,1.0,Steiner Education Group
438285,030086,Cortiva Institute,2,cohesive,one system,1.0,Steiner Education Group
368364,030087,Southwest Technology Center,1,single,single campus,1.0,Oklahoma Department of Career and Technology Education
404718,030088,Brillare Beauty Institute,1,single,single campus,1.0,
377272,030094,Nuvani Institute,2,cohesive,one system,0.821,Edco Systems LP
37727201,030094,Nuvani Institute-Uvalde,2,cohesive,one system,0.821,Edco Systems LP
199980,030095,Winston Salem Barber School,2,cohesive,name similarity,0.794,
19998001,030095,Winston - Salem Barber School - Satellite,2,cohesive,name similarity,0.794,
158617,030104,Crescent City Bartending School,1,single,single campus,1.0,
231280,030107,Paul Mitchell the School-Roanoke,1,single,single campus,1.0,
366711,030113,California State University-San Marcos,1,single,single campus,1.0,California State University
249609,030116,Fortis Institute-Forty Fort,2,cohesive,one system,0.692,Education Affiliates Inc.
385503,030116,Fortis Institute-Scranton,2,cohesive,one system,0.692,Education Affiliates Inc.
377193,030118,UCAS University of Cosmetology Arts & Sciences,1,single,single campus,1.0,UCAS Inc.
202657,030153,EHOVE Career Center,1,single,single campus,1.0,
243142,030160,University of Puerto Rico-Carolina,1,single,single campus,1.0,University of Puerto Rico
137591,030185,Bene's Career Academy,1,single,single campus,1.0,
136455,030188,PENSACOLA CHRISTIAN COLLEGE,1,single,single campus,1.0,
369783,030198,PCI Health Training Center,1,single,single campus,1.0,Prince Careers Inc.
377759,030199,Capstone College,1,single,single campus,1.0,
377281,030215,Nuvani Institute,3,cohesive,one system,0.711,Edco Systems LP
37728101,030215,Nuvani Institute-Del Rio,3,cohesive,one system,0.711,Edco Systems LP
37728103,030215,Nuvani Institute-South Campus,3,cohesive,one system,0.711,Edco Systems LP
376695,030224,College of the Marshall Islands,2,cohesive,name similarity,0.765,
37669501,030224,College of the Marshall Islands - Kwajalein Campus,2,cohesive,name similarity,0.765,
106351,030234,Arkansas Technical School,2,cohesive,name similarity,1.0,
10635101,030234,Arkansas Technical School,2,cohesive,name similarity,1.0,
375407,030237,Madison Adult Career Center,1,single,single campus,1.0,
377315,030250,Texas College of Cosmetology-Abilene,3,cohesive,name similarity,0.827,
419633,030250,Texas College of Cosmetology-San Angelo,3,cohesive,name similarity,0.827,
487232,030250,Texas College of Cosmetology-Lubbock,3,cohesive,name similarity,0.827,
414461,030255,Mech-Tech College,1,single,single campus,1.0,
130873,030258,Dawn Career Institute LLC,1,single,single campus,1.0,
376330,030259,Liceo de Arte-Dise-O y Comercio,1,single,single campus,1.0,
160524,030265,Remington College-Lafayette Campus,10,cohesive,one system,0.711,Remington College Inc.
223463,030265,Remington College-Dallas Campus,10,cohesive,one system,0.711,Remington College Inc.
366535,030265,Remington College-Mobile Campus,10,cohesive,one system,0.711,Remington College Inc.
375416,030265,Remington College-Cleveland Campus,10,cohesive,one system,0.711,Remington College Inc.
377111,030265,Remington College-Fort Worth Campus,10,cohesive,one system,0.711,Remington College Inc.
412599,030265,Remington College-Memphis Campus,10,cohesive,one system,0.711,Remington College Inc.
440271,030265,Remington College-Baton Rouge Campus,10,cohesive,one system,0.711,Remington College Inc.
445249,030265,Remington College-Nashville Campus,10,cohesive,one system,0.711,Remington College Inc.
451857,030265,Remington College-Houston Southeast Campus,10,cohesive,one system,0.711,Remington College Inc.
451866,030265,Remington College-Shreveport Campus,10,cohesive,one system,0.711,Remington College Inc.
373456,030273,Blalock's Professional Beauty College,1,single,single campus,1.0,
372356,030274,Avalon Institute-Aurora,1,single,single campus,1.0,EA Education Inc.
378576,030277,Pacific College of Health and Science,3,cohesive,one system,1.0,Pacific College of Oriental Medicine
414595,030277,Pacific College of Health and Science,3,cohesive,one system,1.0,Pacific College of Oriental Medicine
442842,030277,Pacific College of Health and Science,3,cohesive,one system,1.0,Pacific College of Oriental Medicine
137962,030282,Trinity College of Florida,1,single,single campus,1.0,
372082,030296,Pomona Unified School District Adult and Career Education,1,single,single campus,1.0,
376385,030297,Universal Technology College of Puerto Rico,1,single,single campus,1.0,
366465,030300,Ogeechee Technical College,1,single,single campus,1.0,Technical College System of Georgia
373526,030309,Diesel Driving Academy-Baton Rouge,1,single,single campus,1.0,Diesel Driving Academy
377218,030323,School of Automotive Machinists & Technology,1,single,single campus,1.0,
374343,030324,KC's School of Hair Design,1,single,single campus,1.0,
240790,030330,Northern Marianas College,1,single,single campus,1.0,
418250,030342,Washington County Career Center-Adult Technical Training,1,single,single campus,1.0,
262341,030344,Conservatory of Recording Arts and Sciences,1,single,single campus,1.0,
247940,030345,Owensboro Community and Technical College,1,single,single campus,1.0,Kentucky Community and Technical College System
227058,030352,Tint School of Makeup & Cosmetology,3,cohesive,one system,0.861,Tint School of Makeup & Cosmetology
418968,030352,Tint School of Makeup and Cosmetology-Dallas,3,cohesive,one system,0.861,Tint School of Makeup & Cosmetology
501187,030352,Tint School of Makeup & Cosmetology-Plano,3,cohesive,one system,0.861,Tint School of Makeup & Cosmetology
226903,030353,Southern Careers Institute-Austin,8,cohesive,one system,0.817,"SCI Acquisitions, Inc."
405076,030353,Southern Careers Institute-Corpus Christi,8,cohesive,one system,0.817,"SCI Acquisitions, Inc."
408385,030353,Southern Careers Institute-Pharr,8,cohesive,one system,0.817,"SCI Acquisitions, Inc."
430245,030353,Southern Careers Institute-San Antonio,8,cohesive,one system,0.817,"SCI Acquisitions, Inc."
459967,030353,Southern Careers Institute-Brownsville,8,cohesive,one system,0.817,"SCI Acquisitions, Inc."
459985,030353,Southern Careers Institute-Harlingen,8,cohesive,one system,0.817,"SCI Acquisitions, Inc."
482015,030353,Southern Careers Institute-San Antonio,8,cohesive,one system,0.817,"SCI Acquisitions, Inc."
493992,030353,Southern Careers Institute-Waco,8,cohesive,one system,0.817,"SCI Acquisitions, Inc."
366401,030357,Las Positas College,1,single,single campus,1.0,California Community College System
378956,030359,National Aviation Academy of Tampa Bay,1,single,single campus,1.0,National Aviation Academy
372073,030399,Fremont University,1,single,single campus,1.0,Select Education Group
246035,030425,Carrington College-Portland,2,cohesive,one system,0.868,San Joaquin Valley College Inc.
439118,030425,Carrington College-Spokane,2,cohesive,one system,0.868,San Joaquin Valley College Inc.
377485,030428,Virginia Beach City Public Schools School of Practical Nursing,1,single,single campus,1.0,Virginia Beach City Public Schools
183275,030431,Thomas More College of Liberal Arts,1,single,single campus,1.0,
119775,030439,Newschool of Architecture and Design,1,single,single campus,1.0,
375656,030511,Chisholm Trail Technology Center,1,single,single campus,1.0,
201159,030514,Auburn Career Center,1,single,single campus,1.0,
375568,030515,Brown & Clermont Adult Career Campuses,1,single,single campus,1.0,
374024,030519,Adler Graduate School,1,single,single campus,1.0,
218159,030523,Kenneth Shuler School of Cosmetology-North Augusta,2,cohesive,name similarity,0.821,
460011,030523,Kenneth Shuler School of Cosmetology-Florence,2,cohesive,name similarity,0.821,
382780,030611,Genesis Career College-Lebanon,1,single,single campus,1.0,Genesis Career Group
383020,030612,Midwest College of Oriental Medicine-Racine,2,cohesive,one system,0.907,Acupuncture Center Inc.
439020,030612,Midwest College of Oriental Medicine-Skokie,2,cohesive,one system,0.907,Acupuncture Center Inc.
382258,030624,Mt. Diablo Adult Education-Mt. Diablo USD,1,single,single campus,1.0,
260789,030627,Platt College-Los Angeles,4,cohesive,one system,0.667,Platt College LLC.
432384,030627,Platt College-Ontario,4,cohesive,one system,0.667,Platt College LLC.
480204,030627,Platt College-Riverside,4,cohesive,one system,0.667,Platt College LLC.
490878,030627,Platt College-Anaheim,4,cohesive,one system,0.667,Platt College LLC.
367459,030633,NorthWest Arkansas Community College,1,single,single campus,1.0,
371928,030634,Modern Technology School,1,single,single campus,1.0,
227377,030646,Texas Southmost College,1,single,single campus,1.0,
234924,030650,Paul Mitchell the School-Richland,2,cohesive,name similarity,0.825,
495411,030650,Paul Mitchell the School-Provo,2,cohesive,name similarity,0.825,
143376,030653,Paul Mitchell the School-Tinley Park,1,single,single campus,1.0,Paul Mitchell Advanced Education
383312,030659,Buckeye Joint Vocational School,1,single,single campus,1.0,
369516,030663,Bryan University,1,single,single campus,1.0,
368911,030665,Southeastern Technical College,1,single,single campus,1.0,Technical College System of Georgia
380359,030666,Bay Mills Community College,1,single,single campus,1.0,
128188,030669,Intellitec College-Grand Junction,1,single,single campus,1.0,DVMD LLC
417105,030674,Baldwin Park Adult & Community Education,1,single,single campus,1.0,
431141,030675,Institute of Technology,1,single,single campus,1.0,Select Education Group
407568,030676,Raphael's School of Beauty Culture Inc-Boardman,1,single,single campus,1.0,
410797,030682,Ohio Media School-Valley View,3,cohesive,one system,0.6,M & S Media Inc.
443632,030682,Colorado Media School,3,cohesive,one system,0.6,M & S Media Inc.
453756,030682,Ohio Media School-Columbus,3,cohesive,one system,0.6,M & S Media Inc.
417716,030686,Applied Tech,1,single,single campus,1.0,
152798,030691,Allen College,1,single,single campus,1.0,
417725,030702,Central College of Cosmetology,1,single,single campus,1.0,
418773,030705,D'Mart Institute,1,single,single campus,1.0,D'Mart Institute Inc.
417734,030709,Southeast Missouri Hospital College of Nursing and Health Sciences,1,single,single campus,1.0,Southeast Missouri Hospital
449083,030716,College of Business and Technology,3,cohesive,one system,1.0,College of Business and Technology Inc.
449092,030716,College of Business and Technology,3,cohesive,one system,1.0,College of Business and Technology Inc.
456977,030716,College of Business and Technology,3,cohesive,one system,1.0,College of Business and Technology Inc.
204176,030719,Mount Carmel College of Nursing,2,cohesive,name similarity,0.838,
20417601,030719,Mount Carmel College of Nursing - Fairfield,2,cohesive,name similarity,0.838,
364025,030722,Chandler-Gilbert Community College,1,single,single campus,1.0,Maricopa Community College District
208637,030745,East West College of the Healing Arts,1,single,single campus,1.0,
172495,030752,Twin City Beauty College,1,single,single campus,1.0,Moored Associates LLC
404684,030756,Emma's Beauty Academy-Juana Diaz,1,single,single campus,1.0,
188207,030761,Southwestern College,1,single,single campus,1.0,
139153,030763,Beulah Heights University,1,single,single campus,1.0,
413176,030765,Fayette Institute of Technology,1,single,single campus,1.0,"West Virginia Department of Education, Fayette County Schools"
177685,030772,Paul Mitchell the School-Missouri Columbia,1,single,single campus,1.0,
384421,030775,Rabbi Jacob Joseph School,1,single,single campus,1.0,
418269,030780,Ohio Media School-Cincinnati,2,cohesive,one system,0.609,M & S Media Inc.
480851,030780,Miami Media School,2,cohesive,one system,0.609,M & S Media Inc.
143464,030784,Cameo Beauty Academy,1,single,single campus,1.0,
200590,030790,ETI Technical College of Niles,1,single,single campus,1.0,
418889,030791,North Central Institute,1,single,single campus,1.0,
134307,030798,George T Baker Aviation Technical College,1,single,single campus,1.0,
406361,030816,Delaware Chenango Madison Otsego BOCES-Practical Nursing Program,1,single,single campus,1.0,
375939,030819,YTI Career Institute-Altoona,1,single,single campus,1.0,York Technical Institute LLC
369446,030829,Rosel School of Cosmetology,1,single,single campus,1.0,
177472,030830,Ozarks Technical Community College,1,single,single campus,1.0,
156471,030837,Galen College of Nursing-Louisville,23,mixed,name similarity,0.277,
406024,030837,Galen College of Nursing-Tampa Bay,23,mixed,name similarity,0.277,
406033,030837,Galen College of Nursing-San Antonio,23,mixed,name similarity,0.277,
452948,030837,Galen College of Nursing-Cincinnati,23,mixed,name similarity,0.277,
491181,030837,Galen College of Nursing-ARH,23,mixed,name similarity,0.277,
496991,030837,Galen Health Institutes-Miami Campus,23,mixed,name similarity,0.277,
497116,030837,Galen Health Institutes-Austin Campus,23,mixed,name similarity,0.277,
497125,030837,Galen Health Institutes-Nashville Campus,23,mixed,name similarity,0.277,
498076,030837,Galen Health Institutes-Sarasota,23,mixed,name similarity,0.277,
498085,030837,Galen Health Institutes-Gainesville,23,mixed,name similarity,0.277,
498094,030837,Galen Health Institutes-Richmond,23,mixed,name similarity,0.277,
498100,030837,Galen Health Institutes-Myrtle Beach,23,mixed,name similarity,0.277,
498119,030837,Galen Health Institutes-Asheville,23,mixed,name similarity,0.277,
498474,030837,Galen Health Institutes-Houston,23,mixed,name similarity,0.277,
498483,030837,Galen Health Institutes-Pikeville,23,mixed,name similarity,0.277,
499273,030837,Galen Health Institutes-Dallas,23,mixed,name similarity,0.277,
499282,030837,Galen Health Institutes-Roanoke,23,mixed,name similarity,0.277,
499291,030837,Galen Health Institutes-Wichita,23,mixed,name similarity,0.277,
499307,030837,Galen Health Institutes-Salt Lake City,23,mixed,name similarity,0.277,
499671,030837,Galen Health Institutes-Las Vegas,23,mixed,name similarity,0.277,
500944,030837,Galen Health Institutes-Aurora,23,mixed,name similarity,0.277,
500953,030837,Galen Health Institutes-Savannah,23,mixed,name similarity,0.277,
500962,030837,Galen Health Institutes-Orlando,23,mixed,name similarity,0.277,
384342,030838,Heartland Community College,1,single,single campus,1.0,
377652,030844,Valley College-Beckley,1,single,single campus,1.0,Valley Training Centers Inc.
417123,030847,Ventura Adult and Continuing Education,1,single,single campus,1.0,
409193,030857,Professional Technical Institution,1,single,single campus,1.0,
408862,030891,Georgia Institute of Cosmetology,1,single,single campus,1.0,
409032,030892,Nouvelle Institute,1,single,single campus,1.0,Montano Pabon and Associates
198677,030893,Heritage Bible College,1,single,single campus,1.0,
391759,030900,Sharp's Academy of Hairstyling,1,single,single campus,1.0,
407629,030908,Lake Erie College of Osteopathic Medicine,1,single,single campus,1.0,LECOM Health System
231651,030913,Regent University,1,single,single campus,1.0,
417752,030926,Messenger College,1,single,single campus,1.0,
415057,030948,Industrial Management Training Institute,1,single,single campus,1.0,
418278,030956,Vantage Career Center,1,single,single campus,1.0,
418171,030962,Charles Stuart School of Diamond Setting,1,single,single campus,1.0,
413626,030964,Leech Lake Tribal College,1,single,single campus,1.0,
203960,030970,Mercy College of Ohio,1,single,single campus,1.0,Mercy
419183,030977,Central California School of Continuing Education,2,cohesive,name similarity,0.98,
41918301,030977,Central California School of Continuing Education -,2,cohesive,name similarity,0.98,
148593,030980,St. John's College,1,single,single campus,1.0,
401250,030982,Yo San University of Traditional Chinese Medicine,1,single,single campus,1.0,
419420,030983,Putnam Career and Technical Center,1,single,single campus,1.0,West Virginia Higher Education Policy Commission
246071,030986,Career Technology Center of Lackawanna County,1,single,single campus,1.0,
440855,030987,Milan Institute-Amarillo,2,cohesive,one system,0.745,Milan Institute
442657,030987,Milan Institute-Palm Desert,2,cohesive,one system,0.745,Milan Institute
419217,030996,HCA Florida Mercy Hospital School of Practical Nursing,1,single,single campus,1.0,HCA Healthcare
204963,031001,Paramount Beauty Academy,1,single,single campus,1.0,
404426,031004,Coconino Community College,1,single,single campus,1.0,
405872,031007,Carroll Community College,1,single,single campus,1.0,
137856,031008,Big Bend Technical College,1,single,single campus,1.0,
135364,031009,Luther Rice College & Seminary,1,single,single campus,1.0,
419280,031010,New Dimensions School,1,single,single campus,1.0,
419253,031018,Illinois Media School,2,cohesive,one system,0.737,M & S Media Inc.
460145,031018,Illinois Media School-Chicago Campus,2,cohesive,one system,0.737,M & S Media Inc.
137953,031019,Trinity College of Jacksonville,1,single,single campus,1.0,
419235,031020,Rivertown School of Beauty Barber Skin Care and Nails,1,single,single campus,1.0,
237570,031021,Morgantown Beauty College Inc,1,single,single campus,1.0,
419341,031033,Jna Institute of Culinary Arts,1,single,single campus,1.0,
409315,031034,South Texas College,1,single,single campus,1.0,
207786,031038,Southern School of Beauty Inc,1,single,single campus,1.0,
419226,031039,Marion Technical College,1,single,single campus,1.0,Florida State Board of Education
412535,031040,Shawsheen Valley School of Practical Nursing,1,single,single campus,1.0,
433174,031042,Carolinas College of Health Sciences,1,single,single campus,1.0,Atrium Health
423397,031044,Advantage Technical College,3,cohesive,name similarity,0.844,
493071,031044,Advantage Technical College,3,cohesive,name similarity,0.844,
495970,031044,Advantage Technical College-Aguadilla,3,cohesive,name similarity,0.844,
419244,031045,Atlanta Institute of Music and Media,1,single,single campus,1.0,
106546,031052,Baptist Health College Little Rock,1,single,single campus,1.0,Baptist Health
179344,031060,Missouri State University-West Plains,1,single,single campus,1.0,Missouri State University
160074,031062,Franciscan Missionaries of Our Lady University,1,single,single campus,1.0,
232885,031065,Sentara College of Health Sciences,1,single,single campus,1.0,
420246,031070,Sonoran University of Health Sciences,1,single,single campus,1.0,
400080,031081,Summit College,1,single,single campus,1.0,
385619,031085,Everglades University,5,cohesive,name similarity,0.824,
38561901,031085,Everglades University-Orlando,5,cohesive,name similarity,0.824,
38561902,031085,Everglades University-Sarasota,5,cohesive,name similarity,0.824,
38561903,031085,Everglades University - Tampa,5,cohesive,name similarity,0.824,
38561904,031085,Everglades University - Miami,5,cohesive,name similarity,0.824,
423120,031086,Compu-Med Vocational Careers Corp,3,cohesive,one system,0.829,Compu-Med Vocational Careers Corp
42312001,031086,Compu-Med Vocational Careers Corp,3,cohesive,one system,0.829,Compu-Med Vocational Careers Corp
42312002,031086,Compu-Med Vocational Careers - Dallas,3,cohesive,one system,0.829,Compu-Med Vocational Careers Corp
214023,031091,ASPIRA City College,1,single,single campus,1.0,
122117,031095,Dongguk University Los Angeles,1,single,single campus,1.0,
421665,031097,Cadillac Institute of Cosmetology,1,single,single campus,1.0,
245980,031098,Ponca City Beauty College,1,single,single campus,1.0,
421610,031104,Paul Mitchell the School-St. George,1,single,single campus,1.0,
250285,031107,Aviation Institute of Maintenance-Philadelphia,1,single,single campus,1.0,"Technical Education Services, Inc"
420705,031108,Bakke Graduate University,1,single,single campus,1.0,
421771,031109,Academy of Beauty Professionals,4,cohesive,one system,1.0,House of Heavilin of Blue Springs Inc.
489122,031109,Academy of Beauty Professionals,4,cohesive,one system,1.0,House of Heavilin of Blue Springs Inc.
489131,031109,Academy of Beauty Professionals,4,cohesive,one system,1.0,House of Heavilin of Blue Springs Inc.
489140,031109,Academy of Beauty Professionals,4,cohesive,one system,1.0,House of Heavilin of Blue Springs Inc.
423412,031110,Mid Cities Barber College,1,single,single campus,1.0,
434900,031121,Dewey University-Carolina,4,cohesive,name similarity,0.76,
443562,031121,Dewey University-Hato Rey,4,cohesive,name similarity,0.76,
449135,031121,Dewey University-Juana Diaz,4,cohesive,name similarity,0.76,
469416,031121,Dewey University-Manati,4,cohesive,name similarity,0.76,
397942,031133,UEI College-Fresno,4,mixed,"one system, names differ",0.271,International Education Corporation
482291,031133,UEI College-Bakersfield,4,mixed,"one system, names differ",0.271,International Education Corporation
497949,031133,United Education Institute-Stone Mountain,4,mixed,"one system, names differ",0.271,International Education Corporation
501318,031133,UEI College-United Education Institute-Houston,4,mixed,"one system, names differ",0.271,International Education Corporation
399869,031136,Southern California Institute of Technology,1,single,single campus,1.0,
430582,031147,Praxis Institute,1,single,single campus,1.0,Duran Rubero Beauty Center Inc.
421708,031150,Arizona College of Nursing-Tempe,20,cohesive,name similarity,0.607,
482990,031150,Arizona College-Mesa,20,cohesive,name similarity,0.607,
487375,031150,Arizona College of Nursing-Las Vegas,20,cohesive,name similarity,0.607,
494162,031150,Arizona College of Nursing-Dallas,20,cohesive,name similarity,0.607,
495420,031150,Arizona College of Nursing-Tampa,20,cohesive,name similarity,0.607,
495439,031150,Arizona College of Nursing-Fort Lauderdale,20,cohesive,name similarity,0.607,
495448,031150,Arizona College of Nursing-Tucson,20,cohesive,name similarity,0.607,
495457,031150,Arizona College of Nursing-Phoenix,20,cohesive,name similarity,0.607,
497268,031150,Arizona College of Nursing-Salt Lake City,20,cohesive,name similarity,0.607,
497277,031150,Arizona College-Glendale,20,cohesive,name similarity,0.607,
498049,031150,Arizona College of Nursing-Southfield,20,cohesive,name similarity,0.607,
498447,031150,Arizona College of Nursing-Falls Church,20,cohesive,name similarity,0.607,
498456,031150,Arizona College of Nursing-Ontario,20,cohesive,name similarity,0.607,
499370,031150,Arizona College of Nursing-Sarasota,20,cohesive,name similarity,0.607,
499389,031150,Arizona College of Nursing-Aurora,20,cohesive,name similarity,0.607,
499398,031150,Arizona College of Nursing-Cincinnati,20,cohesive,name similarity,0.607,
499404,031150,Arizona College of Nursing-Cleveland,20,cohesive,name similarity,0.607,
500290,031150,Arizona College of Nursing - Chesapeake,20,cohesive,name similarity,0.607,
500306,031150,Arizona College of Nursing - Hartford,20,cohesive,name similarity,0.607,
500333,031150,Arizona College of Nursing-St Louis,20,cohesive,name similarity,0.607,
414124,031152,Motoring Technical Training Institute,2,cohesive,name similarity,1.0,
479062,031152,MotoRing Technical Training Institute,2,cohesive,name similarity,1.0,
431196,031153,Genesee Valley BOCES-Practical Nursing Program,1,single,single campus,1.0,New York State Education Department
133872,031155,AdventHealth University,1,single,single campus,1.0,
202453,031162,Dayton Barber College,1,single,single campus,1.0,
421717,031164,Vanguard-Sentinel Adult Career and Technology Center,1,single,single campus,1.0,Vanguard-Sentinel Career Centers
201098,031170,Ashland County-West Holmes Career Center,1,single,single campus,1.0,
421896,031225,Academia Serrant Inc,1,single,single campus,1.0,
421878,031226,Eastern International College-Jersey City,1,single,single campus,1.0,
420440,031229,York County Community College,1,single,single campus,1.0,Maine Community College System
428170,031239,Southeastern College-Boynton Beach,2,cohesive,name similarity,0.697,
42817001,031239,Southeastern College-Miami Lakes,2,cohesive,name similarity,0.697,
168573,031240,Northwestern Technological Institute,1,single,single campus,1.0,
428055,031242,Nova College de Puerto Rico,1,single,single campus,1.0,
400558,031245,Los Angeles Pacific College,1,single,single campus,1.0,
106908,031249,Paul Mitchell the School-Little Rock,1,single,single campus,1.0,Paul Mitchell Advanced Education
413617,031251,College of Menominee Nation,1,single,single campus,1.0,
428125,031253,John Wesley International Barber and Beauty College,1,single,single campus,1.0,
140827,031256,Miami Ad School-Atlanta,3,cohesive,name similarity,0.723,
428000,031256,Miami Ad School,3,cohesive,name similarity,0.723,
476355,031256,Miami Ad School-New York,3,cohesive,name similarity,0.723,
416458,031258,Premiere Career College,1,single,single campus,1.0,
428019,031262,Green Country Technology Center,1,single,single campus,1.0,Oklahoma Department of Career and Technology Education
427973,031263,Aviation Institute of Maintenance-Norfolk,1,single,single campus,1.0,
115746,031268,Pacifica Graduate Institute,1,single,single campus,1.0,
405058,031271,Yeshivas Novominsk,1,single,single campus,1.0,
231411,031275,Advanced Technology Institute,1,single,single campus,1.0,
427991,031279,Osceola Technical College,3,cohesive,name similarity,0.725,
42799101,031279,Osceola Technical College - St. Cloud Campus,3,cohesive,name similarity,0.725,
42799102,031279,Osceola Technical College - Poinciana Campus,3,cohesive,name similarity,0.725,
379746,031281,College of Health Care Professions,7,cohesive,one system,0.756,Empowerment Healthcare Schools
392257,031281,The College of Health Care Professions-Northwest,7,cohesive,one system,0.756,Empowerment Healthcare Schools
447591,031281,The College of Health Care Professions-Southwest Houston,7,cohesive,one system,0.756,Empowerment Healthcare Schools
449250,031281,The College of Health Care Professions-San Antonio,7,cohesive,one system,0.756,Empowerment Healthcare Schools
480833,031281,The College of Health Care Professions-Fort Worth,7,cohesive,one system,0.756,Empowerment Healthcare Schools
489283,031281,The College of Health Care Professions-McAllen Campus,7,cohesive,one system,0.756,Empowerment Healthcare Schools
492722,031281,The College of Health Care Professions-South San Antonio,7,cohesive,one system,0.756,Empowerment Healthcare Schools
430971,031284,Delaware County Technical School-Practical Nursing Program,1,single,single campus,1.0,
380368,031291,Fond du Lac Tribal and Community College,1,single,single campus,1.0,Minnesota State Colleges and Universities
405854,031292,Rabbinical College of Ohr Shimon Yisroel,1,single,single campus,1.0,
429128,031305,Urban College of Boston,1,single,single campus,1.0,
114585,031313,Five Branches University,2,mixed,name similarity,0.205,
11458501,031313,San Jose Campus,2,mixed,name similarity,0.205,
422835,031444,American College of Healthcare and Technology,3,cohesive,name similarity,0.9,
483009,031444,American College of Healthcare and Technology,3,cohesive,name similarity,0.9,
497736,031444,American College of Healthcare and Technology-Santa Ana,3,cohesive,name similarity,0.9,
420325,031473,Yeshiva D'monsey Rabbinical College,1,single,single campus,1.0,
429085,031533,American College of Acupuncture and Oriental Med,1,single,single campus,1.0,
420431,031555,Oconee Fall Line Technical College,1,single,single campus,1.0,Technical College System of Georgia
384333,031563,Estrella Mountain Community College,1,single,single campus,1.0,Maricopa Community College District
430935,031576,Colegio de Cinematografia Artes y Television,1,single,single campus,1.0,
431558,031583,Cape Coral Technical College,1,single,single campus,1.0,
102711,031603,Alaska Vocational Technical Center,1,single,single campus,1.0,
120838,031633,Pacific States University,1,single,single campus,1.0,
430564,031693,Studio Jewelers,1,single,single campus,1.0,
224545,031703,Texas A&M University-Texarkana,1,single,single campus,1.0,Texas A&M University System
367954,031713,University of St. Augustine for Health Sciences,1,single,single campus,1.0,
138929,031733,Atlanta's John Marshall Law School,1,single,single campus,1.0,
438735,031763,Aviation Institute of Maintenance-Indianapolis,3,cohesive,one system,0.805,ATA Holding Corp
494764,031763,Aviation Institute of Maintenance-Charlotte,3,cohesive,one system,0.805,ATA Holding Corp
499662,031763,Aviation Institute of Maintenance-Phoenix,3,cohesive,one system,0.805,ATA Holding Corp
430670,031773,San Juan Bautista School of Medicine,1,single,single campus,1.0,
430704,031795,Texas Health and Science University,1,single,single campus,1.0,
414911,031804,Pennsylvania Highlands Community College,1,single,single campus,1.0,
427308,031814,Merkaz Bnos-Business School,1,single,single campus,1.0,
208859,031853,Phagans Grants Pass College of Beauty,1,single,single campus,1.0,Phagans Cosmetology Colleges
190682,031913,CUNY School of Law,1,single,single campus,1.0,City University of New York
420981,031933,Manhattan School of Computer Technology,1,single,single campus,1.0,
164915,031943,Boston Graduate School of Psychoanalysis Inc,1,single,single campus,1.0,
431017,031984,Mid-Del Technology Center,1,single,single campus,1.0,
431071,032033,New York Institute of Massage Inc,1,single,single campus,1.0,
188261,032063,Mesalands Community College,1,single,single campus,1.0,
108065,032143,Velvatex College of Beauty Culture,1,single,single campus,1.0,
246789,032163,HJ International Graduate School for Peace and Public Leadership,1,single,single campus,1.0,
384412,032183,University of the Potomac-Washington DC Campus,2,cohesive,name similarity,0.84,
442639,032183,University of the Potomac-VA Campus,2,cohesive,name similarity,0.84,
238810,032203,The Professional Hair Design Academy,1,single,single campus,1.0,
434469,032243,New Professions Technical Institute,1,single,single campus,1.0,
433004,032253,American University of Health Sciences,1,single,single campus,1.0,
433068,032303,Okaloosa Technical College,1,single,single campus,1.0,
128780,032343,Charter Oak State College,1,single,single campus,1.0,Connecticut State Colleges and Universities
369002,032353,Massachusetts School of Law,1,single,single campus,1.0,
434441,032383,Florida College of Integrative Medicine,1,single,single campus,1.0,
434344,032403,COLLECTIV Academy-Worcester,1,single,single campus,1.0,
433013,032423,Career Networks Institute,1,single,single campus,1.0,
164614,032483,Boston Baptist College,1,single,single campus,1.0,
439367,032503,CBD College,1,single,single campus,1.0,
456029,032533,Paul Mitchell the School-Memphis,1,single,single campus,1.0,Paul Mitchell Advanced Education
433660,032553,Florida Gulf Coast University,1,single,single campus,1.0,State University System of Florida
363712,032563,Yeshivah Gedolah Rabbinical College,1,single,single campus,1.0,
409698,032603,California State University-Monterey Bay,1,single,single campus,1.0,California State University
245281,032633,Traxlers School of Hair,1,single,single campus,1.0,
366003,032643,South Florida Bible College and Theological Seminary,1,single,single campus,1.0,
110060,032663,Bethesda University,1,single,single campus,1.0,
413413,032673,Capella University,1,single,single campus,1.0,"Strategic Education, Inc."
434274,032763,Academy of Hair Design-Lufkin,2,cohesive,one system,0.863,Academy of Hair Design Inc.
447449,032763,Academy Of Hair Design,2,cohesive,one system,0.863,Academy of Hair Design Inc.
434432,032793,Myotherapy Institute,1,single,single campus,1.0,
439914,032803,Seattle Institute of East Asian Medicine,1,single,single campus,1.0,
434362,032833,Northwest HVAC/R Training Center,1,single,single campus,1.0,
108269,032883,Academy of Chinese Culture and Health Sciences,1,single,single campus,1.0,
434496,032933,Strand College of Hair Design,1,single,single campus,1.0,
434821,032943,Blue Cliff College-Metairie,5,cohesive,one system,0.741,Education Management Inc.
439491,032943,Blue Cliff College-Lafayette,5,cohesive,one system,0.741,Education Management Inc.
441502,032943,Blue Cliff College-Gulfport,5,cohesive,one system,0.741,Education Management Inc.
450128,032943,Blue Cliff College-Alexandria,5,cohesive,one system,0.741,Education Management Inc.
43482101,032943,Blue Cliff College,5,cohesive,one system,0.741,Education Management Inc.
434308,032963,Cortiva Institute,1,single,single campus,1.0,Steiner Education Group
422695,032993,Pacific College,1,single,single campus,1.0,
369686,033033,Northwest Educational Center,2,cohesive,name similarity,0.7,
501600,033033,Northwest Educational Center-Construction Technology,2,cohesive,name similarity,0.7,
127954,033063,Montessori Education Center of the Rockies,1,single,single campus,1.0,
436599,033164,FINE Mortuary College,1,single,single campus,1.0,
210809,033173,American College of Financial Services,1,single,single campus,1.0,
434830,033193,Creative Images Institute of Cosmetology-North Dayton,2,cohesive,name similarity,0.962,
444051,033193,Creative Images Institute of Cosmetology-South Dayton,2,cohesive,name similarity,0.962,
434016,033233,Little Priest Tribal College,1,single,single campus,1.0,
436030,033273,Hair Academy II,1,single,single campus,1.0,
384306,033274,Acupuncture and Integrative Medicine College-Berkeley,2,cohesive,name similarity,0.904,
38430601,033274,Acupuncture and Integrative Medicine College Berkeley - Austin,2,cohesive,name similarity,0.904,
117575,033323,Southern California Seminary,1,single,single campus,1.0,Shadow Mountain Ministries
402563,033326,Delta College Inc,2,cohesive,name similarity,0.667,
483364,033326,Delta College-Slidell Campus,2,cohesive,name similarity,0.667,
436553,033363,Century College,1,single,single campus,1.0,
433387,033394,Western Governors University,1,single,single campus,1.0,
412173,033463,Academy for Nursing and Health Occupations,1,single,single campus,1.0,
436614,033473,International Baptist College and Seminary,1,single,single campus,1.0,Tri-City Baptist Ministries
210508,033533,Academy of Vocal Arts,1,single,single campus,1.0,
441104,033554,Richmont Graduate University,1,single,single campus,1.0,
436650,033563,Delta College South,1,single,single campus,1.0,
188650,033583,Allen School-Brooklyn,3,cohesive,one system,0.634,Allen School
415987,033583,Allen School-Jamaica,3,cohesive,one system,0.634,Allen School
469610,033583,Allen School-Phoenix,3,cohesive,one system,0.634,Allen School
436632,033613,Gwinnett College,1,single,single campus,1.0,LTT Enterprises Inc.
233329,033614,Fortis College-Norfolk,3,cohesive,one system,0.711,Education Affiliates Inc.
382957,033614,Fortis College-Richmond,3,cohesive,one system,0.711,Education Affiliates Inc.
455460,033614,Fortis College-Dothan,3,cohesive,one system,0.711,Education Affiliates Inc.
437750,033673,Professional Golfers Career College,1,single,single campus,1.0,
439570,033674,Community Care College,3,mixed,"one system, names differ",0.583,Community HigherEd Institute
450401,033674,Clary Sage College,3,mixed,"one system, names differ",0.583,Community HigherEd Institute
469629,033674,Oklahoma Technical College,3,mixed,"one system, names differ",0.583,Community HigherEd Institute
437556,033683,Midwest Technical Institute-Illinois,3,mixed,"one system, names differ",0.507,Midwest Technical Institute Inc.
447023,033683,Delta Technical College-Mississippi,3,mixed,"one system, names differ",0.507,Midwest Technical Institute Inc.
482097,033683,Midwest Technical Institute-Missouri,3,mixed,"one system, names differ",0.507,Midwest Technical Institute Inc.
420398,033723,Northwest Vista College,1,single,single campus,1.0,Alamo Colleges
384254,033733,Beacon College,1,single,single campus,1.0,
132675,033823,North Florida Technical College,1,single,single campus,1.0,
124487,034033,Epic Bible College & Graduate School,1,single,single campus,1.0,
437769,034095,Chester Career College,1,single,single campus,1.0,
439473,034096,Bennett Career Institute,1,single,single campus,1.0,
437608,034123,Advanced Barber College and Hair Design,1,single,single campus,1.0,
448248,034133,Mountainland Technical College,1,single,single campus,1.0,Utah System of Higher Education
425250,034183,Gwinnett College,1,single,single campus,1.0,LTT Enterprises Inc.
439817,034194,Northeastern Seminary,1,single,single campus,1.0,
437778,034223,Milan Institute-San Antonio Ingram,5,mixed,"one system, names differ",0.59,Milan Institute
448895,034223,Milan Institute-Clovis,5,mixed,"one system, names differ",0.59,Milan Institute
457077,034223,Milan Institute-Bakersfield,5,mixed,"one system, names differ",0.59,Milan Institute
475325,034223,Milan Institute-Las Vegas,5,mixed,"one system, names differ",0.59,Milan Institute
482060,034223,Milan Institute-Merced,5,mixed,"one system, names differ",0.59,Milan Institute
388520,034224,College of Biblical Studies-Houston,1,single,single campus,1.0,
437723,034245,New Community Career & Technical Institute,1,single,single campus,1.0,
439899,034253,Rosedale Bible College,1,single,single campus,1.0,
437635,034263,The College of Health Care Professions-Austin,3,cohesive,name similarity,0.851,
480824,034263,The College of Health Care Professions-Dallas,3,cohesive,name similarity,0.851,
501196,034263,College of Health Care Professions-Garland,3,cohesive,name similarity,0.851,
428392,034283,Klamath Community College,1,single,single campus,1.0,
439446,034296,Atlantic Institute of Oriental Medicine,1,single,single campus,1.0,
439774,034334,New Concept Massage and Beauty School,1,single,single campus,1.0,
427335,034335,Lia Schorr Institute of Cosmetic Skin Care Training,1,single,single campus,1.0,
439792,034343,Fortis College-Orange Park,1,single,single campus,1.0,Education Affiliates Inc.
440004,034373,Upper Valley Educators Institute,1,single,single campus,1.0,
439862,034383,Pacific Islands University,1,single,single campus,1.0,
219639,034403,Baptist Health Sciences University,1,single,single campus,1.0,Baptist Memorial Health Care Corporation
411684,034404,Marian Health Careers Center-Los Angeles Campus,2,cohesive,one system,0.857,Marian Health Careers Center
475282,034404,Marian Health Careers Center-Van Nuys Campus,2,cohesive,one system,0.857,Marian Health Careers Center
154457,034413,Iowa School of Beauty-Sioux City,1,single,single campus,1.0,Iowa School of Beauty Inc.
439783,034433,New York College of Traditional Chinese Medicine,1,single,single campus,1.0,
439668,034453,HDS Truck Driving Institute,1,single,single campus,1.0,
443100,034523,Colegio Educativo Tecnologico Industrial Inc,1,single,single campus,1.0,
439932,034534,Shawnee Beauty College,1,single,single campus,1.0,
200873,034573,Allegheny Wesleyan College,1,single,single campus,1.0,
439747,034583,My Le's Beauty College,1,single,single campus,1.0,
434584,034613,Ilisagvik College,1,single,single campus,1.0,
448239,034633,Careers Unlimited,1,single,single campus,1.0,
441131,034664,The Seattle School of Theology & Psychology,1,single,single campus,1.0,
439455,034685,MDT College of Health Sciences,1,single,single campus,1.0,
438984,034693,IVAEM College,1,single,single campus,1.0,
206154,034754,Tri-State Bible College,1,single,single campus,1.0,
381459,034784,Phoenix Seminary,1,single,single campus,1.0,
439871,034793,PCI College,1,single,single campus,1.0,
439738,034803,Fortis College-Baton Rouge,4,mixed,"one system, names differ",0.385,Education Affiliates Inc.
445744,034803,Fortis Institute-Port Saint Lucie,4,mixed,"one system, names differ",0.385,Education Affiliates Inc.
452124,034803,Fortis Institute-Nashville,4,mixed,"one system, names differ",0.385,Education Affiliates Inc.
455628,034803,Fortis Institute-Birmingham,4,mixed,"one system, names differ",0.385,Education Affiliates Inc.
439190,034835,Cascadia College,1,single,single campus,1.0,Washington State Board for Community and Technical Colleges
458274,034903,Paul Mitchell the School-Chicago,1,single,single campus,1.0,Paul Mitchell The School
444370,034914,American Advanced Technicians Institute,1,single,single campus,1.0,
373784,034933,All-State Career-Baltimore,4,mixed,"one system, names differ",0.19,Education Affiliates Inc.
392415,034933,Fortis College,4,mixed,"one system, names differ",0.19,Education Affiliates Inc.
418658,034933,All-State Career School-Pittsburgh,4,mixed,"one system, names differ",0.19,Education Affiliates Inc.
459958,034933,Fortis Institute,4,mixed,"one system, names differ",0.19,Education Affiliates Inc.
441609,034963,Yeshiva Shaarei Torah of Rockland,1,single,single campus,1.0,
439844,034984,Omega Institute of Cosmetology,1,single,single campus,1.0,
409254,035103,Erikson Institute,1,single,single campus,1.0,
443340,035135,Williamson Christian College,1,single,single campus,1.0,
439701,035163,The King's University,1,single,single campus,1.0,
440059,035233,Aviation Institute of Maintenance-Atlanta,2,cohesive,one system,0.881,"Technical Education Services, Inc"
482255,035233,Aviation Institute of Maintenance-Las Vegas,2,cohesive,one system,0.881,"Technical Education Services, Inc"
441690,035313,Universidad Pentecostal Mizpa,1,single,single campus,1.0,
444361,035324,ATA College,1,single,single campus,1.0,
441636,035344,American Institute of Alternative Medicine,1,single,single campus,1.0,
440262,035373,New York Automotive and Diesel Institute,1,single,single campus,1.0,
441742,035423,Concorde Career College-Grand Prairie,1,single,single campus,1.0,Concorde Career Colleges Inc.
395362,035424,Copper Mountain Community College,1,single,single campus,1.0,
440651,035443,Atenas University,1,single,single campus,1.0,
441371,035493,Ultimate Medical Academy,1,single,single campus,1.0,
444732,035523,Leston College,2,cohesive,name similarity,0.933,
44473201,035523,Leston College -,2,cohesive,name similarity,0.933,
451352,035553,Southeastern College-Charlotte,1,single,single campus,1.0,
443261,035554,Southeastern College-Charleston,1,single,single campus,1.0,
447892,035573,North Florida Cosmetology Institute,1,single,single campus,1.0,
432348,035593,Appalachian School of Law,1,single,single campus,1.0,
441672,035614,Susquehanna County Career and Technology Center,1,single,single campus,1.0,
441618,035683,Leon Studio One School of Beauty Knowledge,1,single,single campus,1.0,
199971,035703,Carolina Christian College,1,single,single campus,1.0,
441414,035704,M-DCPS The English Center,1,single,single campus,1.0,Miami-Dade County Public Schools
217606,035705,Northpoint Bible College,1,single,single campus,1.0,
441210,035723,East Valley Institute of Technology,1,single,single campus,1.0,
441788,035733,Aviation Institute of Maintenance-Dallas,1,single,single campus,1.0,"Technical Education Services, Inc"
112455,035773,Coba Academy,1,single,single campus,1.0,
441487,035793,Texas County Technical College,1,single,single campus,1.0,
483647,035833,Ohio Institute of Allied Health,1,single,single campus,1.0,
381732,035844,Colorado School of Healing Arts,1,single,single campus,1.0,
443137,035883,Irene's Myomassology Institute,1,single,single campus,1.0,
442879,035933,Southwest Institute of Healing Arts,1,single,single campus,1.0,
441706,036083,Caribbean Forensic and Technical College,1,single,single campus,1.0,
442976,036113,Brighton Center's Center for Employment Training,1,single,single campus,1.0,
443322,036124,Valley Grande Institute for Academic Studies,1,single,single campus,1.0,
441496,036163,Aviation Institute of Maintenance-Kansas City,1,single,single campus,1.0,"Technical Education Services, Inc"
441830,036173,Healing Mountain Massage School,1,single,single campus,1.0,
447698,036175,Phoenix Institute of Herbal Medicine & Acupuncture,1,single,single campus,1.0,
441645,036263,Brown Aveda Institute-Mentor,2,cohesive,one system,0.742,Brown Aveda
450395,036263,Brown Aveda Institute-Strongsville,2,cohesive,one system,0.742,Brown Aveda
441760,036273,Lamar Institute of Technology,1,single,single campus,1.0,Texas State University System
441423,036276,Florida Education Institute,1,single,single campus,1.0,
446516,036383,Rosslyn Training Academy of Cosmetology,1,single,single campus,1.0,Rosslyn Training Academy of Cosmetology Inc.
441229,036393,Smith Chason College,1,single,single campus,1.0,
441663,036423,Institute of Technology,1,single,single campus,1.0,Select Education Group
441876,036454,Rudy & Kelly Academy A Paul Mitchell Partner School,1,single,single campus,1.0,
441256,036463,Design's School of Cosmetology,1,single,single campus,1.0,
484233,036503,Tri-Community Adult Education,1,single,single campus,1.0,
443216,036506,P C Age-Jersey City,2,mixed,name similarity,0.514,
443225,036506,PC AGE-Metropark,2,mixed,name similarity,0.514,
441575,036523,Metropolitan Learning Institute,1,single,single campus,1.0,
441858,036543,Eastern Virginia Career College,1,single,single campus,1.0,
443252,036614,South Florida Institute of Technology,1,single,single campus,1.0,
443076,036633,Hood Theological Seminary,1,single,single campus,1.0,Hood Theological Seminary Board of Trustees
440794,036663,Pillar College,1,single,single campus,1.0,
443289,036703,TIGI Hairdressing Academy Legacy,1,single,single campus,1.0,
443058,036763,Family of Faith Christian University,1,single,single campus,1.0,
105543,036783,Pima Medical Institute-Albuquerque,1,single,single campus,1.0,
443146,036803,Jay's Technical Institute,1,single,single campus,1.0,
442985,036813,California Healing Arts College,1,single,single campus,1.0,
443021,036824,Dallas Barber & Stylist College,1,single,single campus,1.0,
443030,036843,Endeavor Health School of Nurse Anesthesia-DePaul University,1,single,single campus,1.0,
381352,036863,Colorado Chinese Medicine University,1,single,single campus,1.0,
443049,036894,Faith International University,1,single,single campus,1.0,
442295,036914,Ave Maria School of Law,1,single,single campus,1.0,
444510,036953,CES College,1,single,single campus,1.0,
446039,036955,Arizona School of Acupuncture and Oriental Medicine,1,single,single campus,1.0,
399212,036957,Santiago Canyon College,1,single,single campus,1.0,California Community College System
449870,036963,University of the West,1,single,single campus,1.0,
449506,036964,SABER College,1,single,single campus,1.0,
443331,036983,West Coast University-Texas,6,cohesive,one system,0.657,West Coast University Inc.
458210,036983,West Coast University-Anaheim-Orange County,6,cohesive,one system,0.657,West Coast University Inc.
458229,036983,West Coast University-Ontario,6,cohesive,one system,0.657,West Coast University Inc.
485272,036983,West Coast University-Miami,6,cohesive,one system,0.657,West Coast University Inc.
489858,036983,West Coast University-Center for Graduate Studies,6,cohesive,one system,0.657,West Coast University Inc.
501488,036983,West Coast University-Los Angeles,6,cohesive,one system,0.657,West Coast University Inc.
449472,037023,The Salon Professional Academy,1,single,single campus,1.0,
443234,037063,Hollywood Institute,1,single,single campus,1.0,American Institute
442806,037093,Edward Via College of Osteopathic Medicine,1,single,single campus,1.0,
444413,037133,Beis Medrash Heichal Dovid,1,single,single campus,1.0,
443298,037143,Trend Barber College,2,cohesive,name similarity,1.0,
450711,037143,Trend Barber College,2,cohesive,name similarity,1.0,
451194,037203,Carlson College of Massage Therapy,1,single,single campus,1.0,
444565,037233,Culinary Institute Inc,1,single,single campus,1.0,
443410,037243,DigiPen Institute of Technology,1,single,single campus,1.0,
444556,037276,Auguste Escoffier School of Culinary Arts-Austin,1,single,single campus,1.0,Triumph Higher Education Group
437103,037303,Baton Rouge Community College,1,single,single campus,1.0,Louisiana Community and Technical College System
437237,037323,IYRS School of Technology & Trades,1,single,single campus,1.0,
444398,037333,Baptist University of the Americas,1,single,single campus,1.0,
446349,037343,John D Rockefeller IV Career Center,1,single,single campus,1.0,
444699,037353,Institute of Clinical Acupuncture & Oriental Medicine,1,single,single campus,1.0,
443951,037354,Charlie's Guard-Detective Bureau and Academy Inc,1,single,single campus,1.0,
400187,037363,Advance Beauty College,1,single,single campus,1.0,
444325,037404,ATI College-Whittier,1,single,single campus,1.0,
444228,037463,LeGrand Institute of Cosmetology Inc,1,single,single campus,1.0,
444866,037464,Southeastern College-Columbia,1,single,single campus,1.0,
443702,037473,Bexley Hall Seabury Western Theological Seminary Federation Inc.,1,single,single campus,1.0,
444583,037513,Escuela Hotelera de San Juan,1,single,single campus,1.0,
447953,037524,SUM Bible College and Theological Seminary,1,single,single campus,1.0,
444334,037573,Advance Science International College,1,single,single campus,1.0,
444194,037583,Bayamon Community College,1,single,single campus,1.0,
444529,037593,Stellar Career College,3,cohesive,name similarity,0.786,
498553,037593,Stellar Career College,3,cohesive,name similarity,0.786,
499680,037593,Stellar Career College-Crown Point,3,cohesive,name similarity,0.786,
215044,037663,Cortiva Institute,1,single,single campus,1.0,Steiner Education Group
441070,037723,Saginaw Chippewa Tribal College,1,single,single campus,1.0,
454810,037763,Auguste Escoffier School of Culinary Arts-Boulder,1,single,single campus,1.0,Triumph Higher Education Group
444635,037764,Orion Institute,1,single,single campus,1.0,
444486,037773,Paul Mitchell the School-Charlotte,1,single,single campus,1.0,Paul Mitchell Advanced Education
444811,037813,PITC Institute,1,single,single campus,1.0,
444671,037814,Industrial Technical College,1,single,single campus,1.0,
444440,037833,Blue Cliff Career College,1,single,single campus,1.0,
442781,037844,Tohono O'odham Community College,1,single,single campus,1.0,
444945,037893,Unitech Training Academy-Lafayette,6,cohesive,one system,0.771,Unitech Training Academy Inc.
447467,037893,Unitech Training Academy-West Monroe,6,cohesive,one system,0.771,Unitech Training Academy Inc.
448646,037893,Unitech Training Academy-Houma,6,cohesive,one system,0.771,Unitech Training Academy Inc.
469911,037893,Unitech Training Academy-Alexandria,6,cohesive,one system,0.771,Unitech Training Academy Inc.
487047,037893,Unitech Training Academy-New Orleans,6,cohesive,one system,0.771,Unitech Training Academy Inc.
491084,037893,Unitech Training Academy-Baton Rouge,6,cohesive,one system,0.771,Unitech Training Academy Inc.
436304,037894,River Parishes Community College,1,single,single campus,1.0,Louisiana Community and Technical College System
446118,037974,Career Care Institute,1,single,single campus,1.0,Career Care Institute Inc.
445498,038003,Colegio Tecnico de Electricidad Galloza,1,single,single campus,1.0,
444404,038014,The Beauty Institute,1,single,single campus,1.0,
446604,038023,Uta Mesivta of Kiryas Joel,1,single,single campus,1.0,
446303,038033,Healthcare Training Institute,1,single,single campus,1.0,
444714,038044,Gwinnett College-Marietta Campus,1,single,single campus,1.0,LTT Enterprises Inc.
450650,038083,The Institute of Beauty and Wellness,2,cohesive,name similarity,0.9,
487506,038083,The Institute of Beauty and Wellness Madison,2,cohesive,name similarity,0.9,
446224,038113,Eastern School of Acupuncture and Traditional Medicine,1,single,single campus,1.0,
444130,038133,Northcentral University,1,single,single campus,1.0,
444936,038143,Turning Point Beauty College,1,single,single campus,1.0,
399911,038144,Soka University of America,1,single,single campus,1.0,
378886,038163,Artistic Nails and Beauty Academy-Tampa,2,cohesive,name similarity,0.889,
460701,038163,Artistic Nails and Beauty Academy-Lakeland,2,cohesive,name similarity,0.889,
449339,038193,American Public University System,1,single,single campus,1.0,American Public Education Inc.
446598,038214,Universal College of Healing Arts,1,single,single campus,1.0,
447908,038233,Florida Academy of Health & Beauty,1,single,single campus,1.0,
444778,038273,Charlotte Christian College and Theological Seminary,1,single,single campus,1.0,
444857,038295,Skinworks School of Advanced Skincare,1,single,single campus,1.0,
446525,038303,SAE Institute of Technology-Nashville,5,cohesive,one system,0.806,SAE Institute Group Inc.
44652501,038303,SAE Institute of Technology-New York,5,cohesive,one system,0.806,SAE Institute Group Inc.
44652502,038303,SAE Institute of Technology-Atlanta,5,cohesive,one system,0.806,SAE Institute Group Inc.
44652503,038303,SAE Institute of Technology-Miami,5,cohesive,one system,0.806,SAE Institute Group Inc.
44652504,038303,SAE Institute of Technology-Chicago,5,cohesive,one system,0.806,SAE Institute Group Inc.
445780,038324,Cosmetology School of Arts & Sciences,1,single,single campus,1.0,
446002,038333,American Academy of Health and Wellness,1,single,single campus,1.0,
451468,038373,Aveda Fredric's Institute-Cincinnati,1,single,single campus,1.0,Aveda Institute
444787,038383,Nightingale College,1,single,single campus,1.0,
445948,038385,Northwest Career College,1,single,single campus,1.0,
448071,038393,Aveda Arts & Sciences Institute-New York,1,single,single campus,1.0,Aveda Institute
461120,038403,Omega Graduate School,1,single,single campus,1.0,
444468,038413,Lawrenceburg Technical College,1,single,single campus,1.0,
446109,038425,Cambridge College of Healthcare & Technology,1,single,single campus,1.0,
440031,038533,Keck Graduate Institute,1,single,single campus,1.0,The Claremont Colleges
446233,038553,Ecclesia College,1,single,single campus,1.0,Ecclesia Inc.
457350,038565,Florida School of Traditional Midwifery,1,single,single campus,1.0,
410964,038593,EINE Inc,1,single,single campus,1.0,
482228,038626,Veritas Baptist College,1,single,single campus,1.0,
401223,038683,World Mission University,1,single,single campus,1.0,
446385,038684,Los Angeles College of Music,1,single,single campus,1.0,Campus Hollywood
444219,038713,Folsom Lake College,1,single,single campus,1.0,California Community College System
445869,038724,Divine Mercy University,1,single,single campus,1.0,
446093,038743,Sutter County Career Training Center,1,single,single campus,1.0,
446163,038744,Community Christian College,1,single,single campus,1.0,
446206,038763,Culpeper Cosmetology Training Center,1,single,single campus,1.0,
446251,038814,Estelle Medical Academy,2,mixed,"one system, names differ",0.281,European Message Therapy Schools
458423,038814,European Massage Therapy School-Las Vegas,2,mixed,"one system, names differ",0.281,European Message Therapy Schools
445762,038834,Aviation Institute of Maintenance-Manassas,1,single,single campus,1.0,"Technical Education Services, Inc"
446242,038853,Employment Solutions-College for Technical Education,1,single,single campus,1.0,
449481,038883,Dragon Rises College of Oriental Medicine,2,cohesive,name similarity,0.872,
44948101,038883,Dragon Rises College of Oriental Medicine - Bradenton,2,cohesive,name similarity,0.872,
446561,038893,Stanbridge University,1,single,single campus,1.0,
445957,038913,Soma Institute-The National School of Clinical Massage Therapy,1,single,single campus,1.0,
449348,038943,Huntsville Bible College,1,single,single campus,1.0,
189477,039034,American Beauty School,1,single,single campus,1.0,
446552,039035,Southern Technical College,1,single,single campus,1.0,"Southern Technical Holdings, LLC"
446288,039073,Paul Mitchell the School-Great Lakes,3,cohesive,one system,0.843,Paul Mitchell Advanced Education
475547,039073,Paul Mitchell the School-Fort Myers,3,cohesive,one system,0.843,Paul Mitchell Advanced Education
44628801,039073,Paul Mitchell The School Great Lakes - Sarasota,3,cohesive,one system,0.843,Paul Mitchell Advanced Education
448220,039093,Paul Mitchell the School-Logan,1,single,single campus,1.0,Paul Mitchell Advanced Education
447759,039104,National Polytechnic College,1,single,single campus,1.0,
446084,039143,CALC Institute of Technology,1,single,single campus,1.0,Resource Productivity Management Inc.
446260,039173,Evergreen Beauty and Barber College-Everett,1,single,single campus,1.0,Evergreen Cosmo Inc.
230065,039213,Cameo College of Essential Beauty,1,single,single campus,1.0,
434751,039214,White Earth Tribal and Community College,1,single,single campus,1.0,
487746,039343,Yeshiva Zichron Aryeh,1,single,single campus,1.0,
455734,039353,California Nurses Educational Institute,1,single,single campus,1.0,
434937,039373,Yeshiva College of the Nations Capital,1,single,single campus,1.0,
447014,039396,Daytona College,1,single,single campus,1.0,
446048,039413,Ave Maria University,1,single,single campus,1.0,
441982,039463,Franklin W Olin College of Engineering,1,single,single campus,1.0,
446640,039483,Harrisburg University of Science and Technology,1,single,single campus,1.0,
442064,039493,Won Institute of Graduate Studies,1,single,single campus,1.0,
451927,039513,Patrick Henry College,1,single,single campus,1.0,
434061,039563,South Louisiana Community College,1,single,single campus,1.0,Louisiana Community and Technical College System
446774,039573,Blue Ridge Community and Technical College,1,single,single campus,1.0,West Virginia Community and Technical College System
262129,039574,New College of Florida,1,single,single campus,1.0,State University System of Florida
447582,039603,New River Community and Technical College,1,single,single campus,1.0,West Virginia Community and Technical College System
447795,039623,American Institute of Massage Therapy,1,single,single campus,1.0,Total Looks Corporation
113449,039644,International School of Beauty Inc,1,single,single campus,1.0,
448123,039654,MyrAngel Beauty Institute,1,single,single campus,1.0,
488749,039655,Paul Mitchell the School-Jessup,1,single,single campus,1.0,Paul Mitchell Advanced Education
449834,039663,Virginia Beach Theological Seminary,1,single,single campus,1.0,
451291,039683,Lakewood School of Therapeutic Massage,1,single,single campus,1.0,
393649,039696,UEI College-Gardena,6,mixed,"one system, names differ",0.291,International Education Corporation
470038,039696,UEI College-Riverside,6,mixed,"one system, names differ",0.291,International Education Corporation
494357,039696,UEI College-Sacramento,6,mixed,"one system, names differ",0.291,International Education Corporation
496919,039696,United Education Institute-Las Vegas,6,mixed,"one system, names differ",0.291,International Education Corporation
497958,039696,UEI College-Tacoma,6,mixed,"one system, names differ",0.291,International Education Corporation
501309,039696,UEI College-United Education Institute-Albuquerque,6,mixed,"one system, names differ",0.291,International Education Corporation
455327,039703,Hands on Therapy,1,single,single campus,1.0,
447999,039704,WellSpring School of Allied Health-Kansas City,4,cohesive,one system,0.804,WellSpring Resources Inc.
470047,039704,WellSpring School of Allied Health-Lawrence,4,cohesive,one system,0.804,WellSpring Resources Inc.
493451,039704,WellSpring School of Allied Health-Springfield,4,cohesive,one system,0.804,WellSpring Resources Inc.
494898,039704,WellSpring School of Allied Health-Wichita,4,cohesive,one system,0.804,WellSpring Resources Inc.
447768,039713,American Career College-Ontario,1,single,single campus,1.0,American Career College Inc.
447713,039745,California Career College,1,single,single campus,1.0,
441937,039803,California State University-Channel Islands,1,single,single campus,1.0,California State University
449764,039823,Visible Music College,1,single,single campus,1.0,
392354,039833,School of Professional Horticulture New York Botanical Garden,1,single,single campus,1.0,New York Botanical Garden
447847,039863,Aviator College of Aeronautical Science and Technology,2,cohesive,name similarity,0.857,
44784701,039863,Aviator College of Aeronautical Science & Technology -  Kissimmee,2,cohesive,name similarity,0.857,
448196,039873,Texas Health School,1,single,single campus,1.0,
447801,039953,University of East-West Medicine,1,single,single campus,1.0,
106324,039973,Arkansas Beauty College,1,single,single campus,1.0,
449357,039993,Beaumont Adult School,1,single,single campus,1.0,
447731,040013,Los Angeles College of Aesthetics,1,single,single campus,1.0,
247162,040024,Ecumenical Theological Seminary,1,single,single campus,1.0,
447810,040033,Blake Austin College,1,single,single campus,1.0,
447050,040053,United States University,1,single,single campus,1.0,Aspen Group
447980,040063,Nuvo College of Cosmetology,1,single,single campus,1.0,Moored Associates LLC
391005,040143,P&A Scholars Beauty School,1,single,single campus,1.0,P & A Scholars Inc.
447722,040144,Palladium Technical Academy Inc,1,single,single campus,1.0,
447883,040165,American Institute of Beauty,1,single,single campus,1.0,
447917,040213,Augusta School of Massage,1,single,single campus,1.0,
448275,040283,Mountain State School of Massage,1,single,single campus,1.0,
447865,040293,Trendsetters School of Beauty & Barbering,1,single,single campus,1.0,
448026,040313,The Salon Professional Academy-Fargo,1,single,single campus,1.0,
449807,040363,Southeast Texas Career Institute,1,single,single campus,1.0,
436429,040373,Los Angeles Film School,1,single,single campus,1.0,
451334,040375,Academy of Hair Design-Springfield,2,cohesive,name similarity,0.8,
45133401,040375,Academy of Hair Design - Austin,2,cohesive,name similarity,0.8,
446127,040383,ATA Career Education,3,mixed,"one system, names differ",0.452,A Technological Advantage Inc.
447935,040383,ATA College,3,mixed,"one system, names differ",0.452,A Technological Advantage Inc.
452373,040383,ATA College-Cincinnati,3,mixed,"one system, names differ",0.452,A Technological Advantage Inc.
448257,040384,Avi Career Training,1,single,single campus,1.0,
443492,040385,Pierpont Community and Technical College,1,single,single campus,1.0,West Virginia Community and Technical College System
484932,040386,BridgeValley Community & Technical College,1,single,single campus,1.0,West Virginia Community and Technical College System
447962,040403,Compass Career College,1,single,single campus,1.0,
481021,040413,Berks Career & Technology Center,1,single,single campus,1.0,
444954,040414,Mountwest Community and Technical College,1,single,single campus,1.0,West Virginia Community and Technical College System
449676,040433,Ace Institute of Technology,1,single,single campus,1.0,
173683,040443,Hazelden Betty Ford Graduate School,1,single,single campus,1.0,Hazelden Foundation Board of Governors
449816,040543,Southwest Technical College,1,single,single campus,1.0,Utah System of Higher Education
169813,040553,Creative Hair School of Cosmetology,1,single,single campus,1.0,
447777,040573,Asher College,1,single,single campus,1.0,
447704,040593,Tucson College of Beauty,1,single,single campus,1.0,
449728,040603,ATA College,1,single,single campus,1.0,A Technological Advantage Inc.
445735,040653,Roseman University of Health Sciences,1,single,single campus,1.0,
455707,040663,Cardiac and Vascular Institute of Ultrasound,1,single,single campus,1.0,
102058,040673,Selma University,1,single,single campus,1.0,
457873,040683,Four County Career Center,1,single,single campus,1.0,
451574,040723,Aveda Institute-Provo,1,single,single campus,1.0,Aveda Institute
461139,040733,Jung Tao School of Classical Chinese Medicine,1,single,single campus,1.0,
203386,040743,Hondros College of Nursing,1,single,single campus,1.0,National Education Seminars Inc.
449384,040764,Gnomon,1,single,single campus,1.0,
454829,040803,Aspen University,1,single,single campus,1.0,Aspen Group
449658,040813,Bais Medrash Toras Chesed,1,single,single campus,1.0,
457989,040833,Academy for Careers and Technology,1,single,single campus,1.0,
454865,040834,Cambridge College of Healthcare & Technology,3,cohesive,one system,0.846,Institute of Allied Medical Professions
45486501,040834,Cambridge College of Healthcare & Technology,3,cohesive,one system,0.846,Institute of Allied Medical Professions
45486502,040834,Cambridge College of Healthcare & Technology - Miami Gardens,3,cohesive,one system,0.846,Institute of Allied Medical Professions
449773,040894,CCI Training Center-Arlington,1,single,single campus,1.0,
450988,040923,Coastline Beauty College,2,cohesive,name similarity,0.857,
45098801,040923,Coastline Beauty College - Hemet,2,cohesive,name similarity,0.857,
449454,040933,Academy of Natural Therapy Inc,1,single,single campus,1.0,
451510,040963,Charleston School of Law,1,single,single campus,1.0,
449603,041003,Denmark College,1,single,single campus,1.0,
454689,041004,Taft University System,1,single,single campus,1.0,The Taft University System Inc.
449685,041023,New Age Training,1,single,single campus,1.0,
449463,041043,Academy Di Capelli-School of Cosmetology,2,cohesive,name similarity,0.633,
44946301,041043,Academy Di Capelli -,2,cohesive,name similarity,0.633,
437097,041103,University of Management and Technology,1,single,single campus,1.0,
448594,041113,Lemoore College,1,single,single campus,1.0,California Community College System
449612,041123,Louisiana Culinary Institute,1,single,single campus,1.0,
441900,041143,Nevada State University,1,single,single campus,1.0,Nevada System of Higher Education
455804,041144,Institute of World Politics,1,single,single campus,1.0,
449393,041153,MJ Barber & Beauty Academy,2,cohesive,one system,1.0,Coachella Valley Beauty College Inc
485412,041153,MJ Barber & Beauty Academy,2,cohesive,one system,1.0,Coachella Valley Beauty College Inc
451404,041155,Talmudical Seminary of Bobov,1,single,single campus,1.0,
454698,041156,Mayfield College,1,single,single campus,1.0,
449524,041166,Taylor College,1,single,single campus,1.0,
451255,041169,DiGrigoli School of Cosmetology,1,single,single campus,1.0,
486080,041170,Elmezzi Graduate School of Molecular Medicine,1,single,single campus,1.0,
457794,041171,EDP School,1,single,single campus,1.0,
451501,041172,Instituto Educativo Premier,1,single,single campus,1.0,CNT CORPORATION
449700,041173,Dayton School of Medical Massage,5,cohesive,one system,0.6,Medical Dynamics Inc.
44970001,041173,Dayton School of Medical Massage-Lima,5,cohesive,one system,0.6,Medical Dynamics Inc.
44970002,041173,Cincinnati School of Medical Massage,5,cohesive,one system,0.6,Medical Dynamics Inc.
44970003,041173,Cleveland Institute of Medical Massage,5,cohesive,one system,0.6,Medical Dynamics Inc.
44970004,041173,Columbus School of Medical Massage,5,cohesive,one system,0.6,Medical Dynamics Inc.
449861,041174,Milwaukee Career College,1,single,single campus,1.0,
476489,041176,Larry's Barber College,3,cohesive,name similarity,0.863,
495387,041176,Larry's Barber College,3,cohesive,name similarity,0.863,
496964,041176,Larry's Barber College-Joliet,3,cohesive,name similarity,0.863,
444103,041180,Byzantine Catholic Seminary of Saints Cyril and Methodius,1,single,single campus,1.0,
491224,041186,Tricoci University of Beauty Culture-Janesville,1,single,single campus,1.0,Tricoci University of Beauty Culture LLC
461148,041188,New York Film Academy,1,single,single campus,1.0,New York Film Academy
438708,041190,Eastern West Virginia Community and Technical College,1,single,single campus,1.0,
457697,041191,City Vision University,1,single,single campus,1.0,TechMission
451149,041194,Aveda Institute-South Florida,1,single,single campus,1.0,Aveda Institute
190752,041196,Yeshiva of Far Rockaway Derech Ayson Rabbinical Seminary,1,single,single campus,1.0,
450951,041209,Arizona Culinary Institute,1,single,single campus,1.0,
451228,041210,MyComputerCareer at Indianapolis,1,single,single campus,1.0,MyComputerCareer.com Inc.
451282,041211,Elevate Salon Institute,2,cohesive,name similarity,1.0,
45128201,041211,Elevate Salon Institute,2,cohesive,name similarity,1.0,
454838,041212,Institute of Taoist Education and Acupuncture,1,single,single campus,1.0,
450933,041215,Columbia Southern University,1,single,single campus,1.0,
451583,041217,Dixie Technical College,1,single,single campus,1.0,Utah System of Higher Education
475608,041218,Criswell College,1,single,single campus,1.0,
459408,041220,Tri County Regional Vocational Technical High School,1,single,single campus,1.0,
442569,041223,University of Arkansas Grantham,1,single,single campus,1.0,
498739,041226,Lehigh Career & Technical Institute,1,single,single campus,1.0,
490045,041228,California Prestige University,1,single,single campus,1.0,
451370,041234,Yeshivas Be'er Yitzchok,1,single,single campus,1.0,
216940,041238,Williamson College of the Trades,1,single,single campus,1.0,
450632,041239,Lexington Healing Arts Academy,1,single,single campus,1.0,
451529,041241,Elite College of Cosmetology,1,single,single campus,1.0,
475398,041242,Catholic International University,1,single,single campus,1.0,
451477,041245,MyComputerCareer at Columbus,1,single,single campus,1.0,MyComputerCareer.com Inc.
457527,041247,Ambria College of Nursing,1,single,single campus,1.0,
451565,041254,Paul Mitchell the School-Austin,1,single,single campus,1.0,
451547,041255,Manuel and Theresa's School of Hair Design-Bryan,3,cohesive,one system,0.909,Manuel and Theresa's School of Hair Design
470296,041255,Manuel and Theresa's School of Hair Design-Victoria,3,cohesive,one system,0.909,Manuel and Theresa's School of Hair Design
490674,041255,Manuel and Theresa's School of Hair Design,3,cohesive,one system,0.909,Manuel and Theresa's School of Hair Design
455220,041256,Career School of NY,1,single,single campus,1.0,
456065,041260,Paul Mitchell the School-Cleveland,1,single,single campus,1.0,Paul Mitchell Advanced Education
451097,041269,Academy of Career Training,1,single,single campus,1.0,
445188,041271,University of California-Merced,1,single,single campus,1.0,University of California
451626,041272,Victoria's Academy of Cosmetology,1,single,single campus,1.0,
455983,041273,Columbia College,1,single,single campus,1.0,
451495,041275,CDE Career Institute,1,single,single campus,1.0,
451103,041284,Miami Regional University,1,single,single campus,1.0,
451042,041288,Branford Academy of Hair & Cosmetology,2,cohesive,one system,0.874,Branford Academy of Hair & Cosmetology
496894,041288,Branford Academy of Hair & Cosmetology-Bridgeport,2,cohesive,one system,0.874,Branford Academy of Hair & Cosmetology
455910,041294,Center for Massage,1,single,single campus,1.0,
455336,041298,MediaTech Institute-Dallas,1,single,single campus,1.0,MediaTech Institute
134024,041299,Florida School of Massage,1,single,single campus,1.0,
483212,041301,Louisiana Delta Community College,1,single,single campus,1.0,Louisiana Community and Technical College System
451167,041304,Shear Excellence Hair Academy,1,single,single campus,1.0,
455406,041305,Pacific Northwest University of Health Sciences,1,single,single campus,1.0,
451051,041307,Academy of Massage and Bodywork,1,single,single campus,1.0,
151607,041309,Tricoci University of Beauty Culture-Lafayette,2,cohesive,one system,0.8,Tricoci University of Beauty Culture LLC
414869,041309,Tricoci University of Beauty Culture-Indianapolis,2,cohesive,one system,0.8,Tricoci University of Beauty Culture LLC
451398,041311,Yeshiva Toras Chaim,1,single,single campus,1.0,
455187,041312,Total Image Beauty Academy,1,single,single campus,1.0,
451343,041313,Corinth Academy of Cosmetology,1,single,single campus,1.0,
451556,041317,Southwest University at El Paso,1,single,single campus,1.0,
454722,041324,Academy of Esthetics and Cosmetology,1,single,single campus,1.0,
486859,041326,Entourage Institute of Beauty and Esthetics,1,single,single campus,1.0,
450960,041327,Healthcare Career College,1,single,single campus,1.0,
451237,041329,Z Hair Academy,1,single,single campus,1.0,
451316,041333,Trend Setters School,1,single,single campus,1.0,
451079,041335,Academy for Five Element Acupuncture,1,single,single campus,1.0,
457800,041337,New York Medical Career Training Center,1,single,single campus,1.0,
476498,041339,Futura Career Institute,1,single,single campus,1.0,
455196,041341,Jersey College,19,cohesive,one system,0.609,SSS Education Inc.
45519601,041341,Jersey College - Tampa,19,cohesive,one system,0.609,SSS Education Inc.
45519602,041341,Jersey College - Ewing,19,cohesive,one system,0.609,SSS Education Inc.
45519603,041341,Jersey College - Jacksonville,19,cohesive,one system,0.609,SSS Education Inc.
45519604,041341,Jersey College - Fort Lauderdale,19,cohesive,one system,0.609,SSS Education Inc.
45519605,041341,Jersey College - Largo,19,cohesive,one system,0.609,SSS Education Inc.
45519606,041341,Jersey College - Port Charlotte,19,cohesive,one system,0.609,SSS Education Inc.
45519607,041341,Jersey College - Fort Wayne,19,cohesive,one system,0.609,SSS Education Inc.
45519608,041341,Jersey College - Brooksville,19,cohesive,one system,0.609,SSS Education Inc.
45519609,041341,Jersey College - Naples,19,cohesive,one system,0.609,SSS Education Inc.
45519610,041341,Jersey College - Cleveland,19,cohesive,one system,0.609,SSS Education Inc.
45519611,041341,Jersey College - Melbourne,19,cohesive,one system,0.609,SSS Education Inc.
45519612,041341,Jersey College - Scranton,19,cohesive,one system,0.609,SSS Education Inc.
45519613,041341,Jersey College - Tucson,19,cohesive,one system,0.609,SSS Education Inc.
45519614,041341,Jersey College - Knoxville,19,cohesive,one system,0.609,SSS Education Inc.
45519615,041341,Jersey College - Jenkintown,19,cohesive,one system,0.609,SSS Education Inc.
45519616,041341,Jersey College - Mesa,19,cohesive,one system,0.609,SSS Education Inc.
45519617,041341,Jersey College - Dothan,19,cohesive,one system,0.609,SSS Education Inc.
45519618,041341,Jersey College - York,19,cohesive,one system,0.609,SSS Education Inc.
454935,041343,Evans Hairstyling College-Rexburg,1,single,single campus,1.0,
451158,041348,Aveda Institute-Tampa Bay,1,single,single campus,1.0,Aveda Institute
454874,041350,Cozmo Beauty School,1,single,single campus,1.0,
455202,041364,American Institute of Medical Sciences & Education,1,single,single campus,1.0,
454953,041369,University of Aesthetics & Cosmetology,1,single,single campus,1.0,"Kelly Education, Inc."
454962,041370,The University of Aesthetics & Cosmetology,1,single,single campus,1.0,"Kelly Education, Inc."
454759,041372,Borner's Barber College,1,single,single campus,1.0,
430306,041373,Cayce/Reilly School of Massage,1,single,single campus,1.0,Association for Research and Enlightenment
454971,041375,Tricoci University of Beauty Culture-Chicago NW,1,single,single campus,1.0,Tricoci University of Beauty Culture LLC
493479,041376,Medical Career College of Northern California,1,single,single campus,1.0,
455275,041378,Aveda Institute-Columbus,1,single,single campus,1.0,Aveda Institute
455257,041381,Yeshiva of Machzikai Hadas,1,single,single campus,1.0,
454537,041382,The Salon Professional Academy-Appleton,1,single,single campus,1.0,
451307,041384,The Salon Professional Academy-Battle Creek,1,single,single campus,1.0,
442523,041386,Alaska Christian College,1,single,single campus,1.0,
454768,041387,Paul Mitchell the School-Pasadena,1,single,single campus,1.0,Paul Mitchell Advanced Education
457536,041390,Midwestern Career College,1,single,single campus,1.0,
452009,041394,The Hair Academy,1,single,single campus,1.0,
481030,041399,Future Generations University,1,single,single campus,1.0,
455105,041402,Mississippi Institute of Aesthetics Nails & Cosmetology,1,single,single campus,1.0,"Mississippi Institute of Aesthetics, Nails, & Cosmetology Inc."
262165,041403,Montana Bible College,1,single,single campus,1.0,
457226,041405,Horizon University,1,single,single campus,1.0,
455141,041407,Aveda Institute-Chapel Hill,1,single,single campus,1.0,Aveda Institute
455877,041410,The Aveda Institute of Beauty and Wellness Chicago,1,single,single campus,1.0,Aveda Institute
455062,041411,French Academy of Cosmetology,1,single,single campus,1.0,
455965,041412,COLLECTIV Academy-Cranston,1,single,single campus,1.0,
454777,041413,San Francisco Institute of Esthetics & Cosmetology Inc,1,single,single campus,1.0,
454786,041414,Laurus College,1,single,single campus,1.0,Qe2 Systems Inc.
455026,041416,The Omega Studios' School of Applied Arts & Sciences,1,single,single campus,1.0,Studio Production Inc.
454795,041417,Healing Hands School of Holistic Health,1,single,single campus,1.0,
219851,041420,Austin's Beauty College Inc,1,single,single campus,1.0,
455354,041423,Aveda Arts & Sciences Institute-San Antonio,1,single,single campus,1.0,Aveda Institute
459727,041425,Touro University Worldwide,1,single,single campus,1.0,Touro University System
459736,041426,Touro University California,2,cohesive,one system,0.76,Touro University System
459824,041426,Touro University Nevada,2,cohesive,one system,0.76,Touro University System
455813,041427,Pontifical John Paul II Institute for Studies on Marriage and Family,1,single,single campus,1.0,Knights of Columbus Family Life Bureau Inc.
447689,041429,Georgia Gwinnett College,1,single,single campus,1.0,University System of Georgia
164368,041432,Hult International Business School,1,single,single campus,1.0,
455512,041438,Woodland Community College,1,single,single campus,1.0,Yuba Community College District
454801,041442,Career Development Institute Inc,1,single,single campus,1.0,
457819,041443,Institute of Culinary Education,2,cohesive,name similarity,1.0,
493080,041443,Institute of Culinary Education,2,cohesive,name similarity,1.0,
455929,041444,The Academy of Hair Design LLC,1,single,single campus,1.0,
454944,041445,Paul Mitchell the School-Rexburg,1,single,single campus,1.0,Paul Mitchell Advanced Education
457785,041448,International Academy of Style,1,single,single campus,1.0,
455798,041454,Oxford Academy of Hair Design Inc,1,single,single campus,1.0,
455381,041455,Skin Science Institute,2,mixed,name similarity,0.1,
45538101,041455,Utah County Campus,2,mixed,name similarity,0.1,
455080,041457,Paul Mitchell the School-Springfield,1,single,single campus,1.0,Paul Mitchell Advanced Education
454917,041459,Celebrity School of Beauty,2,cohesive,name similarity,0.839,
45491701,041459,Celebrity School of Beauty - Hialeah,2,cohesive,name similarity,0.839,
455868,041460,National Career College,1,single,single campus,1.0,
455099,041461,Urshan Graduate School of Theology,1,single,single campus,1.0,
457378,041462,Emerald Coast Technical College,1,single,single campus,1.0,
459329,041463,Fred K Marchman Technical College,1,single,single campus,1.0,Pasco County Schools
455178,041464,Daoist Traditions College of Chinese Medical Arts,1,single,single campus,1.0,
457925,041465,Portland Actors Conservatory,1,single,single campus,1.0,
227748,041467,Aviation Institute of Maintenance-Houston,1,single,single campus,1.0,"Technical Education Services, Inc"
455974,041468,South Texas Training Center,1,single,single campus,1.0,Silva and Lopez Associates Inc.
456001,041469,Advanced Welding Institute,1,single,single campus,1.0,
454926,041470,Paul Mitchell the School-Atlanta,1,single,single campus,1.0,Paul Mitchell Advanced Education
455886,041471,Tricoci University of Beauty Culture-Libertyville,2,cohesive,one system,0.857,Tricoci University of Beauty Culture LLC
487533,041471,Tricoci University of Beauty Culture-Elgin,2,cohesive,one system,0.857,Tricoci University of Beauty Culture LLC
455895,041472,Tricoci University of Beauty Culture-Bridgeview,1,single,single campus,1.0,Tricoci University of Beauty Culture LLC
454980,041473,Tricoci University of Beauty Culture-Glendale Heights,2,cohesive,one system,0.78,Tricoci University of Beauty Culture LLC
470393,041473,Tricoci University of Beauty Culture-Chicago NE,2,cohesive,one system,0.78,Tricoci University of Beauty Culture LLC
454999,041474,Tricoci University of Beauty Culture-Peoria,2,cohesive,one system,0.93,Tricoci University of Beauty Culture LLC
495730,041474,Tricoci University of Beauty Culture-Normal,2,cohesive,one system,0.93,Tricoci University of Beauty Culture LLC
455008,041475,Tricoci University of Beauty Culture-Rockford,1,single,single campus,1.0,Tricoci University of Beauty Culture LLC
455211,041476,Casal Institute of Nevada,1,single,single campus,1.0,
457253,041482,Beyond 21st Century Beauty Academy,1,single,single campus,1.0,
454856,041483,Denver College of Nursing,2,cohesive,one system,0.862,Education Affiliates Inc.
499422,041483,Denver College of Nursing-Houston,2,cohesive,one system,0.862,Education Affiliates Inc.
457332,041484,TIGI Hairdressing Academy Guilford,1,single,single campus,1.0,
455831,041485,Medical Institute of Palm Beach,1,single,single campus,1.0,
455284,041491,Paul Mitchell the School-Cincinnati,2,cohesive,one system,0.788,Paul Mitchell Advanced Education
485032,041491,Paul Mitchell the School-Toledo,2,cohesive,one system,0.788,Paul Mitchell Advanced Education
454652,041492,Paul Mitchell the School-Birmingham,1,single,single campus,1.0,
458131,041494,Aveda Arts & Sciences Institute Seattle,1,single,single campus,1.0,Aveda Institute
457086,041497,Homestead Schools,2,cohesive,name similarity,0.756,
499103,041497,Homestead Schools-Costa Mesa,2,cohesive,name similarity,0.756,
457943,041498,Somerset County Technology Center,1,single,single campus,1.0,Joint Operating Committee of the Somerset County Technology
457466,041499,Profile Institute of Barber-Styling,1,single,single campus,1.0,
440396,041502,New Saint Andrews College,1,single,single campus,1.0,
457493,041506,Paul Mitchell the School-Twin Falls,1,single,single campus,1.0,
457387,041508,Immokalee Technical College,1,single,single campus,1.0,"Collier County Public School District, Florida"
457475,041509,Keune Academy by 124,1,single,single campus,1.0,
457837,041512,The Salon Professional Academy-Tonawanda,1,single,single campus,1.0,
449889,041513,American College of Education,1,single,single campus,1.0,
457396,041515,American Academy of Cosmetology,1,single,single campus,1.0,
457606,041516,My Le's Beauty College,1,single,single campus,1.0,
461193,041517,Bella Capelli Academy,1,single,single campus,1.0,
455901,041518,The Temple-A Paul Mitchell Partner School,2,cohesive,name similarity,0.891,
487676,041518,The Temple Annapolis-A Paul Mitchell Partner School,2,cohesive,name similarity,0.891,
420556,041519,Columbia Gorge Community College,1,single,single campus,1.0,
481049,041522,Carthage R9 School District-Carthage Technical Center,1,single,single campus,1.0,
457341,041524,International Institute of Cosmetology,1,single,single campus,1.0,
409537,041526,Pike County Joint Vocational School District,1,single,single campus,1.0,
455761,041528,Paul Mitchell the School-Sacramento,1,single,single campus,1.0,The Esani Institute LLC.
455725,041529,Alturas Cosmetology of Arizona LLC,1,single,single campus,1.0,Reed Jackson Holdings Inc.
458104,041530,Renaissance Academie,1,single,single campus,1.0,
456074,041533,Paul Mitchell the School-Columbus,1,single,single campus,1.0,Paul Mitchell Advanced Education
458113,041538,Ascent College,1,single,single campus,1.0,
455770,041539,Providence Christian College,1,single,single campus,1.0,
461032,041542,Carolina College of Biblical Studies,1,single,single campus,1.0,
458043,041548,DuVall's School of Cosmetology,1,single,single campus,1.0,
457767,041549,National Career Institute,1,single,single campus,1.0,
458140,041550,Northwest School of Wooden Boat Building,1,single,single campus,1.0,
461218,041551,Institute of Medical Careers,1,single,single campus,1.0,
455859,041552,Oliver Finley Academy of Cosmetology,1,single,single campus,1.0,GFH Inc.
457271,041555,Academy for Jewish Religion California,1,single,single campus,1.0,
457563,041559,Aveda Fredric's Institute-Indianapolis,1,single,single campus,1.0,Aveda Institute
457855,041560,Paul Mitchell the School-NYC,1,single,single campus,1.0,Paul Mitchell The School
458122,041562,Institute of Advanced Medical Esthetics,1,single,single campus,1.0,
457402,041563,University of Fort Lauderdale,1,single,single campus,1.0,
457411,041564,Aviation Institute of Maintenance-Orlando,2,cohesive,one system,0.854,"Technical Education Services, Inc"
497745,041564,Aviation Institute of Maintenance-Chicago,2,cohesive,one system,0.854,"Technical Education Services, Inc"
458007,041572,Love Beauty School Inc,1,single,single campus,1.0,
461023,041574,Crestpoint University,1,single,single campus,1.0,
459426,041576,Nova Academy of Cosmetology,1,single,single campus,1.0,
458168,041577,The Salon Professional Academy-Onalaska,1,single,single campus,1.0,
481058,041578,Grace Mission University,1,single,single campus,1.0,
457952,041580,Metro Beauty Academy,1,single,single campus,1.0,
449986,041582,Paul Mitchell the School-Sherman Oaks,1,single,single campus,1.0,Paul Mitchell The School
461245,041583,Flagler Technical College,1,single,single campus,1.0,
457633,041584,L'esprit Academy,2,cohesive,name similarity,0.711,
45763301,041584,L'esprit Academy - Southfield,2,cohesive,name similarity,0.711,
458061,041585,Texas Beauty College,1,single,single campus,1.0,Beauty First joint corporation
457642,041593,Marketti Academy of Cosmetology,1,single,single campus,1.0,
461254,041596,Galaxy Medical College,1,single,single campus,1.0,
461263,041597,American Medical Sciences Center,1,single,single campus,1.0,
457299,041604,Angeles College,1,single,single campus,1.0,
457679,041605,Avalon School of Cosmetology,1,single,single campus,1.0,
458070,041607,Avenue Five Institute,2,cohesive,name similarity,0.677,
494524,041607,Avenue Five Institute-South Austin Campus,2,cohesive,name similarity,0.677,
121637,041617,Shasta School of Cosmetology,1,single,single campus,1.0,
262086,041618,University of Massachusetts Global,1,single,single campus,1.0,University of Massachusetts
461272,041619,Mandalyn Academy,1,single,single campus,1.0,
461281,041620,Jose Maria Vargas University,1,single,single campus,1.0,
457776,041624,Paul Mitchell the School-Albuquerque,2,mixed,name similarity,0.102,
493372,041624,Urban Academy of Beauty,2,mixed,name similarity,0.102,
134529,041625,Hollywood Institute of Beauty Careers,3,cohesive,one system,0.822,Beauty Careers Institute Inc.
485379,041625,Hollywood Institute of Beauty Careers-West Palm Beach,3,cohesive,one system,0.822,Beauty Careers Institute Inc.
485388,041625,Hollywood Institute of Beauty Careers-Casselberry,3,cohesive,one system,0.822,Beauty Careers Institute Inc.
457581,041627,Eric Fisher Academy,1,single,single campus,1.0,
459170,041628,Paul Mitchell the School-Modesto,1,single,single campus,1.0,Paul Mitchell Advanced Education
457420,041630,Summit Salon Academy,1,single,single campus,1.0,
457439,041631,Summit Salon Academy-Gainesville,1,single,single campus,1.0,
457448,041632,Tenaj Salon Institute,1,single,single campus,1.0,
457749,041641,Montana Academy of Salons,1,single,single campus,1.0,
457314,041644,Angeles Institute,1,single,single campus,1.0,
461306,041646,D A Dorsey Technical College,1,single,single campus,1.0,
461315,041647,Keweenaw Bay Ojibwa Community College,1,single,single campus,1.0,
461324,041650,Meridian Institute of Surgical Assisting,1,single,single campus,1.0,
461333,041652,Mauna Loa Helicopters,1,single,single campus,1.0,
459578,041653,Paul Mitchell the School-Milwaukee,1,single,single campus,1.0,
461342,041655,Acaydia School of Aesthetics,1,single,single campus,1.0,
458098,041658,The Salon Professional Academy-Lewisville,1,single,single campus,1.0,The Salon Professional Academy
459198,041659,Paul Mitchell the School-Fresno,1,single,single campus,1.0,Paul Mitchell The School
457572,041667,Summit Salon Academy,1,single,single campus,1.0,
457916,041668,Summit Salon Academy-Perrysburg,1,single,single campus,1.0,
457323,041670,Paul Mitchell the School-Temecula,1,single,single campus,1.0,
459277,041671,Aveda Institute-Denver,1,single,single campus,1.0,
456542,041672,Geisinger Commonwealth School of Medicine,1,single,single campus,1.0,
459347,041673,The Salon Professional Academy-Ft Myers,1,single,single campus,1.0,
481067,041675,World A Cuts Barber Institute,1,single,single campus,1.0,
460808,041686,Integrated Massage Therapy Services,1,single,single campus,1.0,
459514,041687,Maestro College,2,cohesive,one system,1.0,Peloton College
490735,041687,Maestro College,2,cohesive,one system,1.0,Peloton College
459523,041688,ABC Beauty Academy,1,single,single campus,1.0,
461379,041689,Holistic Massage Training Institute,1,single,single campus,1.0,
459532,041690,Salon & Spa Institute,1,single,single campus,1.0,
461388,041691,Diamonds College,1,single,single campus,1.0,
461412,041694,Northern Virginia School of Therapeutic Massage,1,single,single campus,1.0,
445054,041695,Toyota Technological Institute at Chicago,1,single,single campus,1.0,
459204,041697,Unitek College,6,cohesive,one system,0.667,Unitek Information Systems
45920401,041697,Unitek College - San Jose,6,cohesive,one system,0.667,Unitek Information Systems
45920402,041697,Unitek College - Sacramento,6,cohesive,one system,0.667,Unitek Information Systems
45920403,041697,Unitek College - Concord,6,cohesive,one system,0.667,Unitek Information Systems
45920404,041697,Unitek College - Bakersfield,6,cohesive,one system,0.667,Unitek Information Systems
45920405,041697,Unitek College - Reno,6,cohesive,one system,0.667,Unitek Information Systems
459213,041698,Gurnick Academy of Medical Arts,1,single,single campus,1.0,
459550,041701,Summit Salon Academy,1,single,single campus,1.0,
459286,041702,Paul Mitchell the School-Colorado Springs,1,single,single campus,1.0,Paul Mitchell The School
460969,041703,Beauty Academy of South Florida,1,single,single campus,1.0,
460996,041706,The Salon Professional Academy-St Charles,1,single,single campus,1.0,
461421,041707,Paul Mitchell the School-St Louis,1,single,single campus,1.0,Paul Mitchell Advanced Education
461430,041710,Advanced Training Institute,1,single,single campus,1.0,
459301,041711,Paul Mitchell the School-Delaware,1,single,single campus,1.0,
460862,041714,Aveda Institute-Portland,2,cohesive,name similarity,0.708,
487348,041714,Aveda Institute Portland-Vancouver Campus,2,cohesive,name similarity,0.708,
262466,041725,Dr. Ida Rolf Institute,1,single,single campus,1.0,
459392,041727,The Salon Professional Academy-Evansville,1,single,single campus,1.0,The Salon Professional Academy
461485,041730,Shepherds Theological Seminary,1,single,single campus,1.0,
461494,041732,Taylor Andrews Academy of Hair Design-West Jordan,3,cohesive,name similarity,0.718,
484394,041732,Taylor Andrews Academy of Hair Design-Provo,3,cohesive,name similarity,0.718,
495341,041732,Taylor Andrews Academy of Hair Design-Hair Lab Detroit Barber School,3,cohesive,name similarity,0.718,
461500,041734,Santa Ana Beauty Academy,1,single,single campus,1.0,
460394,041735,Moreno Valley College,1,single,single campus,1.0,California Community College System
461528,041737,Manna University,1,single,single campus,1.0,
459295,041738,The Salon Professional Academy-Colorado Springs,1,single,single campus,1.0,The Salon Professional Academy
461537,041739,Evolve Beauty Academy,1,single,single campus,1.0,
460932,041740,Skin Institute,1,single,single campus,1.0,
459116,041741,Paul Mitchell the School-Phoenix,1,single,single campus,1.0,Paul Mitchell The School
461555,041745,Aveda Institute-New Mexico,1,single,single campus,1.0,
461573,041748,American Trade School,1,single,single campus,1.0,
461582,041749,Estelle Skin Care and Spa Institute,1,single,single campus,1.0,
459374,041750,Universal Spa Training Academy,1,single,single campus,1.0,
459231,041752,Paul Mitchell the School-East Bay,1,single,single campus,1.0,
460914,041753,Penrose Academy,1,single,single campus,1.0,
461607,041754,Elite Cosmetology School,1,single,single campus,1.0,
461625,041760,American Technical Institute,1,single,single campus,1.0,
460464,041761,Norco College,1,single,single campus,1.0,California Community College System
461652,041767,Aveda Institute-Boise,1,single,single campus,1.0,
461689,041771,Pima Medical Institute-Aurora,2,cohesive,name similarity,0.814,
486822,041771,Pima Medical Institute-Phoenix,2,cohesive,name similarity,0.814,
453792,041773,Ohio Medical Career College,1,single,single campus,1.0,
461704,041774,Capilo School of Hair Design,1,single,single campus,1.0,
461713,041775,Pure Aesthetics Natural Skincare School,2,cohesive,name similarity,0.722,
46171301,041775,Pure Aesthetics Natural Skincare School -  Arizona Holistic Institute,2,cohesive,name similarity,0.722,
461722,041776,Lindsey Institute of Cosmetology,1,single,single campus,1.0,
461740,041779,Invictus Career College,1,single,single campus,1.0,
461759,041780,Simmons College of Kentucky,1,single,single campus,1.0,
460765,041781,Carolina College of Hair Design Inc,1,single,single campus,1.0,
476540,041782,Vogue College of Cosmetology-San Antonio Fredericksburg,1,single,single campus,1.0,VCC Management LLC
476559,041783,Vogue College of Cosmetology,1,single,single campus,1.0,VCC Management LLC
229656,041784,Vogue College of Cosmetology-McAllen,1,single,single campus,1.0,VCC Management LLC
188289,041785,Vogue College of Cosmetology-Santa Fe,1,single,single campus,1.0,VCC Management LLC
461768,041787,Atelier Esthetique Institute of Esthetics,1,single,single campus,1.0,
481085,041791,Verve College,1,single,single campus,1.0,
461786,041792,Advanced College of Cosmetology,1,single,single campus,1.0,
461795,041795,North American University,1,single,single campus,1.0,
481094,041798,Sotheby's Institute of Art-NY,1,single,single campus,1.0,
476568,041799,Tomorrow's Image Barber And Beauty Academy of Virginia,3,mixed,"one system, names differ",0.292,"J & J of Virginia, Inc"
490948,041799,Bull City Durham Beauty and Barber College,3,mixed,"one system, names differ",0.292,"J & J of Virginia, Inc"
492421,041799,No Grease Barber School,3,mixed,"one system, names differ",0.292,"J & J of Virginia, Inc"
461829,041800,Cinta Aveda Institute,2,cohesive,name similarity,0.792,
46182901,041800,Cinta Aveda Institute - San Jose,2,cohesive,name similarity,0.792,
461838,041802,Long Island Nail Skin & Hair Institute,1,single,single campus,1.0,
461847,041803,Keser Torah-Mayan Hatalmud,1,single,single campus,1.0,
449922,041806,Appalachian College of Pharmacy,1,single,single campus,1.0,
461856,041812,Southern California Health Institute,1,single,single campus,1.0,
461865,041814,Best Care College,1,single,single campus,1.0,
483373,041816,Integrity College of Health,1,single,single campus,1.0,
461874,041821,First Class Cosmetology School,1,single,single campus,1.0,
460756,041822,Hawaii Medical College,1,single,single campus,1.0,
461883,041825,Millennia Atlantic University,1,single,single campus,1.0,
490054,041826,HCI College,2,mixed,name similarity,0.468,
49005401,041826,HCI College - Fort Lauderdale Campus,2,mixed,name similarity,0.468,
481100,041830,Top Nails & Hair Beauty School,1,single,single campus,1.0,
457192,041831,Washington Barber College Inc,1,single,single campus,1.0,
461892,041833,Abcott Institute,1,single,single campus,1.0,
460987,041834,The Salon Professional Academy,1,single,single campus,1.0,
461908,041836,The Salon Professional Academy-Kenosha,1,single,single campus,1.0,
461917,041840,Paul Mitchell the School-Indianapolis,1,single,single campus,1.0,Paul Mitchell Advanced Education
461926,041842,Taylor Andrews Academy-St George,1,single,single campus,1.0,
475468,041845,Christine Valmy International School of Esthetics & Cosmetology,1,single,single campus,1.0,
461944,041847,Protege Academy,2,cohesive,name similarity,1.0,
487083,041847,Protege Academy,2,cohesive,name similarity,1.0,
461962,041851,Northeast Technical Institute,1,single,single campus,1.0,
476595,041856,Medical Allied Career Center,1,single,single campus,1.0,
461999,041859,Elite School of Cosmetology,1,single,single campus,1.0,
462008,041863,Paul Mitchell the School-Las Vegas,1,single,single campus,1.0,Paul Mitchell Advanced Education
462017,041866,Summit Salon Academy-Kokomo,1,single,single campus,1.0,
462336,041869,International College of Beauty Arts & Sciences,1,single,single campus,1.0,
101277,041872,New Beginning College of Cosmetology,1,single,single campus,1.0,
401764,041874,John Amico School of Hair Design,1,single,single campus,1.0,
180090,041877,Crevier's Academy of Cosmetology Arts,1,single,single campus,1.0,
480888,041878,CyberTex Institute of Technology,1,single,single campus,1.0,
462035,041883,Florida Academy,1,single,single campus,1.0,
476601,041884,Bais HaMedrash and Mesivta of Baltimore,1,single,single campus,1.0,
475431,041887,ASI Career Institute,1,single,single campus,1.0,
462044,041888,Institute for Doctoral Studies in the Visual Arts,1,single,single campus,1.0,
476610,041890,Barber & Beauty Institute of New York,1,single,single campus,1.0,
476629,041891,Salon Institute-Toledo Campus,2,cohesive,name similarity,0.806,
47662901,041891,Salon Institute - Columbus Campus,2,cohesive,name similarity,0.806,
475653,041894,Reflections Academy of Beauty,1,single,single campus,1.0,
462053,041896,State Career College,1,single,single campus,1.0,
480781,041897,California Miramar University,1,single,single campus,1.0,
462062,041898,Academy for Salon Professionals,1,single,single campus,1.0,
475404,041905,New York School of Esthetics & Day Spa,1,single,single campus,1.0,
481128,041908,Santa Ana Beauty College,1,single,single campus,1.0,
475705,041913,Annenberg School of Nursing,2,cohesive,one system,0.783,Los Angeles Jewish Home
47570501,041913,Annenberg School of Nursing -  Los Angeles,2,cohesive,one system,0.783,Los Angeles Jewish Home
475723,041915,Tooele Technical College,1,single,single campus,1.0,Utah System of Higher Education
462071,041919,Paul Mitchell the School-Spokane,1,single,single campus,1.0,Paul Mitchell Advanced Education
475714,041921,American Medical Academy,1,single,single campus,1.0,
476683,041922,Athena Career Academy,1,single,single campus,1.0,
476692,041924,Yeshiva Gedolah Zichron Leyma,1,single,single campus,1.0,
476708,041927,The Barber School,1,single,single campus,1.0,
476717,041928,Be'er Yaakov Talmudic Seminary,1,single,single campus,1.0,
476726,041930,Rio Grande Valley College,1,single,single campus,1.0,
476735,041931,Alexander Academy,1,single,single campus,1.0,
475495,041932,Rocky Mountain University of Health Professions,1,single,single campus,1.0,
462354,041937,John Paul the Great Catholic University,1,single,single campus,1.0,
486150,041940,Treasure Coast Technical College,1,single,single campus,1.0,
485342,041942,Aparicio-Levy Technical College,1,single,single campus,1.0,Hillsborough Technical Education Centers
443599,041944,American College of Healthcare Sciences,1,single,single campus,1.0,
476753,041945,Aveda Institute-Tucson,3,cohesive,one system,0.792,Aveda Institute
484899,041945,Aveda Institute-Phoenix,3,cohesive,one system,0.792,Aveda Institute
499334,041945,Aveda Institute Tucson-Avondale,3,cohesive,one system,0.792,Aveda Institute
479992,041946,Brand College,1,single,single campus,1.0,
420723,041949,Tillamook Bay Community College,1,single,single campus,1.0,
476780,041952,Diamond Beauty College,1,single,single campus,1.0,
476799,041954,Unitek College,2,cohesive,one system,1.0,Unitek Information Systems
479424,041954,Unitek College,2,cohesive,one system,1.0,Unitek Information Systems
476805,041975,University Academy of Hair Design,1,single,single campus,1.0,
476814,041976,Florida Institute of Recording Sound and Technology,1,single,single campus,1.0,
476841,042031,Paul Mitchell the School-Reno,1,single,single campus,1.0,
476850,042032,Boise Barber College,1,single,single campus,1.0,
475015,042033,Aveda Institute-Des Moines,1,single,single campus,1.0,
440402,042034,Arkansas State University-Newport,1,single,single campus,1.0,Arkansas State University System
476869,042035,Austin Kade Academy,1,single,single campus,1.0,
483577,042036,Franklin Hair Academy School of Cosmetology,1,single,single campus,1.0,
480994,042040,Aspen Beauty Academy of Laurel,1,single,single campus,1.0,
476878,042043,Aesthetic Science Institute,1,single,single campus,1.0,
476887,042045,Elaine Sterling Institute,2,cohesive,name similarity,0.847,
501567,042045,Elaine Sterling Institute-Dunwoody,2,cohesive,name similarity,0.847,
475556,042047,Paul Mitchell the School-Raleigh,1,single,single campus,1.0,Paul Mitchell Advanced Education
486169,042048,American College of Barbering,2,cohesive,name similarity,0.841,
48616901,042048,American College of Barbering - Florence,2,cohesive,name similarity,0.841,
476896,042052,Wade Gordon Hairdressing Academy,3,cohesive,name similarity,0.877,
487065,042052,Wade Gordon Hairdressing Academy-Lubbock,3,cohesive,name similarity,0.877,
499608,042052,Wade Gordon Hairdressing Academy-Oklahoma,3,cohesive,name similarity,0.877,
476902,042053,Mitsu Sato Hair Academy,1,single,single campus,1.0,
475574,042055,Lil Lou's Beauty and Barber College,3,cohesive,name similarity,0.843,
494029,042055,Lil Lou's Beauty and Barber College-Hammond,3,cohesive,name similarity,0.843,
500157,042055,Lil Lou's Beauty and Barber College - South Bend,3,cohesive,name similarity,0.843,
448691,042061,International Institute for Restorative Practices,1,single,single campus,1.0,
476939,042063,FVI School of Nursing and Technology,1,single,single campus,1.0,
481155,042064,Helms College,1,single,single campus,1.0,
480037,042065,MyComputerCareer at Raleigh,1,single,single campus,1.0,MyComputerCareer.com Inc.
452887,042067,Elite Welding Academy LLC,2,cohesive,one system,0.759,United Group Services.
496371,042067,Elite Welding Academy South Point,2,cohesive,one system,0.759,United Group Services.
479974,042068,Advance Beauty Techs Academy,1,single,single campus,1.0,
480727,042070,School of Missionary Aviation Technology,1,single,single campus,1.0,
486017,042074,Yeshiva Ohr Yisrael,1,single,single campus,1.0,
479965,042075,MCI Institute of NJ,1,single,single campus,1.0,
481182,042081,Ukiah Adult School,1,single,single campus,1.0,
481191,042084,Riverside County Office of Education-School of Career Education,1,single,single campus,1.0,
475033,042086,Relay Graduate School of Education,18,cohesive,name similarity,0.739,
47503301,042086,Relay Graduate School of Education - Newark,18,cohesive,name similarity,0.739,
47503302,042086,Relay Graduate School of Education - New Orleans,18,cohesive,name similarity,0.739,
47503303,042086,Relay Graduate School of Education - Delaware,18,cohesive,name similarity,0.739,
47503304,042086,Relay Graduate School of Education - Memphis,18,cohesive,name similarity,0.739,
47503305,042086,Relay Graduate School of Education - Houston,18,cohesive,name similarity,0.739,
47503306,042086,Relay Graduate School of Education - Chicago,18,cohesive,name similarity,0.739,
47503307,042086,Relay Graduate School of Education - Baton Rouge,18,cohesive,name similarity,0.739,
47503308,042086,Relay Graduate School of Education - Philadelphia & Camden,18,cohesive,name similarity,0.739,
47503309,042086,Relay Graduate School of Education - Denver,18,cohesive,name similarity,0.739,
47503310,042086,Relay Graduate School of Education - Nashville,18,cohesive,name similarity,0.739,
47503311,042086,Relay Graduate School of Education - San Antonio,18,cohesive,name similarity,0.739,
47503312,042086,Relay Graduate School of Education - Dallas-Fort Worth,18,cohesive,name similarity,0.739,
47503313,042086,Relay Graduate School of Education - Washington D.C,18,cohesive,name similarity,0.739,
47503314,042086,Relay Graduate School of Education - Atlanta,18,cohesive,name similarity,0.739,
47503315,042086,Relay Graduate School of Education - California,18,cohesive,name similarity,0.739,
47503316,042086,Relay Graduate School of Education - Indiana,18,cohesive,name similarity,0.739,
47503317,042086,Relay Graduate School of Education - Connecticut,18,cohesive,name similarity,0.739,
476975,042087,Colorado State University Global,1,single,single campus,1.0,Colorado State University System
480019,042089,Advanced Career Institute,1,single,single campus,1.0,
488891,042092,South Dade Technical College-South Dade Skills Center Campus,1,single,single campus,1.0,
476984,042093,Paul Mitchell the School-Overland Park,1,single,single campus,1.0,Paul Mitchell Advanced Education
480842,042095,Shear Finesse Beauty Academy,1,single,single campus,1.0,
481207,042096,Institute of Health Sciences,1,single,single campus,1.0,
480000,042098,Hinton Barber and Beauty College,1,single,single campus,1.0,
475565,042101,CUNY Stella and Charles Guttman Community College,1,single,single campus,1.0,City University of New York
481225,042102,Mid-South Christian College,1,single,single campus,1.0,
476993,042103,Medspa Academies,2,mixed,name similarity,0.444,
497310,042103,Medspa Academies-National Institute of Modern Aesthetics,2,mixed,name similarity,0.444,
486196,042104,Beth Medrash Meor Yitzchok,1,single,single campus,1.0,
481243,042107,New York Institute of Beauty,1,single,single campus,1.0,
481252,042108,Ultrasound Medical Institute,1,single,single campus,1.0,
480976,042110,The Salon Professional Academy-Huntsville,1,single,single campus,1.0,
477002,042112,Brighton Institute of Cosmetology,1,single,single campus,1.0,
455114,042118,College of Western Idaho,1,single,single campus,1.0,
481289,042119,Xavier College School of Nursing,1,single,single campus,1.0,
481298,042120,Lawrence & Company College of Cosmetology,1,single,single campus,1.0,
480879,042121,Academy of Salon Professionals,1,single,single campus,1.0,
486202,042124,Mingo Extended Learning Center,1,single,single campus,1.0,
481313,042132,Kaizen Beauty Academy,1,single,single campus,1.0,
483708,042134,Access Careers,2,cohesive,name similarity,0.757,
494904,042134,Access Careers-Islandia,2,cohesive,name similarity,0.757,
481331,042135,Sharp Edgez Barber Institute,2,cohesive,name similarity,0.848,
48133101,042135,Sharp Edgez Barber Institute - Buffalo,2,cohesive,name similarity,0.848,
481340,042138,The Salon Professional Academy-Nashville,1,single,single campus,1.0,
481368,042145,Prestige Health & Beauty Sciences Academy,1,single,single campus,1.0,
483726,042147,Luckes Beauty Academy LLC,1,single,single campus,1.0,
483735,042150,Total Transformation Institute of Cosmetology,1,single,single campus,1.0,
481386,042151,California Career Institute,1,single,single campus,1.0,
483744,042152,Vibe Barber College,1,single,single campus,1.0,
481401,042154,Grace School of Theology,1,single,single campus,1.0,
483753,042155,Champ's Barber School,3,cohesive,name similarity,0.84,
499033,042155,Champ's Barber School-Lebanon,3,cohesive,name similarity,0.84,
500892,042155,Champ's Barber School-York,3,cohesive,name similarity,0.84,
407498,042158,Maplewood Area Joint Vocational School,1,single,single campus,1.0,
481410,042159,Yeshiva Gedolah Kesser Torah,1,single,single campus,1.0,
481429,042160,Universal Training Institute,1,single,single campus,1.0,
481438,042161,Yeshiva Yesodei Hatorah,1,single,single campus,1.0,
481447,042165,Center for the Healing Arts,1,single,single campus,1.0,
481456,042168,Bonnie Joseph Academy of Cosmetology & Barbering,1,single,single campus,1.0,
486239,042169,San Ignacio University,1,single,single campus,1.0,
481465,042170,Healthcare Training Institute,1,single,single campus,1.0,
485403,042174,High Tech High Graduate School of Education,1,single,single campus,1.0,
481474,042175,J D Academy of Salon and Spa,1,single,single campus,1.0,
475839,042176,Sessions College,1,single,single campus,1.0,
481483,042178,Boca Beauty Academy,2,cohesive,name similarity,0.809,
489238,042178,Boca Beauty Academy-Parkland,2,cohesive,name similarity,0.809,
480985,042183,Midwives College of Utah,1,single,single campus,1.0,
481517,042184,SPBK Enterprises Inc,1,single,single campus,1.0,
483106,042185,Innovate Salon Academy,3,cohesive,name similarity,1.0,
492731,042185,Innovate Salon Academy,3,cohesive,name similarity,1.0,
499130,042185,Innovate Salon Academy,3,cohesive,name similarity,1.0,
480790,042189,Rocky Vista University,2,cohesive,name similarity,0.863,
48079001,042189,Rocky Vista University - Utah,2,cohesive,name similarity,0.863,
483780,042190,Washington University of Science and Technology,1,single,single campus,1.0,
483425,042191,Alexander Paul Institute of Hair Design,1,single,single campus,1.0,
483799,042193,East-West Healing Arts Institute,2,cohesive,name similarity,0.842,
48379901,042193,East-West Healing Arts Institute - Milwaukee,2,cohesive,name similarity,0.842,
496627,042198,California Northstate University,1,single,single campus,1.0,
480921,042200,Designer Barber & Stylist School,2,cohesive,name similarity,0.97,
48092101,042200,Designer Barber & Stylist School -,2,cohesive,name similarity,0.97,
483470,042202,More Tech Institute,1,single,single campus,1.0,
481526,042204,The Chrysm Institute of Esthetics,2,cohesive,name similarity,0.744,
48152601,042204,Chrysm Institute of Esthetics (The) - Hampton,2,cohesive,name similarity,0.744,
487773,042205,Butte County Regional Occupational Program,1,single,single campus,1.0,
481535,042206,Sanford Burnham Prebys Medical Discovery Institute,1,single,single campus,1.0,
483814,042210,Standard Healthcare Services-College of Nursing,1,single,single campus,1.0,
483823,042213,Philadelphia Technician Training,1,single,single campus,1.0,
482176,042214,Paul Mitchell the School-Denver,1,single,single campus,1.0,Paul Mitchell Advanced Education
486248,042217,ZMS The Academy,1,single,single campus,1.0,
487791,042220,Arclabs,1,single,single campus,1.0,
483230,042222,The Fab School,1,single,single campus,1.0,
482194,042231,ARROJO Academy,1,single,single campus,1.0,
483850,042233,Alliance Computing Solutions,1,single,single campus,1.0,
483869,042234,InterAmerican Technical Institute,1,single,single campus,1.0,
482246,042235,Lynnes Welding Training,3,cohesive,name similarity,0.836,
48224601,042235,Lynnes Welding Training - Ramsey,3,cohesive,name similarity,0.836,
48224602,042235,Lynnes Welding Training-Bismarck,3,cohesive,name similarity,0.836,
482185,042236,Academy of Interactive Entertainment,1,single,single campus,1.0,
483878,042237,Bay Area Medical Academy,2,cohesive,name similarity,0.615,
48387801,042237,Bay Area Medical Academy - San Jose Satellite Location,2,cohesive,name similarity,0.615,
483382,042238,Electrical and HVAC/R Training Center,1,single,single campus,1.0,
483887,042239,Mind Body Institute,1,single,single campus,1.0,
482200,042241,Cosmetology Academy of Texarkana,1,single,single campus,1.0,
481571,042242,Belle Academy of Cosmetology LLC,1,single,single campus,1.0,
486257,042243,Valor Christian College,1,single,single campus,1.0,
483258,042244,Networks Barber College,2,cohesive,name similarity,1.0,
48325801,042244,Networks Barber College,2,cohesive,name similarity,1.0,
482167,042245,Trenz Beauty Academy,1,single,single campus,1.0,
483054,042246,Barber School of Pittsburgh,1,single,single campus,1.0,
483276,042247,JB's Hair Design and Barber College,1,single,single campus,1.0,
488800,042248,Teachers College of San Joaquin,1,single,single campus,1.0,
480967,042249,College of the Muscogee Nation,1,single,single campus,1.0,
483896,042250,Parisian Spa Institute,1,single,single campus,1.0,
483911,042253,Creative Touch Cosmetology School,1,single,single campus,1.0,
485801,042255,Westchester School for Medical & Dental Assistants,1,single,single campus,1.0,
483920,042257,LaBarberia Institute of Hair,1,single,single campus,1.0,
483948,042260,Bos-Man's Barber College,1,single,single campus,1.0,
483957,042261,Lawrence & Company College of Cosmetology,1,single,single campus,1.0,
483346,042263,Barber and Beauty Academy of Pennsylvania,1,single,single campus,1.0,
481003,042264,M T Training Center,2,cohesive,name similarity,0.783,
48100301,042264,MT Training Center - Humble,2,cohesive,name similarity,0.783,
483975,042267,Alabama College of Osteopathic Medicine,1,single,single campus,1.0,
491464,042270,ABC Adult School,2,cohesive,name similarity,0.667,
49146401,042270,ABC Adult School - Cabrillo Lane,2,cohesive,name similarity,0.667,
490081,042271,America Evangelical University,1,single,single campus,1.0,
485999,042272,Bet Medrash Gadol Ateret Torah,1,single,single campus,1.0,
135559,042275,Merryfield Academy,1,single,single campus,1.0,
486284,042278,Bethany Global University,1,single,single campus,1.0,
484002,042281,High Desert Medical College,3,cohesive,one system,0.806,Legacy Education LLC
48400201,042281,High Desert Medical College - Bakerfield,3,cohesive,one system,0.806,Legacy Education LLC
48400202,042281,High Desert Medical College - Temecula,3,cohesive,one system,0.806,Legacy Education LLC
484011,042283,Paul Mitchell the School-Schenectady,2,cohesive,one system,0.711,Paul Mitchell The School
495369,042283,Paul Mitchell the School-Fort Lauderdale,2,cohesive,one system,0.711,Paul Mitchell The School
484020,042284,Beyond Measure Barbering Institute,1,single,single campus,1.0,
487807,042286,Top of the Line Barber College,1,single,single campus,1.0,
490896,042291,Advantage Career Institute,1,single,single campus,1.0,
484057,042292,Jupiter Beauty Academy,1,single,single campus,1.0,
484066,042293,MedQuest College,1,single,single campus,1.0,
487816,042294,Midfield Institute of Cosmetology,1,single,single campus,1.0,
483036,042295,Texas A&M University-Central Texas,1,single,single campus,1.0,Texas A&M University System
484075,042297,First Coast Barber Academy,1,single,single campus,1.0,
490090,042298,Gadsden Technical College,1,single,single campus,1.0,
484084,042299,Debutantes School of Cosmetology and Nail Technology,1,single,single campus,1.0,
484871,042301,Rabbinical College Ohr Yisroel,1,single,single campus,1.0,
484093,042302,Paul Mitchell the School-Farmington Hills,1,single,single campus,1.0,Excel Salon Products Incorporated
484109,042303,Paul Mitchell the School-Merrillville,1,single,single campus,1.0,Paul Mitchell Advanced Education
172680,042305,Paul Mitchell the School-Grand Rapids,1,single,single campus,1.0,Paul Mitchell Advanced Education
484127,042309,TIGI Hairdressing Academy Newtown,1,single,single campus,1.0,
485476,042310,Studio Beauty School,1,single,single campus,1.0,
483513,042312,Neecee's Barber College,1,single,single campus,1.0,
484136,042313,Yahweh Beauty Academy,1,single,single campus,1.0,
486026,042315,Yeshiva Sholom Shachna,1,single,single campus,1.0,
482981,042319,Alamo City Barber College,1,single,single campus,1.0,
485856,042320,Studio Incamminati,1,single,single campus,1.0,
486345,042323,HVAC Technical Institute,1,single,single campus,1.0,
488776,042328,John Patrick University of Health and Applied Sciences,1,single,single campus,1.0,
484163,042331,Arizona School of Integrative Studies,1,single,single campus,1.0,
486354,042332,United International College,1,single,single campus,1.0,
484172,042334,Lee Professional Institute,1,single,single campus,1.0,
189990,042337,Christine Valmy International School for Esthetics Skin Care & Makeup,1,single,single campus,1.0,
485768,042339,Atlantis University,1,single,single campus,1.0,
486372,042340,San Francisco Film School,1,single,single campus,1.0,
486381,042342,Center for Ultrasound Research & Education,1,single,single campus,1.0,
484190,042346,Park Place Premier Barber School,1,single,single campus,1.0,
486406,042348,Randolph Technical Center,1,single,single campus,1.0,
486415,042349,AMG School of Nursing,1,single,single campus,1.0,
487861,042350,Felbry College,1,single,single campus,1.0,
491473,042353,Polytech Adult Education,1,single,single campus,1.0,
486424,042354,Saint Michael College of Allied Health,1,single,single campus,1.0,
483559,042359,Bella Cosmetology and Barber College,1,single,single campus,1.0,
486442,042364,Sandra Academy of Salon Services,1,single,single campus,1.0,
485236,042368,Fountain of Youth Academy of Cosmetology,1,single,single campus,1.0,
484206,042371,The Salon Professional Academy-San Jose,1,single,single campus,1.0,
193380,042372,Montefiore School of Nursing,1,single,single campus,1.0,
487889,042377,Regional Center for Border Health,1,single,single campus,1.0,
486497,042378,California Barber and Beauty College,1,single,single campus,1.0,
486503,042382,Laredo CHI Academy Beauty School,1,single,single campus,1.0,
486512,042384,Florida International Training Institute,1,single,single campus,1.0,
486530,042386,Gould's Academy,2,cohesive,name similarity,1.0,
493150,042386,Gould's Academy,2,cohesive,name similarity,1.0,
484923,042387,Dermal Science International Aesthetics and Nail Academy,1,single,single campus,1.0,
500388,042393,Virginia Barber School,1,single,single campus,1.0,
490106,042395,Virginia University of Integrative Medicine,3,cohesive,name similarity,0.869,
49010601,042395,Virginia University of Integrative Medicine - New Jersey,3,cohesive,name similarity,0.869,
49010602,042395,Virginia University of Integrative Medicine - Georgia,3,cohesive,name similarity,0.869,
487904,042396,Kentucky Horseshoeing School,1,single,single campus,1.0,
485360,042397,Graduate America,1,single,single campus,1.0,
486558,042402,Aviation Institute of Maintenance-Fremont,1,single,single campus,1.0,"Technical Education Services, Inc"
483595,042404,Ana G. Mendez University,1,single,single campus,1.0,Sistema Universitario Ana G. Mendez
486567,042405,Paul Mitchell the School-Tulsa,1,single,single campus,1.0,Paul Mitchell Advanced Education
487922,042407,Image Maker Beauty Institute,1,single,single campus,1.0,
181543,042408,Summit Christian College,1,single,single campus,1.0,
486576,042409,PPG Technical College,1,single,single campus,1.0,
486619,042418,Academy of Professional Cosmetology,1,single,single campus,1.0,
485485,042420,Latin Beauty Academy,1,single,single campus,1.0,
484905,042421,University of North Texas at Dallas,1,single,single campus,1.0,University of North Texas System
487959,042423,Dalton Institute of Esthetics and Cosmetology,1,single,single campus,1.0,
485494,042425,Associated Barber College of San Diego,1,single,single campus,1.0,
485500,042426,ABCO Technology,1,single,single campus,1.0,
487968,042428,CAAN Academy of Nursing,1,single,single campus,1.0,
487977,042429,Martinsburg College,1,single,single campus,1.0,
487995,042431,Alhambra Medical University,1,single,single campus,1.0,
488004,042432,Central Yeshiva Beth Joseph,1,single,single campus,1.0,
488013,042433,Garden State Science and Technology Institute,1,single,single campus,1.0,
485519,042434,Lionel University,1,single,single campus,1.0,
488022,042435,Barber Tech Academy,2,cohesive,name similarity,0.809,
499723,042435,Barber Tech Academy-Columbia,2,cohesive,name similarity,0.809,
488031,042438,Abraham Lincoln University,1,single,single campus,1.0,
485546,042440,California Intercontinental University,1,single,single campus,1.0,
483018,042443,Antioch College,1,single,single campus,1.0,
492023,042446,Americare Technical School,1,single,single campus,1.0,
488059,042447,Med College,1,single,single campus,1.0,
488077,042449,Sonoran Desert Institute,1,single,single campus,1.0,
488086,042450,Northwest Suburban College,1,single,single campus,1.0,
485564,042454,Infinity College,1,single,single campus,1.0,
485573,042455,Universal Healthcare Careers College,1,single,single campus,1.0,
488110,042458,Natural Images Beauty College,1,single,single campus,1.0,
490115,042461,Nashville Film Institute,1,single,single campus,1.0,
490470,042465,Massage Institute of Memphis,1,single,single campus,1.0,
488129,042466,Textures Institute of Cosmetology,1,single,single campus,1.0,
488138,042467,Williams Technical College,1,single,single campus,1.0,
495013,042472,Western Maricopa Education Center,4,cohesive,name similarity,0.776,
49501301,042472,Western Maricopa Education Center - Southwest Campus,4,cohesive,name similarity,0.776,
49501302,042472,Western Maricopa Education Center - Northeast Campus,4,cohesive,name similarity,0.776,
49501303,042472,Western Maricopa Education Center - Northwest Campus,4,cohesive,name similarity,0.776,
488174,042474,Ea La Mar's Cosmetology & Barber College,1,single,single campus,1.0,
488183,042477,Regina Webb Academy,1,single,single campus,1.0,
485953,042480,The Recording Conservatory of Austin,1,single,single campus,1.0,
488192,042482,DeHart Technical School,1,single,single campus,1.0,
487658,042484,Academy of Interactive Entertainment,1,single,single campus,1.0,
459949,042485,Texas A&M University-San Antonio,1,single,single campus,1.0,Texas A&M University System
490489,042487,Metro Detroit Barber College,1,single,single campus,1.0,
488907,042488,Wongu University of Oriental Medicine,1,single,single campus,1.0,
485962,042489,VH Barber & Styling Academy,1,single,single campus,1.0,
488217,042490,Medical Career & Technical College,1,single,single campus,1.0,
485874,042493,Salon Boutique Academy,1,single,single campus,1.0,
488226,042494,Center for Neurosomatic Studies,1,single,single campus,1.0,
490133,042496,Westcliff University,1,single,single campus,1.0,
485607,042498,Dolce The Academy,1,single,single campus,1.0,
491525,042500,Union Bible College,1,single,single campus,1.0,
125037,042501,The Colleges of Law at Ventura,2,cohesive,one system,0.818,The Santa Barbara and Ventura Colleges of Law
475228,042501,The Colleges of Law at Santa Barbara,2,cohesive,one system,0.818,The Santa Barbara and Ventura Colleges of Law
488253,042502,Focus Personal Training Institute,1,single,single campus,1.0,
488262,042503,Hair Academy School of Barbering & Beauty,1,single,single campus,1.0,
488280,042505,National Personal Training Institute,2,cohesive,name similarity,0.923,
490018,042505,National Personal Training Institute-Tampa,2,cohesive,name similarity,0.923,
487649,042506,California Institute of Advanced Management,1,single,single campus,1.0,
488299,042508,Mission Beauty Institute,1,single,single campus,1.0,
242723,042509,Inter American University of Puerto Rico-School of Law,1,single,single campus,1.0,Universidad Interamericana de Puerto Rico
404222,042510,Inter American University of Puerto Rico-School of Optometry,1,single,single campus,1.0,Universidad Interamericana de Puerto Rico
407610,042513,Pacific Bible College,1,single,single campus,1.0,
488305,042514,Elim Bible College,1,single,single campus,1.0,
488314,042515,Beth Medrash of Asbury Park,1,single,single campus,1.0,
488332,042517,Hope College of Arts and Sciences,1,single,single campus,1.0,
488350,042520,Yeshiva Gedolah Shaarei Shmuel,1,single,single campus,1.0,
488369,042523,Premier Barber Institute,1,single,single campus,1.0,
490142,042524,World Class Academy of Beauty Careers,1,single,single campus,1.0,
457484,042527,Pacific Rim Christian University,1,single,single campus,1.0,
488378,042529,International Beauty Education Center,1,single,single campus,1.0,
489201,042534,Clovis Community College,1,single,single campus,1.0,California Community College System
488387,042536,Claremont Lincoln University,1,single,single campus,1.0,
490160,042537,Sacramento Ultrasound Institute,1,single,single campus,1.0,
492078,042538,Chicago Professional Center,1,single,single campus,1.0,
488396,042540,Phipps Academy of Barbering,2,cohesive,name similarity,0.844,
48839601,042540,Phipps Academy of Barbering - Bradley,2,cohesive,name similarity,0.844,
497499,042541,Technology Learning Center,1,single,single campus,1.0,
242617,042542,Inter American University of Puerto Rico-San German,1,single,single campus,1.0,Universidad Interamericana de Puerto Rico
491534,042543,Pets Playground Grooming School,1,single,single campus,1.0,
420538,042544,Arkansas State University-Mountain Home,1,single,single campus,1.0,Arkansas State University System
490692,042549,Cincinnati School of Barbering & Hair Design,1,single,single campus,1.0,
488411,042553,Hoss Lee Academy,1,single,single campus,1.0,
490197,042554,Regan Career Institute,1,single,single campus,1.0,
488916,042555,Alabama School of Nail Technology & Cosmetology,2,cohesive,name similarity,0.895,
48891601,042555,Alabama School of Nail Technology & Cosmetology - Saraland,2,cohesive,name similarity,0.895,
490203,042557,Bolivar Technical College,1,single,single campus,1.0,
488420,042561,Indiana Wellness College,1,single,single campus,1.0,
488439,042562,Kenny's Academy of Barbering,1,single,single campus,1.0,
491543,042564,San Bernardino Beauty College,1,single,single campus,1.0,
490221,042566,MAK Beauty Institute,1,single,single campus,1.0,
488527,042568,Arkansas Colleges of Health Education,1,single,single campus,1.0,
490249,042578,Mobile Technical Training,1,single,single campus,1.0,
490258,042579,American Barber and Beauty Academy,1,single,single campus,1.0,
488448,042580,Seattle Film Institute,1,single,single campus,1.0,
491552,042582,Christina and Company Education Center,1,single,single campus,1.0,
493488,042585,Premiere International College,1,single,single campus,1.0,
490276,042590,Yeshiva Shaar Ephraim,1,single,single campus,1.0,
488554,042593,Burrell College of Osteopathic Medicine,1,single,single campus,1.0,
490285,042598,California Institute of Arts & Technology,1,single,single campus,1.0,
491570,042600,Institute of Medical Ultrasound,1,single,single campus,1.0,
490294,042602,Elite Cosmetology Barber & Spa Academy,1,single,single campus,1.0,
490300,042604,Cutting Edge Academy,1,single,single campus,1.0,
490498,042605,Digital Media Institute,1,single,single campus,1.0,
491589,042609,Mystros Barber Academy,2,cohesive,name similarity,0.733,
49158901,042609,Mystros Barber Academy - Missouri City,2,cohesive,name similarity,0.733,
490319,042612,Yeshiva Bais Aharon,1,single,single campus,1.0,
491598,042613,European Medical School of Massage,1,single,single campus,1.0,
490328,042615,Mechon L'hoyroa,1,single,single campus,1.0,
490346,042622,Elyon College,1,single,single campus,1.0,
490373,042629,Western Michigan University Homer Stryker M.D. School of Medicine,1,single,single campus,1.0,
490382,042630,Harmony Health Care Institute,1,single,single campus,1.0,
482936,042634,Florida Polytechnic University,1,single,single campus,1.0,State University System of Florida
490391,042635,American Beauty and Trade School,1,single,single campus,1.0,
488730,042636,Northeast Lakeview College,1,single,single campus,1.0,Alamo Colleges
497480,042637,Reach University,1,single,single campus,1.0,
491613,042644,Yeshiva Gedolah Tiferes Boruch,1,single,single campus,1.0,
490504,042645,Yeshiva Ohr Naftoli,1,single,single campus,1.0,
490407,042646,Hogan Institute of Cosmetology and Esthetics,1,single,single campus,1.0,
490416,042648,J's Barber College,1,single,single campus,1.0,
491622,042649,Yeshiva Chemdas Hatorah,1,single,single campus,1.0,
491631,042652,Women's Institute of Torah Seminary and College,1,single,single campus,1.0,
491640,042653,Yeshiva Gedolah Keren Hatorah,1,single,single campus,1.0,
490425,042654,Ann Webb Skin Institute,1,single,single campus,1.0,
491659,042655,ICOHS College,1,single,single campus,1.0,
493512,042657,San Diego Global Knowledge University,1,single,single campus,1.0,
491057,042659,Yeshiva Kollel Tifereth Elizer,1,single,single campus,1.0,
490513,042660,Bais Medrash Mayan Hatorah,1,single,single campus,1.0,
490434,042661,Apex Academy Hair Skin Nails School of Cosmetology,1,single,single campus,1.0,
491242,042663,Johnny Matthew's Hairdressing Training School,1,single,single campus,1.0,
489256,042668,Caribbean Aviation Training Institute Inc,1,single,single campus,1.0,
493895,042669,SANS Technology Institute,1,single,single campus,1.0,
491668,042670,Neo-Esthetique European Institute,1,single,single campus,1.0,
491233,042671,Unlimited Cosmetology School,1,single,single campus,1.0,
490522,042672,Allgood Beauty Institute,1,single,single campus,1.0,
491677,042673,Lehigh Valley Barber School,1,single,single campus,1.0,
491686,042675,International Barber College,1,single,single campus,1.0,
490443,042677,The Esthetic Institute,1,single,single campus,1.0,
128586,042678,Bais Binyomin Academy,1,single,single campus,1.0,
491695,042679,Brown Beauty Barber School,1,single,single campus,1.0,
490531,042681,Ray J's College of Hair,1,single,single campus,1.0,
491701,042683,Rexburg College of Massage Therapy,1,single,single campus,1.0,
493521,042690,Global Tech College,1,single,single campus,1.0,
491710,042693,Yeshiva Gedolah of Cliffwood,1,single,single campus,1.0,
491747,042697,UR Beauty & Barber Academy,2,cohesive,name similarity,0.634,
500537,042697,UR Beauty & Barber Academy-At True Family Barber Academy,2,cohesive,name similarity,0.634,
490717,042698,L Makeup Institute,1,single,single campus,1.0,
491756,042700,Urban Barber College,3,cohesive,name similarity,0.784,
49175601,042700,Urban Barber College - San Jose,3,cohesive,name similarity,0.784,
49175602,042700,Urban Barber College -  Modesto,3,cohesive,name similarity,0.784,
491765,042703,Yeshivas Emek Hatorah,1,single,single campus,1.0,
491774,042704,Transitions Career Institute School of Nursing,1,single,single campus,1.0,
493549,042707,McAllen Careers Institute,1,single,single campus,1.0,
491783,042708,Wilton Simpson Technical College,2,cohesive,name similarity,1.0,
49178301,042708,Wilton Simpson Technical College,2,cohesive,name similarity,1.0,
491792,042710,Stacey James Institute,1,single,single campus,1.0,
491808,042711,Meridian University,1,single,single campus,1.0,
491817,042712,Seminary Bnos Chaim,1,single,single campus,1.0,
491826,042716,Avenue Academy A Cosmetology Institute,1,single,single campus,1.0,
491835,042717,Salon Professional Academy of San Antonio,1,single,single campus,1.0,
491844,042718,Red Lake Nation College,1,single,single campus,1.0,
493974,042719,College of Athens,1,single,single campus,1.0,
491853,042721,Princess Institute of Beauty,1,single,single campus,1.0,
490744,042724,Northern Technical College,1,single,single campus,1.0,
491871,042726,Vogue International Academy,1,single,single campus,1.0,
491880,042728,Independent Training & Apprenticeship Program,1,single,single campus,1.0,
189255,042732,Berkowits School of Electrolysis,1,single,single campus,1.0,
491899,042733,Victory Career College,1,single,single campus,1.0,
498331,042734,San Francisco School of Massage & Bodywork,1,single,single campus,1.0,
491905,042735,Winonah's International School of Cosmetology,1,single,single campus,1.0,
493567,042736,Bellasa Professional Institute,1,single,single campus,1.0,
491914,042738,Yeshiva Gedola Tiferes Yerachmiel,1,single,single campus,1.0,
491923,042739,Southeastern Esthetics Institute,1,single,single campus,1.0,
233602,042740,Southeastern Free Will Baptist Bible College,1,single,single campus,1.0,
491075,042741,Arkansas Welding Academy,1,single,single campus,1.0,
491941,042743,Caris College,1,single,single campus,1.0,
491066,042745,Strand Institute of Beauty & Esthetics,1,single,single campus,1.0,
491260,042747,Centralia Beauty College,1,single,single campus,1.0,
111045,042748,Haven University,1,single,single campus,1.0,
491950,042749,Contra Costa Medical Career College,1,single,single campus,1.0,
493585,042750,Health and Technology Training Institute,1,single,single campus,1.0,
492139,042752,DSDT,1,single,single campus,1.0,
495101,042753,Zion Massage College,1,single,single campus,1.0,
495040,042754,Makana Esthetics Wellness Academy,1,single,single campus,1.0,
485926,042756,GA Beauty & Barber School,1,single,single campus,1.0,
491978,042759,Another Level Barbering and Cosmetology School,1,single,single campus,1.0,
488651,042760,Glitz School of Cosmetology,3,cohesive,name similarity,0.74,
500467,042760,Glitz School of Cosmetology -  Santa Fe Campus,3,cohesive,name similarity,0.74,
501628,042760,Glitz School of Cosmetology-Casa Grande Campus,3,cohesive,name similarity,0.74,
492069,042761,Champion Christian College,1,single,single campus,1.0,
491251,042764,The Culinary School of Fort Worth,1,single,single campus,1.0,
492935,042765,Global Medical & Technical Training Institute,1,single,single campus,1.0,
493594,042766,Yeshiva of Ocean,1,single,single campus,1.0,
491996,042767,The Salon Professional Academy-Georgetown,1,single,single campus,1.0,
492652,042768,KCK Beauty & Barber Academy,1,single,single campus,1.0,
493600,042769,Congregation Talmidei Mesivta Tiferes Shmiel Aleksander,1,single,single campus,1.0,
492005,042774,Elite Academy of Hair Design,1,single,single campus,1.0,
492661,042777,California College of Barbering and Cosmetology,1,single,single campus,1.0,
493628,042778,Pro Beauty Academy,2,cohesive,name similarity,0.643,
49362801,042778,Pro Beauty Academy (The) -  Kenilworth,2,cohesive,name similarity,0.643,
493637,042780,South Eastern Beauty Academy,1,single,single campus,1.0,
493646,042783,Ohel Margulia Seminary,1,single,single campus,1.0,
493664,042785,Yeshivat Hechal Shemuel,1,single,single campus,1.0,
474863,042788,Los Angeles Pacific University,1,single,single campus,1.0,
493673,042789,Professional University Dr. Carlos J. Borrero Rios,1,single,single campus,1.0,
493682,042790,American Institute of Healthcare & Technology,1,single,single campus,1.0,
493691,042793,Premier Academy of Cosmetology,1,single,single campus,1.0,
494630,042794,Christ Mission College,1,single,single campus,1.0,
493707,042796,Yeshiva Gedolah of Woodlake Village,1,single,single campus,1.0,
385415,042797,Albert Einstein College of Medicine,1,single,single campus,1.0,
490753,042798,Maine Media College,1,single,single campus,1.0,
494649,042799,Esteem Academy of Beauty,1,single,single campus,1.0,
495110,042800,Marine Trades Institute,1,single,single campus,1.0,
493716,042801,Yeshiva Gedola Tiferes Yaakov Yitzchok,1,single,single campus,1.0,
494658,042804,KC Beauty Academy,1,single,single campus,1.0,
494463,042805,Derech Hachaim Seminary,1,single,single campus,1.0,
492281,042806,GoodFellas Barber College,1,single,single campus,1.0,
492689,042808,Texas Tech University Health Scienes Center El Paso,1,single,single campus,1.0,Texas Tech University System
493743,042809,Houston Barber School,1,single,single campus,1.0,
493752,042810,Health-Tech Institute of Memphis,1,single,single campus,1.0,
493761,042811,MIXED Institute of Cosmetology & Barber,1,single,single campus,1.0,
488572,042814,California Health Sciences University,1,single,single campus,1.0,
493770,042815,Vski Cosmetology School,1,single,single campus,1.0,
112686,042817,Compton College,1,single,single campus,1.0,California Community College System
497471,042819,Personal Touch Beauty and Barber College,1,single,single campus,1.0,
500704,042821,Circle of Love Academy,1,single,single campus,1.0,
493798,042822,New York Seminary,1,single,single campus,1.0,
496636,042823,Antigua College International,1,single,single campus,1.0,
176433,042824,Vaughn Beauty College,1,single,single campus,1.0,
495129,042825,Austin Career Institute LLC,1,single,single campus,1.0,
500379,042826,High Alternative Education,1,single,single campus,1.0,
494685,042827,Urshan University,1,single,single campus,1.0,
485698,042830,American College of the Building Arts,1,single,single campus,1.0,
494694,042831,Texas Healthtech Institute,1,single,single campus,1.0,
493804,042832,Deluxe Barber College,1,single,single campus,1.0,
493868,042833,A Better U Beauty Barber Academy,1,single,single campus,1.0,
493813,042835,Falcon Institute of Health and Science,1,single,single campus,1.0,
493822,042836,College Unbound,2,mixed,name similarity,0.526,
49382201,042836,College Unbound - Newport/Aquidneck Island,2,mixed,name similarity,0.526,
423652,042837,Oregon Coast Community College,1,single,single campus,1.0,
495147,042840,Pacific Northwest Christian College,1,single,single campus,1.0,
117283,042843,Latin American Bible Institute,1,single,single campus,1.0,
495031,042846,Bais Medrash of Dexter Park,1,single,single campus,1.0,
494621,042850,Lotus Professional College,1,single,single campus,1.0,
500713,042851,Virginia Christian College,1,single,single campus,1.0,
495174,042853,Hollywood Cultural College,1,single,single campus,1.0,
495183,042855,Mariano Moreno Culinary Institute,1,single,single campus,1.0,
496645,042856,Burlington County Institute of Technology-Adult Education,2,cohesive,name similarity,0.966,
49664501,042856,Burlington County Institute of Technology - Adult Education -,2,cohesive,name similarity,0.966,
494986,042857,Apex College of Veterinary Technology,1,single,single campus,1.0,
493910,042859,Tuana European Beauty Academy,1,single,single campus,1.0,
497675,042861,Hair Academy,1,single,single campus,1.0,
494700,042863,Xtylo Beauty and Barber College,2,cohesive,name similarity,1.0,
498322,042863,Xtylo Beauty And Barber College,2,cohesive,name similarity,1.0,
494719,042865,Tonsorial Arts Barber College,1,single,single campus,1.0,
495192,042870,Alder Graduate School of Education,1,single,single campus,1.0,
495208,042871,Webb's Barber School of Arts,1,single,single campus,1.0,
494472,042872,Evvaylois Academy School of Beauty,1,single,single campus,1.0,
494728,042873,Michael's Barber & Hair Stylist Academy,1,single,single campus,1.0,
495217,042874,Adrian H. Wallace Barber Academy,1,single,single campus,1.0,
494737,042876,Yeshiva Yesoda Hatorah Vetz Chaim,1,single,single campus,1.0,
500397,042877,Aguilas International Technical Institute,1,single,single campus,1.0,
495226,042878,St. Louis Med Tech,1,single,single campus,1.0,
497189,042880,The Rapha School,1,single,single campus,1.0,
495235,042881,Total Beauty Institute,1,single,single campus,1.0,
495244,042889,Pearlands Innovative School of Beauty,1,single,single campus,1.0,
495253,042896,Durant Institute of Hair Design,1,single,single campus,1.0,
494995,042898,Meryma'at Barber College,1,single,single campus,1.0,
496654,042902,Sri Sai Krish Institute,1,single,single campus,1.0,
499866,042903,Atlantic Acting School,1,single,single campus,1.0,
495077,042905,Paul Mitchell the School-San Jose,1,single,single campus,1.0,
495262,042907,Premiere Aesthetics Institute,3,cohesive,name similarity,0.841,
499361,042907,Premiere Aesthetics Institute-Meridian,3,cohesive,name similarity,0.841,
501141,042907,Premiere Aesthetics Institute-Post Falls,3,cohesive,name similarity,0.841,
496043,042908,California University of Science and Medicine,1,single,single campus,1.0,
491215,042911,Commercial Divers International,1,single,single campus,1.0,
495280,042914,Indian Bible College,1,single,single campus,1.0,
501460,042915,University of North America,1,single,single campus,1.0,
496663,042916,Riggins Urban Barber College,2,cohesive,name similarity,0.824,
501707,042916,Riggins Urban Barber College-Palm Avenue,2,cohesive,name similarity,0.824,
496672,042917,Hair Arts Institute,1,single,single campus,1.0,
495299,042919,Florida Professional Institute,1,single,single campus,1.0,
496052,042921,Ruben's Five Star Academy,1,single,single campus,1.0,
496681,042923,Florida Academy of Nursing,1,single,single campus,1.0,
496690,042924,Body Wisdom Massage Therapy School,1,single,single campus,1.0,
496399,042929,Agape College of Business and Science,1,single,single campus,1.0,
488563,042930,California College of Music,1,single,single campus,1.0,
499875,042931,Mosdos Yaakov V'Yisroel,1,single,single campus,1.0,
495305,042932,The Professional Cosmetology Academy,1,single,single campus,1.0,
495314,042933,Hackensack Meridian School of Medicine,1,single,single campus,1.0,
495059,042934,Oak Valley College,1,single,single campus,1.0,
493956,042935,Cal Northern School of Law,1,single,single campus,1.0,
497718,042936,Academy for Jewish Religion,1,single,single campus,1.0,
496539,042937,The  Salon Professional Academy of Holland,1,single,single campus,1.0,
496478,042938,Motion Picture Institute,1,single,single campus,1.0,
497198,042942,Academy of Allied Health Careers,1,single,single campus,1.0,
497462,042943,Redeemers University North America,1,single,single campus,1.0,
498748,042945,CalCopa Massage School,1,single,single campus,1.0,
496715,042949,CTK Healthcare & Career Institute,1,single,single campus,1.0,
496724,042951,Aesthetics Institute,1,single,single campus,1.0,
500005,042952,Affinity Hair Academy,1,single,single campus,1.0,
495916,042953,Pathways College,1,single,single campus,1.0,
496751,042960,Institute of Allied Healthcare,1,single,single campus,1.0,
497046,042961,Madera Community College,1,single,single campus,1.0,California Community College System
497204,042962,Mei Barber School,1,single,single campus,1.0,
498757,042963,Medical Solutions Academy,1,single,single campus,1.0,
498340,042966,Chancellor Institute,1,single,single campus,1.0,
496733,042967,Sierra Academy of Style,1,single,single campus,1.0,
497453,042968,Jackson Theological Seminary,1,single,single campus,1.0,
500670,042969,University of Fairfax,1,single,single campus,1.0,
498359,042970,The Salon Professional Academy,1,single,single campus,1.0,
492148,042971,Elite Beauty College,1,single,single campus,1.0,
498766,042972,Sami Halaseh Institute,1,single,single campus,1.0,
497444,042973,Hello Gorgeous Barbers Stillwater's School of Barbering,1,single,single campus,1.0,
498368,042974,Studio 75 Hair Academy,1,single,single campus,1.0,
497213,042975,Great Northern University,1,single,single campus,1.0,
498386,042980,Boone Career and Technical Center,1,single,single campus,1.0,
497435,042982,Southern California College of Barber and Beauty,1,single,single campus,1.0,
500087,042983,Doral College,1,single,single campus,1.0,
499538,042984,Puerto Rico Advance Institute,1,single,single campus,1.0,
497426,042988,Salon Professional Academy,1,single,single campus,1.0,
499176,042989,College of Biomedical Equipment Technology,1,single,single campus,1.0,
496618,042991,National Institute for Medical Assistant Advancement (NIMAA),1,single,single campus,1.0,
497417,042992,Kino College,1,single,single campus,1.0,
497408,042995,Bridges Christian College,1,single,single campus,1.0,
498775,042996,Beaver Beauty Academy,1,single,single campus,1.0,
498784,042997,Upper Kutz Barber & Style College,1,single,single campus,1.0,
498793,042998,All In The Wrist Barber Academy,1,single,single campus,1.0,
500722,043002,Ideal Institute of Technology,1,single,single campus,1.0,
496423,043003,Zorganics Institute of Beauty and Wellness,1,single,single campus,1.0,
498401,043004,Edge Academy of Beauty,1,single,single campus,1.0,
497392,043005,Top of the Line Barber School,1,single,single campus,1.0,
188003,043006,Southeast New Mexico College,1,single,single campus,1.0,
497693,043007,Kansas Health Science University,1,single,single campus,1.0,
497684,043009,Sweetwater Institute of Cosmetology,1,single,single campus,1.0,
498809,043017,Yeshiva of Kasho,1,single,single campus,1.0,
225043,043024,Graham's Barber College,1,single,single campus,1.0,
498890,043025,East Texas Cosmetology College,1,single,single campus,1.0,
497383,043029,Barbers Trade School,1,single,single campus,1.0,
497374,043030,Academia Medical Institute,1,single,single campus,1.0,
498818,043032,Cutting Edge Barber Academy,1,single,single campus,1.0,
499547,043034,Austin Medical Assistant Training,1,single,single campus,1.0,
498827,043036,JT's Cuts Academy,1,single,single campus,1.0,
498836,043041,The Nurse Academy,1,single,single campus,1.0,
498410,043044,Premier Barber School,1,single,single campus,1.0,
498845,043045,Heartland Welding Academy,1,single,single campus,1.0,
497365,043046,Legends Barber College,1,single,single campus,1.0,
497356,043047,Barber Education Academy,1,single,single campus,1.0,
498854,043048,Jazz Barber and Hairstyling Academy,1,single,single campus,1.0,
498863,043049,Renaissance Beauty Academy,1,single,single campus,1.0,
496575,043051,Dymond Designs Beauty School,1,single,single campus,1.0,
498872,043055,Central Valley Barber College,1,single,single campus,1.0,
499884,043056,Jama's Beauty & Barber College,1,single,single campus,1.0,
498881,043059,One Stop Academy,1,single,single campus,1.0,
499556,043062,Albany Beauty Academy,1,single,single campus,1.0,
498906,043063,Yeshivas Sanz Klauzenburg,1,single,single campus,1.0,
498234,043064,Larkin University,1,single,single campus,1.0,
500555,043068,Shearz Institute,1,single,single campus,1.0,
500731,043070,Beauty Culture Academy,1,single,single campus,1.0,
498641,043071,I M Beauty School,1,single,single campus,1.0,
493947,043072,Idaho College of Osteopathic Medicine,1,single,single campus,1.0,
499893,043076,West Coast Barber College,1,single,single campus,1.0,
500740,043082,Congregation YMH,1,single,single campus,1.0,
499918,043084,C N K Barber College,1,single,single campus,1.0,
498298,043085,The Salon Professional Academy Maplewood,1,single,single campus,1.0,
500759,043086,Eisek Hatorah DRachmistrivka,1,single,single campus,1.0,
500768,043087,Centureon Institute,1,single,single campus,1.0,
500777,043088,Dooby Shop School of Cosmetology,1,single,single campus,1.0,
499927,043090,South Post Oak Barber College,1,single,single campus,1.0,
500786,043094,New Image Beauty and Barber School,1,single,single campus,1.0,
499936,043095,Petra College,1,single,single campus,1.0,
499945,043096,Brighton Barber Institute,1,single,single campus,1.0,
498669,043098,Aveda Institute Montana,1,single,single campus,1.0,
499954,043101,Kentucky Welding Institute,1,single,single campus,1.0,
486053,043105,Bethlehem College & Seminary,1,single,single campus,1.0,
500795,043107,Final Touch Barber Academy,1,single,single campus,1.0,
499963,043109,Precision Welding Academy,1,single,single campus,1.0,
498623,043112,Justice University,1,single,single campus,1.0,
500403,043113,Miami Barber Institute,1,single,single campus,1.0,
498951,043118,Art22 Academy,1,single,single campus,1.0,
500412,043119,Modern Male Barber Academy,1,single,single campus,1.0,
499972,043123,Southwest Michigan Beauty School,1,single,single campus,1.0,
500421,043124,Epic Barber College,1,single,single campus,1.0,
500801,043125,Metropolitan Barber Academy,1,single,single campus,1.0,
499981,043126,Southwest University of Naprapathic Medicine,1,single,single campus,1.0,
500014,043129,ICR Florida Education,1,single,single campus,1.0,
499990,043130,Berea Beauty Academy,1,single,single campus,1.0,
501381,043133,Style Mobb University School of Cosmetology,1,single,single campus,1.0,
500810,043136,Bet Midrash Ohel Torah,1,single,single campus,1.0,
498924,043137,URBE University,1,single,single campus,1.0,
500430,043138,Mosley School of Cosmetology,1,single,single campus,1.0,
500829,043139,Northpoint College,1,single,single campus,1.0,
501390,043141,Yeshiva Gedola Amidei Dgirsa,1,single,single campus,1.0,
499529,043151,Townsend Barber Institute,1,single,single campus,1.0,
500838,043153,Goodwill Technical College,1,single,single campus,1.0,
500449,043156,New Orleans Culinary and Hospitality Institute,1,single,single campus,1.0,
494959,043159,Northern Pennsylvania Regional College,1,single,single campus,1.0,
500847,043160,Charm Beauty School,1,single,single campus,1.0,
500856,043163,Salon Professional Academy (The),1,single,single campus,1.0,
501336,043165,Activa Training Center,1,single,single campus,1.0,
501406,043166,Care Hope College,1,single,single campus,1.0,
500865,043167,Noe' Noonan School of Cosmetology,1,single,single campus,1.0,
389745,043168,Mercaz Hatorah of Belle Harbor,1,single,single campus,1.0,
500874,043169,Salon Professional Academy,1,single,single campus,1.0,
501363,043170,Prince's Barber Academy,1,single,single campus,1.0,
501345,043171,Chicago College of Oriental Medicine,1,single,single campus,1.0,
501354,043172,Neihule Academy of Beauty,1,single,single campus,1.0,
499820,043173,Diverse Media Institute,1,single,single campus,1.0,
